S01F000074726F6E5F656467655F666F6D6F5F6370755F747970652E7372656376
S31502000000008502225D9F0202359D0202599F02026D
S31502000010599F0202599F0202599F0202599F0202E8
S31502000020000000000000000000000000599F0202CC
S31502000030599F020200000000599F0202599F0202C4
S3150200004015800202A9810202CD820202B183020256
S31502000050F5910202E9930202F1710202F9710202BA
S3150200006095770202ED77020289780202E1780202AE
S3090200007039790202CE
S3150200007401010000006C0000010000000000000005
S31502000084010300005D1003020B0000000080000063
S31502000094000000000000000001030000151803021E
S315020000A40A00000000040000000000000000000036
S315020000B4010300002D1803020A000000008000005C
S315020000C400000000580000220000000000860E22F4
S315020000D468860E22D0860E22000000000000000070
S315020000E40000000000000000000000000000000004
S315020000F400000000000000000000000000000000F4
S3150200010400000000000000000000000000000000E3
S3090200011400000000DF
S3150200011800000000000000000000000000000000CF
S3150200012800000000000000000000000000000000BF
S3150200013800000000000000000000000000000000AF
S31502000148000000000000000000000000000000009F
S31502000158000000000000000000000000000000008F
S31502000168000000000000000000000000000000007F
S31502000178000000000000000000000000000000006F
S31502000188000000000000000000000000000000005F
S31502000198000000000000000000000000000000004F
S315020001A8000000000000000000000000000000003F
S315020001B8000000000000000000000000000000002F
S315020001C8000000000000000000000000000000001F
S315020001D8000000000000000000000000000000000F
S315020001E800000000000000000000000000000000FF
S315020001F800000000000000000000000000000000EF
S3150200020800000000000000000000000000000000DE
S3150200021800000000000000000000000000000000CE
S3150200022800000000000000000000000000000000BE
S3150200023800000000000000000000000000000000AE
S31502000248000000000000000000000000000000009E
S31502000258000000000000000000000000000000008E
S31502000268000000000000000000000000000000007E
S31502000278000000000000000000000000000000006E
S31502000288000000000000000000000000000000005E
S31502000298000000000000000000000000000000004E
S315020002A8000000000000000000000000000000003E
S315020002B8000000000000000000000000000000002E
S315020002C8000000000000000000000000000000001E
S315020002D8000000000000000000000000000000000E
S315020002E800000000000000000000000000000000FE
S315020002F800000000000000000000000000000000EE
S3150200030800000000000000000000000000000000DD
S3150200031800000000000000000000000000000000CD
S3150200032800000000000000000000000000000000BD
S3150200033800000000000000000000000000000000AD
S31502000348000000000000000000000000000000009D
S31502000358000000000000000000000000000000008D
S31502000368000000000000000000000000000000007D
S31502000378000000000000000000000000000000006D
S31502000388000000000000000000000000000000005D
S31502000398000000000000000000000000000000004D
S315020003A8000000000000000000000000000000003D
S315020003B8000000000000000000000000000000002D
S315020003C8000000000000000000000000000000001D
S315020003D8000000000000000000000000000000000D
S315020003E800000000000000000000000000000000FD
S315020003F800000000000000000000000000000000ED
S3150200040800000000000000000000000000000000DC
S3150200041800000000000000000000000000000000CC
S3150200042800000000000000000000000000000000BC
S3150200043800000000000000000000000000000000AC
S31502000448000000000000000000000000000000009C
S31502000458000000000000000000000000000000008C
S31502000468000000000000000000000000000000007C
S31502000478000000000000000000000000000000006C
S31502000488000000000000000000000000000000005C
S31502000498000000000000000000000000000000004C
S315020004A8000000000000000000000000000000003C
S315020004B8000000000000000000000000000000002C
S315020004C8000000000000000000000000000000001C
S315020004D8000000000000000000000000000000000C
S315020004E800000000000000000000000000000000FC
S315020004F800000000000000000000000000000000EC
S3150200050800000000000000000000000000000000DB
S3150200051800000000000000000000000000000000CB
S3150200052800000000000000000000000000000000BB
S3150200053800000000000000000000000000000000AB
S31502000548000000000000000000000000000000009B
S31502000558000000000000000000000000000000008B
S31502000568000000000000000000000000000000007B
S31502000578000000000000000000000000000000006B
S31502000588000000000000000000000000000000005B
S31502000598000000000000000000000000000000004B
S315020005A8000000000000000000000000000000003B
S315020005B8000000000000000000000000000000002B
S315020005C8000000000000000000000000000000001B
S315020005D8000000000000000000000000000000000B
S315020005E800000000000000000000000000000000FB
S315020005F800000000000000000000000000000000EB
S3150200060800000000000000000000000000000000DA
S3150200061800000000000000000000000000000000CA
S3150200062800000000000000000000000000000000BA
S3150200063800000000000000000000000000000000AA
S31502000648000000000000000000000000000000009A
S31502000658000000000000000000000000000000008A
S31502000668000000000000000000000000000000007A
S31502000678000000000000000000000000000000006A
S31502000688000000000000000000000000000000005A
S31502000698000000000000000000000000000000004A
S315020006A8000000000000000000000000000000003A
S315020006B8000000000000000000000000000000002A
S315020006C8000000000000000000000000000000001A
S315020006D8000000000000000000000000000000000A
S315020006E800000000000000000000000000000000FA
S315020006F800000000000000000000000000000000EA
S3150200070800000000000000000000000000000000D9
S3150200071800000000000000000000000000000000C9
S3150200072800000000000000000000000000000000B9
S3150200073800000000000000000000000000000000A9
S315020007480000000000000000000000000000000099
S315020007580000000000000000000000000000000089
S315020007680000000000000000000000000000000079
S315020007780000000000000000000000000000000069
S315020007880000000000000000000000000000000059
S315020007980000000000000000000000000000000049
S315020007A80000000000000000000000000000000039
S315020007B80000000000000000000000000000000029
S315020007C80000000000000000000000000000000019
S315020007D80000000000000000000000000000000009
S315020007E800000000000000000000000000000000F9
S315020007F800000000000000000000000000000000E9
S3150200080800000000000000000000000000000000D8
S3150200081800000000000000000000000000000000C8
S3150200082800000000000000000000000000000000B8
S3150200083800000000000000000000000000000000A8
S315020008480000000000000000000000000000000098
S315020008580000000000000000000000000000000088
S315020008680000000000000000000000000000000078
S315020008780000000000000000000000000000000068
S315020008880000000000000000000000000000000058
S315020008980000000000000000000000000000000048
S315020008A80000000000000000000000000000000038
S315020008B80000000000000000000000000000000028
S315020008C80000000000000000000000000000000018
S315020008D80000000000000000000000000000000008
S315020008E800000000000000000000000000000000F8
S315020008F800000000000000000000000000000000E8
S3150200090800000000000000000000000000000000D7
S3150200091800000000000000000000000000000000C7
S3150200092800000000000000000000000000000000B7
S3150200093800000000000000000000000000000000A7
S315020009480000000000000000000000000000000097
S315020009580000000000000000000000000000000087
S315020009680000000000000000000000000000000077
S315020009780000000000000000000000000000000067
S315020009880000000000000000000000000000000057
S315020009980000000000000000000000000000000047
S315020009A80000000000000000000000000000000037
S315020009B80000000000000000000000000000000027
S315020009C80000000000000000000000000000000017
S315020009D80000000000000000000000000000000007
S315020009E800000000000000000000000000000000F7
S315020009F800000000000000000000000000000000E7
S31502000A0800000000000000000000000000000000D6
S31502000A1800000000000000000000000000000000C6
S31502000A2800000000000000000000000000000000B6
S31502000A3800000000000000000000000000000000A6
S31502000A480000000000000000000000000000000096
S31502000A580000000000000000000000000000000086
S31502000A680000000000000000000000000000000076
S31502000A780000000000000000000000000000000066
S31502000A880000000000000000000000000000000056
S31502000A980000000000000000000000000000000046
S31502000AA80000000000000000000000000000000036
S31502000AB80000000000000000000000000000000026
S31502000AC80000000000000000000000000000000016
S31502000AD80000000000000000000000000000000006
S31502000AE800000000000000000000000000000000F6
S31502000AF800000000000000000000000000000000E6
S31502000B0800000000000000000000000000000000D5
S31502000B1800000000000000000000000000000000C5
S31502000B2800000000000000000000000000000000B5
S31502000B3800000000000000000000000000000000A5
S31502000B480000000000000000000000000000000095
S31502000B580000000000000000000000000000000085
S31502000B680000000000000000000000000000000075
S31502000B780000000000000000000000000000000065
S31502000B880000000000000000000000000000000055
S31502000B980000000000000000000000000000000045
S31502000BA80000000000000000000000000000000035
S31502000BB80000000000000000000000000000000025
S31502000BC80000000000000000000000000000000015
S31502000BD80000000000000000000000000000000005
S31502000BE800000000000000000000000000000000F5
S31502000BF800000000000000000000000000000000E5
S31502000C0800000000000000000000000000000000D4
S31502000C1800000000000000000000000000000000C4
S31502000C2800000000000000000000000000000000B4
S31502000C3800000000000000000000000000000000A4
S31502000C480000000000000000000000000000000094
S31502000C580000000000000000000000000000000084
S31502000C680000000000000000000000000000000074
S31502000C780000000000000000000000000000000064
S31502000C880000000000000000000000000000000054
S31502000C980000000000000000000000000000000044
S31502000CA80000000000000000000000000000000034
S31502000CB80000000000000000000000000000000024
S31502000CC80000000000000000000000000000000014
S31502000CD80000000000000000000000000000000004
S31502000CE800000000000000000000000000000000F4
S31502000CF800000000000000000000000000000000E4
S31502000D0800000000000000000000000000000000D3
S31502000D1800000000000000000000000000000000C3
S31502000D2800000000000000000000000000000000B3
S31502000D3800000000000000000000000000000000A3
S31502000D480000000000000000000000000000000093
S31502000D580000000000000000000000000000000083
S31502000D680000000000000000000000000000000073
S31502000D780000000000000000000000000000000063
S31502000D880000000000000000000000000000000053
S31502000D980000000000000000000000000000000043
S31502000DA80000000000000000000000000000000033
S31502000DB80000000000000000000000000000000023
S31502000DC80000000000000000000000000000000013
S31502000DD80000000000000000000000000000000003
S31502000DE800000000000000000000000000000000F3
S31502000DF800000000000000000000000000000000E3
S31502000E0800000000000000000000000000000000D2
S31502000E1800000000000000000000000000000000C2
S31502000E2800000000000000000000000000000000B2
S31502000E3800000000000000000000000000000000A2
S31502000E480000000000000000000000000000000092
S31502000E580000000000000000000000000000000082
S31502000E680000000000000000000000000000000072
S31502000E780000000000000000000000000000000062
S31502000E880000000000000000000000000000000052
S31502000E980000000000000000000000000000000042
S31502000EA80000000000000000000000000000000032
S31502000EB80000000000000000000000000000000022
S31502000EC80000000000000000000000000000000012
S31502000ED80000000000000000000000000000000002
S31502000EE800000000000000000000000000000000F2
S31502000EF800000000000000000000000000000000E2
S31502000F0800000000000000000000000000000000D1
S31502000F1800000000000000000000000000000000C1
S31502000F2800000000000000000000000000000000B1
S31502000F3800000000000000000000000000000000A1
S31502000F480000000000000000000000000000000091
S31502000F580000000000000000000000000000000081
S31502000F680000000000000000000000000000000071
S31502000F780000000000000000000000000000000061
S31502000F880000000000000000000000000000000051
S31502000F980000000000000000000000000000000041
S31502000FA80000000000000000000000000000000031
S31502000FB80000000000000000000000000000000021
S31502000FC80000000000000000000000000000000011
S31502000FD80000000000000000000000000000000001
S31502000FE800000000000000000000000000000000F1
S31502000FF800000000000000000000000000000000E1
S3150200100800000000000000000000000000000000D0
S3150200101800000000000000000000000000000000C0
S3150200102800000000000000000000000000000000B0
S3150200103800000000000000000000000000000000A0
S315020010480000000000000000000000000000000090
S315020010580000000000000000000000000000000080
S315020010680000000000000000000000000000000070
S315020010780000000000000000000000000000000060
S315020010880000000000000000000000000000000050
S315020010980000000000000000000000000000000040
S315020010A80000000000000000000000000000000030
S315020010B80000000000000000000000000000000020
S315020010C80000000000000000000000000000000010
S315020010D80000000000000000000000000000000000
S315020010E800000000000000000000000000000000F0
S315020010F800000000000000000000000000000000E0
S3150200110800000000000000000000000000000000CF
S3150200111800000000000000000000000000000000BF
S3150200112800000000000000000000000000000000AF
S31502001138000000000000000000000000000000009F
S31502001148000000000000000000000000000000008F
S31502001158000000000000000000000000000000007F
S31502001168000000000000000000000000000000006F
S31502001178000000000000000000000000000000005F
S31502001188000000000000000000000000000000004F
S31502001198000000000000000000000000000000003F
S315020011A8000000000000000000000000000000002F
S315020011B8000000000000000000000000000000001F
S315020011C8000000000000000000000000000000000F
S315020011D800000000000000000000000000000000FF
S315020011E800000000000000000000000000000000EF
S315020011F800000000000000000000000000000000DF
S3150200120800000000000000000000000000000000CE
S3150200121800000000000000000000000000000000BE
S3150200122800000000000000000000000000000000AE
S31502001238000000000000000000000000000000009E
S31502001248000000000000000000000000000000008E
S31502001258000000000000000000000000000000007E
S31502001268000000000000000000000000000000006E
S31502001278000000000000000000000000000000005E
S31502001288000000000000000000000000000000004E
S31502001298000000000000000000000000000000003E
S315020012A8000000000000000000000000000000002E
S315020012B8000000000000000000000000000000001E
S315020012C8000000000000000000000000000000000E
S315020012D800000000000000000000000000000000FE
S315020012E800000000000000000000000000000000EE
S315020012F800000000000000000000000000000000DE
S3150200130800000000000000000000000000000000CD
S3150200131800000000000000000000000000000000BD
S3150200132800000000000000000000000000000000AD
S31502001338000000000000000000000000000000009D
S31502001348000000000000000000000000000000008D
S31502001358000000000000000000000000000000007D
S31502001368000000000000000000000000000000006D
S31502001378000000000000000000000000000000005D
S31502001388000000000000000000000000000000004D
S31502001398000000000000000000000000000000003D
S315020013A8000000000000000000000000000000002D
S315020013B8000000000000000000000000000000001D
S315020013C8000000000000000000000000000000000D
S315020013D800000000000000000000000000000000FD
S315020013E800000000000000000000000000000000ED
S315020013F800000000000000000000000000000000DD
S3150200140800000000000000000000000000000000CC
S3150200141800000000000000000000000000000000BC
S3150200142800000000000000000000000000000000AC
S31502001438000000000000000000000000000000009C
S31502001448000000000000000000000000000000008C
S31502001458000000000000000000000000000000007C
S31502001468000000000000000000000000000000006C
S31502001478000000000000000000000000000000005C
S31502001488000000000000000000000000000000004C
S31502001498000000000000000000000000000000003C
S315020014A8000000000000000000000000000000002C
S315020014B8000000000000000000000000000000001C
S315020014C8000000000000000000000000000000000C
S315020014D800000000000000000000000000000000FC
S315020014E800000000000000000000000000000000EC
S315020014F800000000000000000000000000000000DC
S3150200150800000000000000000000000000000000CB
S3150200151800000000000000000000000000000000BB
S3150200152800000000000000000000000000000000AB
S31502001538000000000000000000000000000000009B
S31502001548000000000000000000000000000000008B
S31502001558000000000000000000000000000000007B
S31502001568000000000000000000000000000000006B
S31502001578000000000000000000000000000000005B
S31502001588000000000000000000000000000000004B
S31502001598000000000000000000000000000000003B
S315020015A8000000000000000000000000000000002B
S315020015B8000000000000000000000000000000001B
S315020015C8000000000000000000000000000000000B
S315020015D800000000000000000000000000000000FB
S315020015E800000000000000000000000000000000EB
S315020015F800000000000000000000000000000000DB
S3150200160800000000000000000000000000000000CA
S3150200161800000000000000000000000000000000BA
S3150200162800000000000000000000000000000000AA
S31502001638000000000000000000000000000000009A
S31502001648000000000000000000000000000000008A
S31502001658000000000000000000000000000000007A
S31502001668000000000000000000000000000000006A
S31502001678000000000000000000000000000000005A
S31502001688000000000000000000000000000000004A
S31502001698000000000000000000000000000000003A
S315020016A8000000000000000000000000000000002A
S315020016B8000000000000000000000000000000001A
S315020016C8000000000000000000000000000000000A
S315020016D800000000000000000000000000000000FA
S315020016E800000000000000000000000000000000EA
S315020016F800000000000000000000000000000000DA
S3150200170800000000000000000000000000000000C9
S3150200171800000000000000000000000000000000B9
S3150200172800000000000000000000000000000000A9
S315020017380000000000000000000000000000000099
S315020017480000000000000000000000000000000089
S315020017580000000000000000000000000000000079
S315020017680000000000000000000000000000000069
S315020017780000000000000000000000000000000059
S315020017880000000000000000000000000000000049
S315020017980000000000000000000000000000000039
S315020017A80000000000000000000000000000000029
S315020017B80000000000000000000000000000000019
S315020017C80000000000000000000000000000000009
S315020017D800000000000000000000000000000000F9
S315020017E800000000000000000000000000000000E9
S315020017F800000000000000000000000000000000D9
S3150200180800000000000000000000000000000000C8
S3150200181800000000000000000000000000000000B8
S3150200182800000000000000000000000000000000A8
S315020018380000000000000000000000000000000098
S315020018480000000000000000000000000000000088
S315020018580000000000000000000000000000000078
S315020018680000000000000000000000000000000068
S315020018780000000000000000000000000000000058
S315020018880000000000000000000000000000000048
S315020018980000000000000000000000000000000038
S315020018A80000000000000000000000000000000028
S315020018B80000000000000000000000000000000018
S315020018C80000000000000000000000000000000008
S315020018D800000000000000000000000000000000F8
S315020018E800000000000000000000000000000000E8
S315020018F800000000000000000000000000000000D8
S3150200190800000000000000000000000000000000C7
S3150200191800000000000000000000000000000000B7
S3150200192800000000000000000000000000000000A7
S315020019380000000000000000000000000000000097
S315020019480000000000000000000000000000000087
S315020019580000000000000000000000000000000077
S315020019680000000000000000000000000000000067
S315020019780000000000000000000000000000000057
S315020019880000000000000000000000000000000047
S315020019980000000000000000000000000000000037
S315020019A80000000000000000000000000000000027
S315020019B80000000000000000000000000000000017
S315020019C80000000000000000000000000000000007
S315020019D800000000000000000000000000000000F7
S315020019E800000000000000000000000000000000E7
S315020019F800000000000000000000000000000000D7
S31502001A0800000000000000000000000000000000C6
S31502001A1800000000000000000000000000000000B6
S31502001A2800000000000000000000000000000000A6
S31502001A380000000000000000000000000000000096
S31502001A480000000000000000000000000000000086
S31502001A580000000000000000000000000000000076
S31502001A680000000000000000000000000000000066
S31502001A780000000000000000000000000000000056
S31502001A880000000000000000000000000000000046
S31502001A980000000000000000000000000000000036
S31502001AA80000000000000000000000000000000026
S31502001AB80000000000000000000000000000000016
S31502001AC80000000000000000000000000000000006
S31502001AD800000000000000000000000000000000F6
S31502001AE800000000000000000000000000000000E6
S31502001AF800000000000000000000000000000000D6
S31502001B0800000000000000000000000000000000C5
S31502001B1800000000000000000000000000000000B5
S31502001B2800000000000000000000000000000000A5
S31502001B380000000000000000000000000000000095
S31502001B480000000000000000000000000000000085
S31502001B580000000000000000000000000000000075
S31502001B680000000000000000000000000000000065
S31502001B780000000000000000000000000000000055
S31502001B880000000000000000000000000000000045
S31502001B980000000000000000000000000000000035
S31502001BA80000000000000000000000000000000025
S31502001BB80000000000000000000000000000000015
S31502001BC80000000000000000000000000000000005
S31502001BD800000000000000000000000000000000F5
S31502001BE800000000000000000000000000000000E5
S31502001BF800000000000000000000000000000000D5
S31502001C0800000000000000000000000000000000C4
S31502001C1800000000000000000000000000000000B4
S31502001C2800000000000000000000000000000000A4
S31502001C380000000000000000000000000000000094
S31502001C480000000000000000000000000000000084
S31502001C580000000000000000000000000000000074
S31502001C680000000000000000000000000000000064
S31502001C780000000000000000000000000000000054
S31502001C880000000000000000000000000000000044
S31502001C980000000000000000000000000000000034
S31502001CA80000000000000000000000000000000024
S31502001CB80000000000000000000000000000000014
S31502001CC80000000000000000000000000000000004
S31502001CD800000000000000000000000000000000F4
S31502001CE800000000000000000000000000000000E4
S31502001CF800000000000000000000000000000000D4
S31502001D0800000000000000000000000000000000C3
S31502001D1800000000000000000000000000000000B3
S31502001D2800000000000000000000000000000000A3
S31502001D380000000000000000000000000000000093
S31502001D480000000000000000000000000000000083
S31502001D580000000000000000000000000000000073
S31502001D680000000000000000000000000000000063
S31502001D780000000000000000000000000000000053
S31502001D880000000000000000000000000000000043
S31502001D980000000000000000000000000000000033
S31502001DA80000000000000000000000000000000023
S31502001DB80000000000000000000000000000000013
S31502001DC80000000000000000000000000000000003
S31502001DD800000000000000000000000000000000F3
S31502001DE800000000000000000000000000000000E3
S31502001DF800000000000000000000000000000000D3
S31502001E0800000000000000000000000000000000C2
S31502001E1800000000000000000000000000000000B2
S31502001E2800000000000000000000000000000000A2
S31502001E380000000000000000000000000000000092
S31502001E480000000000000000000000000000000082
S31502001E580000000000000000000000000000000072
S31502001E680000000000000000000000000000000062
S31502001E780000000000000000000000000000000052
S31502001E880000000000000000000000000000000042
S31502001E980000000000000000000000000000000032
S31502001EA80000000000000000000000000000000022
S31502001EB80000000000000000000000000000000012
S31502001EC80000000000000000000000000000000002
S31502001ED800000000000000000000000000000000F2
S31502001EE800000000000000000000000000000000E2
S31502001EF800000000000000000000000000000000D2
S31502001F0800000000000000000000000000000000C1
S31502001F1800000000000000000000000000000000B1
S31502001F2800000000000000000000000000000000A1
S31502001F380000000000000000000000000000000091
S31502001F480000000000000000000000000000000081
S31502001F580000000000000000000000000000000071
S31502001F680000000000000000000000000000000061
S31502001F780000000000000000000000000000000051
S31502001F880000000000000000000000000000000041
S31502001F980000000000000000000000000000000031
S31502001FA80000000000000000000000000000000021
S31502001FB80000000000000000000000000000000011
S31502001FC80000000000000000000000000000000001
S31502001FD800000000000000000000000000000000F1
S31502001FE800000000000000000000000000000000E1
S31502001FF800000000000000000000000000000000D1
S3150200200800000000000000000000000000000000C0
S3150200201800000000000000000000000000000000B0
S3150200202800000000000000000000000000000000A0
S315020020380000000000000000000000000000000090
S315020020480000000000000000000000000000000080
S315020020580000000000000000000000000000000070
S315020020680000000000000000000000000000000060
S315020020780000000000000000000000000000000050
S315020020880000000000000000000000000000000040
S315020020980000000000000000000000000000000030
S315020020A80000000000000000000000000000000020
S315020020B80000000000000000000000000000000010
S315020020C80000000000000000000000000000000000
S315020020D800000000000000000000000000000000F0
S315020020E800000000000000000000000000000000E0
S315020020F800000000000000000000000000000000D0
S3150200210800000000000000000000000000000000BF
S3150200211800000000000000000000000000000000AF
S31502002128000000000000000000000000000000009F
S31502002138000000000000000000000000000000008F
S31502002148000000000000000000000000000000007F
S31502002158000000000000000000000000000000006F
S31502002168000000000000000000000000000000005F
S31502002178000000000000000000000000000000004F
S31502002188000000000000000000000000000000003F
S31502002198000000000000000000000000000000002F
S315020021A8000000000000000000000000000000001F
S315020021B8000000000000000000000000000000000F
S315020021C800000000000000000000000000000000FF
S315020021D800000000000000000000000000000000EF
S315020021E800000000000000000000000000000000DF
S315020021F800000000000000000000000000000000CF
S3150200220800000000000000000000000000000000BE
S3150200221800000000000000000000000000000000AE
S31502002228000000000000000000000000000000009E
S31502002238000000000000000000000000000000008E
S31502002248000000000000000000000000000000007E
S31502002258000000000000000000000000000000006E
S31502002268000000000000000000000000000000005E
S31502002278000000000000000000000000000000004E
S31502002288000000000000000000000000000000003E
S31502002298000000000000000000000000000000002E
S315020022A8000000000000000000000000000000001E
S315020022B8000000000000000000000000000000000E
S315020022C800000000000000000000000000000000FE
S315020022D800000000000000000000000000000000EE
S315020022E800000000000000000000000000000000DE
S315020022F800000000000000000000000000000000CE
S3150200230800000000000000000000000000000000BD
S3150200231800000000000000000000000000000000AD
S31502002328000000000000000000000000000000009D
S31502002338000000000000000000000000000000008D
S31502002348000000000000000000000000000000007D
S31502002358000000000000000000000000000000006D
S31502002368000000000000000000000000000000005D
S31502002378000000000000000000000000000000004D
S31502002388000000000000000000000000000000003D
S31502002398000000000000000000000000000000002D
S315020023A8000000000000000000000000000000001D
S315020023B8000000000000000000000000000000000D
S315020023C800000000000000000000000000000000FD
S315020023D800000000000000000000000000000000ED
S315020023E800000000000000000000000000000000DD
S315020023F800000000000000000000000000000000CD
S3150200240800000000000000000000000000000000BC
S3150200241800000000000000000000000000000000AC
S31502002428000000000000000000000000000000009C
S31502002438000000000000000000000000000000008C
S31502002448000000000000000000000000000000007C
S31502002458000000000000000000000000000000006C
S31502002468000000000000000000000000000000005C
S31502002478000000000000000000000000000000004C
S31502002488000000000000000000000000000000003C
S31502002498000000000000000000000000000000002C
S315020024A8000000000000000000000000000000001C
S315020024B8000000000000000000000000000000000C
S315020024C800000000000000000000000000000000FC
S315020024D800000000000000000000000000000000EC
S315020024E800000000000000000000000000000000DC
S315020024F800000000000000000000000000000000CC
S3150200250800000000000000000000000000000000BB
S3150200251800000000000000000000000000000000AB
S31502002528000000000000000000000000000000009B
S31502002538000000000000000000000000000000008B
S31502002548000000000000000000000000000000007B
S31502002558000000000000000000000000000000006B
S31502002568000000000000000000000000000000005B
S31502002578000000000000000000000000000000004B
S31502002588000000000000000000000000000000003B
S31502002598000000000000000000000000000000002B
S315020025A8000000000000000000000000000000001B
S315020025B8000000000000000000000000000000000B
S315020025C800000000000000000000000000000000FB
S315020025D800000000000000000000000000000000EB
S315020025E800000000000000000000000000000000DB
S315020025F800000000000000000000000000000000CB
S3150200260800000000000000000000000000000000BA
S3150200261800000000000000000000000000000000AA
S31502002628000000000000000000000000000000009A
S31502002638000000000000000000000000000000008A
S31502002648000000000000000000000000000000007A
S31502002658000000000000000000000000000000006A
S31502002668000000000000000000000000000000005A
S31502002678000000000000000000000000000000004A
S31502002688000000000000000000000000000000003A
S31502002698000000000000000000000000000000002A
S315020026A8000000000000000000000000000000001A
S315020026B8000000000000000000000000000000000A
S315020026C800000000000000000000000000000000FA
S315020026D800000000000000000000000000000000EA
S315020026E800000000000000000000000000000000DA
S315020026F800000000000000000000000000000000CA
S3150200270800000000000000000000000000000000B9
S3150200271800000000000000000000000000000000A9
S315020027280000000000000000000000000000000099
S315020027380000000000000000000000000000000089
S315020027480000000000000000000000000000000079
S315020027580000000000000000000000000000000069
S315020027680000000000000000000000000000000059
S315020027780000000000000000000000000000000049
S315020027880000000000000000000000000000000039
S315020027980000000000000000000000000000000029
S315020027A80000000000000000000000000000000019
S315020027B80000000000000000000000000000000009
S315020027C800000000000000000000000000000000F9
S315020027D800000000000000000000000000000000E9
S315020027E800000000000000000000000000000000D9
S315020027F800000000000000000000000000000000C9
S3150200280800000000000000000000000000000000B8
S3150200281800000000000000000000000000000000A8
S315020028280000000000000000000000000000000098
S315020028380000000000000000000000000000000088
S315020028480000000000000000000000000000000078
S315020028580000000000000000000000000000000068
S315020028680000000000000000000000000000000058
S315020028780000000000000000000000000000000048
S315020028880000000000000000000000000000000038
S315020028980000000000000000000000000000000028
S315020028A80000000000000000000000000000000018
S315020028B80000000000000000000000000000000008
S315020028C800000000000000000000000000000000F8
S315020028D800000000000000000000000000000000E8
S315020028E800000000000000000000000000000000D8
S315020028F800000000000000000000000000000000C8
S3150200290800000000000000000000000000000000B7
S3150200291800000000000000000000000000000000A7
S315020029280000000000000000000000000000000097
S315020029380000000000000000000000000000000087
S315020029480000000000000000000000000000000077
S315020029580000000000000000000000000000000067
S315020029680000000000000000000000000000000057
S315020029780000000000000000000000000000000047
S315020029880000000000000000000000000000000037
S315020029980000000000000000000000000000000027
S315020029A80000000000000000000000000000000017
S315020029B80000000000000000000000000000000007
S315020029C800000000000000000000000000000000F7
S315020029D800000000000000000000000000000000E7
S315020029E800000000000000000000000000000000D7
S315020029F800000000000000000000000000000000C7
S31502002A0800000000000000000000000000000000B6
S31502002A1800000000000000000000000000000000A6
S31502002A280000000000000000000000000000000096
S31502002A380000000000000000000000000000000086
S31502002A480000000000000000000000000000000076
S31502002A580000000000000000000000000000000066
S31502002A680000000000000000000000000000000056
S31502002A780000000000000000000000000000000046
S31502002A880000000000000000000000000000000036
S31502002A980000000000000000000000000000000026
S31502002AA80000000000000000000000000000000016
S31502002AB80000000000000000000000000000000006
S31502002AC800000000000000000000000000000000F6
S31502002AD800000000000000000000000000000000E6
S31502002AE800000000000000000000000000000000D6
S31502002AF800000000000000000000000000000000C6
S31502002B0800000000000000000000000000000000B5
S31502002B1800000000000000000000000000000000A5
S31502002B280000000000000000000000000000000095
S31502002B380000000000000000000000000000000085
S31502002B480000000000000000000000000000000075
S31502002B580000000000000000000000000000000065
S31502002B680000000000000000000000000000000055
S31502002B780000000000000000000000000000000045
S31502002B880000000000000000000000000000000035
S31502002B980000000000000000000000000000000025
S31502002BA80000000000000000000000000000000015
S31502002BB80000000000000000000000000000000005
S31502002BC800000000000000000000000000000000F5
S31502002BD800000000000000000000000000000000E5
S31502002BE800000000000000000000000000000000D5
S31502002BF800000000000000000000000000000000C5
S31502002C0800000000000000000000000000000000B4
S31502002C1800000000000000000000000000000000A4
S31502002C280000000000000000000000000000000094
S31502002C380000000000000000000000000000000084
S31502002C480000000000000000000000000000000074
S31502002C580000000000000000000000000000000064
S31502002C680000000000000000000000000000000054
S31502002C780000000000000000000000000000000044
S31502002C880000000000000000000000000000000034
S31502002C980000000000000000000000000000000024
S31502002CA80000000000000000000000000000000014
S31502002CB80000000000000000000000000000000004
S31502002CC800000000000000000000000000000000F4
S31502002CD800000000000000000000000000000000E4
S31502002CE800000000000000000000000000000000D4
S31502002CF800000000000000000000000000000000C4
S31502002D0800000000000000000000000000000000B3
S31502002D1800000000000000000000000000000000A3
S31502002D280000000000000000000000000000000093
S31502002D380000000000000000000000000000000083
S31502002D480000000000000000000000000000000073
S31502002D580000000000000000000000000000000063
S31502002D680000000000000000000000000000000053
S31502002D780000000000000000000000000000000043
S31502002D880000000000000000000000000000000033
S31502002D980000000000000000000000000000000023
S31502002DA80000000000000000000000000000000013
S31502002DB80000000000000000000000000000000003
S31502002DC800000000000000000000000000000000F3
S31502002DD800000000000000000000000000000000E3
S31502002DE800000000000000000000000000000000D3
S31502002DF800000000000000000000000000000000C3
S31502002E0800000000000000000000000000000000B2
S31502002E1800000000000000000000000000000000A2
S31502002E280000000000000000000000000000000092
S31502002E380000000000000000000000000000000082
S31502002E480000000000000000000000000000000072
S31502002E580000000000000000000000000000000062
S31502002E680000000000000000000000000000000052
S31502002E780000000000000000000000000000000042
S31502002E880000000000000000000000000000000032
S31502002E980000000000000000000000000000000022
S31502002EA80000000000000000000000000000000012
S31502002EB80000000000000000000000000000000002
S31502002EC800000000000000000000000000000000F2
S31502002ED800000000000000000000000000000000E2
S31502002EE800000000000000000000000000000000D2
S31502002EF800000000000000000000000000000000C2
S31502002F0800000000000000000000000000000000B1
S31502002F1800000000000000000000000000000000A1
S31502002F280000000000000000000000000000000091
S31502002F380000000000000000000000000000000081
S31502002F480000000000000000000000000000000071
S31502002F580000000000000000000000000000000061
S31502002F680000000000000000000000000000000051
S31502002F780000000000000000000000000000000041
S31502002F880000000000000000000000000000000031
S31502002F980000000000000000000000000000000021
S31502002FA80000000000000000000000000000000011
S31502002FB80000000000000000000000000000000001
S31502002FC800000000000000000000000000000000F1
S31502002FD800000000000000000000000000000000E1
S31502002FE800000000000000000000000000000000D1
S31502002FF800000000000000000000000000000000C1
S3150200300800000000000000000000000000000000B0
S3150200301800000000000000000000000000000000A0
S315020030280000000000000000000000000000000090
S315020030380000000000000000000000000000000080
S315020030480000000000000000000000000000000070
S315020030580000000000000000000000000000000060
S315020030680000000000000000000000000000000050
S315020030780000000000000000000000000000000040
S315020030880000000000000000000000000000000030
S315020030980000000000000000000000000000000020
S315020030A80000000000000000000000000000000010
S315020030B80000000000000000000000000000000000
S315020030C800000000000000000000000000000000F0
S315020030D800000000000000000000000000000000E0
S315020030E800000000000000000000000000000000D0
S315020030F800000000000000000000000000000000C0
S3150200310800000000000000000000000000000000AF
S31502003118000000000000000000000000000000009F
S31502003128000000000000000000000000000000008F
S31502003138000000000000000000000000000000007F
S31502003148000000000000000000000000000000006F
S31502003158000000000000000000000000000000005F
S31502003168000000000000000000000000000000004F
S31502003178000000000000000000000000000000003F
S31502003188000000000000000000000000000000002F
S31502003198000000000000000000000000000000001F
S315020031A8000000000000000000000000000000000F
S315020031B800000000000000000000000000000000FF
S315020031C800000000000000000000000000000000EF
S315020031D800000000000000000000000000000000DF
S315020031E800000000000000000000000000000000CF
S315020031F800000000000000000000000000000000BF
S3150200320800000000000000000000000000000000AE
S31502003218000000000000000000000000000000009E
S31502003228000000000000000000000000000000008E
S31502003238000000000000000000000000000000007E
S31502003248000000000000000000000000000000006E
S31502003258000000000000000000000000000000005E
S31502003268000000000000000000000000000000004E
S31502003278000000000000000000000000000000003E
S31502003288000000000000000000000000000000002E
S31502003298000000000000000000000000000000001E
S315020032A8000000000000000000000000000000000E
S315020032B800000000000000000000000000000000FE
S315020032C800000000000000000000000000000000EE
S315020032D800000000000000000000000000000000DE
S315020032E800000000000000000000000000000000CE
S315020032F800000000000000000000000000000000BE
S3150200330800000000000000000000000000000000AD
S31502003318000000000000000000000000000000009D
S31502003328000000000000000000000000000000008D
S31502003338000000000000000000000000000000007D
S31502003348000000000000000000000000000000006D
S31502003358000000000000000000000000000000005D
S31502003368000000000000000000000000000000004D
S31502003378000000000000000000000000000000003D
S31502003388000000000000000000000000000000002D
S31502003398000000000000000000000000000000001D
S315020033A8000000000000000000000000000000000D
S315020033B800000000000000000000000000000000FD
S315020033C800000000000000000000000000000000ED
S315020033D800000000000000000000000000000000DD
S315020033E800000000000000000000000000000000CD
S315020033F800000000000000000000000000000000BD
S3150200340800000000000000000000000000000000AC
S31502003418000000000000000000000000000000009C
S31502003428000000000000000000000000000000008C
S31502003438000000000000000000000000000000007C
S31502003448000000000000000000000000000000006C
S31502003458000000000000000000000000000000005C
S31502003468000000000000000000000000000000004C
S31502003478000000000000000000000000000000003C
S31502003488000000000000000000000000000000002C
S31502003498000000000000000000000000000000001C
S315020034A8000000000000000000000000000000000C
S315020034B800000000000000000000000000000000FC
S315020034C800000000000000000000000000000000EC
S315020034D800000000000000000000000000000000DC
S315020034E800000000000000000000000000000000CC
S315020034F800000000000000000000000000000000BC
S3150200350800000000000000000000000000000000AB
S31502003518000000000000000000000000000000009B
S31502003528000000000000000000000000000000008B
S31502003538000000000000000000000000000000007B
S31502003548000000000000000000000000000000006B
S31502003558000000000000000000000000000000005B
S31502003568000000000000000000000000000000004B
S31502003578000000000000000000000000000000003B
S31502003588000000000000000000000000000000002B
S31502003598000000000000000000000000000000001B
S315020035A8000000000000000000000000000000000B
S315020035B800000000000000000000000000000000FB
S315020035C800000000000000000000000000000000EB
S315020035D800000000000000000000000000000000DB
S315020035E800000000000000000000000000000000CB
S315020035F800000000000000000000000000000000BB
S3150200360800000000000000000000000000000000AA
S31502003618000000000000000000000000000000009A
S31502003628000000000000000000000000000000008A
S31502003638000000000000000000000000000000007A
S31502003648000000000000000000000000000000006A
S31502003658000000000000000000000000000000005A
S31502003668000000000000000000000000000000004A
S31502003678000000000000000000000000000000003A
S31502003688000000000000000000000000000000002A
S31502003698000000000000000000000000000000001A
S315020036A8000000000000000000000000000000000A
S315020036B800000000000000000000000000000000FA
S315020036C800000000000000000000000000000000EA
S315020036D800000000000000000000000000000000DA
S315020036E800000000000000000000000000000000CA
S315020036F800000000000000000000000000000000BA
S3150200370800000000000000000000000000000000A9
S315020037180000000000000000000000000000000099
S315020037280000000000000000000000000000000089
S315020037380000000000000000000000000000000079
S315020037480000000000000000000000000000000069
S315020037580000000000000000000000000000000059
S315020037680000000000000000000000000000000049
S315020037780000000000000000000000000000000039
S315020037880000000000000000000000000000000029
S315020037980000000000000000000000000000000019
S315020037A80000000000000000000000000000000009
S315020037B800000000000000000000000000000000F9
S315020037C800000000000000000000000000000000E9
S315020037D800000000000000000000000000000000D9
S315020037E800000000000000000000000000000000C9
S315020037F800000000000000000000000000000000B9
S3150200380800000000000000000000000000000000A8
S315020038180000000000000000000000000000000098
S315020038280000000000000000000000000000000088
S315020038380000000000000000000000000000000078
S315020038480000000000000000000000000000000068
S315020038580000000000000000000000000000000058
S315020038680000000000000000000000000000000048
S315020038780000000000000000000000000000000038
S315020038880000000000000000000000000000000028
S315020038980000000000000000000000000000000018
S315020038A80000000000000000000000000000000008
S315020038B800000000000000000000000000000000F8
S315020038C800000000000000000000000000000000E8
S315020038D800000000000000000000000000000000D8
S315020038E800000000000000000000000000000000C8
S315020038F800000000000000000000000000000000B8
S3150200390800000000000000000000000000000000A7
S315020039180000000000000000000000000000000097
S315020039280000000000000000000000000000000087
S315020039380000000000000000000000000000000077
S315020039480000000000000000000000000000000067
S315020039580000000000000000000000000000000057
S315020039680000000000000000000000000000000047
S315020039780000000000000000000000000000000037
S315020039880000000000000000000000000000000027
S315020039980000000000000000000000000000000017
S315020039A80000000000000000000000000000000007
S315020039B800000000000000000000000000000000F7
S315020039C800000000000000000000000000000000E7
S315020039D800000000000000000000000000000000D7
S315020039E800000000000000000000000000000000C7
S315020039F800000000000000000000000000000000B7
S31502003A0800000000000000000000000000000000A6
S31502003A180000000000000000000000000000000096
S31502003A280000000000000000000000000000000086
S31502003A380000000000000000000000000000000076
S31502003A480000000000000000000000000000000066
S31502003A580000000000000000000000000000000056
S31502003A680000000000000000000000000000000046
S31502003A780000000000000000000000000000000036
S31502003A880000000000000000000000000000000026
S31502003A980000000000000000000000000000000016
S31502003AA80000000000000000000000000000000006
S31502003AB800000000000000000000000000000000F6
S31502003AC800000000000000000000000000000000E6
S31502003AD800000000000000000000000000000000D6
S31502003AE800000000000000000000000000000000C6
S31502003AF800000000000000000000000000000000B6
S31502003B0800000000000000000000000000000000A5
S31502003B180000000000000000000000000000000095
S31502003B280000000000000000000000000000000085
S31502003B380000000000000000000000000000000075
S31502003B480000000000000000000000000000000065
S31502003B580000000000000000000000000000000055
S31502003B680000000000000000000000000000000045
S31502003B780000000000000000000000000000000035
S31502003B880000000000000000000000000000000025
S31502003B980000000000000000000000000000000015
S31502003BA80000000000000000000000000000000005
S31502003BB800000000000000000000000000000000F5
S31502003BC800000000000000000000000000000000E5
S31502003BD800000000000000000000000000000000D5
S31502003BE800000000000000000000000000000000C5
S31502003BF800000000000000000000000000000000B5
S31502003C0800000000000000000000000000000000A4
S31502003C180000000000000000000000000000000094
S31502003C280000000000000000000000000000000084
S31502003C380000000000000000000000000000000074
S31502003C480000000000000000000000000000000064
S31502003C580000000000000000000000000000000054
S31502003C680000000000000000000000000000000044
S31502003C780000000000000000000000000000000034
S31502003C880000000000000000000000000000000024
S31502003C980000000000000000000000000000000014
S31502003CA80000000000000000000000000000000004
S31502003CB800000000000000000000000000000000F4
S31502003CC800000000000000000000000000000000E4
S31502003CD800000000000000000000000000000000D4
S31502003CE800000000000000000000000000000000C4
S31502003CF800000000000000000000000000000000B4
S31502003D0800000000000000000000000000000000A3
S31502003D180000000000000000000000000000000093
S31502003D280000000000000000000000000000000083
S31502003D380000000000000000000000000000000073
S31502003D480000000000000000000000000000000063
S31502003D580000000000000000000000000000000053
S31502003D680000000000000000000000000000000043
S31502003D780000000000000000000000000000000033
S31502003D880000000000000000000000000000000023
S31502003D980000000000000000000000000000000013
S31502003DA80000000000000000000000000000000003
S31502003DB800000000000000000000000000000000F3
S31502003DC800000000000000000000000000000000E3
S31502003DD800000000000000000000000000000000D3
S31502003DE800000000000000000000000000000000C3
S31502003DF800000000000000000000000000000000B3
S31502003E0800000000000000000000000000000000A2
S31502003E180000000000000000000000000000000092
S31502003E280000000000000000000000000000000082
S31502003E380000000000000000000000000000000072
S31502003E480000000000000000000000000000000062
S31502003E580000000000000000000000000000000052
S31502003E680000000000000000000000000000000042
S31502003E780000000000000000000000000000000032
S31502003E880000000000000000000000000000000022
S31502003E980000000000000000000000000000000012
S31502003EA80000000000000000000000000000000002
S31502003EB800000000000000000000000000000000F2
S31502003EC800000000000000000000000000000000E2
S31502003ED800000000000000000000000000000000D2
S31502003EE800000000000000000000000000000000C2
S31502003EF800000000000000000000000000000000B2
S31502003F0800000000000000000000000000000000A1
S31502003F180000000000000000000000000000000091
S31502003F280000000000000000000000000000000081
S31502003F380000000000000000000000000000000071
S31502003F480000000000000000000000000000000061
S31502003F580000000000000000000000000000000051
S31502003F680000000000000000000000000000000041
S31502003F780000000000000000000000000000000031
S31502003F880000000000000000000000000000000021
S31502003F980000000000000000000000000000000011
S31502003FA80000000000000000000000000000000001
S31502003FB800000000000000000000000000000000F1
S31502003FC800000000000000000000000000000000E1
S31502003FD800000000000000000000000000000000D1
S31502003FE800000000000000000000000000000000C1
S31502003FF800000000000000000000000000000000B1
S3150200400800000000000000000000000000000000A0
S315020040180000000000000000000000000000000090
S315020040280000000000000000000000000000000080
S315020040380000000000000000000000000000000070
S315020040480000000000000000000000000000000060
S315020040580000000000000000000000000000000050
S315020040680000000000000000000000000000000040
S315020040780000000000000000000000000000000030
S315020040880000000000000000000000000000000020
S315020040980000000000000000000000000000000010
S315020040A80000000000000000000000000000000000
S315020040B800000000000000000000000000000000F0
S315020040C800000000000000000000000000000000E0
S315020040D800000000000000000000000000000000D0
S315020040E800000000000000000000000000000000C0
S315020040F800000000000000000000000000000000B0
S31502004108000000000000000000000000000000009F
S31502004118000000000000000000000000000000008F
S31502004128000000000000000000000000000000007F
S31502004138000000000000000000000000000000006F
S31502004148000000000000000000000000000000005F
S31502004158000000000000000000000000000000004F
S31502004168000000000000000000000000000000003F
S31502004178000000000000000000000000000000002F
S31502004188000000000000000000000000000000001F
S31502004198000000000000000000000000000000000F
S315020041A800000000000000000000000000000000FF
S315020041B800000000000000000000000000000000EF
S315020041C800000000000000000000000000000000DF
S315020041D800000000000000000000000000000000CF
S315020041E800000000000000000000000000000000BF
S315020041F800000000000000000000000000000000AF
S31502004208000000000000000000000000000000009E
S31502004218000000000000000000000000000000008E
S31502004228000000000000000000000000000000007E
S31502004238000000000000000000000000000000006E
S31502004248000000000000000000000000000000005E
S31502004258000000000000000000000000000000004E
S31502004268000000000000000000000000000000003E
S31502004278000000000000000000000000000000002E
S31502004288000000000000000000000000000000001E
S31502004298000000000000000000000000000000000E
S315020042A800000000000000000000000000000000FE
S315020042B800000000000000000000000000000000EE
S315020042C800000000000000000000000000000000DE
S315020042D800000000000000000000000000000000CE
S315020042E800000000000000000000000000000000BE
S315020042F800000000000000000000000000000000AE
S31502004308000000000000000000000000000000009D
S31502004318000000000000000000000000000000008D
S31502004328000000000000000000000000000000007D
S31502004338000000000000000000000000000000006D
S31502004348000000000000000000000000000000005D
S31502004358000000000000000000000000000000004D
S31502004368000000000000000000000000000000003D
S31502004378000000000000000000000000000000002D
S31502004388000000000000000000000000000000001D
S31502004398000000000000000000000000000000000D
S315020043A800000000000000000000000000000000FD
S315020043B800000000000000000000000000000000ED
S315020043C800000000000000000000000000000000DD
S315020043D800000000000000000000000000000000CD
S315020043E800000000000000000000000000000000BD
S315020043F800000000000000000000000000000000AD
S31502004408000000000000000000000000000000009C
S31502004418000000000000000000000000000000008C
S31502004428000000000000000000000000000000007C
S31502004438000000000000000000000000000000006C
S31502004448000000000000000000000000000000005C
S31502004458000000000000000000000000000000004C
S31502004468000000000000000000000000000000003C
S31502004478000000000000000000000000000000002C
S31502004488000000000000000000000000000000001C
S31502004498000000000000000000000000000000000C
S315020044A800000000000000000000000000000000FC
S315020044B800000000000000000000000000000000EC
S315020044C800000000000000000000000000000000DC
S315020044D800000000000000000000000000000000CC
S315020044E800000000000000000000000000000000BC
S315020044F800000000000000000000000000000000AC
S31502004508000000000000000000000000000000009B
S31502004518000000000000000000000000000000008B
S31502004528000000000000000000000000000000007B
S31502004538000000000000000000000000000000006B
S31502004548000000000000000000000000000000005B
S31502004558000000000000000000000000000000004B
S31502004568000000000000000000000000000000003B
S31502004578000000000000000000000000000000002B
S31502004588000000000000000000000000000000001B
S31502004598000000000000000000000000000000000B
S315020045A800000000000000000000000000000000FB
S315020045B800000000000000000000000000000000EB
S315020045C800000000000000000000000000000000DB
S315020045D800000000000000000000000000000000CB
S315020045E800000000000000000000000000000000BB
S315020045F800000000000000000000000000000000AB
S31502004608000000000000000000000000000000009A
S31502004618000000000000000000000000000000008A
S31502004628000000000000000000000000000000007A
S31502004638000000000000000000000000000000006A
S31502004648000000000000000000000000000000005A
S31502004658000000000000000000000000000000004A
S31502004668000000000000000000000000000000003A
S31502004678000000000000000000000000000000002A
S31502004688000000000000000000000000000000001A
S31502004698000000000000000000000000000000000A
S315020046A800000000000000000000000000000000FA
S315020046B800000000000000000000000000000000EA
S315020046C800000000000000000000000000000000DA
S315020046D800000000000000000000000000000000CA
S315020046E800000000000000000000000000000000BA
S315020046F800000000000000000000000000000000AA
S315020047080000000000000000000000000000000099
S315020047180000000000000000000000000000000089
S315020047280000000000000000000000000000000079
S315020047380000000000000000000000000000000069
S315020047480000000000000000000000000000000059
S315020047580000000000000000000000000000000049
S315020047680000000000000000000000000000000039
S315020047780000000000000000000000000000000029
S315020047880000000000000000000000000000000019
S315020047980000000000000000000000000000000009
S315020047A800000000000000000000000000000000F9
S315020047B800000000000000000000000000000000E9
S315020047C800000000000000000000000000000000D9
S315020047D800000000000000000000000000000000C9
S315020047E800000000000000000000000000000000B9
S315020047F800000000000000000000000000000000A9
S315020048080000000000000000000000000000000098
S315020048180000000000000000000000000000000088
S315020048280000000000000000000000000000000078
S315020048380000000000000000000000000000000068
S315020048480000000000000000000000000000000058
S315020048580000000000000000000000000000000048
S315020048680000000000000000000000000000000038
S315020048780000000000000000000000000000000028
S315020048880000000000000000000000000000000018
S315020048980000000000000000000000000000000008
S315020048A800000000000000000000000000000000F8
S315020048B800000000000000000000000000000000E8
S315020048C800000000000000000000000000000000D8
S315020048D800000000000000000000000000000000C8
S315020048E800000000000000000000000000000000B8
S315020048F800000000000000000000000000000000A8
S315020049080000000000000000000000000000000097
S315020049180000000000000000000000000000000087
S315020049280000000000000000000000000000000077
S315020049380000000000000000000000000000000067
S315020049480000000000000000000000000000000057
S315020049580000000000000000000000000000000047
S315020049680000000000000000000000000000000037
S315020049780000000000000000000000000000000027
S315020049880000000000000000000000000000000017
S315020049980000000000000000000000000000000007
S315020049A800000000000000000000000000000000F7
S315020049B800000000000000000000000000000000E7
S315020049C800000000000000000000000000000000D7
S315020049D800000000000000000000000000000000C7
S315020049E800000000000000000000000000000000B7
S315020049F800000000000000000000000000000000A7
S31502004A080000000000000000000000000000000096
S31502004A180000000000000000000000000000000086
S31502004A280000000000000000000000000000000076
S31502004A380000000000000000000000000000000066
S31502004A480000000000000000000000000000000056
S31502004A580000000000000000000000000000000046
S31502004A680000000000000000000000000000000036
S31502004A780000000000000000000000000000000026
S31502004A880000000000000000000000000000000016
S31502004A980000000000000000000000000000000006
S31502004AA800000000000000000000000000000000F6
S31502004AB800000000000000000000000000000000E6
S31502004AC800000000000000000000000000000000D6
S31502004AD800000000000000000000000000000000C6
S31502004AE800000000000000000000000000000000B6
S31502004AF800000000000000000000000000000000A6
S31502004B080000000000000000000000000000000095
S31502004B180000000000000000000000000000000085
S31502004B280000000000000000000000000000000075
S31502004B380000000000000000000000000000000065
S31502004B480000000000000000000000000000000055
S31502004B580000000000000000000000000000000045
S31502004B680000000000000000000000000000000035
S31502004B780000000000000000000000000000000025
S31502004B880000000000000000000000000000000015
S31502004B980000000000000000000000000000000005
S31502004BA800000000000000000000000000000000F5
S31502004BB800000000000000000000000000000000E5
S31502004BC800000000000000000000000000000000D5
S31502004BD800000000000000000000000000000000C5
S31502004BE800000000000000000000000000000000B5
S31502004BF800000000000000000000000000000000A5
S31502004C080000000000000000000000000000000094
S31502004C180000000000000000000000000000000084
S31502004C280000000000000000000000000000000074
S31502004C380000000000000000000000000000000064
S31502004C480000000000000000000000000000000054
S31502004C580000000000000000000000000000000044
S31502004C680000000000000000000000000000000034
S31502004C780000000000000000000000000000000024
S31502004C880000000000000000000000000000000014
S31502004C980000000000000000000000000000000004
S31502004CA800000000000000000000000000000000F4
S31502004CB800000000000000000000000000000000E4
S31502004CC800000000000000000000000000000000D4
S31502004CD800000000000000000000000000000000C4
S31502004CE800000000000000000000000000000000B4
S31502004CF800000000000000000000000000000000A4
S31502004D080000000000000000000000000000000093
S31502004D180000000000000000000000000000000083
S31502004D280000000000000000000000000000000073
S31502004D380000000000000000000000000000000063
S31502004D480000000000000000000000000000000053
S31502004D580000000000000000000000000000000043
S31502004D680000000000000000000000000000000033
S31502004D780000000000000000000000000000000023
S31502004D880000000000000000000000000000000013
S31502004D980000000000000000000000000000000003
S31502004DA800000000000000000000000000000000F3
S31502004DB800000000000000000000000000000000E3
S31502004DC800000000000000000000000000000000D3
S31502004DD800000000000000000000000000000000C3
S31502004DE800000000000000000000000000000000B3
S31502004DF800000000000000000000000000000000A3
S31502004E080000000000000000000000000000000092
S31502004E180000000000000000000000000000000082
S31502004E280000000000000000000000000000000072
S31502004E380000000000000000000000000000000062
S31502004E480000000000000000000000000000000052
S31502004E580000000000000000000000000000000042
S31502004E680000000000000000000000000000000032
S31502004E780000000000000000000000000000000022
S31502004E880000000000000000000000000000000012
S31502004E980000000000000000000000000000000002
S31502004EA800000000000000000000000000000000F2
S31502004EB800000000000000000000000000000000E2
S31502004EC800000000000000000000000000000000D2
S31502004ED800000000000000000000000000000000C2
S31502004EE800000000000000000000000000000000B2
S31502004EF800000000000000000000000000000000A2
S31502004F080000000000000000000000000000000091
S31502004F180000000000000000000000000000000081
S31502004F280000000000000000000000000000000071
S31502004F380000000000000000000000000000000061
S31502004F480000000000000000000000000000000051
S31502004F580000000000000000000000000000000041
S31502004F680000000000000000000000000000000031
S31502004F780000000000000000000000000000000021
S31502004F880000000000000000000000000000000011
S31502004F980000000000000000000000000000000001
S31502004FA800000000000000000000000000000000F1
S31502004FB800000000000000000000000000000000E1
S31502004FC800000000000000000000000000000000D1
S31502004FD800000000000000000000000000000000C1
S31502004FE800000000000000000000000000000000B1
S31502004FF800000000000000000000000000000000A1
S315020050080000000000000000000000000000000090
S315020050180000000000000000000000000000000080
S315020050280000000000000000000000000000000070
S315020050380000000000000000000000000000000060
S315020050480000000000000000000000000000000050
S315020050580000000000000000000000000000000040
S315020050680000000000000000000000000000000030
S315020050780000000000000000000000000000000020
S315020050880000000000000000000000000000000010
S315020050980000000000000000000000000000000000
S315020050A800000000000000000000000000000000F0
S315020050B800000000000000000000000000000000E0
S315020050C800000000000000000000000000000000D0
S315020050D800000000000000000000000000000000C0
S315020050E800000000000000000000000000000000B0
S315020050F800000000000000000000000000000000A0
S31502005108000000000000000000000000000000008F
S31502005118000000000000000000000000000000007F
S31502005128000000000000000000000000000000006F
S31502005138000000000000000000000000000000005F
S31502005148000000000000000000000000000000004F
S31502005158000000000000000000000000000000003F
S31502005168000000000000000000000000000000002F
S31502005178000000000000000000000000000000001F
S31502005188000000000000000000000000000000000F
S3150200519800000000000000000000000000000000FF
S315020051A800000000000000000000000000000000EF
S315020051B800000000000000000000000000000000DF
S315020051C800000000000000000000000000000000CF
S315020051D800000000000000000000000000000000BF
S315020051E800000000000000000000000000000000AF
S315020051F8000000000000000000000000000000009F
S31502005208000000000000000000000000000000008E
S31502005218000000000000000000000000000000007E
S31502005228000000000000000000000000000000006E
S31502005238000000000000000000000000000000005E
S31502005248000000000000000000000000000000004E
S31502005258000000000000000000000000000000003E
S31502005268000000000000000000000000000000002E
S31502005278000000000000000000000000000000001E
S31502005288000000000000000000000000000000000E
S3150200529800000000000000000000000000000000FE
S315020052A800000000000000000000000000000000EE
S315020052B800000000000000000000000000000000DE
S315020052C800000000000000000000000000000000CE
S315020052D800000000000000000000000000000000BE
S315020052E800000000000000000000000000000000AE
S315020052F8000000000000000000000000000000009E
S31502005308000000000000000000000000000000008D
S31502005318000000000000000000000000000000007D
S31502005328000000000000000000000000000000006D
S31502005338000000000000000000000000000000005D
S31502005348000000000000000000000000000000004D
S31502005358000000000000000000000000000000003D
S31502005368000000000000000000000000000000002D
S31502005378000000000000000000000000000000001D
S31502005388000000000000000000000000000000000D
S3150200539800000000000000000000000000000000FD
S315020053A800000000000000000000000000000000ED
S315020053B800000000000000000000000000000000DD
S315020053C800000000000000000000000000000000CD
S315020053D800000000000000000000000000000000BD
S315020053E800000000000000000000000000000000AD
S315020053F8000000000000000000000000000000009D
S31502005408000000000000000000000000000000008C
S31502005418000000000000000000000000000000007C
S31502005428000000000000000000000000000000006C
S31502005438000000000000000000000000000000005C
S31502005448000000000000000000000000000000004C
S31502005458000000000000000000000000000000003C
S31502005468000000000000000000000000000000002C
S31502005478000000000000000000000000000000001C
S31502005488000000000000000000000000000000000C
S3150200549800000000000000000000000000000000FC
S315020054A800000000000000000000000000000000EC
S315020054B800000000000000000000000000000000DC
S315020054C800000000000000000000000000000000CC
S315020054D800000000000000000000000000000000BC
S315020054E800000000000000000000000000000000AC
S315020054F8000000000000000000000000000000009C
S31502005508000000000000000000000000000000008B
S31502005518000000000000000000000000000000007B
S31502005528000000000000000000000000000000006B
S31502005538000000000000000000000000000000005B
S31502005548000000000000000000000000000000004B
S31502005558000000000000000000000000000000003B
S31502005568000000000000000000000000000000002B
S31502005578000000000000000000000000000000001B
S31502005588000000000000000000000000000000000B
S3150200559800000000000000000000000000000000FB
S315020055A800000000000000000000000000000000EB
S315020055B800000000000000000000000000000000DB
S315020055C800000000000000000000000000000000CB
S315020055D800000000000000000000000000000000BB
S315020055E800000000000000000000000000000000AB
S315020055F8000000000000000000000000000000009B
S31502005608000000000000000000000000000000008A
S31502005618000000000000000000000000000000007A
S31502005628000000000000000000000000000000006A
S31502005638000000000000000000000000000000005A
S31502005648000000000000000000000000000000004A
S31502005658000000000000000000000000000000003A
S31502005668000000000000000000000000000000002A
S31502005678000000000000000000000000000000001A
S31502005688000000000000000000000000000000000A
S3150200569800000000000000000000000000000000FA
S315020056A800000000000000000000000000000000EA
S315020056B800000000000000000000000000000000DA
S315020056C800000000000000000000000000000000CA
S315020056D800000000000000000000000000000000BA
S315020056E800000000000000000000000000000000AA
S315020056F8000000000000000000000000000000009A
S315020057080000000000000000000000000000000089
S315020057180000000000000000000000000000000079
S315020057280000000000000000000000000000000069
S315020057380000000000000000000000000000000059
S315020057480000000000000000000000000000000049
S315020057580000000000000000000000000000000039
S315020057680000000000000000000000000000000029
S315020057780000000000000000000000000000000019
S315020057880000000000000000000000000000000009
S3150200579800000000000000000000000000000000F9
S315020057A800000000000000000000000000000000E9
S315020057B800000000000000000000000000000000D9
S315020057C800000000000000000000000000000000C9
S315020057D800000000000000000000000000000000B9
S315020057E800000000000000000000000000000000A9
S315020057F80000000000000000000000000000000099
S315020058080000000000000000000000000000000088
S315020058180000000000000000000000000000000078
S315020058280000000000000000000000000000000068
S315020058380000000000000000000000000000000058
S315020058480000000000000000000000000000000048
S315020058580000000000000000000000000000000038
S315020058680000000000000000000000000000000028
S315020058780000000000000000000000000000000018
S315020058880000000000000000000000000000000008
S3150200589800000000000000000000000000000000F8
S315020058A800000000000000000000000000000000E8
S315020058B800000000000000000000000000000000D8
S315020058C800000000000000000000000000000000C8
S315020058D800000000000000000000000000000000B8
S315020058E800000000000000000000000000000000A8
S315020058F80000000000000000000000000000000098
S315020059080000000000000000000000000000000087
S315020059180000000000000000000000000000000077
S315020059280000000000000000000000000000000067
S315020059380000000000000000000000000000000057
S315020059480000000000000000000000000000000047
S315020059580000000000000000000000000000000037
S315020059680000000000000000000000000000000027
S315020059780000000000000000000000000000000017
S315020059880000000000000000000000000000000007
S3150200599800000000000000000000000000000000F7
S315020059A800000000000000000000000000000000E7
S315020059B800000000000000000000000000000000D7
S315020059C800000000000000000000000000000000C7
S315020059D800000000000000000000000000000000B7
S315020059E800000000000000000000000000000000A7
S315020059F80000000000000000000000000000000097
S31502005A080000000000000000000000000000000086
S31502005A180000000000000000000000000000000076
S31502005A280000000000000000000000000000000066
S31502005A380000000000000000000000000000000056
S31502005A480000000000000000000000000000000046
S31502005A580000000000000000000000000000000036
S31502005A680000000000000000000000000000000026
S31502005A780000000000000000000000000000000016
S31502005A880000000000000000000000000000000006
S31502005A9800000000000000000000000000000000F6
S31502005AA800000000000000000000000000000000E6
S31502005AB800000000000000000000000000000000D6
S31502005AC800000000000000000000000000000000C6
S31502005AD800000000000000000000000000000000B6
S31502005AE800000000000000000000000000000000A6
S31502005AF80000000000000000000000000000000096
S31502005B080000000000000000000000000000000085
S31502005B180000000000000000000000000000000075
S31502005B280000000000000000000000000000000065
S31502005B380000000000000000000000000000000055
S31502005B480000000000000000000000000000000045
S31502005B580000000000000000000000000000000035
S31502005B680000000000000000000000000000000025
S31502005B780000000000000000000000000000000015
S31502005B880000000000000000000000000000000005
S31502005B9800000000000000000000000000000000F5
S31502005BA800000000000000000000000000000000E5
S31502005BB800000000000000000000000000000000D5
S31502005BC800000000000000000000000000000000C5
S31502005BD800000000000000000000000000000000B5
S31502005BE800000000000000000000000000000000A5
S31502005BF80000000000000000000000000000000095
S31502005C080000000000000000000000000000000084
S31502005C180000000000000000000000000000000074
S31502005C280000000000000000000000000000000064
S31502005C380000000000000000000000000000000054
S31502005C480000000000000000000000000000000044
S31502005C580000000000000000000000000000000034
S31502005C680000000000000000000000000000000024
S31502005C780000000000000000000000000000000014
S31502005C880000000000000000000000000000000004
S31502005C9800000000000000000000000000000000F4
S31502005CA800000000000000000000000000000000E4
S31502005CB800000000000000000000000000000000D4
S31502005CC800000000000000000000000000000000C4
S31502005CD800000000000000000000000000000000B4
S31502005CE800000000000000000000000000000000A4
S31502005CF80000000000000000000000000000000094
S31502005D080000000000000000000000000000000083
S31502005D180000000000000000000000000000000073
S31502005D280000000000000000000000000000000063
S31502005D380000000000000000000000000000000053
S31502005D480000000000000000000000000000000043
S31502005D580000000000000000000000000000000033
S31502005D680000000000000000000000000000000023
S31502005D780000000000000000000000000000000013
S31502005D880000000000000000000000000000000003
S31502005D9800000000000000000000000000000000F3
S31502005DA800000000000000000000000000000000E3
S31502005DB800000000000000000000000000000000D3
S31502005DC800000000000000000000000000000000C3
S31502005DD800000000000000000000000000000000B3
S31502005DE800000000000000000000000000000000A3
S31502005DF80000000000000000000000000000000093
S31502005E080000000000000000000000000000000082
S31502005E180000000000000000000000000000000072
S31502005E280000000000000000000000000000000062
S31502005E380000000000000000000000000000000052
S31502005E480000000000000000000000000000000042
S31502005E580000000000000000000000000000000032
S31502005E680000000000000000000000000000000022
S31502005E780000000000000000000000000000000012
S31502005E880000000000000000000000000000000002
S31502005E9800000000000000000000000000000000F2
S31502005EA800000000000000000000000000000000E2
S31502005EB800000000000000000000000000000000D2
S31502005EC800000000000000000000000000000000C2
S31502005ED800000000000000000000000000000000B2
S31502005EE800000000000000000000000000000000A2
S31502005EF80000000000000000000000000000000092
S31502005F080000000000000000000000000000000081
S31502005F180000000000000000000000000000000071
S31502005F280000000000000000000000000000000061
S31502005F380000000000000000000000000000000051
S31502005F480000000000000000000000000000000041
S31502005F580000000000000000000000000000000031
S31502005F680000000000000000000000000000000021
S31502005F780000000000000000000000000000000011
S31502005F880000000000000000000000000000000001
S31502005F9800000000000000000000000000000000F1
S31502005FA800000000000000000000000000000000E1
S31502005FB800000000000000000000000000000000D1
S31502005FC800000000000000000000000000000000C1
S31502005FD800000000000000000000000000000000B1
S31502005FE800000000000000000000000000000000A1
S31502005FF80000000000000000000000000000000091
S315020060080000000000000000000000000000000080
S315020060180000000000000000000000000000000070
S315020060280000000000000000000000000000000060
S315020060380000000000000000000000000000000050
S315020060480000000000000000000000000000000040
S315020060580000000000000000000000000000000030
S315020060680000000000000000000000000000000020
S315020060780000000000000000000000000000000010
S315020060880000000000000000000000000000000000
S3150200609800000000000000000000000000000000F0
S315020060A800000000000000000000000000000000E0
S315020060B800000000000000000000000000000000D0
S315020060C800000000000000000000000000000000C0
S315020060D800000000000000000000000000000000B0
S315020060E800000000000000000000000000000000A0
S315020060F80000000000000000000000000000000090
S31502006108000000000000000000000000000000007F
S31502006118000000000000000000000000000000006F
S31502006128000000000000000000000000000000005F
S31502006138000000000000000000000000000000004F
S31502006148000000000000000000000000000000003F
S31502006158000000000000000000000000000000002F
S31502006168000000000000000000000000000000001F
S31502006178000000000000000000000000000000000F
S3150200618800000000000000000000000000000000FF
S3150200619800000000000000000000000000000000EF
S315020061A800000000000000000000000000000000DF
S315020061B800000000000000000000000000000000CF
S315020061C800000000000000000000000000000000BF
S315020061D800000000000000000000000000000000AF
S315020061E8000000000000000000000000000000009F
S315020061F8000000000000000000000000000000008F
S31502006208000000000000000000000000000000007E
S31502006218000000000000000000000000000000006E
S31502006228000000000000000000000000000000005E
S31502006238000000000000000000000000000000004E
S31502006248000000000000000000000000000000003E
S31502006258000000000000000000000000000000002E
S31502006268000000000000000000000000000000001E
S31502006278000000000000000000000000000000000E
S3150200628800000000000000000000000000000000FE
S3150200629800000000000000000000000000000000EE
S315020062A800000000000000000000000000000000DE
S315020062B800000000000000000000000000000000CE
S315020062C800000000000000000000000000000000BE
S315020062D800000000000000000000000000000000AE
S315020062E8000000000000000000000000000000009E
S315020062F8000000000000000000000000000000008E
S31502006308000000000000000000000000000000007D
S31502006318000000000000000000000000000000006D
S31502006328000000000000000000000000000000005D
S31502006338000000000000000000000000000000004D
S31502006348000000000000000000000000000000003D
S31502006358000000000000000000000000000000002D
S31502006368000000000000000000000000000000001D
S31502006378000000000000000000000000000000000D
S3150200638800000000000000000000000000000000FD
S3150200639800000000000000000000000000000000ED
S315020063A800000000000000000000000000000000DD
S315020063B800000000000000000000000000000000CD
S315020063C800000000000000000000000000000000BD
S315020063D800000000000000000000000000000000AD
S315020063E8000000000000000000000000000000009D
S315020063F8000000000000000000000000000000008D
S31502006408000000000000000000000000000000007C
S31502006418000000000000000000000000000000006C
S31502006428000000000000000000000000000000005C
S31502006438000000000000000000000000000000004C
S31502006448000000000000000000000000000000003C
S31502006458000000000000000000000000000000002C
S31502006468000000000000000000000000000000001C
S31502006478000000000000000000000000000000000C
S3150200648800000000000000000000000000000000FC
S3150200649800000000000000000000000000000000EC
S315020064A800000000000000000000000000000000DC
S315020064B800000000000000000000000000000000CC
S315020064C800000000000000000000000000000000BC
S315020064D800000000000000000000000000000000AC
S315020064E8000000000000000000000000000000009C
S315020064F8000000000000000000000000000000008C
S31502006508000000000000000000000000000000007B
S31502006518000000000000000000000000000000006B
S31502006528000000000000000000000000000000005B
S31502006538000000000000000000000000000000004B
S31502006548000000000000000000000000000000003B
S31502006558000000000000000000000000000000002B
S31502006568000000000000000000000000000000001B
S31502006578000000000000000000000000000000000B
S3150200658800000000000000000000000000000000FB
S3150200659800000000000000000000000000000000EB
S315020065A800000000000000000000000000000000DB
S315020065B800000000000000000000000000000000CB
S315020065C800000000000000000000000000000000BB
S315020065D800000000000000000000000000000000AB
S315020065E8000000000000000000000000000000009B
S315020065F8000000000000000000000000000000008B
S31502006608000000000000000000000000000000007A
S31502006618000000000000000000000000000000006A
S31502006628000000000000000000000000000000005A
S31502006638000000000000000000000000000000004A
S31502006648000000000000000000000000000000003A
S31502006658000000000000000000000000000000002A
S31502006668000000000000000000000000000000001A
S31502006678000000000000000000000000000000000A
S3150200668800000000000000000000000000000000FA
S3150200669800000000000000000000000000000000EA
S315020066A800000000000000000000000000000000DA
S315020066B800000000000000000000000000000000CA
S315020066C800000000000000000000000000000000BA
S315020066D800000000000000000000000000000000AA
S315020066E8000000000000000000000000000000009A
S315020066F8000000000000000000000000000000008A
S315020067080000000000000000000000000000000079
S315020067180000000000000000000000000000000069
S315020067280000000000000000000000000000000059
S315020067380000000000000000000000000000000049
S315020067480000000000000000000000000000000039
S315020067580000000000000000000000000000000029
S315020067680000000000000000000000000000000019
S315020067780000000000000000000000000000000009
S3150200678800000000000000000000000000000000F9
S3150200679800000000000000000000000000000000E9
S315020067A800000000000000000000000000000000D9
S315020067B800000000000000000000000000000000C9
S315020067C800000000000000000000000000000000B9
S315020067D800000000000000000000000000000000A9
S315020067E80000000000000000000000000000000099
S315020067F80000000000000000000000000000000089
S315020068080000000000000000000000000000000078
S315020068180000000000000000000000000000000068
S315020068280000000000000000000000000000000058
S315020068380000000000000000000000000000000048
S315020068480000000000000000000000000000000038
S315020068580000000000000000000000000000000028
S315020068680000000000000000000000000000000018
S315020068780000000000000000000000000000000008
S3150200688800000000000000000000000000000000F8
S3150200689800000000000000000000000000000000E8
S315020068A800000000000000000000000000000000D8
S315020068B800000000000000000000000000000000C8
S315020068C800000000000000000000000000000000B8
S315020068D800000000000000000000000000000000A8
S315020068E80000000000000000000000000000000098
S315020068F80000000000000000000000000000000088
S315020069080000000000000000000000000000000077
S315020069180000000000000000000000000000000067
S315020069280000000000000000000000000000000057
S315020069380000000000000000000000000000000047
S315020069480000000000000000000000000000000037
S315020069580000000000000000000000000000000027
S315020069680000000000000000000000000000000017
S315020069780000000000000000000000000000000007
S3150200698800000000000000000000000000000000F7
S3150200699800000000000000000000000000000000E7
S315020069A800000000000000000000000000000000D7
S315020069B800000000000000000000000000000000C7
S315020069C800000000000000000000000000000000B7
S315020069D800000000000000000000000000000000A7
S315020069E80000000000000000000000000000000097
S315020069F80000000000000000000000000000000087
S31502006A080000000000000000000000000000000076
S31502006A180000000000000000000000000000000066
S31502006A280000000000000000000000000000000056
S31502006A380000000000000000000000000000000046
S31502006A480000000000000000000000000000000036
S31502006A580000000000000000000000000000000026
S31502006A680000000000000000000000000000000016
S31502006A780000000000000000000000000000000006
S31502006A8800000000000000000000000000000000F6
S31502006A9800000000000000000000000000000000E6
S31502006AA800000000000000000000000000000000D6
S31502006AB800000000000000000000000000000000C6
S31502006AC800000000000000000000000000000000B6
S31502006AD800000000000000000000000000000000A6
S31502006AE80000000000000000000000000000000096
S31502006AF80000000000000000000000000000000086
S31502006B080000000000000000000000000000000075
S31502006B180000000000000000000000000000000065
S31502006B280000000000000000000000000000000055
S31502006B380000000000000000000000000000000045
S31502006B480000000000000000000000000000000035
S31502006B580000000000000000000000000000000025
S31502006B680000000000000000000000000000000015
S31502006B780000000000000000000000000000000005
S31502006B8800000000000000000000000000000000F5
S31502006B9800000000000000000000000000000000E5
S31502006BA800000000000000000000000000000000D5
S31502006BB800000000000000000000000000000000C5
S31502006BC800000000000000000000000000000000B5
S31502006BD800000000000000000000000000000000A5
S31502006BE80000000000000000000000000000000095
S31502006BF80000000000000000000000000000000085
S31502006C080000000000000000000000000000000074
S31502006C180000000000000000000000000000000064
S31502006C280000000000000000000000000000000054
S31502006C380000000000000000000000000000000044
S31502006C480000000000000000000000000000000034
S31502006C580000000000000000000000000000000024
S31502006C680000000000000000000000000000000014
S31502006C780000000000000000000000000000000004
S31502006C8800000000000000000000000000000000F4
S31502006C9800000000000000000000000000000000E4
S31502006CA800000000000000000000000000000000D4
S31502006CB800000000000000000000000000000000C4
S31502006CC800000000000000000000000000000000B4
S31502006CD800000000000000000000000000000000A4
S31502006CE80000000000000000000000000000000094
S31502006CF80000000000000000000000000000000084
S31502006D080000000000000000000000000000000073
S31502006D180000000000000000000000000000000063
S31502006D280000000000000000000000000000000053
S31502006D380000000000000000000000000000000043
S31502006D480000000000000000000000000000000033
S31502006D580000000000000000000000000000000023
S31502006D680000000000000000000000000000000013
S31502006D780000000000000000000000000000000003
S31502006D8800000000000000000000000000000000F3
S31502006D9800000000000000000000000000000000E3
S31502006DA800000000000000000000000000000000D3
S31502006DB800000000000000000000000000000000C3
S31502006DC800000000000000000000000000000000B3
S31502006DD800000000000000000000000000000000A3
S31502006DE80000000000000000000000000000000093
S31502006DF80000000000000000000000000000000083
S31502006E080000000000000000000000000000000072
S31502006E180000000000000000000000000000000062
S31502006E280000000000000000000000000000000052
S31502006E380000000000000000000000000000000042
S31502006E480000000000000000000000000000000032
S31502006E580000000000000000000000000000000022
S31502006E680000000000000000000000000000000012
S31502006E780000000000000000000000000000000002
S31502006E8800000000000000000000000000000000F2
S31502006E9800000000000000000000000000000000E2
S31502006EA800000000000000000000000000000000D2
S31502006EB800000000000000000000000000000000C2
S31502006EC800000000000000000000000000000000B2
S31502006ED800000000000000000000000000000000A2
S31502006EE80000000000000000000000000000000092
S31502006EF80000000000000000000000000000000082
S31502006F080000000000000000000000000000000071
S31502006F180000000000000000000000000000000061
S31502006F280000000000000000000000000000000051
S31502006F380000000000000000000000000000000041
S31502006F480000000000000000000000000000000031
S31502006F580000000000000000000000000000000021
S31502006F680000000000000000000000000000000011
S31502006F780000000000000000000000000000000001
S31502006F8800000000000000000000000000000000F1
S31502006F9800000000000000000000000000000000E1
S31502006FA800000000000000000000000000000000D1
S31502006FB800000000000000000000000000000000C1
S31502006FC800000000000000000000000000000000B1
S31502006FD800000000000000000000000000000000A1
S31502006FE80000000000000000000000000000000091
S31502006FF80000000000000000000000000000000081
S315020070080000000000000000000000000000000070
S315020070180000000000000000000000000000000060
S315020070280000000000000000000000000000000050
S315020070380000000000000000000000000000000040
S315020070480000000000000000000000000000000030
S315020070580000000000000000000000000000000020
S315020070680000000000000000000000000000000010
S315020070780000000000000000000000000000000000
S3150200708800000000000000000000000000000000F0
S3150200709800000000000000000000000000000000E0
S315020070A800000000000000000000000000000000D0
S315020070B800000000000000000000000000000000C0
S315020070C800000000000000000000000000000000B0
S315020070D800000000000000000000000000000000A0
S315020070E80000000000000000000000000000000090
S315020070F80000000000000000000000000000000080
S31502007108000000000000000000000000000000006F
S31502007118000000000000000000000000000000005F
S31502007128000000000000000000000000000000004F
S31502007138000000000000000000000000000000003F
S31502007148000000000000000000000000000000002F
S31502007158000000000000000000000000000000001F
S31502007168000000000000000000000000000000000F
S3150200717800000000000000000000000000000000FF
S3150200718800000000000000000000000000000000EF
S3150200719800000000000000000000000000000000DF
S315020071A800000000000000000000000000000000CF
S315020071B800000000000000000000000000000000BF
S315020071C800000000000000000000000000000000AF
S315020071D8000000000000000000000000000000009F
S315020071E8000000000000000000000000000000008F
S315020071F8000000000000000000000000000000007F
S31502007208000000000000000000000000000000006E
S31502007218000000000000000000000000000000005E
S31502007228000000000000000000000000000000004E
S31502007238000000000000000000000000000000003E
S31502007248000000000000000000000000000000002E
S31502007258000000000000000000000000000000001E
S31502007268000000000000000000000000000000000E
S3150200727800000000000000000000000000000000FE
S3150200728800000000000000000000000000000000EE
S3150200729800000000000000000000000000000000DE
S315020072A800000000000000000000000000000000CE
S315020072B800000000000000000000000000000000BE
S315020072C800000000000000000000000000000000AE
S315020072D8000000000000000000000000000000009E
S315020072E8000000000000000000000000000000008E
S315020072F8000000000000000000000000000000007E
S31502007308000000000000000000000000000000006D
S31502007318000000000000000000000000000000005D
S31502007328000000000000000000000000000000004D
S31502007338000000000000000000000000000000003D
S31502007348000000000000000000000000000000002D
S31502007358000000000000000000000000000000001D
S31502007368000000000000000000000000000000000D
S3150200737800000000000000000000000000000000FD
S3150200738800000000000000000000000000000000ED
S3150200739800000000000000000000000000000000DD
S315020073A800000000000000000000000000000000CD
S315020073B800000000000000000000000000000000BD
S315020073C800000000000000000000000000000000AD
S315020073D8000000000000000000000000000000009D
S315020073E8000000000000000000000000000000008D
S315020073F8000000000000000000000000000000007D
S31502007408000000000000000000000000000000006C
S31502007418000000000000000000000000000000005C
S31502007428000000000000000000000000000000004C
S31502007438000000000000000000000000000000003C
S31502007448000000000000000000000000000000002C
S31502007458000000000000000000000000000000001C
S31502007468000000000000000000000000000000000C
S3150200747800000000000000000000000000000000FC
S3150200748800000000000000000000000000000000EC
S3150200749800000000000000000000000000000000DC
S315020074A800000000000000000000000000000000CC
S315020074B800000000000000000000000000000000BC
S315020074C800000000000000000000000000000000AC
S315020074D8000000000000000000000000000000009C
S315020074E8000000000000000000000000000000008C
S315020074F8000000000000000000000000000000007C
S31502007508000000000000000000000000000000006B
S31502007518000000000000000000000000000000005B
S31502007528000000000000000000000000000000004B
S31502007538000000000000000000000000000000003B
S31502007548000000000000000000000000000000002B
S31502007558000000000000000000000000000000001B
S31502007568000000000000000000000000000000000B
S3150200757800000000000000000000000000000000FB
S3150200758800000000000000000000000000000000EB
S3150200759800000000000000000000000000000000DB
S315020075A800000000000000000000000000000000CB
S315020075B800000000000000000000000000000000BB
S315020075C800000000000000000000000000000000AB
S315020075D8000000000000000000000000000000009B
S315020075E8000000000000000000000000000000008B
S315020075F8000000000000000000000000000000007B
S31502007608000000000000000000000000000000006A
S31502007618000000000000000000000000000000005A
S31502007628000000000000000000000000000000004A
S31502007638000000000000000000000000000000003A
S31502007648000000000000000000000000000000002A
S31502007658000000000000000000000000000000001A
S31502007668000000000000000000000000000000000A
S3150200767800000000000000000000000000000000FA
S3150200768800000000000000000000000000000000EA
S3150200769800000000000000000000000000000000DA
S315020076A800000000000000000000000000000000CA
S315020076B800000000000000000000000000000000BA
S315020076C800000000000000000000000000000000AA
S315020076D8000000000000000000000000000000009A
S315020076E8000000000000000000000000000000008A
S315020076F8000000000000000000000000000000007A
S315020077080000000000000000000000000000000069
S315020077180000000000000000000000000000000059
S315020077280000000000000000000000000000000049
S315020077380000000000000000000000000000000039
S315020077480000000000000000000000000000000029
S315020077580000000000000000000000000000000019
S315020077680000000000000000000000000000000009
S3150200777800000000000000000000000000000000F9
S3150200778800000000000000000000000000000000E9
S3150200779800000000000000000000000000000000D9
S315020077A800000000000000000000000000000000C9
S315020077B800000000000000000000000000000000B9
S315020077C800000000000000000000000000000000A9
S315020077D80000000000000000000000000000000099
S315020077E80000000000000000000000000000000089
S315020077F80000000000000000000000000000000079
S315020078080000000000000000000000000000000068
S315020078180000000000000000000000000000000058
S315020078280000000000000000000000000000000048
S315020078380000000000000000000000000000000038
S315020078480000000000000000000000000000000028
S315020078580000000000000000000000000000000018
S315020078680000000000000000000000000000000008
S3150200787800000000000000000000000000000000F8
S3150200788800000000000000000000000000000000E8
S3150200789800000000000000000000000000000000D8
S315020078A800000000000000000000000000000000C8
S315020078B800000000000000000000000000000000B8
S315020078C800000000000000000000000000000000A8
S315020078D80000000000000000000000000000000098
S315020078E80000000000000000000000000000000088
S315020078F80000000000000000000000000000000078
S315020079080000000000000000000000000000000067
S315020079180000000000000000000000000000000057
S315020079280000000000000000000000000000000047
S315020079380000000000000000000000000000000037
S315020079480000000000000000000000000000000027
S315020079580000000000000000000000000000000017
S315020079680000000000000000000000000000000007
S3150200797800000000000000000000000000000000F7
S3150200798800000000000000000000000000000000E7
S3150200799800000000000000000000000000000000D7
S315020079A800000000000000000000000000000000C7
S315020079B800000000000000000000000000000000B7
S315020079C800000000000000000000000000000000A7
S315020079D80000000000000000000000000000000097
S315020079E80000000000000000000000000000000087
S315020079F80000000000000000000000000000000077
S31502007A080000000000000000000000000000000066
S31502007A180000000000000000000000000000000056
S31502007A280000000000000000000000000000000046
S31502007A380000000000000000000000000000000036
S31502007A480000000000000000000000000000000026
S31502007A580000000000000000000000000000000016
S31502007A680000000000000000000000000000000006
S31502007A7800000000000000000000000000000000F6
S31502007A8800000000000000000000000000000000E6
S31502007A9800000000000000000000000000000000D6
S31502007AA800000000000000000000000000000000C6
S31502007AB800000000000000000000000000000000B6
S31502007AC800000000000000000000000000000000A6
S31502007AD80000000000000000000000000000000096
S31502007AE80000000000000000000000000000000086
S31502007AF80000000000000000000000000000000076
S31502007B080000000000000000000000000000000065
S31502007B180000000000000000000000000000000055
S31502007B280000000000000000000000000000000045
S31502007B380000000000000000000000000000000035
S31502007B480000000000000000000000000000000025
S31502007B580000000000000000000000000000000015
S31502007B680000000000000000000000000000000005
S31502007B7800000000000000000000000000000000F5
S31502007B8800000000000000000000000000000000E5
S31502007B9800000000000000000000000000000000D5
S31502007BA800000000000000000000000000000000C5
S31502007BB800000000000000000000000000000000B5
S31502007BC800000000000000000000000000000000A5
S31502007BD80000000000000000000000000000000095
S31502007BE80000000000000000000000000000000085
S31502007BF80000000000000000000000000000000075
S31502007C080000000000000000000000000000000064
S31502007C180000000000000000000000000000000054
S31502007C280000000000000000000000000000000044
S31502007C380000000000000000000000000000000034
S31502007C480000000000000000000000000000000024
S31502007C580000000000000000000000000000000014
S31502007C680000000000000000000000000000000004
S31502007C7800000000000000000000000000000000F4
S31502007C8800000000000000000000000000000000E4
S31502007C9800000000000000000000000000000000D4
S31502007CA800000000000000000000000000000000C4
S31502007CB800000000000000000000000000000000B4
S31502007CC800000000000000000000000000000000A4
S31502007CD80000000000000000000000000000000094
S31502007CE80000000000000000000000000000000084
S31502007CF80000000000000000000000000000000074
S31502007D080000000000000000000000000000000063
S31502007D180000000000000000000000000000000053
S31502007D280000000000000000000000000000000043
S31502007D380000000000000000000000000000000033
S31502007D480000000000000000000000000000000023
S31502007D580000000000000000000000000000000013
S31502007D680000000000000000000000000000000003
S31502007D7800000000000000000000000000000000F3
S31502007D8800000000000000000000000000000000E3
S31502007D9800000000000000000000000000000000D3
S31502007DA800000000000000000000000000000000C3
S31502007DB800000000000000000000000000000000B3
S31502007DC800000000000000000000000000000000A3
S31502007DD80000000000000000000000000000000093
S31502007DE80000000000000000000000000000000083
S31502007DF80000000000000000000000000000000073
S31502007E080000000000000000000000000000000062
S31502007E180000000000000000000000000000000052
S31502007E280000000000000000000000000000000042
S31502007E380000000000000000000000000000000032
S31502007E480000000000000000000000000000000022
S31502007E580000000000000000000000000000000012
S31502007E680000000000000000000000000000000002
S31502007E7800000000000000000000000000000000F2
S31502007E8800000000000000000000000000000000E2
S31502007E9800000000000000000000000000000000D2
S31502007EA800000000000000000000000000000000C2
S31502007EB800000000000000000000000000000000B2
S31502007EC800000000000000000000000000000000A2
S31502007ED80000000000000000000000000000000092
S31502007EE80000000000000000000000000000000082
S31502007EF80000000000000000000000000000000072
S31502007F080000000000000000000000000000000061
S31502007F180000000000000000000000000000000051
S31502007F280000000000000000000000000000000041
S31502007F380000000000000000000000000000000031
S31502007F480000000000000000000000000000000021
S31502007F580000000000000000000000000000000011
S31502007F680000000000000000000000000000000001
S31502007F7800000000000000000000000000000000F1
S31502007F8800000000000000000000000000000000E1
S31502007F9800000000000000000000000000000000D1
S31502007FA800000000000000000000000000000000C1
S31502007FB800000000000000000000000000000000B1
S31502007FC800000000000000000000000000000000A1
S31502007FD80000000000000000000000000000000091
S31502007FE80000000000000000000000000000000081
S31502007FF80000000000000000000000000000000071
S315020080080000000000000000000000000000000060
S315020080180000000000000000000000000000000050
S315020080280000000000000000000000000000000040
S315020080380000000000000000000000000000000030
S315020080480000000000000000000000000000000020
S315020080580000000000000000000000000000000010
S315020080680000000000000000000000000000000000
S3150200807800000000000000000000000000000000F0
S3150200808800000000000000000000000000000000E0
S3150200809800000000000000000000000000000000D0
S315020080A800000000000000000000000000000000C0
S315020080B800000000000000000000000000000000B0
S315020080C800000000000000000000000000000000A0
S315020080D80000000000000000000000000000000090
S315020080E80000000000000000000000000000000080
S315020080F80000000000000000000000000000000070
S31502008108000000000000000000000000000000005F
S31502008118000000000000000000000000000000004F
S31502008128000000000000000000000000000000003F
S31502008138000000000000000000000000000000002F
S31502008148000000000000000000000000000000001F
S31502008158000000000000000000000000000000000F
S3150200816800000000000000000000000000000000FF
S3150200817800000000000000000000000000000000EF
S3150200818800000000000000000000000000000000DF
S3150200819800000000000000000000000000000000CF
S315020081A800000000000000000000000000000000BF
S315020081B800000000000000000000000000000000AF
S315020081C8000000000000000000000000000000009F
S315020081D8000000000000000000000000000000008F
S315020081E8000000000000000000000000000000007F
S315020081F8000000000000000000000000000000006F
S31502008208000000000000000000000000000000005E
S31502008218000000000000000000000000000000004E
S31502008228000000000000000000000000000000003E
S31502008238000000000000000000000000000000002E
S31502008248000000000000000000000000000000001E
S31502008258000000000000000000000000000000000E
S3150200826800000000000000000000000000000000FE
S3150200827800000000000000000000000000000000EE
S3150200828800000000000000000000000000000000DE
S3150200829800000000000000000000000000000000CE
S315020082A800000000000000000000000000000000BE
S315020082B800000000000000000000000000000000AE
S315020082C8000000000000000000000000000000009E
S315020082D8000000000000000000000000000000008E
S315020082E8000000000000000000000000000000007E
S315020082F8000000000000000000000000000000006E
S31502008308000000000000000000000000000000005D
S31502008318000000000000000000000000000000004D
S31502008328000000000000000000000000000000003D
S31502008338000000000000000000000000000000002D
S31502008348000000000000000000000000000000001D
S31502008358000000000000000000000000000000000D
S3150200836800000000000000000000000000000000FD
S3150200837800000000000000000000000000000000ED
S3150200838800000000000000000000000000000000DD
S3150200839800000000000000000000000000000000CD
S315020083A800000000000000000000000000000000BD
S315020083B800000000000000000000000000000000AD
S315020083C8000000000000000000000000000000009D
S315020083D8000000000000000000000000000000008D
S315020083E8000000000000000000000000000000007D
S315020083F8000000000000000000000000000000006D
S31502008408000000000000000000000000000000005C
S31502008418000000000000000000000000000000004C
S31502008428000000000000000000000000000000003C
S31502008438000000000000000000000000000000002C
S31502008448000000000000000000000000000000001C
S31502008458000000000000000000000000000000000C
S3150200846800000000000000000000000000000000FC
S3150200847800000000000000000000000000000000EC
S3150200848800000000000000000000000000000000DC
S3150200849800000000000000000000000000000000CC
S315020084A800000000000000000000000000000000BC
S315020084B800000000000000000000000000000000AC
S315020084C8000000000000000000000000000000009C
S315020084D8000000000000000000000000000000008C
S315020084E8000000000000000000000000000000007C
S315020084F8000000000000000000000000000000006C
S31502008508000000000000000000000000000000005B
S31502008518000000000000000000000000000000004B
S31502008528000000000000000000000000000000003B
S31502008538000000000000000000000000000000002B
S31502008548000000000000000000000000000000001B
S31502008558000000000000000000000000000000000B
S3150200856800000000000000000000000000000000FB
S3150200857800000000000000000000000000000000EB
S3150200858800000000000000000000000000000000DB
S3150200859800000000000000000000000000000000CB
S315020085A800000000000000000000000000000000BB
S315020085B800000000000000000000000000000000AB
S315020085C8000000000000000000000000000000009B
S315020085D8000000000000000000000000000000008B
S315020085E8000000000000000000000000000000007B
S315020085F8000000000000000000000000000000006B
S31502008608000000000000000000000000000000005A
S31502008618000000000000000000000000000000004A
S31502008628000000000000000000000000000000003A
S31502008638000000000000000000000000000000002A
S31502008648000000000000000000000000000000001A
S31502008658000000000000000000000000000000000A
S3150200866800000000000000000000000000000000FA
S3150200867800000000000000000000000000000000EA
S3150200868800000000000000000000000000000000DA
S3150200869800000000000000000000000000000000CA
S315020086A800000000000000000000000000000000BA
S315020086B800000000000000000000000000000000AA
S315020086C8000000000000000000000000000000009A
S315020086D8000000000000000000000000000000008A
S315020086E8000000000000000000000000000000007A
S315020086F8000000000000000000000000000000006A
S315020087080000000000000000000000000000000059
S315020087180000000000000000000000000000000049
S315020087280000000000000000000000000000000039
S315020087380000000000000000000000000000000029
S315020087480000000000000000000000000000000019
S315020087580000000000000000000000000000000009
S3150200876800000000000000000000000000000000F9
S3150200877800000000000000000000000000000000E9
S3150200878800000000000000000000000000000000D9
S3150200879800000000000000000000000000000000C9
S315020087A800000000000000000000000000000000B9
S315020087B800000000000000000000000000000000A9
S315020087C80000000000000000000000000000000099
S315020087D80000000000000000000000000000000089
S315020087E80000000000000000000000000000000079
S315020087F80000000000000000000000000000000069
S315020088080000000000000000000000000000000058
S315020088180000000000000000000000000000000048
S315020088280000000000000000000000000000000038
S315020088380000000000000000000000000000000028
S315020088480000000000000000000000000000000018
S315020088580000000000000000000000000000000008
S3150200886800000000000000000000000000000000F8
S3150200887800000000000000000000000000000000E8
S3150200888800000000000000000000000000000000D8
S3150200889800000000000000000000000000000000C8
S315020088A800000000000000000000000000000000B8
S315020088B800000000000000000000000000000000A8
S315020088C80000000000000000000000000000000098
S315020088D80000000000000000000000000000000088
S315020088E80000000000000000000000000000000078
S315020088F80000000000000000000000000000000068
S315020089080000000000000000000000000000000057
S315020089180000000000000000000000000000000047
S315020089280000000000000000000000000000000037
S315020089380000000000000000000000000000000027
S315020089480000000000000000000000000000000017
S315020089580000000000000000000000000000000007
S3150200896800000000000000000000000000000000F7
S3150200897800000000000000000000000000000000E7
S3150200898800000000000000000000000000000000D7
S3150200899800000000000000000000000000000000C7
S315020089A800000000000000000000000000000000B7
S315020089B800000000000000000000000000000000A7
S315020089C80000000000000000000000000000000097
S315020089D80000000000000000000000000000000087
S315020089E80000000000000000000000000000000077
S315020089F80000000000000000000000000000000067
S31502008A080000000000000000000000000000000056
S31502008A180000000000000000000000000000000046
S31502008A280000000000000000000000000000000036
S31502008A380000000000000000000000000000000026
S31502008A480000000000000000000000000000000016
S31502008A580000000000000000000000000000000006
S31502008A6800000000000000000000000000000000F6
S31502008A7800000000000000000000000000000000E6
S31502008A8800000000000000000000000000000000D6
S31502008A9800000000000000000000000000000000C6
S31502008AA800000000000000000000000000000000B6
S31502008AB800000000000000000000000000000000A6
S31502008AC80000000000000000000000000000000096
S31502008AD80000000000000000000000000000000086
S31502008AE80000000000000000000000000000000076
S31502008AF80000000000000000000000000000000066
S31502008B080000000000000000000000000000000055
S31502008B180000000000000000000000000000000045
S31502008B280000000000000000000000000000000035
S31502008B380000000000000000000000000000000025
S31502008B480000000000000000000000000000000015
S31502008B580000000000000000000000000000000005
S31502008B6800000000000000000000000000000000F5
S31502008B7800000000000000000000000000000000E5
S31502008B8800000000000000000000000000000000D5
S31502008B9800000000000000000000000000000000C5
S31502008BA800000000000000000000000000000000B5
S31502008BB800000000000000000000000000000000A5
S31502008BC80000000000000000000000000000000095
S31502008BD80000000000000000000000000000000085
S31502008BE80000000000000000000000000000000075
S31502008BF80000000000000000000000000000000065
S31502008C080000000000000000000000000000000054
S31502008C180000000000000000000000000000000044
S31502008C280000000000000000000000000000000034
S31502008C380000000000000000000000000000000024
S31502008C480000000000000000000000000000000014
S31502008C580000000000000000000000000000000004
S31502008C6800000000000000000000000000000000F4
S31502008C7800000000000000000000000000000000E4
S31502008C8800000000000000000000000000000000D4
S31502008C9800000000000000000000000000000000C4
S31502008CA800000000000000000000000000000000B4
S31502008CB800000000000000000000000000000000A4
S31502008CC80000000000000000000000000000000094
S31502008CD80000000000000000000000000000000084
S31502008CE80000000000000000000000000000000074
S31502008CF80000000000000000000000000000000064
S31502008D080000000000000000000000000000000053
S31502008D180000000000000000000000000000000043
S31502008D280000000000000000000000000000000033
S31502008D380000000000000000000000000000000023
S31502008D480000000000000000000000000000000013
S31502008D580000000000000000000000000000000003
S31502008D6800000000000000000000000000000000F3
S31502008D7800000000000000000000000000000000E3
S31502008D8800000000000000000000000000000000D3
S31502008D9800000000000000000000000000000000C3
S31502008DA800000000000000000000000000000000B3
S31502008DB800000000000000000000000000000000A3
S31502008DC80000000000000000000000000000000093
S31502008DD80000000000000000000000000000000083
S31502008DE80000000000000000000000000000000073
S31502008DF80000000000000000000000000000000063
S31502008E080000000000000000000000000000000052
S31502008E180000000000000000000000000000000042
S31502008E280000000000000000000000000000000032
S31502008E380000000000000000000000000000000022
S31502008E480000000000000000000000000000000012
S31502008E580000000000000000000000000000000002
S31502008E6800000000000000000000000000000000F2
S31502008E7800000000000000000000000000000000E2
S31502008E8800000000000000000000000000000000D2
S31502008E9800000000000000000000000000000000C2
S31502008EA800000000000000000000000000000000B2
S31502008EB800000000000000000000000000000000A2
S31502008EC80000000000000000000000000000000092
S31502008ED80000000000000000000000000000000082
S31502008EE80000000000000000000000000000000072
S31502008EF80000000000000000000000000000000062
S31502008F080000000000000000000000000000000051
S31502008F180000000000000000000000000000000041
S31502008F280000000000000000000000000000000031
S31502008F380000000000000000000000000000000021
S31502008F480000000000000000000000000000000011
S31502008F580000000000000000000000000000000001
S31502008F6800000000000000000000000000000000F1
S31502008F7800000000000000000000000000000000E1
S31502008F8800000000000000000000000000000000D1
S31502008F9800000000000000000000000000000000C1
S31502008FA800000000000000000000000000000000B1
S31502008FB800000000000000000000000000000000A1
S31502008FC80000000000000000000000000000000091
S31502008FD80000000000000000000000000000000081
S31502008FE80000000000000000000000000000000071
S31502008FF80000000000000000000000000000000061
S315020090080000000000000000000000000000000050
S315020090180000000000000000000000000000000040
S315020090280000000000000000000000000000000030
S315020090380000000000000000000000000000000020
S315020090480000000000000000000000000000000010
S315020090580000000000000000000000000000000000
S3150200906800000000000000000000000000000000F0
S3150200907800000000000000000000000000000000E0
S3150200908800000000000000000000000000000000D0
S3150200909800000000000000000000000000000000C0
S315020090A800000000000000000000000000000000B0
S315020090B800000000000000000000000000000000A0
S315020090C80000000000000000000000000000000090
S315020090D80000000000000000000000000000000080
S315020090E80000000000000000000000000000000070
S315020090F80000000000000000000000000000000060
S31502009108000000000000000000000000000000004F
S31502009118000000000000000000000000000000003F
S31502009128000000000000000000000000000000002F
S31502009138000000000000000000000000000000001F
S31502009148000000000000000000000000000000000F
S3150200915800000000000000000000000000000000FF
S3150200916800000000000000000000000000000000EF
S3150200917800000000000000000000000000000000DF
S3150200918800000000000000000000000000000000CF
S3150200919800000000000000000000000000000000BF
S315020091A800000000000000000000000000000000AF
S315020091B8000000000000000000000000000000009F
S315020091C8000000000000000000000000000000008F
S315020091D8000000000000000000000000000000007F
S315020091E8000000000000000000000000000000006F
S315020091F8000000000000000000000000000000005F
S31502009208000000000000000000000000000000004E
S31502009218000000000000000000000000000000003E
S31502009228000000000000000000000000000000002E
S31502009238000000000000000000000000000000001E
S31502009248000000000000000000000000000000000E
S3150200925800000000000000000000000000000000FE
S3150200926800000000000000000000000000000000EE
S3150200927800000000000000000000000000000000DE
S3150200928800000000000000000000000000000000CE
S3150200929800000000000000000000000000000000BE
S315020092A800000000000000000000000000000000AE
S315020092B8000000000000000000000000000000009E
S315020092C8000000000000000000000000000000008E
S315020092D8000000000000000000000000000000007E
S315020092E8000000000000000000000000000000006E
S315020092F8000000000000000000000000000000005E
S31502009308000000000000000000000000000000004D
S31502009318000000000000000000000000000000003D
S31502009328000000000000000000000000000000002D
S31502009338000000000000000000000000000000001D
S31502009348000000000000000000000000000000000D
S3150200935800000000000000000000000000000000FD
S3150200936800000000000000000000000000000000ED
S3150200937800000000000000000000000000000000DD
S3150200938800000000000000000000000000000000CD
S3150200939800000000000000000000000000000000BD
S315020093A800000000000000000000000000000000AD
S315020093B8000000000000000000000000000000009D
S315020093C8000000000000000000000000000000008D
S315020093D8000000000000000000000000000000007D
S315020093E8000000000000000000000000000000006D
S315020093F8000000000000000000000000000000005D
S31502009408000000000000000000000000000000004C
S31502009418000000000000000000000000000000003C
S31502009428000000000000000000000000000000002C
S31502009438000000000000000000000000000000001C
S31502009448000000000000000000000000000000000C
S3150200945800000000000000000000000000000000FC
S3150200946800000000000000000000000000000000EC
S3150200947800000000000000000000000000000000DC
S3150200948800000000000000000000000000000000CC
S3150200949800000000000000000000000000000000BC
S315020094A800000000000000000000000000000000AC
S315020094B8000000000000000000000000000000009C
S315020094C8000000000000000000000000000000008C
S315020094D8000000000000000000000000000000007C
S315020094E8000000000000000000000000000000006C
S315020094F8000000000000000000000000000000005C
S31502009508000000000000000000000000000000004B
S31502009518000000000000000000000000000000003B
S31502009528000000000000000000000000000000002B
S31502009538000000000000000000000000000000001B
S31502009548000000000000000000000000000000000B
S3150200955800000000000000000000000000000000FB
S3150200956800000000000000000000000000000000EB
S3150200957800000000000000000000000000000000DB
S3150200958800000000000000000000000000000000CB
S3150200959800000000000000000000000000000000BB
S315020095A800000000000000000000000000000000AB
S315020095B8000000000000000000000000000000009B
S315020095C8000000000000000000000000000000008B
S315020095D8000000000000000000000000000000007B
S315020095E8000000000000000000000000000000006B
S315020095F8000000000000000000000000000000005B
S31502009608000000000000000000000000000000004A
S31502009618000000000000000000000000000000003A
S31502009628000000000000000000000000000000002A
S31502009638000000000000000000000000000000001A
S31502009648000000000000000000000000000000000A
S3150200965800000000000000000000000000000000FA
S3150200966800000000000000000000000000000000EA
S3150200967800000000000000000000000000000000DA
S3150200968800000000000000000000000000000000CA
S3150200969800000000000000000000000000000000BA
S315020096A800000000000000000000000000000000AA
S315020096B8000000000000000000000000000000009A
S315020096C8000000000000000000000000000000008A
S315020096D8000000000000000000000000000000007A
S315020096E8000000000000000000000000000000006A
S315020096F8000000000000000000000000000000005A
S315020097080000000000000000000000000000000049
S315020097180000000000000000000000000000000039
S315020097280000000000000000000000000000000029
S315020097380000000000000000000000000000000019
S315020097480000000000000000000000000000000009
S3150200975800000000000000000000000000000000F9
S3150200976800000000000000000000000000000000E9
S3150200977800000000000000000000000000000000D9
S3150200978800000000000000000000000000000000C9
S3150200979800000000000000000000000000000000B9
S315020097A800000000000000000000000000000000A9
S315020097B80000000000000000000000000000000099
S315020097C80000000000000000000000000000000089
S315020097D80000000000000000000000000000000079
S315020097E80000000000000000000000000000000069
S315020097F80000000000000000000000000000000059
S315020098080000000000000000000000000000000048
S315020098180000000000000000000000000000000038
S315020098280000000000000000000000000000000028
S315020098380000000000000000000000000000000018
S315020098480000000000000000000000000000000008
S3150200985800000000000000000000000000000000F8
S3150200986800000000000000000000000000000000E8
S3150200987800000000000000000000000000000000D8
S3150200988800000000000000000000000000000000C8
S3150200989800000000000000000000000000000000B8
S315020098A800000000000000000000000000000000A8
S315020098B80000000000000000000000000000000098
S315020098C80000000000000000000000000000000088
S315020098D80000000000000000000000000000000078
S315020098E80000000000000000000000000000000068
S315020098F80000000000000000000000000000000058
S315020099080000000000000000000000000000000047
S315020099180000000000000000000000000000000037
S315020099280000000000000000000000000000000027
S315020099380000000000000000000000000000000017
S315020099480000000000000000000000000000000007
S3150200995800000000000000000000000000000000F7
S3150200996800000000000000000000000000000000E7
S3150200997800000000000000000000000000000000D7
S3150200998800000000000000000000000000000000C7
S3150200999800000000000000000000000000000000B7
S315020099A800000000000000000000000000000000A7
S315020099B80000000000000000000000000000000097
S315020099C80000000000000000000000000000000087
S315020099D80000000000000000000000000000000077
S315020099E80000000000000000000000000000000067
S315020099F80000000000000000000000000000000057
S31502009A080000000000000000000000000000000046
S31502009A180000000000000000000000000000000036
S31502009A280000000000000000000000000000000026
S31502009A380000000000000000000000000000000016
S31502009A480000000000000000000000000000000006
S31502009A5800000000000000000000000000000000F6
S31502009A6800000000000000000000000000000000E6
S31502009A7800000000000000000000000000000000D6
S31502009A8800000000000000000000000000000000C6
S31502009A9800000000000000000000000000000000B6
S31502009AA800000000000000000000000000000000A6
S31502009AB80000000000000000000000000000000096
S31502009AC80000000000000000000000000000000086
S31502009AD80000000000000000000000000000000076
S31502009AE80000000000000000000000000000000066
S31502009AF80000000000000000000000000000000056
S31502009B080000000000000000000000000000000045
S31502009B180000000000000000000000000000000035
S31502009B280000000000000000000000000000000025
S31502009B380000000000000000000000000000000015
S31502009B480000000000000000000000000000000005
S31502009B5800000000000000000000000000000000F5
S31502009B6800000000000000000000000000000000E5
S31502009B7800000000000000000000000000000000D5
S31502009B8800000000000000000000000000000000C5
S31502009B9800000000000000000000000000000000B5
S31502009BA800000000000000000000000000000000A5
S31502009BB80000000000000000000000000000000095
S31502009BC80000000000000000000000000000000085
S31502009BD80000000000000000000000000000000075
S31502009BE80000000000000000000000000000000065
S31502009BF80000000000000000000000000000000055
S31502009C080000000000000000000000000000000044
S31502009C180000000000000000000000000000000034
S31502009C280000000000000000000000000000000024
S31502009C380000000000000000000000000000000014
S31502009C480000000000000000000000000000000004
S31502009C5800000000000000000000000000000000F4
S31502009C6800000000000000000000000000000000E4
S31502009C7800000000000000000000000000000000D4
S31502009C8800000000000000000000000000000000C4
S31502009C9800000000000000000000000000000000B4
S31502009CA800000000000000000000000000000000A4
S31502009CB80000000000000000000000000000000094
S31502009CC80000000000000000000000000000000084
S31502009CD80000000000000000000000000000000074
S31502009CE80000000000000000000000000000000064
S31502009CF80000000000000000000000000000000054
S31502009D080000000000000000000000000000000043
S31502009D180000000000000000000000000000000033
S31502009D280000000000000000000000000000000023
S31502009D380000000000000000000000000000000013
S31502009D480000000000000000000000000000000003
S31502009D5800000000000000000000000000000000F3
S31502009D6800000000000000000000000000000000E3
S31502009D7800000000000000000000000000000000D3
S31502009D8800000000000000000000000000000000C3
S31502009D9800000000000000000000000000000000B3
S31502009DA800000000000000000000000000000000A3
S31502009DB80000000000000000000000000000000093
S31502009DC80000000000000000000000000000000083
S31502009DD80000000000000000000000000000000073
S31502009DE80000000000000000000000000000000063
S31502009DF80000000000000000000000000000000053
S31502009E080000000000000000000000000000000042
S31502009E180000000000000000000000000000000032
S31502009E280000000000000000000000000000000022
S31502009E380000000000000000000000000000000012
S31502009E480000000000000000000000000000000002
S31502009E5800000000000000000000000000000000F2
S31502009E6800000000000000000000000000000000E2
S31502009E7800000000000000000000000000000000D2
S31502009E8800000000000000000000000000000000C2
S31502009E9800000000000000000000000000000000B2
S31502009EA800000000000000000000000000000000A2
S31502009EB80000000000000000000000000000000092
S31502009EC80000000000000000000000000000000082
S31502009ED80000000000000000000000000000000072
S31502009EE80000000000000000000000000000000062
S31502009EF80000000000000000000000000000000052
S31502009F080000000000000000000000000000000041
S31502009F180000000000000000000000000000000031
S31502009F280000000000000000000000000000000021
S31502009F380000000000000000000000000000000011
S31502009F480000000000000000000000000000000001
S31502009F5800000000000000000000000000000000F1
S31502009F6800000000000000000000000000000000E1
S31502009F7800000000000000000000000000000000D1
S31502009F8800000000000000000000000000000000C1
S31502009F9800000000000000000000000000000000B1
S31502009FA800000000000000000000000000000000A1
S31502009FB80000000000000000000000000000000091
S31502009FC80000000000000000000000000000000081
S31502009FD80000000000000000000000000000000071
S31502009FE80000000000000000000000000000000061
S31502009FF80000000000000000000000000000000051
S3150200A0080000000000000000000000000000000040
S3150200A0180000000000000000000000000000000030
S3150200A0280000000000000000000000000000000020
S3150200A0380000000000000000000000000000000010
S3150200A0480000000000000000000000000000000000
S3150200A05800000000000000000000000000000000F0
S3150200A06800000000000000000000000000000000E0
S3150200A07800000000000000000000000000000000D0
S3150200A08800000000000000000000000000000000C0
S3150200A09800000000000000000000000000000000B0
S3150200A0A800000000000000000000000000000000A0
S3150200A0B80000000000000000000000000000000090
S3150200A0C80000000000000000000000000000000080
S3150200A0D80000000000000000000000000000000070
S3150200A0E80000000000000000000000000000000060
S3150200A0F80000000000000000000000000000000050
S3150200A108000000000000000000000000000000003F
S3150200A118000000000000000000000000000000002F
S3150200A128000000000000000000000000000000001F
S3150200A138000000000000000000000000000000000F
S3150200A14800000000000000000000000000000000FF
S3150200A15800000000000000000000000000000000EF
S3150200A16800000000000000000000000000000000DF
S3150200A17800000000000000000000000000000000CF
S3150200A18800000000000000000000000000000000BF
S3150200A19800000000000000000000000000000000AF
S3150200A1A8000000000000000000000000000000009F
S3150200A1B8000000000000000000000000000000008F
S3150200A1C8000000000000000000000000000000007F
S3150200A1D8000000000000000000000000000000006F
S3150200A1E8000000000000000000000000000000005F
S3150200A1F8000000000000000000000000000000004F
S3150200A208000000000000000000000000000000003E
S3150200A218000000000000000000000000000000002E
S3150200A228000000000000000000000000000000001E
S3150200A238000000000000000000000000000000000E
S3150200A24800000000000000000000000000000000FE
S3150200A25800000000000000000000000000000000EE
S3150200A26800000000000000000000000000000000DE
S3150200A27800000000000000000000000000000000CE
S3150200A28800000000000000000000000000000000BE
S3150200A29800000000000000000000000000000000AE
S3150200A2A8000000000000000000000000000000009E
S3150200A2B8000000000000000000000000000000008E
S3150200A2C8000000000000000000000000000000007E
S3150200A2D8000000000000000000000000000000006E
S3150200A2E8000000000000000000000000000000005E
S3150200A2F8000000000000000000000000000000004E
S3150200A308000000000000000000000000000000003D
S3150200A318000000000000000000000000000000002D
S3150200A328000000000000000000000000000000001D
S3150200A338000000000000000000000000000000000D
S3150200A34800000000000000000000000000000000FD
S3150200A35800000000000000000000000000000000ED
S3150200A36800000000000000000000000000000000DD
S3150200A37800000000000000000000000000000000CD
S3150200A38800000000000000000000000000000000BD
S3150200A39800000000000000000000000000000000AD
S3150200A3A8000000000000000000000000000000009D
S3150200A3B8000000000000000000000000000000008D
S3150200A3C8000000000000000000000000000000007D
S3150200A3D8000000000000000000000000000000006D
S3150200A3E8000000000000000000000000000000005D
S3150200A3F8000000000000000000000000000000004D
S3150200A408000000000000000000000000000000003C
S3150200A418000000000000000000000000000000002C
S3150200A428000000000000000000000000000000001C
S3150200A438000000000000000000000000000000000C
S3150200A44800000000000000000000000000000000FC
S3150200A45800000000000000000000000000000000EC
S3150200A46800000000000000000000000000000000DC
S3150200A47800000000000000000000000000000000CC
S3150200A48800000000000000000000000000000000BC
S3150200A49800000000000000000000000000000000AC
S3150200A4A8000000000000000000000000000000009C
S3150200A4B8000000000000000000000000000000008C
S3150200A4C8000000000000000000000000000000007C
S3150200A4D8000000000000000000000000000000006C
S3150200A4E8000000000000000000000000000000005C
S3150200A4F8000000000000000000000000000000004C
S3150200A508000000000000000000000000000000003B
S3150200A518000000000000000000000000000000002B
S3150200A528000000000000000000000000000000001B
S3150200A538000000000000000000000000000000000B
S3150200A54800000000000000000000000000000000FB
S3150200A55800000000000000000000000000000000EB
S3150200A56800000000000000000000000000000000DB
S3150200A57800000000000000000000000000000000CB
S3150200A58800000000000000000000000000000000BB
S3150200A59800000000000000000000000000000000AB
S3150200A5A8000000000000000000000000000000009B
S3150200A5B8000000000000000000000000000000008B
S3150200A5C8000000000000000000000000000000007B
S3150200A5D8000000000000000000000000000000006B
S3150200A5E8000000000000000000000000000000005B
S3150200A5F8000000000000000000000000000000004B
S3150200A608000000000000000000000000000000003A
S3150200A618000000000000000000000000000000002A
S3150200A628000000000000000000000000000000001A
S3150200A638000000000000000000000000000000000A
S3150200A64800000000000000000000000000000000FA
S3150200A65800000000000000000000000000000000EA
S3150200A66800000000000000000000000000000000DA
S3150200A67800000000000000000000000000000000CA
S3150200A68800000000000000000000000000000000BA
S3150200A69800000000000000000000000000000000AA
S3150200A6A8000000000000000000000000000000009A
S3150200A6B8000000000000000000000000000000008A
S3150200A6C8000000000000000000000000000000007A
S3150200A6D8000000000000000000000000000000006A
S3150200A6E8000000000000000000000000000000005A
S3150200A6F8000000000000000000000000000000004A
S3150200A7080000000000000000000000000000000039
S3150200A7180000000000000000000000000000000029
S3150200A7280000000000000000000000000000000019
S3150200A7380000000000000000000000000000000009
S3150200A74800000000000000000000000000000000F9
S3150200A75800000000000000000000000000000000E9
S3150200A76800000000000000000000000000000000D9
S3150200A77800000000000000000000000000000000C9
S3150200A78800000000000000000000000000000000B9
S3150200A79800000000000000000000000000000000A9
S3150200A7A80000000000000000000000000000000099
S3150200A7B80000000000000000000000000000000089
S3150200A7C80000000000000000000000000000000079
S3150200A7D80000000000000000000000000000000069
S3150200A7E80000000000000000000000000000000059
S3150200A7F80000000000000000000000000000000049
S3150200A8080000000000000000000000000000000038
S3150200A8180000000000000000000000000000000028
S3150200A8280000000000000000000000000000000018
S3150200A8380000000000000000000000000000000008
S3150200A84800000000000000000000000000000000F8
S3150200A85800000000000000000000000000000000E8
S3150200A86800000000000000000000000000000000D8
S3150200A87800000000000000000000000000000000C8
S3150200A88800000000000000000000000000000000B8
S3150200A89800000000000000000000000000000000A8
S3150200A8A80000000000000000000000000000000098
S3150200A8B80000000000000000000000000000000088
S3150200A8C80000000000000000000000000000000078
S3150200A8D80000000000000000000000000000000068
S3150200A8E80000000000000000000000000000000058
S3150200A8F80000000000000000000000000000000048
S3150200A9080000000000000000000000000000000037
S3150200A9180000000000000000000000000000000027
S3150200A9280000000000000000000000000000000017
S3150200A9380000000000000000000000000000000007
S3150200A94800000000000000000000000000000000F7
S3150200A95800000000000000000000000000000000E7
S3150200A96800000000000000000000000000000000D7
S3150200A97800000000000000000000000000000000C7
S3150200A98800000000000000000000000000000000B7
S3150200A99800000000000000000000000000000000A7
S3150200A9A80000000000000000000000000000000097
S3150200A9B80000000000000000000000000000000087
S3150200A9C80000000000000000000000000000000077
S3150200A9D80000000000000000000000000000000067
S3150200A9E80000000000000000000000000000000057
S3150200A9F80000000000000000000000000000000047
S3150200AA080000000000000000000000000000000036
S3150200AA180000000000000000000000000000000026
S3150200AA280000000000000000000000000000000016
S3150200AA380000000000000000000000000000000006
S3150200AA4800000000000000000000000000000000F6
S3150200AA5800000000000000000000000000000000E6
S3150200AA6800000000000000000000000000000000D6
S3150200AA7800000000000000000000000000000000C6
S3150200AA8800000000000000000000000000000000B6
S3150200AA9800000000000000000000000000000000A6
S3150200AAA80000000000000000000000000000000096
S3150200AAB80000000000000000000000000000000086
S3150200AAC80000000000000000000000000000000076
S3150200AAD80000000000000000000000000000000066
S3150200AAE80000000000000000000000000000000056
S3150200AAF80000000000000000000000000000000046
S3150200AB080000000000000000000000000000000035
S3150200AB180000000000000000000000000000000025
S3150200AB280000000000000000000000000000000015
S3150200AB380000000000000000000000000000000005
S3150200AB4800000000000000000000000000000000F5
S3150200AB5800000000000000000000000000000000E5
S3150200AB6800000000000000000000000000000000D5
S3150200AB7800000000000000000000000000000000C5
S3150200AB8800000000000000000000000000000000B5
S3150200AB9800000000000000000000000000000000A5
S3150200ABA80000000000000000000000000000000095
S3150200ABB80000000000000000000000000000000085
S3150200ABC80000000000000000000000000000000075
S3150200ABD80000000000000000000000000000000065
S3150200ABE80000000000000000000000000000000055
S3150200ABF80000000000000000000000000000000045
S3150200AC080000000000000000000000000000000034
S3150200AC180000000000000000000000000000000024
S3150200AC280000000000000000000000000000000014
S3150200AC380000000000000000000000000000000004
S3150200AC4800000000000000000000000000000000F4
S3150200AC5800000000000000000000000000000000E4
S3150200AC6800000000000000000000000000000000D4
S3150200AC7800000000000000000000000000000000C4
S3150200AC8800000000000000000000000000000000B4
S3150200AC9800000000000000000000000000000000A4
S3150200ACA80000000000000000000000000000000094
S3150200ACB80000000000000000000000000000000084
S3150200ACC80000000000000000000000000000000074
S3150200ACD80000000000000000000000000000000064
S3150200ACE80000000000000000000000000000000054
S3150200ACF80000000000000000000000000000000044
S3150200AD080000000000000000000000000000000033
S3150200AD180000000000000000000000000000000023
S3150200AD280000000000000000000000000000000013
S3150200AD380000000000000000000000000000000003
S3150200AD4800000000000000000000000000000000F3
S3150200AD5800000000000000000000000000000000E3
S3150200AD6800000000000000000000000000000000D3
S3150200AD7800000000000000000000000000000000C3
S3150200AD8800000000000000000000000000000000B3
S3150200AD9800000000000000000000000000000000A3
S3150200ADA80000000000000000000000000000000093
S3150200ADB80000000000000000000000000000000083
S3150200ADC80000000000000000000000000000000073
S3150200ADD80000000000000000000000000000000063
S3150200ADE80000000000000000000000000000000053
S3150200ADF80000000000000000000000000000000043
S3150200AE080000000000000000000000000000000032
S3150200AE180000000000000000000000000000000022
S3150200AE280000000000000000000000000000000012
S3150200AE380000000000000000000000000000000002
S3150200AE4800000000000000000000000000000000F2
S3150200AE5800000000000000000000000000000000E2
S3150200AE6800000000000000000000000000000000D2
S3150200AE7800000000000000000000000000000000C2
S3150200AE8800000000000000000000000000000000B2
S3150200AE9800000000000000000000000000000000A2
S3150200AEA80000000000000000000000000000000092
S3150200AEB80000000000000000000000000000000082
S3150200AEC80000000000000000000000000000000072
S3150200AED80000000000000000000000000000000062
S3150200AEE80000000000000000000000000000000052
S3150200AEF80000000000000000000000000000000042
S3150200AF080000000000000000000000000000000031
S3150200AF180000000000000000000000000000000021
S3150200AF280000000000000000000000000000000011
S3150200AF380000000000000000000000000000000001
S3150200AF4800000000000000000000000000000000F1
S3150200AF5800000000000000000000000000000000E1
S3150200AF6800000000000000000000000000000000D1
S3150200AF7800000000000000000000000000000000C1
S3150200AF8800000000000000000000000000000000B1
S3150200AF9800000000000000000000000000000000A1
S3150200AFA80000000000000000000000000000000091
S3150200AFB80000000000000000000000000000000081
S3150200AFC80000000000000000000000000000000071
S3150200AFD80000000000000000000000000000000061
S3150200AFE80000000000000000000000000000000051
S3150200AFF80000000000000000000000000000000041
S3150200B0080000000000000000000000000000000030
S3150200B0180000000000000000000000000000000020
S3150200B0280000000000000000000000000000000010
S3150200B0380000000000000000000000000000000000
S3150200B04800000000000000000000000000000000F0
S3150200B05800000000000000000000000000000000E0
S3150200B06800000000000000000000000000000000D0
S3150200B07800000000000000000000000000000000C0
S3150200B08800000000000000000000000000000000B0
S3150200B09800000000000000000000000000000000A0
S3150200B0A80000000000000000000000000000000090
S3150200B0B80000000000000000000000000000000080
S3150200B0C80000000000000000000000000000000070
S3150200B0D80000000000000000000000000000000060
S3150200B0E80000000000000000000000000000000050
S3150200B0F80000000000000000000000000000000040
S3150200B108000000000000000000000000000000002F
S3150200B118000000000000000000000000000000001F
S3150200B128000000000000000000000000000000000F
S3150200B13800000000000000000000000000000000FF
S3150200B14800000000000000000000000000000000EF
S3150200B15800000000000000000000000000000000DF
S3150200B16800000000000000000000000000000000CF
S3150200B17800000000000000000000000000000000BF
S3150200B18800000000000000000000000000000000AF
S3150200B198000000000000000000000000000000009F
S3150200B1A8000000000000000000000000000000008F
S3150200B1B8000000000000000000000000000000007F
S3150200B1C8000000000000000000000000000000006F
S3150200B1D8000000000000000000000000000000005F
S3150200B1E8000000000000000000000000000000004F
S3150200B1F8000000000000000000000000000000003F
S3150200B208000000000000000000000000000000002E
S3150200B218000000000000000000000000000000001E
S3150200B228000000000000000000000000000000000E
S3150200B23800000000000000000000000000000000FE
S3150200B24800000000000000000000000000000000EE
S3150200B25800000000000000000000000000000000DE
S3150200B26800000000000000000000000000000000CE
S3150200B27800000000000000000000000000000000BE
S3150200B28800000000000000000000000000000000AE
S3150200B298000000000000000000000000000000009E
S3150200B2A8000000000000000000000000000000008E
S3150200B2B8000000000000000000000000000000007E
S3150200B2C8000000000000000000000000000000006E
S3150200B2D8000000000000000000000000000000005E
S3150200B2E8000000000000000000000000000000004E
S3150200B2F8000000000000000000000000000000003E
S3150200B308000000000000000000000000000000002D
S3150200B318000000000000000000000000000000001D
S3150200B328000000000000000000000000000000000D
S3150200B33800000000000000000000000000000000FD
S3150200B34800000000000000000000000000000000ED
S3150200B35800000000000000000000000000000000DD
S3150200B36800000000000000000000000000000000CD
S3150200B37800000000000000000000000000000000BD
S3150200B38800000000000000000000000000000000AD
S3150200B398000000000000000000000000000000009D
S3150200B3A8000000000000000000000000000000008D
S3150200B3B8000000000000000000000000000000007D
S3150200B3C8000000000000000000000000000000006D
S3150200B3D8000000000000000000000000000000005D
S3150200B3E8000000000000000000000000000000004D
S3150200B3F8000000000000000000000000000000003D
S3150200B408000000000000000000000000000000002C
S3150200B418000000000000000000000000000000001C
S3150200B428000000000000000000000000000000000C
S3150200B43800000000000000000000000000000000FC
S3150200B44800000000000000000000000000000000EC
S3150200B45800000000000000000000000000000000DC
S3150200B46800000000000000000000000000000000CC
S3150200B47800000000000000000000000000000000BC
S3150200B48800000000000000000000000000000000AC
S3150200B498000000000000000000000000000000009C
S3150200B4A8000000000000000000000000000000008C
S3150200B4B8000000000000000000000000000000007C
S3150200B4C8000000000000000000000000000000006C
S3150200B4D8000000000000000000000000000000005C
S3150200B4E8000000000000000000000000000000004C
S3150200B4F8000000000000000000000000000000003C
S3150200B508000000000000000000000000000000002B
S3150200B518000000000000000000000000000000001B
S3150200B528000000000000000000000000000000000B
S3150200B53800000000000000000000000000000000FB
S3150200B54800000000000000000000000000000000EB
S3150200B55800000000000000000000000000000000DB
S3150200B56800000000000000000000000000000000CB
S3150200B57800000000000000000000000000000000BB
S3150200B58800000000000000000000000000000000AB
S3150200B598000000000000000000000000000000009B
S3150200B5A8000000000000000000000000000000008B
S3150200B5B8000000000000000000000000000000007B
S3150200B5C8000000000000000000000000000000006B
S3150200B5D8000000000000000000000000000000005B
S3150200B5E8000000000000000000000000000000004B
S3150200B5F8000000000000000000000000000000003B
S3150200B608000000000000000000000000000000002A
S3150200B618000000000000000000000000000000001A
S3150200B628000000000000000000000000000000000A
S3150200B63800000000000000000000000000000000FA
S3150200B64800000000000000000000000000000000EA
S3150200B65800000000000000000000000000000000DA
S3150200B66800000000000000000000000000000000CA
S3150200B67800000000000000000000000000000000BA
S3150200B68800000000000000000000000000000000AA
S3150200B698000000000000000000000000000000009A
S3150200B6A8000000000000000000000000000000008A
S3150200B6B8000000000000000000000000000000007A
S3150200B6C8000000000000000000000000000000006A
S3150200B6D8000000000000000000000000000000005A
S3150200B6E8000000000000000000000000000000004A
S3150200B6F8000000000000000000000000000000003A
S3150200B7080000000000000000000000000000000029
S3150200B7180000000000000000000000000000000019
S3150200B7280000000000000000000000000000000009
S3150200B73800000000000000000000000000000000F9
S3150200B74800000000000000000000000000000000E9
S3150200B75800000000000000000000000000000000D9
S3150200B76800000000000000000000000000000000C9
S3150200B77800000000000000000000000000000000B9
S3150200B78800000000000000000000000000000000A9
S3150200B7980000000000000000000000000000000099
S3150200B7A80000000000000000000000000000000089
S3150200B7B80000000000000000000000000000000079
S3150200B7C80000000000000000000000000000000069
S3150200B7D80000000000000000000000000000000059
S3150200B7E80000000000000000000000000000000049
S3150200B7F80000000000000000000000000000000039
S3150200B8080000000000000000000000000000000028
S3150200B8180000000000000000000000000000000018
S3150200B8280000000000000000000000000000000008
S3150200B83800000000000000000000000000000000F8
S3150200B84800000000000000000000000000000000E8
S3150200B85800000000000000000000000000000000D8
S3150200B86800000000000000000000000000000000C8
S3150200B87800000000000000000000000000000000B8
S3150200B88800000000000000000000000000000000A8
S3150200B8980000000000000000000000000000000098
S3150200B8A80000000000000000000000000000000088
S3150200B8B80000000000000000000000000000000078
S3150200B8C80000000000000000000000000000000068
S3150200B8D80000000000000000000000000000000058
S3150200B8E80000000000000000000000000000000048
S3150200B8F80000000000000000000000000000000038
S3150200B9080000000000000000000000000000000027
S3150200B9180000000000000000000000000000000017
S3150200B9280000000000000000000000000000000007
S3150200B93800000000000000000000000000000000F7
S3150200B94800000000000000000000000000000000E7
S3150200B95800000000000000000000000000000000D7
S3150200B96800000000000000000000000000000000C7
S3150200B97800000000000000000000000000000000B7
S3150200B98800000000000000000000000000000000A7
S3150200B9980000000000000000000000000000000097
S3150200B9A80000000000000000000000000000000087
S3150200B9B80000000000000000000000000000000077
S3150200B9C80000000000000000000000000000000067
S3150200B9D80000000000000000000000000000000057
S3150200B9E80000000000000000000000000000000047
S3150200B9F80000000000000000000000000000000037
S3150200BA080000000000000000000000000000000026
S3150200BA180000000000000000000000000000000016
S3150200BA280000000000000000000000000000000006
S3150200BA3800000000000000000000000000000000F6
S3150200BA4800000000000000000000000000000000E6
S3150200BA5800000000000000000000000000000000D6
S3150200BA6800000000000000000000000000000000C6
S3150200BA7800000000000000000000000000000000B6
S3150200BA8800000000000000000000000000000000A6
S3150200BA980000000000000000000000000000000096
S3150200BAA80000000000000000000000000000000086
S3150200BAB80000000000000000000000000000000076
S3150200BAC80000000000000000000000000000000066
S3150200BAD80000000000000000000000000000000056
S3150200BAE80000000000000000000000000000000046
S3150200BAF80000000000000000000000000000000036
S3150200BB080000000000000000000000000000000025
S3150200BB180000000000000000000000000000000015
S3150200BB280000000000000000000000000000000005
S3150200BB3800000000000000000000000000000000F5
S3150200BB4800000000000000000000000000000000E5
S3150200BB5800000000000000000000000000000000D5
S3150200BB6800000000000000000000000000000000C5
S3150200BB7800000000000000000000000000000000B5
S3150200BB8800000000000000000000000000000000A5
S3150200BB980000000000000000000000000000000095
S3150200BBA80000000000000000000000000000000085
S3150200BBB80000000000000000000000000000000075
S3150200BBC80000000000000000000000000000000065
S3150200BBD80000000000000000000000000000000055
S3150200BBE80000000000000000000000000000000045
S3150200BBF80000000000000000000000000000000035
S3150200BC080000000000000000000000000000000024
S3150200BC180000000000000000000000000000000014
S3150200BC280000000000000000000000000000000004
S3150200BC3800000000000000000000000000000000F4
S3150200BC4800000000000000000000000000000000E4
S3150200BC5800000000000000000000000000000000D4
S3150200BC6800000000000000000000000000000000C4
S3150200BC7800000000000000000000000000000000B4
S3150200BC8800000000000000000000000000000000A4
S3150200BC980000000000000000000000000000000094
S3150200BCA80000000000000000000000000000000084
S3150200BCB80000000000000000000000000000000074
S3150200BCC80000000000000000000000000000000064
S3150200BCD80000000000000000000000000000000054
S3150200BCE80000000000000000000000000000000044
S3150200BCF80000000000000000000000000000000034
S3150200BD080000000000000000000000000000000023
S3150200BD180000000000000000000000000000000013
S3150200BD280000000000000000000000000000000003
S3150200BD3800000000000000000000000000000000F3
S3150200BD4800000000000000000000000000000000E3
S3150200BD5800000000000000000000000000000000D3
S3150200BD6800000000000000000000000000000000C3
S3150200BD7800000000000000000000000000000000B3
S3150200BD8800000000000000000000000000000000A3
S3150200BD980000000000000000000000000000000093
S3150200BDA80000000000000000000000000000000083
S3150200BDB80000000000000000000000000000000073
S3150200BDC80000000000000000000000000000000063
S3150200BDD80000000000000000000000000000000053
S3150200BDE80000000000000000000000000000000043
S3150200BDF80000000000000000000000000000000033
S3150200BE080000000000000000000000000000000022
S3150200BE180000000000000000000000000000000012
S3150200BE280000000000000000000000000000000002
S3150200BE3800000000000000000000000000000000F2
S3150200BE4800000000000000000000000000000000E2
S3150200BE5800000000000000000000000000000000D2
S3150200BE6800000000000000000000000000000000C2
S3150200BE7800000000000000000000000000000000B2
S3150200BE8800000000000000000000000000000000A2
S3150200BE980000000000000000000000000000000092
S3150200BEA80000000000000000000000000000000082
S3150200BEB80000000000000000000000000000000072
S3150200BEC80000000000000000000000000000000062
S3150200BED80000000000000000000000000000000052
S3150200BEE80000000000000000000000000000000042
S3150200BEF80000000000000000000000000000000032
S3150200BF080000000000000000000000000000000021
S3150200BF180000000000000000000000000000000011
S3150200BF280000000000000000000000000000000001
S3150200BF3800000000000000000000000000000000F1
S3150200BF4800000000000000000000000000000000E1
S3150200BF5800000000000000000000000000000000D1
S3150200BF6800000000000000000000000000000000C1
S3150200BF7800000000000000000000000000000000B1
S3150200BF8800000000000000000000000000000000A1
S3150200BF980000000000000000000000000000000091
S3150200BFA80000000000000000000000000000000081
S3150200BFB80000000000000000000000000000000071
S3150200BFC80000000000000000000000000000000061
S3150200BFD80000000000000000000000000000000051
S3150200BFE80000000000000000000000000000000041
S3150200BFF80000000000000000000000000000000031
S3150200C0080000000000000000000000000000000020
S3150200C0180000000000000000000000000000000010
S3150200C0280000000000000000000000000000000000
S3150200C03800000000000000000000000000000000F0
S3150200C04800000000000000000000000000000000E0
S3150200C05800000000000000000000000000000000D0
S3150200C06800000000000000000000000000000000C0
S3150200C07800000000000000000000000000000000B0
S3150200C08800000000000000000000000000000000A0
S3150200C0980000000000000000000000000000000090
S3150200C0A80000000000000000000000000000000080
S3150200C0B80000000000000000000000000000000070
S3150200C0C80000000000000000000000000000000060
S3150200C0D80000000000000000000000000000000050
S3150200C0E80000000000000000000000000000000040
S3150200C0F80000000000000000000000000000000030
S3150200C108000000000000000000000000000000001F
S3150200C118000000000000000000000000000000000F
S3150200C12800000000000000000000000000000000FF
S3150200C13800000000000000000000000000000000EF
S3150200C14800000000000000000000000000000000DF
S3150200C15800000000000000000000000000000000CF
S3150200C16800000000000000000000000000000000BF
S3150200C17800000000000000000000000000000000AF
S3150200C188000000000000000000000000000000009F
S3150200C198000000000000000000000000000000008F
S3150200C1A8000000000000000000000000000000007F
S3150200C1B8000000000000000000000000000000006F
S3150200C1C8000000000000000000000000000000005F
S3150200C1D8000000000000000000000000000000004F
S3150200C1E8000000000000000000000000000000003F
S3150200C1F8000000000000000000000000000000002F
S3150200C208000000000000000000000000000000001E
S3150200C218000000000000000000000000000000000E
S3150200C22800000000000000000000000000000000FE
S3150200C23800000000000000000000000000000000EE
S3150200C24800000000000000000000000000000000DE
S3150200C25800000000000000000000000000000000CE
S3150200C26800000000000000000000000000000000BE
S3150200C27800000000000000000000000000000000AE
S3150200C288000000000000000000000000000000009E
S3150200C298000000000000000000000000000000008E
S3150200C2A8000000000000000000000000000000007E
S3150200C2B8000000000000000000000000000000006E
S3150200C2C8000000000000000000000000000000005E
S3150200C2D8000000000000000000000000000000004E
S3150200C2E8000000000000000000000000000000003E
S3150200C2F8000000000000000000000000000000002E
S3150200C308000000000000000000000000000000001D
S3150200C318000000000000000000000000000000000D
S3150200C32800000000000000000000000000000000FD
S3150200C33800000000000000000000000000000000ED
S3150200C34800000000000000000000000000000000DD
S3150200C35800000000000000000000000000000000CD
S3150200C36800000000000000000000000000000000BD
S3150200C37800000000000000000000000000000000AD
S3150200C388000000000000000000000000000000009D
S3150200C398000000000000000000000000000000008D
S3150200C3A8000000000000000000000000000000007D
S3150200C3B8000000000000000000000000000000006D
S3150200C3C8000000000000000000000000000000005D
S3150200C3D8000000000000000000000000000000004D
S3150200C3E8000000000000000000000000000000003D
S3150200C3F8000000000000000000000000000000002D
S3150200C408000000000000000000000000000000001C
S3150200C418000000000000000000000000000000000C
S3150200C42800000000000000000000000000000000FC
S3150200C43800000000000000000000000000000000EC
S3150200C44800000000000000000000000000000000DC
S3150200C45800000000000000000000000000000000CC
S3150200C46800000000000000000000000000000000BC
S3150200C47800000000000000000000000000000000AC
S3150200C488000000000000000000000000000000009C
S3150200C498000000000000000000000000000000008C
S3150200C4A8000000000000000000000000000000007C
S3150200C4B8000000000000000000000000000000006C
S3150200C4C8000000000000000000000000000000005C
S3150200C4D8000000000000000000000000000000004C
S3150200C4E8000000000000000000000000000000003C
S3150200C4F8000000000000000000000000000000002C
S3150200C508000000000000000000000000000000001B
S3150200C518000000000000000000000000000000000B
S3150200C52800000000000000000000000000000000FB
S3150200C53800000000000000000000000000000000EB
S3150200C54800000000000000000000000000000000DB
S3150200C55800000000000000000000000000000000CB
S3150200C56800000000000000000000000000000000BB
S3150200C57800000000000000000000000000000000AB
S3150200C588000000000000000000000000000000009B
S3150200C598000000000000000000000000000000008B
S3150200C5A8000000000000000000000000000000007B
S3150200C5B8000000000000000000000000000000006B
S3150200C5C8000000000000000000000000000000005B
S3150200C5D8000000000000000000000000000000004B
S3150200C5E8000000000000000000000000000000003B
S3150200C5F8000000000000000000000000000000002B
S3150200C608000000000000000000000000000000001A
S3150200C618000000000000000000000000000000000A
S3150200C62800000000000000000000000000000000FA
S3150200C63800000000000000000000000000000000EA
S3150200C64800000000000000000000000000000000DA
S3150200C65800000000000000000000000000000000CA
S3150200C66800000000000000000000000000000000BA
S3150200C67800000000000000000000000000000000AA
S3150200C688000000000000000000000000000000009A
S3150200C698000000000000000000000000000000008A
S3150200C6A8000000000000000000000000000000007A
S3150200C6B8000000000000000000000000000000006A
S3150200C6C8000000000000000000000000000000005A
S3150200C6D8000000000000000000000000000000004A
S3150200C6E8000000000000000000000000000000003A
S3150200C6F8000000000000000000000000000000002A
S3150200C7080000000000000000000000000000000019
S3150200C7180000000000000000000000000000000009
S3150200C72800000000000000000000000000000000F9
S3150200C73800000000000000000000000000000000E9
S3150200C74800000000000000000000000000000000D9
S3150200C75800000000000000000000000000000000C9
S3150200C76800000000000000000000000000000000B9
S3150200C77800000000000000000000000000000000A9
S3150200C7880000000000000000000000000000000099
S3150200C7980000000000000000000000000000000089
S3150200C7A80000000000000000000000000000000079
S3150200C7B80000000000000000000000000000000069
S3150200C7C80000000000000000000000000000000059
S3150200C7D80000000000000000000000000000000049
S3150200C7E80000000000000000000000000000000039
S3150200C7F80000000000000000000000000000000029
S3150200C8080000000000000000000000000000000018
S3150200C8180000000000000000000000000000000008
S3150200C82800000000000000000000000000000000F8
S3150200C83800000000000000000000000000000000E8
S3150200C84800000000000000000000000000000000D8
S3150200C85800000000000000000000000000000000C8
S3150200C86800000000000000000000000000000000B8
S3150200C87800000000000000000000000000000000A8
S3150200C8880000000000000000000000000000000098
S3150200C8980000000000000000000000000000000088
S3150200C8A80000000000000000000000000000000078
S3150200C8B80000000000000000000000000000000068
S3150200C8C80000000000000000000000000000000058
S3150200C8D80000000000000000000000000000000048
S3150200C8E80000000000000000000000000000000038
S3150200C8F80000000000000000000000000000000028
S3150200C9080000000000000000000000000000000017
S3150200C9180000000000000000000000000000000007
S3150200C92800000000000000000000000000000000F7
S3150200C93800000000000000000000000000000000E7
S3150200C94800000000000000000000000000000000D7
S3150200C95800000000000000000000000000000000C7
S3150200C96800000000000000000000000000000000B7
S3150200C97800000000000000000000000000000000A7
S3150200C9880000000000000000000000000000000097
S3150200C9980000000000000000000000000000000087
S3150200C9A80000000000000000000000000000000077
S3150200C9B80000000000000000000000000000000067
S3150200C9C80000000000000000000000000000000057
S3150200C9D80000000000000000000000000000000047
S3150200C9E80000000000000000000000000000000037
S3150200C9F80000000000000000000000000000000027
S3150200CA080000000000000000000000000000000016
S3150200CA180000000000000000000000000000000006
S3150200CA2800000000000000000000000000000000F6
S3150200CA3800000000000000000000000000000000E6
S3150200CA4800000000000000000000000000000000D6
S3150200CA5800000000000000000000000000000000C6
S3150200CA6800000000000000000000000000000000B6
S3150200CA7800000000000000000000000000000000A6
S3150200CA880000000000000000000000000000000096
S3150200CA980000000000000000000000000000000086
S3150200CAA80000000000000000000000000000000076
S3150200CAB80000000000000000000000000000000066
S3150200CAC80000000000000000000000000000000056
S3150200CAD80000000000000000000000000000000046
S3150200CAE80000000000000000000000000000000036
S3150200CAF80000000000000000000000000000000026
S3150200CB080000000000000000000000000000000015
S3150200CB180000000000000000000000000000000005
S3150200CB2800000000000000000000000000000000F5
S3150200CB3800000000000000000000000000000000E5
S3150200CB4800000000000000000000000000000000D5
S3150200CB5800000000000000000000000000000000C5
S3150200CB6800000000000000000000000000000000B5
S3150200CB7800000000000000000000000000000000A5
S3150200CB880000000000000000000000000000000095
S3150200CB980000000000000000000000000000000085
S3150200CBA80000000000000000000000000000000075
S3150200CBB80000000000000000000000000000000065
S3150200CBC80000000000000000000000000000000055
S3150200CBD80000000000000000000000000000000045
S3150200CBE80000000000000000000000000000000035
S3150200CBF80000000000000000000000000000000025
S3150200CC080000000000000000000000000000000014
S3150200CC180000000000000000000000000000000004
S3150200CC2800000000000000000000000000000000F4
S3150200CC3800000000000000000000000000000000E4
S3150200CC4800000000000000000000000000000000D4
S3150200CC5800000000000000000000000000000000C4
S3150200CC6800000000000000000000000000000000B4
S3150200CC7800000000000000000000000000000000A4
S3150200CC880000000000000000000000000000000094
S3150200CC980000000000000000000000000000000084
S3150200CCA80000000000000000000000000000000074
S3150200CCB80000000000000000000000000000000064
S3150200CCC80000000000000000000000000000000054
S3150200CCD80000000000000000000000000000000044
S3150200CCE80000000000000000000000000000000034
S3150200CCF80000000000000000000000000000000024
S3150200CD080000000000000000000000000000000013
S3150200CD180000000000000000000000000000000003
S3150200CD2800000000000000000000000000000000F3
S3150200CD3800000000000000000000000000000000E3
S3150200CD4800000000000000000000000000000000D3
S3150200CD5800000000000000000000000000000000C3
S3150200CD6800000000000000000000000000000000B3
S3150200CD7800000000000000000000000000000000A3
S3150200CD880000000000000000000000000000000093
S3150200CD980000000000000000000000000000000083
S3150200CDA80000000000000000000000000000000073
S3150200CDB80000000000000000000000000000000063
S3150200CDC80000000000000000000000000000000053
S3150200CDD80000000000000000000000000000000043
S3150200CDE80000000000000000000000000000000033
S3150200CDF80000000000000000000000000000000023
S3150200CE080000000000000000000000000000000012
S3150200CE180000000000000000000000000000000002
S3150200CE2800000000000000000000000000000000F2
S3150200CE3800000000000000000000000000000000E2
S3150200CE4800000000000000000000000000000000D2
S3150200CE5800000000000000000000000000000000C2
S3150200CE6800000000000000000000000000000000B2
S3150200CE7800000000000000000000000000000000A2
S3150200CE880000000000000000000000000000000092
S3150200CE980000000000000000000000000000000082
S3150200CEA80000000000000000000000000000000072
S3150200CEB80000000000000000000000000000000062
S3150200CEC80000000000000000000000000000000052
S3150200CED80000000000000000000000000000000042
S3150200CEE80000000000000000000000000000000032
S3150200CEF80000000000000000000000000000000022
S3150200CF080000000000000000000000000000000011
S3150200CF180000000000000000000000000000000001
S3150200CF2800000000000000000000000000000000F1
S3150200CF3800000000000000000000000000000000E1
S3150200CF4800000000000000000000000000000000D1
S3150200CF5800000000000000000000000000000000C1
S3150200CF6800000000000000000000000000000000B1
S3150200CF7800000000000000000000000000000000A1
S3150200CF880000000000000000000000000000000091
S3150200CF980000000000000000000000000000000081
S3150200CFA80000000000000000000000000000000071
S3150200CFB80000000000000000000000000000000061
S3150200CFC80000000000000000000000000000000051
S3150200CFD80000000000000000000000000000000041
S3150200CFE80000000000000000000000000000000031
S3150200CFF80000000000000000000000000000000021
S3150200D0080000000000000000000000000000000010
S3150200D0180000000000000000000000000000000000
S3150200D02800000000000000000000000000000000F0
S3150200D03800000000000000000000000000000000E0
S3150200D04800000000000000000000000000000000D0
S3150200D05800000000000000000000000000000000C0
S3150200D06800000000000000000000000000000000B0
S3150200D07800000000000000000000000000000000A0
S3150200D0880000000000000000000000000000000090
S3150200D0980000000000000000000000000000000080
S3150200D0A80000000000000000000000000000000070
S3150200D0B80000000000000000000000000000000060
S3150200D0C80000000000000000000000000000000050
S3150200D0D80000000000000000000000000000000040
S3150200D0E80000000000000000000000000000000030
S3150200D0F80000000000000000000000000000000020
S3150200D108000000000000000000000000000000000F
S3150200D11800000000000000000000000000000000FF
S3150200D12800000000000000000000000000000000EF
S3150200D13800000000000000000000000000000000DF
S3150200D14800000000000000000000000000000000CF
S3150200D15800000000000000000000000000000000BF
S3150200D16800000000000000000000000000000000AF
S3150200D178000000000000000000000000000000009F
S3150200D188000000000000000000000000000000008F
S3150200D198000000000000000000000000000000007F
S3150200D1A8000000000000000000000000000000006F
S3150200D1B8000000000000000000000000000000005F
S3150200D1C8000000000000000000000000000000004F
S3150200D1D8000000000000000000000000000000003F
S3150200D1E8000000000000000000000000000000002F
S3150200D1F8000000000000000000000000000000001F
S3150200D208000000000000000000000000000000000E
S3150200D21800000000000000000000000000000000FE
S3150200D22800000000000000000000000000000000EE
S3150200D23800000000000000000000000000000000DE
S3150200D24800000000000000000000000000000000CE
S3150200D25800000000000000000000000000000000BE
S3150200D26800000000000000000000000000000000AE
S3150200D278000000000000000000000000000000009E
S3150200D288000000000000000000000000000000008E
S3150200D298000000000000000000000000000000007E
S3150200D2A8000000000000000000000000000000006E
S3150200D2B8000000000000000000000000000000005E
S3150200D2C8000000000000000000000000000000004E
S3150200D2D8000000000000000000000000000000003E
S3150200D2E8000000000000000000000000000000002E
S3150200D2F8000000000000000000000000000000001E
S3150200D308000000000000000000000000000000000D
S3150200D31800000000000000000000000000000000FD
S3150200D32800000000000000000000000000000000ED
S3150200D33800000000000000000000000000000000DD
S3150200D34800000000000000000000000000000000CD
S3150200D35800000000000000000000000000000000BD
S3150200D36800000000000000000000000000000000AD
S3150200D378000000000000000000000000000000009D
S3150200D388000000000000000000000000000000008D
S3150200D398000000000000000000000000000000007D
S3150200D3A8000000000000000000000000000000006D
S3150200D3B8000000000000000000000000000000005D
S3150200D3C8000000000000000000000000000000004D
S3150200D3D8000000000000000000000000000000003D
S3150200D3E8000000000000000000000000000000002D
S3150200D3F8000000000000000000000000000000001D
S3150200D408000000000000000000000000000000000C
S3150200D41800000000000000000000000000000000FC
S3150200D42800000000000000000000000000000000EC
S3150200D43800000000000000000000000000000000DC
S3150200D44800000000000000000000000000000000CC
S3150200D45800000000000000000000000000000000BC
S3150200D46800000000000000000000000000000000AC
S3150200D478000000000000000000000000000000009C
S3150200D488000000000000000000000000000000008C
S3150200D498000000000000000000000000000000007C
S3150200D4A8000000000000000000000000000000006C
S3150200D4B8000000000000000000000000000000005C
S3150200D4C8000000000000000000000000000000004C
S3150200D4D8000000000000000000000000000000003C
S3150200D4E8000000000000000000000000000000002C
S3150200D4F8000000000000000000000000000000001C
S3150200D508000000000000000000000000000000000B
S3150200D51800000000000000000000000000000000FB
S3150200D52800000000000000000000000000000000EB
S3150200D53800000000000000000000000000000000DB
S3150200D54800000000000000000000000000000000CB
S3150200D55800000000000000000000000000000000BB
S3150200D56800000000000000000000000000000000AB
S3150200D578000000000000000000000000000000009B
S3150200D588000000000000000000000000000000008B
S3150200D598000000000000000000000000000000007B
S3150200D5A8000000000000000000000000000000006B
S3150200D5B8000000000000000000000000000000005B
S3150200D5C8000000000000000000000000000000004B
S3150200D5D8000000000000000000000000000000003B
S3150200D5E8000000000000000000000000000000002B
S3150200D5F8000000000000000000000000000000001B
S3150200D608000000000000000000000000000000000A
S3150200D61800000000000000000000000000000000FA
S3150200D62800000000000000000000000000000000EA
S3150200D63800000000000000000000000000000000DA
S3150200D64800000000000000000000000000000000CA
S3150200D65800000000000000000000000000000000BA
S3150200D66800000000000000000000000000000000AA
S3150200D678000000000000000000000000000000009A
S3150200D688000000000000000000000000000000008A
S3150200D698000000000000000000000000000000007A
S3150200D6A8000000000000000000000000000000006A
S3150200D6B8000000000000000000000000000000005A
S3150200D6C8000000000000000000000000000000004A
S3150200D6D8000000000000000000000000000000003A
S3150200D6E8000000000000000000000000000000002A
S3150200D6F8000000000000000000000000000000001A
S3150200D7080000000000000000000000000000000009
S3150200D71800000000000000000000000000000000F9
S3150200D72800000000000000000000000000000000E9
S3150200D73800000000000000000000000000000000D9
S3150200D74800000000000000000000000000000000C9
S3150200D75800000000000000000000000000000000B9
S3150200D76800000000000000000000000000000000A9
S3150200D7780000000000000000000000000000000099
S3150200D7880000000000000000000000000000000089
S3150200D7980000000000000000000000000000000079
S3150200D7A80000000000000000000000000000000069
S3150200D7B80000000000000000000000000000000059
S3150200D7C80000000000000000000000000000000049
S3150200D7D80000000000000000000000000000000039
S3150200D7E80000000000000000000000000000000029
S3150200D7F80000000000000000000000000000000019
S3150200D8080000000000000000000000000000000008
S3150200D81800000000000000000000000000000000F8
S3150200D82800000000000000000000000000000000E8
S3150200D83800000000000000000000000000000000D8
S3150200D84800000000000000000000000000000000C8
S3150200D85800000000000000000000000000000000B8
S3150200D86800000000000000000000000000000000A8
S3150200D8780000000000000000000000000000000098
S3150200D8880000000000000000000000000000000088
S3150200D8980000000000000000000000000000000078
S3150200D8A80000000000000000000000000000000068
S3150200D8B80000000000000000000000000000000058
S3150200D8C80000000000000000000000000000000048
S3150200D8D80000000000000000000000000000000038
S3150200D8E80000000000000000000000000000000028
S3150200D8F80000000000000000000000000000000018
S3150200D9080000000000000000000000000000000007
S3150200D91800000000000000000000000000000000F7
S3150200D92800000000000000000000000000000000E7
S3150200D93800000000000000000000000000000000D7
S3150200D94800000000000000000000000000000000C7
S3150200D95800000000000000000000000000000000B7
S3150200D96800000000000000000000000000000000A7
S3150200D9780000000000000000000000000000000097
S3150200D9880000000000000000000000000000000087
S3150200D9980000000000000000000000000000000077
S3150200D9A80000000000000000000000000000000067
S3150200D9B80000000000000000000000000000000057
S3150200D9C80000000000000000000000000000000047
S3150200D9D80000000000000000000000000000000037
S3150200D9E80000000000000000000000000000000027
S3150200D9F80000000000000000000000000000000017
S3150200DA080000000000000000000000000000000006
S3150200DA1800000000000000000000000000000000F6
S3150200DA2800000000000000000000000000000000E6
S3150200DA3800000000000000000000000000000000D6
S3150200DA4800000000000000000000000000000000C6
S3150200DA5800000000000000000000000000000000B6
S3150200DA6800000000000000000000000000000000A6
S3150200DA780000000000000000000000000000000096
S3150200DA880000000000000000000000000000000086
S3150200DA980000000000000000000000000000000076
S3150200DAA80000000000000000000000000000000066
S3150200DAB80000000000000000000000000000000056
S3150200DAC80000000000000000000000000000000046
S3150200DAD80000000000000000000000000000000036
S3150200DAE80000000000000000000000000000000026
S3150200DAF80000000000000000000000000000000016
S3150200DB080000000000000000000000000000000005
S3150200DB1800000000000000000000000000000000F5
S3150200DB2800000000000000000000000000000000E5
S3150200DB3800000000000000000000000000000000D5
S3150200DB4800000000000000000000000000000000C5
S3150200DB5800000000000000000000000000000000B5
S3150200DB6800000000000000000000000000000000A5
S3150200DB780000000000000000000000000000000095
S3150200DB880000000000000000000000000000000085
S3150200DB980000000000000000000000000000000075
S3150200DBA80000000000000000000000000000000065
S3150200DBB80000000000000000000000000000000055
S3150200DBC80000000000000000000000000000000045
S3150200DBD80000000000000000000000000000000035
S3150200DBE80000000000000000000000000000000025
S3150200DBF80000000000000000000000000000000015
S3150200DC080000000000000000000000000000000004
S3150200DC1800000000000000000000000000000000F4
S3150200DC2800000000000000000000000000000000E4
S3150200DC3800000000000000000000000000000000D4
S3150200DC4800000000000000000000000000000000C4
S3150200DC5800000000000000000000000000000000B4
S3150200DC6800000000000000000000000000000000A4
S3150200DC780000000000000000000000000000000094
S3150200DC880000000000000000000000000000000084
S3150200DC980000000000000000000000000000000074
S3150200DCA80000000000000000000000000000000064
S3150200DCB80000000000000000000000000000000054
S3150200DCC80000000000000000000000000000000044
S3150200DCD80000000000000000000000000000000034
S3150200DCE80000000000000000000000000000000024
S3150200DCF80000000000000000000000000000000014
S3150200DD080000000000000000000000000000000003
S3150200DD1800000000000000000000000000000000F3
S3150200DD2800000000000000000000000000000000E3
S3150200DD3800000000000000000000000000000000D3
S3150200DD4800000000000000000000000000000000C3
S3150200DD5800000000000000000000000000000000B3
S3150200DD6800000000000000000000000000000000A3
S3150200DD780000000000000000000000000000000093
S3150200DD880000000000000000000000000000000083
S3150200DD980000000000000000000000000000000073
S3150200DDA80000000000000000000000000000000063
S3150200DDB80000000000000000000000000000000053
S3150200DDC80000000000000000000000000000000043
S3150200DDD80000000000000000000000000000000033
S3150200DDE80000000000000000000000000000000023
S3150200DDF80000000000000000000000000000000013
S3150200DE080000000000000000000000000000000002
S3150200DE1800000000000000000000000000000000F2
S3150200DE2800000000000000000000000000000000E2
S3150200DE3800000000000000000000000000000000D2
S3150200DE4800000000000000000000000000000000C2
S3150200DE5800000000000000000000000000000000B2
S3150200DE6800000000000000000000000000000000A2
S3150200DE780000000000000000000000000000000092
S3150200DE880000000000000000000000000000000082
S3150200DE980000000000000000000000000000000072
S3150200DEA80000000000000000000000000000000062
S3150200DEB80000000000000000000000000000000052
S3150200DEC80000000000000000000000000000000042
S3150200DED80000000000000000000000000000000032
S3150200DEE80000000000000000000000000000000022
S3150200DEF80000000000000000000000000000000012
S3150200DF080000000000000000000000000000000001
S3150200DF1800000000000000000000000000000000F1
S3150200DF2800000000000000000000000000000000E1
S3150200DF3800000000000000000000000000000000D1
S3150200DF4800000000000000000000000000000000C1
S3150200DF5800000000000000000000000000000000B1
S3150200DF6800000000000000000000000000000000A1
S3150200DF780000000000000000000000000000000091
S3150200DF880000000000000000000000000000000081
S3150200DF980000000000000000000000000000000071
S3150200DFA80000000000000000000000000000000061
S3150200DFB80000000000000000000000000000000051
S3150200DFC80000000000000000000000000000000041
S3150200DFD80000000000000000000000000000000031
S3150200DFE80000000000000000000000000000000021
S3150200DFF80000000000000000000000000000000011
S3150200E0080000000000000000000000000000000000
S3150200E01800000000000000000000000000000000F0
S3150200E02800000000000000000000000000000000E0
S3150200E03800000000000000000000000000000000D0
S3150200E04800000000000000000000000000000000C0
S3150200E05800000000000000000000000000000000B0
S3150200E06800000000000000000000000000000000A0
S3150200E0780000000000000000000000000000000090
S3150200E0880000000000000000000000000000000080
S3150200E0980000000000000000000000000000000070
S3150200E0A80000000000000000000000000000000060
S3150200E0B80000000000000000000000000000000050
S3150200E0C80000000000000000000000000000000040
S3150200E0D80000000000000000000000000000000030
S3150200E0E80000000000000000000000000000000020
S3150200E0F80000000000000000000000000000000010
S3150200E10800000000000000000000000000000000FF
S3150200E11800000000000000000000000000000000EF
S3150200E12800000000000000000000000000000000DF
S3150200E13800000000000000000000000000000000CF
S3150200E14800000000000000000000000000000000BF
S3150200E15800000000000000000000000000000000AF
S3150200E168000000000000000000000000000000009F
S3150200E178000000000000000000000000000000008F
S3150200E188000000000000000000000000000000007F
S3150200E198000000000000000000000000000000006F
S3150200E1A8000000000000000000000000000000005F
S3150200E1B8000000000000000000000000000000004F
S3150200E1C8000000000000000000000000000000003F
S3150200E1D8000000000000000000000000000000002F
S3150200E1E8000000000000000000000000000000001F
S3150200E1F8000000000000000000000000000000000F
S3150200E20800000000000000000000000000000000FE
S3150200E21800000000000000000000000000000000EE
S3150200E22800000000000000000000000000000000DE
S3150200E23800000000000000000000000000000000CE
S3150200E24800000000000000000000000000000000BE
S3150200E25800000000000000000000000000000000AE
S3150200E268000000000000000000000000000000009E
S3150200E278000000000000000000000000000000008E
S3150200E288000000000000000000000000000000007E
S3150200E298000000000000000000000000000000006E
S3150200E2A8000000000000000000000000000000005E
S3150200E2B8000000000000000000000000000000004E
S3150200E2C8000000000000000000000000000000003E
S3150200E2D8000000000000000000000000000000002E
S3150200E2E8000000000000000000000000000000001E
S3150200E2F8000000000000000000000000000000000E
S3150200E30800000000000000000000000000000000FD
S3150200E31800000000000000000000000000000000ED
S3150200E32800000000000000000000000000000000DD
S3150200E33800000000000000000000000000000000CD
S3150200E34800000000000000000000000000000000BD
S3150200E35800000000000000000000000000000000AD
S3150200E368000000000000000000000000000000009D
S3150200E378000000000000000000000000000000008D
S3150200E388000000000000000000000000000000007D
S3150200E398000000000000000000000000000000006D
S3150200E3A8000000000000000000000000000000005D
S3150200E3B8000000000000000000000000000000004D
S3150200E3C8000000000000000000000000000000003D
S3150200E3D8000000000000000000000000000000002D
S3150200E3E8000000000000000000000000000000001D
S3150200E3F8000000000000000000000000000000000D
S3150200E40800000000000000000000000000000000FC
S3150200E41800000000000000000000000000000000EC
S3150200E42800000000000000000000000000000000DC
S3150200E43800000000000000000000000000000000CC
S3150200E44800000000000000000000000000000000BC
S3150200E45800000000000000000000000000000000AC
S3150200E468000000000000000000000000000000009C
S3150200E478000000000000000000000000000000008C
S3150200E488000000000000000000000000000000007C
S3150200E498000000000000000000000000000000006C
S3150200E4A8000000000000000000000000000000005C
S3150200E4B8000000000000000000000000000000004C
S3150200E4C8000000000000000000000000000000003C
S3150200E4D8000000000000000000000000000000002C
S3150200E4E8000000000000000000000000000000001C
S3150200E4F8000000000000000000000000000000000C
S3150200E50800000000000000000000000000000000FB
S3150200E51800000000000000000000000000000000EB
S3150200E52800000000000000000000000000000000DB
S3150200E53800000000000000000000000000000000CB
S3150200E54800000000000000000000000000000000BB
S3150200E55800000000000000000000000000000000AB
S3150200E568000000000000000000000000000000009B
S3150200E578000000000000000000000000000000008B
S3150200E588000000000000000000000000000000007B
S3150200E598000000000000000000000000000000006B
S3150200E5A8000000000000000000000000000000005B
S3150200E5B8000000000000000000000000000000004B
S3150200E5C8000000000000000000000000000000003B
S3150200E5D8000000000000000000000000000000002B
S3150200E5E8000000000000000000000000000000001B
S3150200E5F8000000000000000000000000000000000B
S3150200E60800000000000000000000000000000000FA
S3150200E61800000000000000000000000000000000EA
S3150200E62800000000000000000000000000000000DA
S3150200E63800000000000000000000000000000000CA
S3150200E64800000000000000000000000000000000BA
S3150200E65800000000000000000000000000000000AA
S3150200E668000000000000000000000000000000009A
S3150200E678000000000000000000000000000000008A
S3150200E688000000000000000000000000000000007A
S3150200E698000000000000000000000000000000006A
S3150200E6A8000000000000000000000000000000005A
S3150200E6B8000000000000000000000000000000004A
S3150200E6C8000000000000000000000000000000003A
S3150200E6D8000000000000000000000000000000002A
S3150200E6E8000000000000000000000000000000001A
S3150200E6F8000000000000000000000000000000000A
S3150200E70800000000000000000000000000000000F9
S3150200E71800000000000000000000000000000000E9
S3150200E72800000000000000000000000000000000D9
S3150200E73800000000000000000000000000000000C9
S3150200E74800000000000000000000000000000000B9
S3150200E75800000000000000000000000000000000A9
S3150200E7680000000000000000000000000000000099
S3150200E7780000000000000000000000000000000089
S3150200E7880000000000000000000000000000000079
S3150200E7980000000000000000000000000000000069
S3150200E7A80000000000000000000000000000000059
S3150200E7B80000000000000000000000000000000049
S3150200E7C80000000000000000000000000000000039
S3150200E7D80000000000000000000000000000000029
S3150200E7E80000000000000000000000000000000019
S3150200E7F80000000000000000000000000000000009
S3150200E80800000000000000000000000000000000F8
S3150200E81800000000000000000000000000000000E8
S3150200E82800000000000000000000000000000000D8
S3150200E83800000000000000000000000000000000C8
S3150200E84800000000000000000000000000000000B8
S3150200E85800000000000000000000000000000000A8
S3150200E8680000000000000000000000000000000098
S3150200E8780000000000000000000000000000000088
S3150200E8880000000000000000000000000000000078
S3150200E8980000000000000000000000000000000068
S3150200E8A80000000000000000000000000000000058
S3150200E8B80000000000000000000000000000000048
S3150200E8C80000000000000000000000000000000038
S3150200E8D80000000000000000000000000000000028
S3150200E8E80000000000000000000000000000000018
S3150200E8F80000000000000000000000000000000008
S3150200E90800000000000000000000000000000000F7
S3150200E91800000000000000000000000000000000E7
S3150200E92800000000000000000000000000000000D7
S3150200E93800000000000000000000000000000000C7
S3150200E94800000000000000000000000000000000B7
S3150200E95800000000000000000000000000000000A7
S3150200E9680000000000000000000000000000000097
S3150200E9780000000000000000000000000000000087
S3150200E9880000000000000000000000000000000077
S3150200E9980000000000000000000000000000000067
S3150200E9A80000000000000000000000000000000057
S3150200E9B80000000000000000000000000000000047
S3150200E9C80000000000000000000000000000000037
S3150200E9D80000000000000000000000000000000027
S3150200E9E80000000000000000000000000000000017
S3150200E9F80000000000000000000000000000000007
S3150200EA0800000000000000000000000000000000F6
S3150200EA1800000000000000000000000000000000E6
S3150200EA2800000000000000000000000000000000D6
S3150200EA3800000000000000000000000000000000C6
S3150200EA4800000000000000000000000000000000B6
S3150200EA5800000000000000000000000000000000A6
S3150200EA680000000000000000000000000000000096
S3150200EA780000000000000000000000000000000086
S3150200EA880000000000000000000000000000000076
S3150200EA980000000000000000000000000000000066
S3150200EAA80000000000000000000000000000000056
S3150200EAB80000000000000000000000000000000046
S3150200EAC80000000000000000000000000000000036
S3150200EAD80000000000000000000000000000000026
S3150200EAE80000000000000000000000000000000016
S3150200EAF80000000000000000000000000000000006
S3150200EB0800000000000000000000000000000000F5
S3150200EB1800000000000000000000000000000000E5
S3150200EB2800000000000000000000000000000000D5
S3150200EB3800000000000000000000000000000000C5
S3150200EB4800000000000000000000000000000000B5
S3150200EB5800000000000000000000000000000000A5
S3150200EB680000000000000000000000000000000095
S3150200EB780000000000000000000000000000000085
S3150200EB880000000000000000000000000000000075
S3150200EB980000000000000000000000000000000065
S3150200EBA80000000000000000000000000000000055
S3150200EBB80000000000000000000000000000000045
S3150200EBC80000000000000000000000000000000035
S3150200EBD80000000000000000000000000000000025
S3150200EBE80000000000000000000000000000000015
S3150200EBF80000000000000000000000000000000005
S3150200EC0800000000000000000000000000000000F4
S3150200EC1800000000000000000000000000000000E4
S3150200EC2800000000000000000000000000000000D4
S3150200EC3800000000000000000000000000000000C4
S3150200EC4800000000000000000000000000000000B4
S3150200EC5800000000000000000000000000000000A4
S3150200EC680000000000000000000000000000000094
S3150200EC780000000000000000000000000000000084
S3150200EC880000000000000000000000000000000074
S3150200EC980000000000000000000000000000000064
S3150200ECA80000000000000000000000000000000054
S3150200ECB80000000000000000000000000000000044
S3150200ECC80000000000000000000000000000000034
S3150200ECD80000000000000000000000000000000024
S3150200ECE80000000000000000000000000000000014
S3150200ECF80000000000000000000000000000000004
S3150200ED0800000000000000000000000000000000F3
S3150200ED1800000000000000000000000000000000E3
S3150200ED2800000000000000000000000000000000D3
S3150200ED3800000000000000000000000000000000C3
S3150200ED4800000000000000000000000000000000B3
S3150200ED5800000000000000000000000000000000A3
S3150200ED680000000000000000000000000000000093
S3150200ED780000000000000000000000000000000083
S3150200ED880000000000000000000000000000000073
S3150200ED980000000000000000000000000000000063
S3150200EDA80000000000000000000000000000000053
S3150200EDB80000000000000000000000000000000043
S3150200EDC80000000000000000000000000000000033
S3150200EDD80000000000000000000000000000000023
S3150200EDE80000000000000000000000000000000013
S3150200EDF80000000000000000000000000000000003
S3150200EE0800000000000000000000000000000000F2
S3150200EE1800000000000000000000000000000000E2
S3150200EE2800000000000000000000000000000000D2
S3150200EE3800000000000000000000000000000000C2
S3150200EE4800000000000000000000000000000000B2
S3150200EE5800000000000000000000000000000000A2
S3150200EE680000000000000000000000000000000092
S3150200EE780000000000000000000000000000000082
S3150200EE880000000000000000000000000000000072
S3150200EE980000000000000000000000000000000062
S3150200EEA80000000000000000000000000000000052
S3150200EEB80000000000000000000000000000000042
S3150200EEC80000000000000000000000000000000032
S3150200EED80000000000000000000000000000000022
S3150200EEE80000000000000000000000000000000012
S3150200EEF80000000000000000000000000000000002
S3150200EF0800000000000000000000000000000000F1
S3150200EF1800000000000000000000000000000000E1
S3150200EF2800000000000000000000000000000000D1
S3150200EF3800000000000000000000000000000000C1
S3150200EF4800000000000000000000000000000000B1
S3150200EF5800000000000000000000000000000000A1
S3150200EF680000000000000000000000000000000091
S3150200EF780000000000000000000000000000000081
S3150200EF880000000000000000000000000000000071
S3150200EF980000000000000000000000000000000061
S3150200EFA80000000000000000000000000000000051
S3150200EFB80000000000000000000000000000000041
S3150200EFC80000000000000000000000000000000031
S3150200EFD80000000000000000000000000000000021
S3150200EFE80000000000000000000000000000000011
S3150200EFF80000000000000000000000000000000001
S3150200F00800000000000000000000000000000000F0
S3150200F01800000000000000000000000000000000E0
S3150200F02800000000000000000000000000000000D0
S3150200F03800000000000000000000000000000000C0
S3150200F04800000000000000000000000000000000B0
S3150200F05800000000000000000000000000000000A0
S3150200F0680000000000000000000000000000000090
S3150200F0780000000000000000000000000000000080
S3150200F0880000000000000000000000000000000070
S3150200F0980000000000000000000000000000000060
S3150200F0A80000000000000000000000000000000050
S3150200F0B80000000000000000000000000000000040
S3150200F0C80000000000000000000000000000000030
S3150200F0D80000000000000000000000000000000020
S3150200F0E80000000000000000000000000000000010
S3150200F0F80000000000000000000000000000000000
S3150200F10800000000000000000000000000000000EF
S3150200F11800000000000000000000000000000000DF
S3150200F12800000000000000000000000000000000CF
S3150200F13800000000000000000000000000000000BF
S3150200F14800000000000000000000000000000000AF
S3150200F158000000000000000000000000000000009F
S3150200F168000000000000000000000000000000008F
S3150200F178000000000000000000000000000000007F
S3150200F188000000000000000000000000000000006F
S3150200F198000000000000000000000000000000005F
S3150200F1A8000000000000000000000000000000004F
S3150200F1B8000000000000000000000000000000003F
S3150200F1C8000000000000000000000000000000002F
S3150200F1D8000000000000000000000000000000001F
S3150200F1E8000000000000000000000000000000000F
S3150200F1F800000000000000000000000000000000FF
S3150200F20800000000000000000000000000000000EE
S3150200F21800000000000000000000000000000000DE
S3150200F22800000000000000000000000000000000CE
S3150200F23800000000000000000000000000000000BE
S3150200F24800000000000000000000000000000000AE
S3150200F258000000000000000000000000000000009E
S3150200F268000000000000000000000000000000008E
S3150200F278000000000000000000000000000000007E
S3150200F288000000000000000000000000000000006E
S3150200F298000000000000000000000000000000005E
S3150200F2A8000000000000000000000000000000004E
S3150200F2B8000000000000000000000000000000003E
S3150200F2C8000000000000000000000000000000002E
S3150200F2D8000000000000000000000000000000001E
S3150200F2E8000000000000000000000000000000000E
S3150200F2F800000000000000000000000000000000FE
S3150200F30800000000000000000000000000000000ED
S3150200F31800000000000000000000000000000000DD
S3150200F32800000000000000000000000000000000CD
S3150200F33800000000000000000000000000000000BD
S3150200F34800000000000000000000000000000000AD
S3150200F358000000000000000000000000000000009D
S3150200F368000000000000000000000000000000008D
S3150200F378000000000000000000000000000000007D
S3150200F388000000000000000000000000000000006D
S3150200F398000000000000000000000000000000005D
S3150200F3A8000000000000000000000000000000004D
S3150200F3B8000000000000000000000000000000003D
S3150200F3C8000000000000000000000000000000002D
S3150200F3D8000000000000000000000000000000001D
S3150200F3E8000000000000000000000000000000000D
S3150200F3F800000000000000000000000000000000FD
S3150200F40800000000000000000000000000000000EC
S3150200F41800000000000000000000000000000000DC
S3150200F42800000000000000000000000000000000CC
S3150200F43800000000000000000000000000000000BC
S3150200F44800000000000000000000000000000000AC
S3150200F458000000000000000000000000000000009C
S3150200F468000000000000000000000000000000008C
S3150200F478000000000000000000000000000000007C
S3150200F488000000000000000000000000000000006C
S3150200F498000000000000000000000000000000005C
S3150200F4A8000000000000000000000000000000004C
S3150200F4B8000000000000000000000000000000003C
S3150200F4C8000000000000000000000000000000002C
S3150200F4D8000000000000000000000000000000001C
S3150200F4E8000000000000000000000000000000000C
S3150200F4F800000000000000000000000000000000FC
S3150200F50800000000000000000000000000000000EB
S3150200F51800000000000000000000000000000000DB
S3150200F52800000000000000000000000000000000CB
S3150200F53800000000000000000000000000000000BB
S3150200F54800000000000000000000000000000000AB
S3150200F558000000000000000000000000000000009B
S3150200F568000000000000000000000000000000008B
S3150200F578000000000000000000000000000000007B
S3150200F588000000000000000000000000000000006B
S3150200F598000000000000000000000000000000005B
S3150200F5A8000000000000000000000000000000004B
S3150200F5B8000000000000000000000000000000003B
S3150200F5C8000000000000000000000000000000002B
S3150200F5D8000000000000000000000000000000001B
S3150200F5E8000000000000000000000000000000000B
S3150200F5F800000000000000000000000000000000FB
S3150200F60800000000000000000000000000000000EA
S3150200F61800000000000000000000000000000000DA
S3150200F62800000000000000000000000000000000CA
S3150200F63800000000000000000000000000000000BA
S3150200F64800000000000000000000000000000000AA
S3150200F658000000000000000000000000000000009A
S3150200F668000000000000000000000000000000008A
S3150200F678000000000000000000000000000000007A
S3150200F688000000000000000000000000000000006A
S3150200F698000000000000000000000000000000005A
S3150200F6A8000000000000000000000000000000004A
S3150200F6B8000000000000000000000000000000003A
S3150200F6C8000000000000000000000000000000002A
S3150200F6D8000000000000000000000000000000001A
S3150200F6E8000000000000000000000000000000000A
S3150200F6F800000000000000000000000000000000FA
S3150200F70800000000000000000000000000000000E9
S3150200F71800000000000000000000000000000000D9
S3150200F72800000000000000000000000000000000C9
S3150200F73800000000000000000000000000000000B9
S3150200F74800000000000000000000000000000000A9
S3150200F7580000000000000000000000000000000099
S3150200F7680000000000000000000000000000000089
S3150200F7780000000000000000000000000000000079
S3150200F7880000000000000000000000000000000069
S3150200F7980000000000000000000000000000000059
S3150200F7A80000000000000000000000000000000049
S3150200F7B80000000000000000000000000000000039
S3150200F7C80000000000000000000000000000000029
S3150200F7D80000000000000000000000000000000019
S3150200F7E80000000000000000000000000000000009
S3150200F7F800000000000000000000000000000000F9
S3150200F80800000000000000000000000000000000E8
S3150200F81800000000000000000000000000000000D8
S3150200F82800000000000000000000000000000000C8
S3150200F83800000000000000000000000000000000B8
S3150200F84800000000000000000000000000000000A8
S3150200F8580000000000000000000000000000000098
S3150200F8680000000000000000000000000000000088
S3150200F8780000000000000000000000000000000078
S3150200F8880000000000000000000000000000000068
S3150200F8980000000000000000000000000000000058
S3150200F8A80000000000000000000000000000000048
S3150200F8B80000000000000000000000000000000038
S3150200F8C80000000000000000000000000000000028
S3150200F8D80000000000000000000000000000000018
S3150200F8E80000000000000000000000000000000008
S3150200F8F800000000000000000000000000000000F8
S3150200F90800000000000000000000000000000000E7
S3150200F91800000000000000000000000000000000D7
S3150200F92800000000000000000000000000000000C7
S3150200F93800000000000000000000000000000000B7
S3150200F94800000000000000000000000000000000A7
S3150200F9580000000000000000000000000000000097
S3150200F9680000000000000000000000000000000087
S3150200F9780000000000000000000000000000000077
S3150200F9880000000000000000000000000000000067
S3150200F9980000000000000000000000000000000057
S3150200F9A80000000000000000000000000000000047
S3150200F9B80000000000000000000000000000000037
S3150200F9C80000000000000000000000000000000027
S3150200F9D80000000000000000000000000000000017
S3150200F9E80000000000000000000000000000000007
S3150200F9F800000000000000000000000000000000F7
S3150200FA0800000000000000000000000000000000E6
S3150200FA1800000000000000000000000000000000D6
S3150200FA2800000000000000000000000000000000C6
S3150200FA3800000000000000000000000000000000B6
S3150200FA4800000000000000000000000000000000A6
S3150200FA580000000000000000000000000000000096
S3150200FA680000000000000000000000000000000086
S3150200FA780000000000000000000000000000000076
S3150200FA880000000000000000000000000000000066
S3150200FA980000000000000000000000000000000056
S3150200FAA80000000000000000000000000000000046
S3150200FAB80000000000000000000000000000000036
S3150200FAC80000000000000000000000000000000026
S3150200FAD80000000000000000000000000000000016
S3150200FAE80000000000000000000000000000000006
S3150200FAF800000000000000000000000000000000F6
S3150200FB0800000000000000000000000000000000E5
S3150200FB1800000000000000000000000000000000D5
S3150200FB2800000000000000000000000000000000C5
S3150200FB3800000000000000000000000000000000B5
S3150200FB4800000000000000000000000000000000A5
S3150200FB580000000000000000000000000000000095
S3150200FB680000000000000000000000000000000085
S3150200FB780000000000000000000000000000000075
S3150200FB880000000000000000000000000000000065
S3150200FB980000000000000000000000000000000055
S3150200FBA80000000000000000000000000000000045
S3150200FBB80000000000000000000000000000000035
S3150200FBC80000000000000000000000000000000025
S3150200FBD80000000000000000000000000000000015
S3150200FBE80000000000000000000000000000000005
S3150200FBF800000000000000000000000000000000F5
S3150200FC0800000000000000000000000000000000E4
S3150200FC1800000000000000000000000000000000D4
S3150200FC2800000000000000000000000000000000C4
S3150200FC3800000000000000000000000000000000B4
S3150200FC4800000000000000000000000000000000A4
S3150200FC580000000000000000000000000000000094
S3150200FC680000000000000000000000000000000084
S3150200FC780000000000000000000000000000000074
S3150200FC880000000000000000000000000000000064
S3150200FC980000000000000000000000000000000054
S3150200FCA80000000000000000000000000000000044
S3150200FCB80000000000000000000000000000000034
S3150200FCC80000000000000000000000000000000024
S3150200FCD80000000000000000000000000000000014
S3150200FCE80000000000000000000000000000000004
S3150200FCF800000000000000000000000000000000F4
S3150200FD0800000000000000000000000000000000E3
S3150200FD1800000000000000000000000000000000D3
S3150200FD2800000000000000000000000000000000C3
S3150200FD3800000000000000000000000000000000B3
S3150200FD4800000000000000000000000000000000A3
S3150200FD580000000000000000000000000000000093
S3150200FD680000000000000000000000000000000083
S3150200FD780000000000000000000000000000000073
S3150200FD880000000000000000000000000000000063
S3150200FD980000000000000000000000000000000053
S3150200FDA80000000000000000000000000000000043
S3150200FDB80000000000000000000000000000000033
S3150200FDC80000000000000000000000000000000023
S3150200FDD80000000000000000000000000000000013
S3150200FDE80000000000000000000000000000000003
S3150200FDF800000000000000000000000000000000F3
S3150200FE0800000000000000000000000000000000E2
S3150200FE1800000000000000000000000000000000D2
S3150200FE2800000000000000000000000000000000C2
S3150200FE3800000000000000000000000000000000B2
S3150200FE4800000000000000000000000000000000A2
S3150200FE580000000000000000000000000000000092
S3150200FE680000000000000000000000000000000082
S3150200FE780000000000000000000000000000000072
S3150200FE880000000000000000000000000000000062
S3150200FE980000000000000000000000000000000052
S3150200FEA80000000000000000000000000000000042
S3150200FEB80000000000000000000000000000000032
S3150200FEC80000000000000000000000000000000022
S3150200FED80000000000000000000000000000000012
S3150200FEE80000000000000000000000000000000002
S3150200FEF800000000000000000000000000000000F2
S3150200FF0800000000000000000000000000000000E1
S3150200FF1800000000000000000000000000000000D1
S3150200FF2800000000000000000000000000000000C1
S3150200FF3800000000000000000000000000000000B1
S3150200FF4800000000000000000000000000000000A1
S3150200FF580000000000000000000000000000000091
S3150200FF680000000000000000000000000000000081
S3150200FF780000000000000000000000000000000071
S3150200FF880000000000000000000000000000000061
S3150200FF980000000000000000000000000000000051
S3150200FFA80000000000000000000000000000000041
S3150200FFB80000000000000000000000000000000031
S3150200FFC80000000000000000000000000000000021
S3150200FFD80000000000000000000000000000000011
S3150200FFE80000000000000000000000000000000001
S3150200FFF800000000000000000000000000000000F1
S3150201000800000000000000000000000000000000DF
S3150201001800000000000000000000000000000000CF
S3150201002800000000000000000000000000000000BF
S3150201003800000000000000000000000000000000AF
S31502010048000000000000000000000000000000009F
S31502010058000000000000000000000000000000008F
S31502010068000000000000000000000000000000007F
S31502010078000000000000000000000000000000006F
S31502010088000000000000000000000000000000005F
S31502010098000000000000000000000000000000004F
S315020100A8000000000000000000000000000000003F
S315020100B8000000000000000000000000000000002F
S315020100C8000000000000000000000000000000001F
S315020100D8000000000000000000000000000000000F
S315020100E800000000000000000000000000000000FF
S315020100F800000000000000000000000000000000EF
S3150201010800000000000000000000000000000000DE
S3150201011800000000000000000000000000000000CE
S3150201012800000000000000000000000000000000BE
S3150201013800000000000000000000000000000000AE
S31502010148000000000000000000000000000000009E
S31502010158000000000000000000000000000000008E
S31502010168000000000000000000000000000000007E
S31502010178000000000000000000000000000000006E
S31502010188000000000000000000000000000000005E
S31502010198000000000000000000000000000000004E
S315020101A8000000000000000000000000000000003E
S315020101B8000000000000000000000000000000002E
S315020101C8000000000000000000000000000000001E
S315020101D8000000000000000000000000000000000E
S315020101E800000000000000000000000000000000FE
S315020101F800000000000000000000000000000000EE
S3150201020800000000000000000000000000000000DD
S3150201021800000000000000000000000000000000CD
S3150201022800000000000000000000000000000000BD
S3150201023800000000000000000000000000000000AD
S31502010248000000000000000000000000000000009D
S31502010258000000000000000000000000000000008D
S31502010268000000000000000000000000000000007D
S31502010278000000000000000000000000000000006D
S31502010288000000000000000000000000000000005D
S31502010298000000000000000000000000000000004D
S315020102A8000000000000000000000000000000003D
S315020102B8000000000000000000000000000000002D
S315020102C8000000000000000000000000000000001D
S315020102D8000000000000000000000000000000000D
S315020102E800000000000000000000000000000000FD
S315020102F800000000000000000000000000000000ED
S3150201030800000000000000000000000000000000DC
S3150201031800000000000000000000000000000000CC
S3150201032800000000000000000000000000000000BC
S3150201033800000000000000000000000000000000AC
S31502010348000000000000000000000000000000009C
S31502010358000000000000000000000000000000008C
S31502010368000000000000000000000000000000007C
S31502010378000000000000000000000000000000006C
S31502010388000000000000000000000000000000005C
S31502010398000000000000000000000000000000004C
S315020103A8000000000000000000000000000000003C
S315020103B8000000000000000000000000000000002C
S315020103C8000000000000000000000000000000001C
S315020103D8000000000000000000000000000000000C
S315020103E800000000000000000000000000000000FC
S315020103F800000000000000000000000000000000EC
S3150201040800000000000000000000000000000000DB
S3150201041800000000000000000000000000000000CB
S3150201042800000000000000000000000000000000BB
S3150201043800000000000000000000000000000000AB
S31502010448000000000000000000000000000000009B
S31502010458000000000000000000000000000000008B
S31502010468000000000000000000000000000000007B
S31502010478000000000000000000000000000000006B
S31502010488000000000000000000000000000000005B
S31502010498000000000000000000000000000000004B
S315020104A8000000000000000000000000000000003B
S315020104B8000000000000000000000000000000002B
S315020104C8000000000000000000000000000000001B
S315020104D8000000000000000000000000000000000B
S315020104E800000000000000000000000000000000FB
S315020104F800000000000000000000000000000000EB
S3150201050800000000000000000000000000000000DA
S3150201051800000000000000000000000000000000CA
S3150201052800000000000000000000000000000000BA
S3150201053800000000000000000000000000000000AA
S31502010548000000000000000000000000000000009A
S31502010558000000000000000000000000000000008A
S31502010568000000000000000000000000000000007A
S31502010578000000000000000000000000000000006A
S31502010588000000000000000000000000000000005A
S31502010598000000000000000000000000000000004A
S315020105A8000000000000000000000000000000003A
S315020105B8000000000000000000000000000000002A
S315020105C8000000000000000000000000000000001A
S315020105D8000000000000000000000000000000000A
S315020105E800000000000000000000000000000000FA
S315020105F800000000000000000000000000000000EA
S3150201060800000000000000000000000000000000D9
S3150201061800000000000000000000000000000000C9
S3150201062800000000000000000000000000000000B9
S3150201063800000000000000000000000000000000A9
S315020106480000000000000000000000000000000099
S315020106580000000000000000000000000000000089
S315020106680000000000000000000000000000000079
S315020106780000000000000000000000000000000069
S315020106880000000000000000000000000000000059
S315020106980000000000000000000000000000000049
S315020106A80000000000000000000000000000000039
S315020106B80000000000000000000000000000000029
S315020106C80000000000000000000000000000000019
S315020106D80000000000000000000000000000000009
S315020106E800000000000000000000000000000000F9
S315020106F800000000000000000000000000000000E9
S3150201070800000000000000000000000000000000D8
S3150201071800000000000000000000000000000000C8
S3150201072800000000000000000000000000000000B8
S3150201073800000000000000000000000000000000A8
S315020107480000000000000000000000000000000098
S315020107580000000000000000000000000000000088
S315020107680000000000000000000000000000000078
S315020107780000000000000000000000000000000068
S315020107880000000000000000000000000000000058
S315020107980000000000000000000000000000000048
S315020107A80000000000000000000000000000000038
S315020107B80000000000000000000000000000000028
S315020107C80000000000000000000000000000000018
S315020107D80000000000000000000000000000000008
S315020107E800000000000000000000000000000000F8
S315020107F800000000000000000000000000000000E8
S3150201080800000000000000000000000000000000D7
S3150201081800000000000000000000000000000000C7
S3150201082800000000000000000000000000000000B7
S3150201083800000000000000000000000000000000A7
S315020108480000000000000000000000000000000097
S315020108580000000000000000000000000000000087
S315020108680000000000000000000000000000000077
S315020108780000000000000000000000000000000067
S315020108880000000000000000000000000000000057
S315020108980000000000000000000000000000000047
S315020108A80000000000000000000000000000000037
S315020108B80000000000000000000000000000000027
S315020108C80000000000000000000000000000000017
S315020108D80000000000000000000000000000000007
S315020108E800000000000000000000000000000000F7
S315020108F800000000000000000000000000000000E7
S3150201090800000000000000000000000000000000D6
S3150201091800000000000000000000000000000000C6
S3150201092800000000000000000000000000000000B6
S3150201093800000000000000000000000000000000A6
S315020109480000000000000000000000000000000096
S315020109580000000000000000000000000000000086
S315020109680000000000000000000000000000000076
S315020109780000000000000000000000000000000066
S315020109880000000000000000000000000000000056
S315020109980000000000000000000000000000000046
S315020109A80000000000000000000000000000000036
S315020109B80000000000000000000000000000000026
S315020109C80000000000000000000000000000000016
S315020109D80000000000000000000000000000000006
S315020109E800000000000000000000000000000000F6
S315020109F800000000000000000000000000000000E6
S31502010A0800000000000000000000000000000000D5
S31502010A1800000000000000000000000000000000C5
S31502010A2800000000000000000000000000000000B5
S31502010A3800000000000000000000000000000000A5
S31502010A480000000000000000000000000000000095
S31502010A580000000000000000000000000000000085
S31502010A680000000000000000000000000000000075
S31502010A780000000000000000000000000000000065
S31502010A880000000000000000000000000000000055
S31502010A980000000000000000000000000000000045
S31502010AA80000000000000000000000000000000035
S31502010AB80000000000000000000000000000000025
S31502010AC80000000000000000000000000000000015
S31502010AD80000000000000000000000000000000005
S31502010AE800000000000000000000000000000000F5
S31502010AF800000000000000000000000000000000E5
S31502010B0800000000000000000000000000000000D4
S31502010B1800000000000000000000000000000000C4
S31502010B2800000000000000000000000000000000B4
S31502010B3800000000000000000000000000000000A4
S31502010B480000000000000000000000000000000094
S31502010B580000000000000000000000000000000084
S31502010B680000000000000000000000000000000074
S31502010B780000000000000000000000000000000064
S31502010B880000000000000000000000000000000054
S31502010B980000000000000000000000000000000044
S31502010BA80000000000000000000000000000000034
S31502010BB80000000000000000000000000000000024
S31502010BC80000000000000000000000000000000014
S31502010BD80000000000000000000000000000000004
S31502010BE800000000000000000000000000000000F4
S31502010BF800000000000000000000000000000000E4
S31502010C0800000000000000000000000000000000D3
S31502010C1800000000000000000000000000000000C3
S31502010C2800000000000000000000000000000000B3
S31502010C3800000000000000000000000000000000A3
S31502010C480000000000000000000000000000000093
S31502010C580000000000000000000000000000000083
S31502010C680000000000000000000000000000000073
S31502010C780000000000000000000000000000000063
S31502010C880000000000000000000000000000000053
S31502010C980000000000000000000000000000000043
S31502010CA80000000000000000000000000000000033
S31502010CB80000000000000000000000000000000023
S31502010CC80000000000000000000000000000000013
S31502010CD80000000000000000000000000000000003
S31502010CE800000000000000000000000000000000F3
S31502010CF800000000000000000000000000000000E3
S31502010D0800000000000000000000000000000000D2
S31502010D1800000000000000000000000000000000C2
S31502010D2800000000000000000000000000000000B2
S31502010D3800000000000000000000000000000000A2
S31502010D480000000000000000000000000000000092
S31502010D580000000000000000000000000000000082
S31502010D680000000000000000000000000000000072
S31502010D780000000000000000000000000000000062
S31502010D880000000000000000000000000000000052
S31502010D980000000000000000000000000000000042
S31502010DA80000000000000000000000000000000032
S31502010DB80000000000000000000000000000000022
S31502010DC80000000000000000000000000000000012
S31502010DD80000000000000000000000000000000002
S31502010DE800000000000000000000000000000000F2
S31502010DF800000000000000000000000000000000E2
S31502010E0800000000000000000000000000000000D1
S31502010E1800000000000000000000000000000000C1
S31502010E2800000000000000000000000000000000B1
S31502010E3800000000000000000000000000000000A1
S31502010E480000000000000000000000000000000091
S31502010E580000000000000000000000000000000081
S31502010E680000000000000000000000000000000071
S31502010E780000000000000000000000000000000061
S31502010E880000000000000000000000000000000051
S31502010E980000000000000000000000000000000041
S31502010EA80000000000000000000000000000000031
S31502010EB80000000000000000000000000000000021
S31502010EC80000000000000000000000000000000011
S31502010ED80000000000000000000000000000000001
S31502010EE800000000000000000000000000000000F1
S31502010EF800000000000000000000000000000000E1
S31502010F0800000000000000000000000000000000D0
S31502010F1800000000000000000000000000000000C0
S31502010F2800000000000000000000000000000000B0
S31502010F3800000000000000000000000000000000A0
S31502010F480000000000000000000000000000000090
S31502010F580000000000000000000000000000000080
S31502010F680000000000000000000000000000000070
S31502010F780000000000000000000000000000000060
S31502010F880000000000000000000000000000000050
S31502010F980000000000000000000000000000000040
S31502010FA80000000000000000000000000000000030
S31502010FB80000000000000000000000000000000020
S31502010FC80000000000000000000000000000000010
S31502010FD80000000000000000000000000000000000
S31502010FE800000000000000000000000000000000F0
S31502010FF800000000000000000000000000000000E0
S3150201100800000000000000000000000000000000CF
S3150201101800000000000000000000000000000000BF
S3150201102800000000000000000000000000000000AF
S31502011038000000000000000000000000000000009F
S31502011048000000000000000000000000000000008F
S31502011058000000000000000000000000000000007F
S31502011068000000000000000000000000000000006F
S31502011078000000000000000000000000000000005F
S31502011088000000000000000000000000000000004F
S31502011098000000000000000000000000000000003F
S315020110A8000000000000000000000000000000002F
S315020110B8000000000000000000000000000000001F
S315020110C8000000000000000000000000000000000F
S315020110D800000000000000000000000000000000FF
S315020110E800000000000000000000000000000000EF
S315020110F800000000000000000000000000000000DF
S3150201110800000000000000000000000000000000CE
S3150201111800000000000000000000000000000000BE
S3150201112800000000000000000000000000000000AE
S31502011138000000000000000000000000000000009E
S31502011148000000000000000000000000000000008E
S31502011158000000000000000000000000000000007E
S31502011168000000000000000000000000000000006E
S31502011178000000000000000000000000000000005E
S31502011188000000000000000000000000000000004E
S31502011198000000000000000000000000000000003E
S315020111A8000000000000000000000000000000002E
S315020111B8000000000000000000000000000000001E
S315020111C8000000000000000000000000000000000E
S315020111D800000000000000000000000000000000FE
S315020111E800000000000000000000000000000000EE
S315020111F800000000000000000000000000000000DE
S3150201120800000000000000000000000000000000CD
S3150201121800000000000000000000000000000000BD
S3150201122800000000000000000000000000000000AD
S31502011238000000000000000000000000000000009D
S31502011248000000000000000000000000000000008D
S31502011258000000000000000000000000000000007D
S31502011268000000000000000000000000000000006D
S31502011278000000000000000000000000000000005D
S31502011288000000000000000000000000000000004D
S31502011298000000000000000000000000000000003D
S315020112A8000000000000000000000000000000002D
S315020112B8000000000000000000000000000000001D
S315020112C8000000000000000000000000000000000D
S315020112D800000000000000000000000000000000FD
S315020112E800000000000000000000000000000000ED
S315020112F800000000000000000000000000000000DD
S3150201130800000000000000000000000000000000CC
S3150201131800000000000000000000000000000000BC
S3150201132800000000000000000000000000000000AC
S31502011338000000000000000000000000000000009C
S31502011348000000000000000000000000000000008C
S31502011358000000000000000000000000000000007C
S31502011368000000000000000000000000000000006C
S31502011378000000000000000000000000000000005C
S31502011388000000000000000000000000000000004C
S31502011398000000000000000000000000000000003C
S315020113A8000000000000000000000000000000002C
S315020113B8000000000000000000000000000000001C
S315020113C8000000000000000000000000000000000C
S315020113D800000000000000000000000000000000FC
S315020113E800000000000000000000000000000000EC
S315020113F800000000000000000000000000000000DC
S3150201140800000000000000000000000000000000CB
S3150201141800000000000000000000000000000000BB
S3150201142800000000000000000000000000000000AB
S31502011438000000000000000000000000000000009B
S31502011448000000000000000000000000000000008B
S31502011458000000000000000000000000000000007B
S31502011468000000000000000000000000000000006B
S31502011478000000000000000000000000000000005B
S31502011488000000000000000000000000000000004B
S31502011498000000000000000000000000000000003B
S315020114A8000000000000000000000000000000002B
S315020114B8000000000000000000000000000000001B
S315020114C8000000000000000000000000000000000B
S315020114D800000000000000000000000000000000FB
S315020114E800000000000000000000000000000000EB
S315020114F800000000000000000000000000000000DB
S3150201150800000000000000000000000000000000CA
S3150201151800000000000000000000000000000000BA
S3150201152800000000000000000000000000000000AA
S31502011538000000000000000000000000000000009A
S31502011548000000000000000000000000000000008A
S31502011558000000000000000000000000000000007A
S31502011568000000000000000000000000000000006A
S31502011578000000000000000000000000000000005A
S31502011588000000000000000000000000000000004A
S31502011598000000000000000000000000000000003A
S315020115A8000000000000000000000000000000002A
S315020115B8000000000000000000000000000000001A
S315020115C8000000000000000000000000000000000A
S315020115D800000000000000000000000000000000FA
S315020115E800000000000000000000000000000000EA
S315020115F800000000000000000000000000000000DA
S3150201160800000000000000000000000000000000C9
S3150201161800000000000000000000000000000000B9
S3150201162800000000000000000000000000000000A9
S315020116380000000000000000000000000000000099
S315020116480000000000000000000000000000000089
S315020116580000000000000000000000000000000079
S315020116680000000000000000000000000000000069
S315020116780000000000000000000000000000000059
S315020116880000000000000000000000000000000049
S315020116980000000000000000000000000000000039
S315020116A80000000000000000000000000000000029
S315020116B80000000000000000000000000000000019
S315020116C80000000000000000000000000000000009
S315020116D800000000000000000000000000000000F9
S315020116E800000000000000000000000000000000E9
S315020116F800000000000000000000000000000000D9
S3150201170800000000000000000000000000000000C8
S3150201171800000000000000000000000000000000B8
S3150201172800000000000000000000000000000000A8
S315020117380000000000000000000000000000000098
S315020117480000000000000000000000000000000088
S315020117580000000000000000000000000000000078
S315020117680000000000000000000000000000000068
S315020117780000000000000000000000000000000058
S315020117880000000000000000000000000000000048
S315020117980000000000000000000000000000000038
S315020117A80000000000000000000000000000000028
S315020117B80000000000000000000000000000000018
S315020117C80000000000000000000000000000000008
S315020117D800000000000000000000000000000000F8
S315020117E800000000000000000000000000000000E8
S315020117F800000000000000000000000000000000D8
S3150201180800000000000000000000000000000000C7
S3150201181800000000000000000000000000000000B7
S3150201182800000000000000000000000000000000A7
S315020118380000000000000000000000000000000097
S315020118480000000000000000000000000000000087
S315020118580000000000000000000000000000000077
S315020118680000000000000000000000000000000067
S315020118780000000000000000000000000000000057
S315020118880000000000000000000000000000000047
S315020118980000000000000000000000000000000037
S315020118A80000000000000000000000000000000027
S315020118B80000000000000000000000000000000017
S315020118C80000000000000000000000000000000007
S315020118D800000000000000000000000000000000F7
S315020118E800000000000000000000000000000000E7
S315020118F800000000000000000000000000000000D7
S3150201190800000000000000000000000000000000C6
S3150201191800000000000000000000000000000000B6
S3150201192800000000000000000000000000000000A6
S315020119380000000000000000000000000000000096
S315020119480000000000000000000000000000000086
S315020119580000000000000000000000000000000076
S315020119680000000000000000000000000000000066
S315020119780000000000000000000000000000000056
S315020119880000000000000000000000000000000046
S315020119980000000000000000000000000000000036
S315020119A80000000000000000000000000000000026
S315020119B80000000000000000000000000000000016
S315020119C80000000000000000000000000000000006
S315020119D800000000000000000000000000000000F6
S315020119E800000000000000000000000000000000E6
S315020119F800000000000000000000000000000000D6
S31502011A0800000000000000000000000000000000C5
S31502011A1800000000000000000000000000000000B5
S31502011A2800000000000000000000000000000000A5
S31502011A380000000000000000000000000000000095
S31502011A480000000000000000000000000000000085
S31502011A580000000000000000000000000000000075
S31502011A680000000000000000000000000000000065
S31502011A780000000000000000000000000000000055
S31502011A880000000000000000000000000000000045
S31502011A980000000000000000000000000000000035
S31502011AA80000000000000000000000000000000025
S31502011AB80000000000000000000000000000000015
S31502011AC80000000000000000000000000000000005
S31502011AD800000000000000000000000000000000F5
S31502011AE800000000000000000000000000000000E5
S31502011AF800000000000000000000000000000000D5
S31502011B0800000000000000000000000000000000C4
S31502011B1800000000000000000000000000000000B4
S31502011B2800000000000000000000000000000000A4
S31502011B380000000000000000000000000000000094
S31502011B480000000000000000000000000000000084
S31502011B580000000000000000000000000000000074
S31502011B680000000000000000000000000000000064
S31502011B780000000000000000000000000000000054
S31502011B880000000000000000000000000000000044
S31502011B980000000000000000000000000000000034
S31502011BA80000000000000000000000000000000024
S31502011BB80000000000000000000000000000000014
S31502011BC80000000000000000000000000000000004
S31502011BD800000000000000000000000000000000F4
S31502011BE800000000000000000000000000000000E4
S31502011BF800000000000000000000000000000000D4
S31502011C0800000000000000000000000000000000C3
S31502011C1800000000000000000000000000000000B3
S31502011C2800000000000000000000000000000000A3
S31502011C380000000000000000000000000000000093
S31502011C480000000000000000000000000000000083
S31502011C580000000000000000000000000000000073
S31502011C680000000000000000000000000000000063
S31502011C780000000000000000000000000000000053
S31502011C880000000000000000000000000000000043
S31502011C980000000000000000000000000000000033
S31502011CA80000000000000000000000000000000023
S31502011CB80000000000000000000000000000000013
S31502011CC80000000000000000000000000000000003
S31502011CD800000000000000000000000000000000F3
S31502011CE800000000000000000000000000000000E3
S31502011CF800000000000000000000000000000000D3
S31502011D0800000000000000000000000000000000C2
S31502011D1800000000000000000000000000000000B2
S31502011D2800000000000000000000000000000000A2
S31502011D380000000000000000000000000000000092
S31502011D480000000000000000000000000000000082
S31502011D580000000000000000000000000000000072
S31502011D680000000000000000000000000000000062
S31502011D780000000000000000000000000000000052
S31502011D880000000000000000000000000000000042
S31502011D980000000000000000000000000000000032
S31502011DA80000000000000000000000000000000022
S31502011DB80000000000000000000000000000000012
S31502011DC80000000000000000000000000000000002
S31502011DD800000000000000000000000000000000F2
S31502011DE800000000000000000000000000000000E2
S31502011DF800000000000000000000000000000000D2
S31502011E0800000000000000000000000000000000C1
S31502011E1800000000000000000000000000000000B1
S31502011E2800000000000000000000000000000000A1
S31502011E380000000000000000000000000000000091
S31502011E480000000000000000000000000000000081
S31502011E580000000000000000000000000000000071
S31502011E680000000000000000000000000000000061
S31502011E780000000000000000000000000000000051
S31502011E880000000000000000000000000000000041
S31502011E980000000000000000000000000000000031
S31502011EA80000000000000000000000000000000021
S31502011EB80000000000000000000000000000000011
S31502011EC80000000000000000000000000000000001
S31502011ED800000000000000000000000000000000F1
S31502011EE800000000000000000000000000000000E1
S31502011EF800000000000000000000000000000000D1
S31502011F0800000000000000000000000000000000C0
S31502011F1800000000000000000000000000000000B0
S31502011F2800000000000000000000000000000000A0
S31502011F380000000000000000000000000000000090
S31502011F480000000000000000000000000000000080
S31502011F580000000000000000000000000000000070
S31502011F680000000000000000000000000000000060
S31502011F780000000000000000000000000000000050
S31502011F880000000000000000000000000000000040
S31502011F980000000000000000000000000000000030
S31502011FA80000000000000000000000000000000020
S31502011FB80000000000000000000000000000000010
S31502011FC80000000000000000000000000000000000
S31502011FD800000000000000000000000000000000F0
S31502011FE800000000000000000000000000000000E0
S31502011FF800000000000000000000000000000000D0
S3150201200800000000000000000000000000000000BF
S3150201201800000000000000000000000000000000AF
S31502012028000000000000000000000000000000009F
S31502012038000000000000000000000000000000008F
S31502012048000000000000000000000000000000007F
S31502012058000000000000000000000000000000006F
S31502012068000000000000000000000000000000005F
S31502012078000000000000000000000000000000004F
S31502012088000000000000000000000000000000003F
S31502012098000000000000000000000000000000002F
S315020120A8000000000000000000000000000000001F
S315020120B8000000000000000000000000000000000F
S315020120C800000000000000000000000000000000FF
S315020120D800000000000000000000000000000000EF
S315020120E800000000000000000000000000000000DF
S315020120F800000000000000000000000000000000CF
S3150201210800000000000000000000000000000000BE
S3150201211800000000000000000000000000000000AE
S31502012128000000000000000000000000000000009E
S31502012138000000000000000000000000000000008E
S31502012148000000000000000000000000000000007E
S31502012158000000000000000000000000000000006E
S31502012168000000000000000000000000000000005E
S31502012178000000000000000000000000000000004E
S31502012188000000000000000000000000000000003E
S31502012198000000000000000000000000000000002E
S315020121A8000000000000000000000000000000001E
S315020121B8000000000000000000000000000000000E
S315020121C800000000000000000000000000000000FE
S315020121D800000000000000000000000000000000EE
S315020121E800000000000000000000000000000000DE
S315020121F800000000000000000000000000000000CE
S3150201220800000000000000000000000000000000BD
S3150201221800000000000000000000000000000000AD
S31502012228000000000000000000000000000000009D
S31502012238000000000000000000000000000000008D
S31502012248000000000000000000000000000000007D
S31502012258000000000000000000000000000000006D
S31502012268000000000000000000000000000000005D
S31502012278000000000000000000000000000000004D
S31502012288000000000000000000000000000000003D
S31502012298000000000000000000000000000000002D
S315020122A8000000000000000000000000000000001D
S315020122B8000000000000000000000000000000000D
S315020122C800000000000000000000000000000000FD
S315020122D800000000000000000000000000000000ED
S315020122E800000000000000000000000000000000DD
S315020122F800000000000000000000000000000000CD
S3150201230800000000000000000000000000000000BC
S3150201231800000000000000000000000000000000AC
S31502012328000000000000000000000000000000009C
S31502012338000000000000000000000000000000008C
S31502012348000000000000000000000000000000007C
S31502012358000000000000000000000000000000006C
S31502012368000000000000000000000000000000005C
S31502012378000000000000000000000000000000004C
S31502012388000000000000000000000000000000003C
S31502012398000000000000000000000000000000002C
S315020123A8000000000000000000000000000000001C
S315020123B8000000000000000000000000000000000C
S315020123C800000000000000000000000000000000FC
S315020123D800000000000000000000000000000000EC
S315020123E800000000000000000000000000000000DC
S315020123F800000000000000000000000000000000CC
S3150201240800000000000000000000000000000000BB
S3150201241800000000000000000000000000000000AB
S31502012428000000000000000000000000000000009B
S31502012438000000000000000000000000000000008B
S31502012448000000000000000000000000000000007B
S31502012458000000000000000000000000000000006B
S31502012468000000000000000000000000000000005B
S31502012478000000000000000000000000000000004B
S31502012488000000000000000000000000000000003B
S31502012498000000000000000000000000000000002B
S315020124A8000000000000000000000000000000001B
S315020124B8000000000000000000000000000000000B
S315020124C800000000000000000000000000000000FB
S315020124D800000000000000000000000000000000EB
S315020124E800000000000000000000000000000000DB
S315020124F800000000000000000000000000000000CB
S3150201250800000000000000000000000000000000BA
S3150201251800000000000000000000000000000000AA
S31502012528000000000000000000000000000000009A
S31502012538000000000000000000000000000000008A
S31502012548000000000000000000000000000000007A
S31502012558000000000000000000000000000000006A
S31502012568000000000000000000000000000000005A
S31502012578000000000000000000000000000000004A
S31502012588000000000000000000000000000000003A
S31502012598000000000000000000000000000000002A
S315020125A8000000000000000000000000000000001A
S315020125B8000000000000000000000000000000000A
S315020125C800000000000000000000000000000000FA
S315020125D800000000000000000000000000000000EA
S315020125E800000000000000000000000000000000DA
S315020125F800000000000000000000000000000000CA
S3150201260800000000000000000000000000000000B9
S3150201261800000000000000000000000000000000A9
S315020126280000000000000000000000000000000099
S315020126380000000000000000000000000000000089
S315020126480000000000000000000000000000000079
S315020126580000000000000000000000000000000069
S315020126680000000000000000000000000000000059
S315020126780000000000000000000000000000000049
S315020126880000000000000000000000000000000039
S315020126980000000000000000000000000000000029
S315020126A80000000000000000000000000000000019
S315020126B80000000000000000000000000000000009
S315020126C800000000000000000000000000000000F9
S315020126D800000000000000000000000000000000E9
S315020126E800000000000000000000000000000000D9
S315020126F800000000000000000000000000000000C9
S3150201270800000000000000000000000000000000B8
S3150201271800000000000000000000000000000000A8
S315020127280000000000000000000000000000000098
S315020127380000000000000000000000000000000088
S315020127480000000000000000000000000000000078
S315020127580000000000000000000000000000000068
S315020127680000000000000000000000000000000058
S315020127780000000000000000000000000000000048
S315020127880000000000000000000000000000000038
S315020127980000000000000000000000000000000028
S315020127A80000000000000000000000000000000018
S315020127B80000000000000000000000000000000008
S315020127C800000000000000000000000000000000F8
S315020127D800000000000000000000000000000000E8
S315020127E800000000000000000000000000000000D8
S315020127F800000000000000000000000000000000C8
S3150201280800000000000000000000000000000000B7
S3150201281800000000000000000000000000000000A7
S315020128280000000000000000000000000000000097
S315020128380000000000000000000000000000000087
S315020128480000000000000000000000000000000077
S315020128580000000000000000000000000000000067
S315020128680000000000000000000000000000000057
S315020128780000000000000000000000000000000047
S315020128880000000000000000000000000000000037
S315020128980000000000000000000000000000000027
S315020128A80000000000000000000000000000000017
S315020128B80000000000000000000000000000000007
S315020128C800000000000000000000000000000000F7
S315020128D800000000000000000000000000000000E7
S315020128E800000000000000000000000000000000D7
S315020128F800000000000000000000000000000000C7
S3150201290800000000000000000000000000000000B6
S3150201291800000000000000000000000000000000A6
S315020129280000000000000000000000000000000096
S315020129380000000000000000000000000000000086
S315020129480000000000000000000000000000000076
S315020129580000000000000000000000000000000066
S315020129680000000000000000000000000000000056
S315020129780000000000000000000000000000000046
S315020129880000000000000000000000000000000036
S315020129980000000000000000000000000000000026
S315020129A80000000000000000000000000000000016
S315020129B80000000000000000000000000000000006
S315020129C800000000000000000000000000000000F6
S315020129D800000000000000000000000000000000E6
S315020129E800000000000000000000000000000000D6
S315020129F800000000000000000000000000000000C6
S31502012A0800000000000000000000000000000000B5
S31502012A1800000000000000000000000000000000A5
S31502012A280000000000000000000000000000000095
S31502012A380000000000000000000000000000000085
S31502012A480000000000000000000000000000000075
S31502012A580000000000000000000000000000000065
S31502012A680000000000000000000000000000000055
S31502012A780000000000000000000000000000000045
S31502012A880000000000000000000000000000000035
S31502012A980000000000000000000000000000000025
S31502012AA80000000000000000000000000000000015
S31502012AB80000000000000000000000000000000005
S31502012AC800000000000000000000000000000000F5
S31502012AD800000000000000000000000000000000E5
S31502012AE800000000000000000000000000000000D5
S31502012AF800000000000000000000000000000000C5
S31502012B0800000000000000000000000000000000B4
S31502012B1800000000000000000000000000000000A4
S31502012B280000000000000000000000000000000094
S31502012B380000000000000000000000000000000084
S31502012B480000000000000000000000000000000074
S31502012B580000000000000000000000000000000064
S31502012B680000000000000000000000000000000054
S31502012B780000000000000000000000000000000044
S31502012B880000000000000000000000000000000034
S31502012B980000000000000000000000000000000024
S31502012BA80000000000000000000000000000000014
S31502012BB80000000000000000000000000000000004
S31502012BC800000000000000000000000000000000F4
S31502012BD800000000000000000000000000000000E4
S31502012BE800000000000000000000000000000000D4
S31502012BF800000000000000000000000000000000C4
S31502012C0800000000000000000000000000000000B3
S31502012C1800000000000000000000000000000000A3
S31502012C280000000000000000000000000000000093
S31502012C380000000000000000000000000000000083
S31502012C480000000000000000000000000000000073
S31502012C580000000000000000000000000000000063
S31502012C680000000000000000000000000000000053
S31502012C780000000000000000000000000000000043
S31502012C880000000000000000000000000000000033
S31502012C980000000000000000000000000000000023
S31502012CA80000000000000000000000000000000013
S31502012CB80000000000000000000000000000000003
S31502012CC800000000000000000000000000000000F3
S31502012CD800000000000000000000000000000000E3
S31502012CE800000000000000000000000000000000D3
S31502012CF800000000000000000000000000000000C3
S31502012D0800000000000000000000000000000000B2
S31502012D1800000000000000000000000000000000A2
S31502012D280000000000000000000000000000000092
S31502012D380000000000000000000000000000000082
S31502012D480000000000000000000000000000000072
S31502012D580000000000000000000000000000000062
S31502012D680000000000000000000000000000000052
S31502012D780000000000000000000000000000000042
S31502012D880000000000000000000000000000000032
S31502012D980000000000000000000000000000000022
S31502012DA80000000000000000000000000000000012
S31502012DB80000000000000000000000000000000002
S31502012DC800000000000000000000000000000000F2
S31502012DD800000000000000000000000000000000E2
S31502012DE800000000000000000000000000000000D2
S31502012DF800000000000000000000000000000000C2
S31502012E0800000000000000000000000000000000B1
S31502012E1800000000000000000000000000000000A1
S31502012E280000000000000000000000000000000091
S31502012E380000000000000000000000000000000081
S31502012E480000000000000000000000000000000071
S31502012E580000000000000000000000000000000061
S31502012E680000000000000000000000000000000051
S31502012E780000000000000000000000000000000041
S31502012E880000000000000000000000000000000031
S31502012E980000000000000000000000000000000021
S31502012EA80000000000000000000000000000000011
S31502012EB80000000000000000000000000000000001
S31502012EC800000000000000000000000000000000F1
S31502012ED800000000000000000000000000000000E1
S31502012EE800000000000000000000000000000000D1
S31502012EF800000000000000000000000000000000C1
S31502012F0800000000000000000000000000000000B0
S31502012F1800000000000000000000000000000000A0
S31502012F280000000000000000000000000000000090
S31502012F380000000000000000000000000000000080
S31502012F480000000000000000000000000000000070
S31502012F580000000000000000000000000000000060
S31502012F680000000000000000000000000000000050
S31502012F780000000000000000000000000000000040
S31502012F880000000000000000000000000000000030
S31502012F980000000000000000000000000000000020
S31502012FA80000000000000000000000000000000010
S31502012FB80000000000000000000000000000000000
S31502012FC800000000000000000000000000000000F0
S31502012FD800000000000000000000000000000000E0
S31502012FE800000000000000000000000000000000D0
S31502012FF800000000000000000000000000000000C0
S3150201300800000000000000000000000000000000AF
S31502013018000000000000000000000000000000009F
S31502013028000000000000000000000000000000008F
S31502013038000000000000000000000000000000007F
S31502013048000000000000000000000000000000006F
S31502013058000000000000000000000000000000005F
S31502013068000000000000000000000000000000004F
S31502013078000000000000000000000000000000003F
S31502013088000000000000000000000000000000002F
S31502013098000000000000000000000000000000001F
S315020130A8000000000000000000000000000000000F
S315020130B800000000000000000000000000000000FF
S315020130C800000000000000000000000000000000EF
S315020130D800000000000000000000000000000000DF
S315020130E800000000000000000000000000000000CF
S315020130F800000000000000000000000000000000BF
S3150201310800000000000000000000000000000000AE
S31502013118000000000000000000000000000000009E
S31502013128000000000000000000000000000000008E
S31502013138000000000000000000000000000000007E
S31502013148000000000000000000000000000000006E
S31502013158000000000000000000000000000000005E
S31502013168000000000000000000000000000000004E
S31502013178000000000000000000000000000000003E
S31502013188000000000000000000000000000000002E
S31502013198000000000000000000000000000000001E
S315020131A8000000000000000000000000000000000E
S315020131B800000000000000000000000000000000FE
S315020131C800000000000000000000000000000000EE
S315020131D800000000000000000000000000000000DE
S315020131E800000000000000000000000000000000CE
S315020131F800000000000000000000000000000000BE
S3150201320800000000000000000000000000000000AD
S31502013218000000000000000000000000000000009D
S31502013228000000000000000000000000000000008D
S31502013238000000000000000000000000000000007D
S31502013248000000000000000000000000000000006D
S31502013258000000000000000000000000000000005D
S31502013268000000000000000000000000000000004D
S31502013278000000000000000000000000000000003D
S31502013288000000000000000000000000000000002D
S31502013298000000000000000000000000000000001D
S315020132A8000000000000000000000000000000000D
S315020132B800000000000000000000000000000000FD
S315020132C800000000000000000000000000000000ED
S315020132D800000000000000000000000000000000DD
S315020132E800000000000000000000000000000000CD
S315020132F800000000000000000000000000000000BD
S3150201330800000000000000000000000000000000AC
S31502013318000000000000000000000000000000009C
S31502013328000000000000000000000000000000008C
S31502013338000000000000000000000000000000007C
S31502013348000000000000000000000000000000006C
S31502013358000000000000000000000000000000005C
S31502013368000000000000000000000000000000004C
S31502013378000000000000000000000000000000003C
S31502013388000000000000000000000000000000002C
S31502013398000000000000000000000000000000001C
S315020133A8000000000000000000000000000000000C
S315020133B800000000000000000000000000000000FC
S315020133C800000000000000000000000000000000EC
S315020133D800000000000000000000000000000000DC
S315020133E800000000000000000000000000000000CC
S315020133F800000000000000000000000000000000BC
S3150201340800000000000000000000000000000000AB
S31502013418000000000000000000000000000000009B
S31502013428000000000000000000000000000000008B
S31502013438000000000000000000000000000000007B
S31502013448000000000000000000000000000000006B
S31502013458000000000000000000000000000000005B
S31502013468000000000000000000000000000000004B
S31502013478000000000000000000000000000000003B
S31502013488000000000000000000000000000000002B
S31502013498000000000000000000000000000000001B
S315020134A8000000000000000000000000000000000B
S315020134B800000000000000000000000000000000FB
S315020134C800000000000000000000000000000000EB
S315020134D800000000000000000000000000000000DB
S315020134E800000000000000000000000000000000CB
S315020134F800000000000000000000000000000000BB
S3150201350800000000000000000000000000000000AA
S31502013518000000000000000000000000000000009A
S31502013528000000000000000000000000000000008A
S31502013538000000000000000000000000000000007A
S31502013548000000000000000000000000000000006A
S31502013558000000000000000000000000000000005A
S31502013568000000000000000000000000000000004A
S31502013578000000000000000000000000000000003A
S31502013588000000000000000000000000000000002A
S31502013598000000000000000000000000000000001A
S315020135A8000000000000000000000000000000000A
S315020135B800000000000000000000000000000000FA
S315020135C800000000000000000000000000000000EA
S315020135D800000000000000000000000000000000DA
S315020135E800000000000000000000000000000000CA
S315020135F800000000000000000000000000000000BA
S3150201360800000000000000000000000000000000A9
S315020136180000000000000000000000000000000099
S315020136280000000000000000000000000000000089
S315020136380000000000000000000000000000000079
S315020136480000000000000000000000000000000069
S315020136580000000000000000000000000000000059
S315020136680000000000000000000000000000000049
S315020136780000000000000000000000000000000039
S315020136880000000000000000000000000000000029
S315020136980000000000000000000000000000000019
S315020136A80000000000000000000000000000000009
S315020136B800000000000000000000000000000000F9
S315020136C800000000000000000000000000000000E9
S315020136D800000000000000000000000000000000D9
S315020136E800000000000000000000000000000000C9
S315020136F800000000000000000000000000000000B9
S3150201370800000000000000000000000000000000A8
S315020137180000000000000000000000000000000098
S315020137280000000000000000000000000000000088
S315020137380000000000000000000000000000000078
S315020137480000000000000000000000000000000068
S315020137580000000000000000000000000000000058
S315020137680000000000000000000000000000000048
S315020137780000000000000000000000000000000038
S315020137880000000000000000000000000000000028
S315020137980000000000000000000000000000000018
S315020137A80000000000000000000000000000000008
S315020137B800000000000000000000000000000000F8
S315020137C800000000000000000000000000000000E8
S315020137D800000000000000000000000000000000D8
S315020137E800000000000000000000000000000000C8
S315020137F800000000000000000000000000000000B8
S3150201380800000000000000000000000000000000A7
S315020138180000000000000000000000000000000097
S315020138280000000000000000000000000000000087
S315020138380000000000000000000000000000000077
S315020138480000000000000000000000000000000067
S315020138580000000000000000000000000000000057
S315020138680000000000000000000000000000000047
S315020138780000000000000000000000000000000037
S315020138880000000000000000000000000000000027
S315020138980000000000000000000000000000000017
S315020138A80000000000000000000000000000000007
S315020138B800000000000000000000000000000000F7
S315020138C800000000000000000000000000000000E7
S315020138D800000000000000000000000000000000D7
S315020138E800000000000000000000000000000000C7
S315020138F800000000000000000000000000000000B7
S3150201390800000000000000000000000000000000A6
S315020139180000000000000000000000000000000096
S315020139280000000000000000000000000000000086
S315020139380000000000000000000000000000000076
S315020139480000000000000000000000000000000066
S315020139580000000000000000000000000000000056
S315020139680000000000000000000000000000000046
S315020139780000000000000000000000000000000036
S315020139880000000000000000000000000000000026
S315020139980000000000000000000000000000000016
S315020139A80000000000000000000000000000000006
S315020139B800000000000000000000000000000000F6
S315020139C800000000000000000000000000000000E6
S315020139D800000000000000000000000000000000D6
S315020139E800000000000000000000000000000000C6
S315020139F800000000000000000000000000000000B6
S31502013A0800000000000000000000000000000000A5
S31502013A180000000000000000000000000000000095
S31502013A280000000000000000000000000000000085
S31502013A380000000000000000000000000000000075
S31502013A480000000000000000000000000000000065
S31502013A580000000000000000000000000000000055
S31502013A680000000000000000000000000000000045
S31502013A780000000000000000000000000000000035
S31502013A880000000000000000000000000000000025
S31502013A980000000000000000000000000000000015
S31502013AA80000000000000000000000000000000005
S31502013AB800000000000000000000000000000000F5
S31502013AC800000000000000000000000000000000E5
S31502013AD800000000000000000000000000000000D5
S31502013AE800000000000000000000000000000000C5
S31502013AF800000000000000000000000000000000B5
S31502013B0800000000000000000000000000000000A4
S31502013B180000000000000000000000000000000094
S31502013B280000000000000000000000000000000084
S31502013B380000000000000000000000000000000074
S31502013B480000000000000000000000000000000064
S31502013B580000000000000000000000000000000054
S31502013B680000000000000000000000000000000044
S31502013B780000000000000000000000000000000034
S31502013B880000000000000000000000000000000024
S31502013B980000000000000000000000000000000014
S31502013BA80000000000000000000000000000000004
S31502013BB800000000000000000000000000000000F4
S31502013BC800000000000000000000000000000000E4
S31502013BD800000000000000000000000000000000D4
S31502013BE800000000000000000000000000000000C4
S31502013BF800000000000000000000000000000000B4
S31502013C0800000000000000000000000000000000A3
S31502013C180000000000000000000000000000000093
S31502013C280000000000000000000000000000000083
S31502013C380000000000000000000000000000000073
S31502013C480000000000000000000000000000000063
S31502013C580000000000000000000000000000000053
S31502013C680000000000000000000000000000000043
S31502013C780000000000000000000000000000000033
S31502013C880000000000000000000000000000000023
S31502013C980000000000000000000000000000000013
S31502013CA80000000000000000000000000000000003
S31502013CB800000000000000000000000000000000F3
S31502013CC800000000000000000000000000000000E3
S31502013CD800000000000000000000000000000000D3
S31502013CE800000000000000000000000000000000C3
S31502013CF800000000000000000000000000000000B3
S31502013D0800000000000000000000000000000000A2
S31502013D180000000000000000000000000000000092
S31502013D280000000000000000000000000000000082
S31502013D380000000000000000000000000000000072
S31502013D480000000000000000000000000000000062
S31502013D580000000000000000000000000000000052
S31502013D680000000000000000000000000000000042
S31502013D780000000000000000000000000000000032
S31502013D880000000000000000000000000000000022
S31502013D980000000000000000000000000000000012
S31502013DA80000000000000000000000000000000002
S31502013DB800000000000000000000000000000000F2
S31502013DC800000000000000000000000000000000E2
S31502013DD800000000000000000000000000000000D2
S31502013DE800000000000000000000000000000000C2
S31502013DF800000000000000000000000000000000B2
S31502013E0800000000000000000000000000000000A1
S31502013E180000000000000000000000000000000091
S31502013E280000000000000000000000000000000081
S31502013E380000000000000000000000000000000071
S31502013E480000000000000000000000000000000061
S31502013E580000000000000000000000000000000051
S31502013E680000000000000000000000000000000041
S31502013E780000000000000000000000000000000031
S31502013E880000000000000000000000000000000021
S31502013E980000000000000000000000000000000011
S31502013EA80000000000000000000000000000000001
S31502013EB800000000000000000000000000000000F1
S31502013EC800000000000000000000000000000000E1
S31502013ED800000000000000000000000000000000D1
S31502013EE800000000000000000000000000000000C1
S31502013EF800000000000000000000000000000000B1
S31502013F0800000000000000000000000000000000A0
S31502013F180000000000000000000000000000000090
S31502013F280000000000000000000000000000000080
S31502013F380000000000000000000000000000000070
S31502013F480000000000000000000000000000000060
S31502013F580000000000000000000000000000000050
S31502013F680000000000000000000000000000000040
S31502013F780000000000000000000000000000000030
S31502013F880000000000000000000000000000000020
S31502013F980000000000000000000000000000000010
S31502013FA80000000000000000000000000000000000
S31502013FB800000000000000000000000000000000F0
S31502013FC800000000000000000000000000000000E0
S31502013FD800000000000000000000000000000000D0
S31502013FE800000000000000000000000000000000C0
S31502013FF800000000000000000000000000000000B0
S31502014008000000000000000000000000000000009F
S31502014018000000000000000000000000000000008F
S31502014028000000000000000000000000000000007F
S31502014038000000000000000000000000000000006F
S31502014048000000000000000000000000000000005F
S31502014058000000000000000000000000000000004F
S31502014068000000000000000000000000000000003F
S31502014078000000000000000000000000000000002F
S31502014088000000000000000000000000000000001F
S31502014098000000000000000000000000000000000F
S315020140A800000000000000000000000000000000FF
S315020140B800000000000000000000000000000000EF
S315020140C800000000000000000000000000000000DF
S315020140D800000000000000000000000000000000CF
S315020140E800000000000000000000000000000000BF
S315020140F800000000000000000000000000000000AF
S31502014108000000000000000000000000000000009E
S31502014118000000000000000000000000000000008E
S31502014128000000000000000000000000000000007E
S31502014138000000000000000000000000000000006E
S31502014148000000000000000000000000000000005E
S31502014158000000000000000000000000000000004E
S31502014168000000000000000000000000000000003E
S31502014178000000000000000000000000000000002E
S31502014188000000000000000000000000000000001E
S31502014198000000000000000000000000000000000E
S315020141A800000000000000000000000000000000FE
S315020141B800000000000000000000000000000000EE
S315020141C800000000000000000000000000000000DE
S315020141D800000000000000000000000000000000CE
S315020141E800000000000000000000000000000000BE
S315020141F800000000000000000000000000000000AE
S31502014208000000000000000000000000000000009D
S31502014218000000000000000000000000000000008D
S31502014228000000000000000000000000000000007D
S31502014238000000000000000000000000000000006D
S31502014248000000000000000000000000000000005D
S31502014258000000000000000000000000000000004D
S31502014268000000000000000000000000000000003D
S31502014278000000000000000000000000000000002D
S31502014288000000000000000000000000000000001D
S31502014298000000000000000000000000000000000D
S315020142A800000000000000000000000000000000FD
S315020142B800000000000000000000000000000000ED
S315020142C800000000000000000000000000000000DD
S315020142D800000000000000000000000000000000CD
S315020142E800000000000000000000000000000000BD
S315020142F800000000000000000000000000000000AD
S31502014308000000000000000000000000000000009C
S31502014318000000000000000000000000000000008C
S31502014328000000000000000000000000000000007C
S31502014338000000000000000000000000000000006C
S31502014348000000000000000000000000000000005C
S31502014358000000000000000000000000000000004C
S31502014368000000000000000000000000000000003C
S31502014378000000000000000000000000000000002C
S31502014388000000000000000000000000000000001C
S31502014398000000000000000000000000000000000C
S315020143A800000000000000000000000000000000FC
S315020143B800000000000000000000000000000000EC
S315020143C800000000000000000000000000000000DC
S315020143D800000000000000000000000000000000CC
S315020143E800000000000000000000000000000000BC
S315020143F800000000000000000000000000000000AC
S31502014408000000000000000000000000000000009B
S31502014418000000000000000000000000000000008B
S31502014428000000000000000000000000000000007B
S31502014438000000000000000000000000000000006B
S31502014448000000000000000000000000000000005B
S31502014458000000000000000000000000000000004B
S31502014468000000000000000000000000000000003B
S31502014478000000000000000000000000000000002B
S31502014488000000000000000000000000000000001B
S31502014498000000000000000000000000000000000B
S315020144A800000000000000000000000000000000FB
S315020144B800000000000000000000000000000000EB
S315020144C800000000000000000000000000000000DB
S315020144D800000000000000000000000000000000CB
S315020144E800000000000000000000000000000000BB
S315020144F800000000000000000000000000000000AB
S31502014508000000000000000000000000000000009A
S31502014518000000000000000000000000000000008A
S31502014528000000000000000000000000000000007A
S31502014538000000000000000000000000000000006A
S31502014548000000000000000000000000000000005A
S31502014558000000000000000000000000000000004A
S31502014568000000000000000000000000000000003A
S31502014578000000000000000000000000000000002A
S31502014588000000000000000000000000000000001A
S31502014598000000000000000000000000000000000A
S315020145A800000000000000000000000000000000FA
S315020145B800000000000000000000000000000000EA
S315020145C800000000000000000000000000000000DA
S315020145D800000000000000000000000000000000CA
S315020145E800000000000000000000000000000000BA
S315020145F800000000000000000000000000000000AA
S315020146080000000000000000000000000000000099
S315020146180000000000000000000000000000000089
S315020146280000000000000000000000000000000079
S315020146380000000000000000000000000000000069
S315020146480000000000000000000000000000000059
S315020146580000000000000000000000000000000049
S315020146680000000000000000000000000000000039
S315020146780000000000000000000000000000000029
S315020146880000000000000000000000000000000019
S315020146980000000000000000000000000000000009
S315020146A800000000000000000000000000000000F9
S315020146B800000000000000000000000000000000E9
S315020146C800000000000000000000000000000000D9
S315020146D800000000000000000000000000000000C9
S315020146E800000000000000000000000000000000B9
S315020146F800000000000000000000000000000000A9
S315020147080000000000000000000000000000000098
S315020147180000000000000000000000000000000088
S315020147280000000000000000000000000000000078
S315020147380000000000000000000000000000000068
S315020147480000000000000000000000000000000058
S315020147580000000000000000000000000000000048
S315020147680000000000000000000000000000000038
S315020147780000000000000000000000000000000028
S315020147880000000000000000000000000000000018
S315020147980000000000000000000000000000000008
S315020147A800000000000000000000000000000000F8
S315020147B800000000000000000000000000000000E8
S315020147C800000000000000000000000000000000D8
S315020147D800000000000000000000000000000000C8
S315020147E800000000000000000000000000000000B8
S315020147F800000000000000000000000000000000A8
S315020148080000000000000000000000000000000097
S315020148180000000000000000000000000000000087
S315020148280000000000000000000000000000000077
S315020148380000000000000000000000000000000067
S315020148480000000000000000000000000000000057
S315020148580000000000000000000000000000000047
S315020148680000000000000000000000000000000037
S315020148780000000000000000000000000000000027
S315020148880000000000000000000000000000000017
S315020148980000000000000000000000000000000007
S315020148A800000000000000000000000000000000F7
S315020148B800000000000000000000000000000000E7
S315020148C800000000000000000000000000000000D7
S315020148D800000000000000000000000000000000C7
S315020148E800000000000000000000000000000000B7
S315020148F800000000000000000000000000000000A7
S315020149080000000000000000000000000000000096
S315020149180000000000000000000000000000000086
S315020149280000000000000000000000000000000076
S315020149380000000000000000000000000000000066
S315020149480000000000000000000000000000000056
S315020149580000000000000000000000000000000046
S315020149680000000000000000000000000000000036
S315020149780000000000000000000000000000000026
S315020149880000000000000000000000000000000016
S315020149980000000000000000000000000000000006
S315020149A800000000000000000000000000000000F6
S315020149B800000000000000000000000000000000E6
S315020149C800000000000000000000000000000000D6
S315020149D800000000000000000000000000000000C6
S315020149E800000000000000000000000000000000B6
S315020149F800000000000000000000000000000000A6
S31502014A080000000000000000000000000000000095
S31502014A180000000000000000000000000000000085
S31502014A280000000000000000000000000000000075
S31502014A380000000000000000000000000000000065
S31502014A480000000000000000000000000000000055
S31502014A580000000000000000000000000000000045
S31502014A680000000000000000000000000000000035
S31502014A780000000000000000000000000000000025
S31502014A880000000000000000000000000000000015
S31502014A980000000000000000000000000000000005
S31502014AA800000000000000000000000000000000F5
S31502014AB800000000000000000000000000000000E5
S31502014AC800000000000000000000000000000000D5
S31502014AD800000000000000000000000000000000C5
S31502014AE800000000000000000000000000000000B5
S31502014AF800000000000000000000000000000000A5
S31502014B080000000000000000000000000000000094
S31502014B180000000000000000000000000000000084
S31502014B280000000000000000000000000000000074
S31502014B380000000000000000000000000000000064
S31502014B480000000000000000000000000000000054
S31502014B580000000000000000000000000000000044
S31502014B680000000000000000000000000000000034
S31502014B780000000000000000000000000000000024
S31502014B880000000000000000000000000000000014
S31502014B980000000000000000000000000000000004
S31502014BA800000000000000000000000000000000F4
S31502014BB800000000000000000000000000000000E4
S31502014BC800000000000000000000000000000000D4
S31502014BD800000000000000000000000000000000C4
S31502014BE800000000000000000000000000000000B4
S31502014BF800000000000000000000000000000000A4
S31502014C080000000000000000000000000000000093
S31502014C180000000000000000000000000000000083
S31502014C280000000000000000000000000000000073
S31502014C380000000000000000000000000000000063
S31502014C480000000000000000000000000000000053
S31502014C580000000000000000000000000000000043
S31502014C680000000000000000000000000000000033
S31502014C780000000000000000000000000000000023
S31502014C880000000000000000000000000000000013
S31502014C980000000000000000000000000000000003
S31502014CA800000000000000000000000000000000F3
S31502014CB800000000000000000000000000000000E3
S31502014CC800000000000000000000000000000000D3
S31502014CD800000000000000000000000000000000C3
S31502014CE800000000000000000000000000000000B3
S31502014CF800000000000000000000000000000000A3
S31502014D080000000000000000000000000000000092
S31502014D180000000000000000000000000000000082
S31502014D280000000000000000000000000000000072
S31502014D380000000000000000000000000000000062
S31502014D480000000000000000000000000000000052
S31502014D580000000000000000000000000000000042
S31502014D680000000000000000000000000000000032
S31502014D780000000000000000000000000000000022
S31502014D880000000000000000000000000000000012
S31502014D980000000000000000000000000000000002
S31502014DA800000000000000000000000000000000F2
S31502014DB800000000000000000000000000000000E2
S31502014DC800000000000000000000000000000000D2
S31502014DD800000000000000000000000000000000C2
S31502014DE800000000000000000000000000000000B2
S31502014DF800000000000000000000000000000000A2
S31502014E080000000000000000000000000000000091
S31502014E180000000000000000000000000000000081
S31502014E280000000000000000000000000000000071
S31502014E380000000000000000000000000000000061
S31502014E480000000000000000000000000000000051
S31502014E580000000000000000000000000000000041
S31502014E680000000000000000000000000000000031
S31502014E780000000000000000000000000000000021
S31502014E880000000000000000000000000000000011
S31502014E980000000000000000000000000000000001
S31502014EA800000000000000000000000000000000F1
S31502014EB800000000000000000000000000000000E1
S31502014EC800000000000000000000000000000000D1
S31502014ED800000000000000000000000000000000C1
S31502014EE800000000000000000000000000000000B1
S31502014EF800000000000000000000000000000000A1
S31502014F080000000000000000000000000000000090
S31502014F180000000000000000000000000000000080
S31502014F280000000000000000000000000000000070
S31502014F380000000000000000000000000000000060
S31502014F480000000000000000000000000000000050
S31502014F580000000000000000000000000000000040
S31502014F680000000000000000000000000000000030
S31502014F780000000000000000000000000000000020
S31502014F880000000000000000000000000000000010
S31502014F980000000000000000000000000000000000
S31502014FA800000000000000000000000000000000F0
S31502014FB800000000000000000000000000000000E0
S31502014FC800000000000000000000000000000000D0
S31502014FD800000000000000000000000000000000C0
S31502014FE800000000000000000000000000000000B0
S31502014FF800000000000000000000000000000000A0
S31502015008000000000000000000000000000000008F
S31502015018000000000000000000000000000000007F
S31502015028000000000000000000000000000000006F
S31502015038000000000000000000000000000000005F
S31502015048000000000000000000000000000000004F
S31502015058000000000000000000000000000000003F
S31502015068000000000000000000000000000000002F
S31502015078000000000000000000000000000000001F
S31502015088000000000000000000000000000000000F
S3150201509800000000000000000000000000000000FF
S315020150A800000000000000000000000000000000EF
S315020150B800000000000000000000000000000000DF
S315020150C800000000000000000000000000000000CF
S315020150D800000000000000000000000000000000BF
S315020150E800000000000000000000000000000000AF
S315020150F8000000000000000000000000000000009F
S31502015108000000000000000000000000000000008E
S31502015118000000000000000000000000000000007E
S31502015128000000000000000000000000000000006E
S31502015138000000000000000000000000000000005E
S31502015148000000000000000000000000000000004E
S31502015158000000000000000000000000000000003E
S31502015168000000000000000000000000000000002E
S31502015178000000000000000000000000000000001E
S31502015188000000000000000000000000000000000E
S3150201519800000000000000000000000000000000FE
S315020151A800000000000000000000000000000000EE
S315020151B800000000000000000000000000000000DE
S315020151C800000000000000000000000000000000CE
S315020151D800000000000000000000000000000000BE
S315020151E800000000000000000000000000000000AE
S315020151F8000000000000000000000000000000009E
S31502015208000000000000000000000000000000008D
S31502015218000000000000000000000000000000007D
S31502015228000000000000000000000000000000006D
S31502015238000000000000000000000000000000005D
S31502015248000000000000000000000000000000004D
S31502015258000000000000000000000000000000003D
S31502015268000000000000000000000000000000002D
S31502015278000000000000000000000000000000001D
S31502015288000000000000000000000000000000000D
S3150201529800000000000000000000000000000000FD
S315020152A800000000000000000000000000000000ED
S315020152B800000000000000000000000000000000DD
S315020152C800000000000000000000000000000000CD
S315020152D800000000000000000000000000000000BD
S315020152E800000000000000000000000000000000AD
S315020152F8000000000000000000000000000000009D
S31502015308000000000000000000000000000000008C
S31502015318000000000000000000000000000000007C
S31502015328000000000000000000000000000000006C
S31502015338000000000000000000000000000000005C
S31502015348000000000000000000000000000000004C
S31502015358000000000000000000000000000000003C
S31502015368000000000000000000000000000000002C
S31502015378000000000000000000000000000000001C
S31502015388000000000000000000000000000000000C
S3150201539800000000000000000000000000000000FC
S315020153A800000000000000000000000000000000EC
S315020153B800000000000000000000000000000000DC
S315020153C800000000000000000000000000000000CC
S315020153D800000000000000000000000000000000BC
S315020153E800000000000000000000000000000000AC
S315020153F8000000000000000000000000000000009C
S31502015408000000000000000000000000000000008B
S31502015418000000000000000000000000000000007B
S31502015428000000000000000000000000000000006B
S31502015438000000000000000000000000000000005B
S31502015448000000000000000000000000000000004B
S31502015458000000000000000000000000000000003B
S31502015468000000000000000000000000000000002B
S31502015478000000000000000000000000000000001B
S31502015488000000000000000000000000000000000B
S3150201549800000000000000000000000000000000FB
S315020154A800000000000000000000000000000000EB
S315020154B800000000000000000000000000000000DB
S315020154C800000000000000000000000000000000CB
S315020154D800000000000000000000000000000000BB
S315020154E800000000000000000000000000000000AB
S315020154F8000000000000000000000000000000009B
S31502015508000000000000000000000000000000008A
S31502015518000000000000000000000000000000007A
S31502015528000000000000000000000000000000006A
S31502015538000000000000000000000000000000005A
S31502015548000000000000000000000000000000004A
S31502015558000000000000000000000000000000003A
S31502015568000000000000000000000000000000002A
S31502015578000000000000000000000000000000001A
S31502015588000000000000000000000000000000000A
S3150201559800000000000000000000000000000000FA
S315020155A800000000000000000000000000000000EA
S315020155B800000000000000000000000000000000DA
S315020155C800000000000000000000000000000000CA
S315020155D800000000000000000000000000000000BA
S315020155E800000000000000000000000000000000AA
S315020155F8000000000000000000000000000000009A
S315020156080000000000000000000000000000000089
S315020156180000000000000000000000000000000079
S315020156280000000000000000000000000000000069
S315020156380000000000000000000000000000000059
S315020156480000000000000000000000000000000049
S315020156580000000000000000000000000000000039
S315020156680000000000000000000000000000000029
S315020156780000000000000000000000000000000019
S315020156880000000000000000000000000000000009
S3150201569800000000000000000000000000000000F9
S315020156A800000000000000000000000000000000E9
S315020156B800000000000000000000000000000000D9
S315020156C800000000000000000000000000000000C9
S315020156D800000000000000000000000000000000B9
S315020156E800000000000000000000000000000000A9
S315020156F80000000000000000000000000000000099
S315020157080000000000000000000000000000000088
S315020157180000000000000000000000000000000078
S315020157280000000000000000000000000000000068
S315020157380000000000000000000000000000000058
S315020157480000000000000000000000000000000048
S315020157580000000000000000000000000000000038
S315020157680000000000000000000000000000000028
S315020157780000000000000000000000000000000018
S315020157880000000000000000000000000000000008
S3150201579800000000000000000000000000000000F8
S315020157A800000000000000000000000000000000E8
S315020157B800000000000000000000000000000000D8
S315020157C800000000000000000000000000000000C8
S315020157D800000000000000000000000000000000B8
S315020157E800000000000000000000000000000000A8
S315020157F80000000000000000000000000000000098
S315020158080000000000000000000000000000000087
S315020158180000000000000000000000000000000077
S315020158280000000000000000000000000000000067
S315020158380000000000000000000000000000000057
S315020158480000000000000000000000000000000047
S315020158580000000000000000000000000000000037
S315020158680000000000000000000000000000000027
S315020158780000000000000000000000000000000017
S315020158880000000000000000000000000000000007
S3150201589800000000000000000000000000000000F7
S315020158A800000000000000000000000000000000E7
S315020158B800000000000000000000000000000000D7
S315020158C800000000000000000000000000000000C7
S315020158D800000000000000000000000000000000B7
S315020158E800000000000000000000000000000000A7
S315020158F80000000000000000000000000000000097
S315020159080000000000000000000000000000000086
S315020159180000000000000000000000000000000076
S315020159280000000000000000000000000000000066
S315020159380000000000000000000000000000000056
S315020159480000000000000000000000000000000046
S315020159580000000000000000000000000000000036
S315020159680000000000000000000000000000000026
S315020159780000000000000000000000000000000016
S315020159880000000000000000000000000000000006
S3150201599800000000000000000000000000000000F6
S315020159A800000000000000000000000000000000E6
S315020159B800000000000000000000000000000000D6
S315020159C800000000000000000000000000000000C6
S315020159D800000000000000000000000000000000B6
S315020159E800000000000000000000000000000000A6
S315020159F80000000000000000000000000000000096
S31502015A080000000000000000000000000000000085
S31502015A180000000000000000000000000000000075
S31502015A280000000000000000000000000000000065
S31502015A380000000000000000000000000000000055
S31502015A480000000000000000000000000000000045
S31502015A580000000000000000000000000000000035
S31502015A680000000000000000000000000000000025
S31502015A780000000000000000000000000000000015
S31502015A880000000000000000000000000000000005
S31502015A9800000000000000000000000000000000F5
S31502015AA800000000000000000000000000000000E5
S31502015AB800000000000000000000000000000000D5
S31502015AC800000000000000000000000000000000C5
S31502015AD800000000000000000000000000000000B5
S31502015AE800000000000000000000000000000000A5
S31502015AF80000000000000000000000000000000095
S31502015B080000000000000000000000000000000084
S31502015B180000000000000000000000000000000074
S31502015B280000000000000000000000000000000064
S31502015B380000000000000000000000000000000054
S31502015B480000000000000000000000000000000044
S31502015B580000000000000000000000000000000034
S31502015B680000000000000000000000000000000024
S31502015B780000000000000000000000000000000014
S31502015B880000000000000000000000000000000004
S31502015B9800000000000000000000000000000000F4
S31502015BA800000000000000000000000000000000E4
S31502015BB800000000000000000000000000000000D4
S31502015BC800000000000000000000000000000000C4
S31502015BD800000000000000000000000000000000B4
S31502015BE800000000000000000000000000000000A4
S31502015BF80000000000000000000000000000000094
S31502015C080000000000000000000000000000000083
S31502015C180000000000000000000000000000000073
S31502015C280000000000000000000000000000000063
S31502015C380000000000000000000000000000000053
S31502015C480000000000000000000000000000000043
S31502015C580000000000000000000000000000000033
S31502015C680000000000000000000000000000000023
S31502015C780000000000000000000000000000000013
S31502015C880000000000000000000000000000000003
S31502015C9800000000000000000000000000000000F3
S31502015CA800000000000000000000000000000000E3
S31502015CB800000000000000000000000000000000D3
S31502015CC800000000000000000000000000000000C3
S31502015CD800000000000000000000000000000000B3
S31502015CE800000000000000000000000000000000A3
S31502015CF80000000000000000000000000000000093
S31502015D080000000000000000000000000000000082
S31502015D180000000000000000000000000000000072
S31502015D280000000000000000000000000000000062
S31502015D380000000000000000000000000000000052
S31502015D480000000000000000000000000000000042
S31502015D580000000000000000000000000000000032
S31502015D680000000000000000000000000000000022
S31502015D780000000000000000000000000000000012
S31502015D880000000000000000000000000000000002
S31502015D9800000000000000000000000000000000F2
S31502015DA800000000000000000000000000000000E2
S31502015DB800000000000000000000000000000000D2
S31502015DC800000000000000000000000000000000C2
S31502015DD800000000000000000000000000000000B2
S31502015DE800000000000000000000000000000000A2
S31502015DF80000000000000000000000000000000092
S31502015E080000000000000000000000000000000081
S31502015E180000000000000000000000000000000071
S31502015E280000000000000000000000000000000061
S31502015E380000000000000000000000000000000051
S31502015E480000000000000000000000000000000041
S31502015E580000000000000000000000000000000031
S31502015E680000000000000000000000000000000021
S31502015E780000000000000000000000000000000011
S31502015E880000000000000000000000000000000001
S31502015E9800000000000000000000000000000000F1
S31502015EA800000000000000000000000000000000E1
S31502015EB800000000000000000000000000000000D1
S31502015EC800000000000000000000000000000000C1
S31502015ED800000000000000000000000000000000B1
S31502015EE800000000000000000000000000000000A1
S31502015EF80000000000000000000000000000000091
S31502015F080000000000000000000000000000000080
S31502015F180000000000000000000000000000000070
S31502015F280000000000000000000000000000000060
S31502015F380000000000000000000000000000000050
S31502015F480000000000000000000000000000000040
S31502015F580000000000000000000000000000000030
S31502015F680000000000000000000000000000000020
S31502015F780000000000000000000000000000000010
S31502015F880000000000000000000000000000000000
S31502015F9800000000000000000000000000000000F0
S31502015FA800000000000000000000000000000000E0
S31502015FB800000000000000000000000000000000D0
S31502015FC800000000000000000000000000000000C0
S31502015FD800000000000000000000000000000000B0
S31502015FE800000000000000000000000000000000A0
S31502015FF80000000000000000000000000000000090
S31502016008000000000000000000000000000000007F
S31502016018000000000000000000000000000000006F
S31502016028000000000000000000000000000000005F
S31502016038000000000000000000000000000000004F
S31502016048000000000000000000000000000000003F
S31502016058000000000000000000000000000000002F
S31502016068000000000000000000000000000000001F
S31502016078000000000000000000000000000000000F
S3150201608800000000000000000000000000000000FF
S3150201609800000000000000000000000000000000EF
S315020160A800000000000000000000000000000000DF
S315020160B800000000000000000000000000000000CF
S315020160C800000000000000000000000000000000BF
S315020160D800000000000000000000000000000000AF
S315020160E8000000000000000000000000000000009F
S315020160F8000000000000000000000000000000008F
S31502016108000000000000000000000000000000007E
S31502016118000000000000000000000000000000006E
S31502016128000000000000000000000000000000005E
S31502016138000000000000000000000000000000004E
S31502016148000000000000000000000000000000003E
S31502016158000000000000000000000000000000002E
S31502016168000000000000000000000000000000001E
S31502016178000000000000000000000000000000000E
S3150201618800000000000000000000000000000000FE
S3150201619800000000000000000000000000000000EE
S315020161A800000000000000000000000000000000DE
S315020161B800000000000000000000000000000000CE
S315020161C800000000000000000000000000000000BE
S315020161D800000000000000000000000000000000AE
S315020161E8000000000000000000000000000000009E
S315020161F8000000000000000000000000000000008E
S31502016208000000000000000000000000000000007D
S31502016218000000000000000000000000000000006D
S31502016228000000000000000000000000000000005D
S31502016238000000000000000000000000000000004D
S31502016248000000000000000000000000000000003D
S31502016258000000000000000000000000000000002D
S31502016268000000000000000000000000000000001D
S31502016278000000000000000000000000000000000D
S3150201628800000000000000000000000000000000FD
S3150201629800000000000000000000000000000000ED
S315020162A800000000000000000000000000000000DD
S315020162B800000000000000000000000000000000CD
S315020162C800000000000000000000000000000000BD
S315020162D800000000000000000000000000000000AD
S315020162E8000000000000000000000000000000009D
S315020162F8000000000000000000000000000000008D
S31502016308000000000000000000000000000000007C
S31502016318000000000000000000000000000000006C
S31502016328000000000000000000000000000000005C
S31502016338000000000000000000000000000000004C
S31502016348000000000000000000000000000000003C
S31502016358000000000000000000000000000000002C
S31502016368000000000000000000000000000000001C
S31502016378000000000000000000000000000000000C
S3150201638800000000000000000000000000000000FC
S3150201639800000000000000000000000000000000EC
S315020163A800000000000000000000000000000000DC
S315020163B800000000000000000000000000000000CC
S315020163C800000000000000000000000000000000BC
S315020163D800000000000000000000000000000000AC
S315020163E8000000000000000000000000000000009C
S315020163F8000000000000000000000000000000008C
S31502016408000000000000000000000000000000007B
S31502016418000000000000000000000000000000006B
S31502016428000000000000000000000000000000005B
S31502016438000000000000000000000000000000004B
S31502016448000000000000000000000000000000003B
S31502016458000000000000000000000000000000002B
S31502016468000000000000000000000000000000001B
S31502016478000000000000000000000000000000000B
S3150201648800000000000000000000000000000000FB
S3150201649800000000000000000000000000000000EB
S315020164A800000000000000000000000000000000DB
S315020164B800000000000000000000000000000000CB
S315020164C800000000000000000000000000000000BB
S315020164D800000000000000000000000000000000AB
S315020164E8000000000000000000000000000000009B
S315020164F8000000000000000000000000000000008B
S31502016508000000000000000000000000000000007A
S31502016518000000000000000000000000000000006A
S31502016528000000000000000000000000000000005A
S31502016538000000000000000000000000000000004A
S31502016548000000000000000000000000000000003A
S31502016558000000000000000000000000000000002A
S31502016568000000000000000000000000000000001A
S31502016578000000000000000000000000000000000A
S3150201658800000000000000000000000000000000FA
S3150201659800000000000000000000000000000000EA
S315020165A800000000000000000000000000000000DA
S315020165B800000000000000000000000000000000CA
S315020165C800000000000000000000000000000000BA
S315020165D800000000000000000000000000000000AA
S315020165E8000000000000000000000000000000009A
S315020165F8000000000000000000000000000000008A
S315020166080000000000000000000000000000000079
S315020166180000000000000000000000000000000069
S315020166280000000000000000000000000000000059
S315020166380000000000000000000000000000000049
S315020166480000000000000000000000000000000039
S315020166580000000000000000000000000000000029
S315020166680000000000000000000000000000000019
S315020166780000000000000000000000000000000009
S3150201668800000000000000000000000000000000F9
S3150201669800000000000000000000000000000000E9
S315020166A800000000000000000000000000000000D9
S315020166B800000000000000000000000000000000C9
S315020166C800000000000000000000000000000000B9
S315020166D800000000000000000000000000000000A9
S315020166E80000000000000000000000000000000099
S315020166F80000000000000000000000000000000089
S315020167080000000000000000000000000000000078
S315020167180000000000000000000000000000000068
S315020167280000000000000000000000000000000058
S315020167380000000000000000000000000000000048
S315020167480000000000000000000000000000000038
S315020167580000000000000000000000000000000028
S315020167680000000000000000000000000000000018
S315020167780000000000000000000000000000000008
S3150201678800000000000000000000000000000000F8
S3150201679800000000000000000000000000000000E8
S315020167A800000000000000000000000000000000D8
S315020167B800000000000000000000000000000000C8
S315020167C800000000000000000000000000000000B8
S315020167D800000000000000000000000000000000A8
S315020167E80000000000000000000000000000000098
S315020167F80000000000000000000000000000000088
S315020168080000000000000000000000000000000077
S315020168180000000000000000000000000000000067
S315020168280000000000000000000000000000000057
S315020168380000000000000000000000000000000047
S315020168480000000000000000000000000000000037
S315020168580000000000000000000000000000000027
S315020168680000000000000000000000000000000017
S315020168780000000000000000000000000000000007
S3150201688800000000000000000000000000000000F7
S3150201689800000000000000000000000000000000E7
S315020168A800000000000000000000000000000000D7
S315020168B800000000000000000000000000000000C7
S315020168C800000000000000000000000000000000B7
S315020168D800000000000000000000000000000000A7
S315020168E80000000000000000000000000000000097
S315020168F80000000000000000000000000000000087
S315020169080000000000000000000000000000000076
S315020169180000000000000000000000000000000066
S315020169280000000000000000000000000000000056
S315020169380000000000000000000000000000000046
S315020169480000000000000000000000000000000036
S315020169580000000000000000000000000000000026
S315020169680000000000000000000000000000000016
S315020169780000000000000000000000000000000006
S3150201698800000000000000000000000000000000F6
S3150201699800000000000000000000000000000000E6
S315020169A800000000000000000000000000000000D6
S315020169B800000000000000000000000000000000C6
S315020169C800000000000000000000000000000000B6
S315020169D800000000000000000000000000000000A6
S315020169E80000000000000000000000000000000096
S315020169F80000000000000000000000000000000086
S31502016A080000000000000000000000000000000075
S31502016A180000000000000000000000000000000065
S31502016A280000000000000000000000000000000055
S31502016A380000000000000000000000000000000045
S31502016A480000000000000000000000000000000035
S31502016A580000000000000000000000000000000025
S31502016A680000000000000000000000000000000015
S31502016A780000000000000000000000000000000005
S31502016A8800000000000000000000000000000000F5
S31502016A9800000000000000000000000000000000E5
S31502016AA800000000000000000000000000000000D5
S31502016AB800000000000000000000000000000000C5
S31502016AC800000000000000000000000000000000B5
S31502016AD800000000000000000000000000000000A5
S31502016AE80000000000000000000000000000000095
S31502016AF80000000000000000000000000000000085
S31502016B080000000000000000000000000000000074
S31502016B180000000000000000000000000000000064
S31502016B280000000000000000000000000000000054
S31502016B380000000000000000000000000000000044
S31502016B480000000000000000000000000000000034
S31502016B580000000000000000000000000000000024
S31502016B680000000000000000000000000000000014
S31502016B780000000000000000000000000000000004
S31502016B8800000000000000000000000000000000F4
S31502016B9800000000000000000000000000000000E4
S31502016BA800000000000000000000000000000000D4
S31502016BB800000000000000000000000000000000C4
S31502016BC800000000000000000000000000000000B4
S31502016BD800000000000000000000000000000000A4
S31502016BE80000000000000000000000000000000094
S31502016BF80000000000000000000000000000000084
S31502016C080000000000000000000000000000000073
S31502016C180000000000000000000000000000000063
S31502016C280000000000000000000000000000000053
S31502016C380000000000000000000000000000000043
S31502016C480000000000000000000000000000000033
S31502016C580000000000000000000000000000000023
S31502016C680000000000000000000000000000000013
S31502016C780000000000000000000000000000000003
S31502016C8800000000000000000000000000000000F3
S31502016C9800000000000000000000000000000000E3
S31502016CA800000000000000000000000000000000D3
S31502016CB800000000000000000000000000000000C3
S31502016CC800000000000000000000000000000000B3
S31502016CD800000000000000000000000000000000A3
S31502016CE80000000000000000000000000000000093
S31502016CF80000000000000000000000000000000083
S31502016D080000000000000000000000000000000072
S31502016D180000000000000000000000000000000062
S31502016D280000000000000000000000000000000052
S31502016D380000000000000000000000000000000042
S31502016D480000000000000000000000000000000032
S31502016D580000000000000000000000000000000022
S31502016D680000000000000000000000000000000012
S31502016D780000000000000000000000000000000002
S31502016D8800000000000000000000000000000000F2
S31502016D9800000000000000000000000000000000E2
S31502016DA800000000000000000000000000000000D2
S31502016DB800000000000000000000000000000000C2
S31502016DC800000000000000000000000000000000B2
S31502016DD800000000000000000000000000000000A2
S31502016DE80000000000000000000000000000000092
S31502016DF80000000000000000000000000000000082
S31502016E080000000000000000000000000000000071
S31502016E180000000000000000000000000000000061
S31502016E280000000000000000000000000000000051
S31502016E380000000000000000000000000000000041
S31502016E480000000000000000000000000000000031
S31502016E580000000000000000000000000000000021
S31502016E680000000000000000000000000000000011
S31502016E780000000000000000000000000000000001
S31502016E8800000000000000000000000000000000F1
S31502016E9800000000000000000000000000000000E1
S31502016EA800000000000000000000000000000000D1
S31502016EB800000000000000000000000000000000C1
S31502016EC800000000000000000000000000000000B1
S31502016ED800000000000000000000000000000000A1
S31502016EE80000000000000000000000000000000091
S31502016EF80000000000000000000000000000000081
S31502016F080000000000000000000000000000000070
S31502016F180000000000000000000000000000000060
S31502016F280000000000000000000000000000000050
S31502016F380000000000000000000000000000000040
S31502016F480000000000000000000000000000000030
S31502016F580000000000000000000000000000000020
S31502016F680000000000000000000000000000000010
S31502016F780000000000000000000000000000000000
S31502016F8800000000000000000000000000000000F0
S31502016F9800000000000000000000000000000000E0
S31502016FA800000000000000000000000000000000D0
S31502016FB800000000000000000000000000000000C0
S31502016FC800000000000000000000000000000000B0
S31502016FD800000000000000000000000000000000A0
S31502016FE80000000000000000000000000000000090
S31502016FF80000000000000000000000000000000080
S31502017008000000000000000000000000000000006F
S31502017018000000000000000000000000000000005F
S31502017028000000000000000000000000000000004F
S31502017038000000000000000000000000000000003F
S31502017048000000000000000000000000000000002F
S31502017058000000000000000000000000000000001F
S31502017068000000000000000000000000000000000F
S3150201707800000000000000000000000000000000FF
S3150201708800000000000000000000000000000000EF
S3150201709800000000000000000000000000000000DF
S315020170A800000000000000000000000000000000CF
S315020170B800000000000000000000000000000000BF
S315020170C800000000000000000000000000000000AF
S315020170D8000000000000000000000000000000009F
S315020170E8000000000000000000000000000000008F
S315020170F8000000000000000000000000000000007F
S31502017108000000000000000000000000000000006E
S31502017118000000000000000000000000000000005E
S31502017128000000000000000000000000000000004E
S31502017138000000000000000000000000000000003E
S31502017148000000000000000000000000000000002E
S31502017158000000000000000000000000000000001E
S31502017168000000000000000000000000000000000E
S3150201717800000000000000000000000000000000FE
S3150201718800000000000000000000000000000000EE
S3150201719800000000000000000000000000000000DE
S315020171A800000000000000000000000000000000CE
S315020171B800000000000000000000000000000000BE
S315020171C800000000000000000000000000000000AE
S315020171D8000000000000000000000000000000009E
S315020171E8000000000000000000000000000000008E
S315020171F8000000000000000000000000000000007E
S31502017208000000000000000000000000000000006D
S31502017218000000000000000000000000000000005D
S31502017228000000000000000000000000000000004D
S31502017238000000000000000000000000000000003D
S31502017248000000000000000000000000000000002D
S31502017258000000000000000000000000000000001D
S31502017268000000000000000000000000000000000D
S3150201727800000000000000000000000000000000FD
S3150201728800000000000000000000000000000000ED
S3150201729800000000000000000000000000000000DD
S315020172A800000000000000000000000000000000CD
S315020172B800000000000000000000000000000000BD
S315020172C800000000000000000000000000000000AD
S315020172D8000000000000000000000000000000009D
S315020172E8000000000000000000000000000000008D
S315020172F8000000000000000000000000000000007D
S31502017308000000000000000000000000000000006C
S31502017318000000000000000000000000000000005C
S31502017328000000000000000000000000000000004C
S31502017338000000000000000000000000000000003C
S31502017348000000000000000000000000000000002C
S31502017358000000000000000000000000000000001C
S31502017368000000000000000000000000000000000C
S3150201737800000000000000000000000000000000FC
S3150201738800000000000000000000000000000000EC
S3150201739800000000000000000000000000000000DC
S315020173A800000000000000000000000000000000CC
S315020173B800000000000000000000000000000000BC
S315020173C800000000000000000000000000000000AC
S315020173D8000000000000000000000000000000009C
S315020173E8000000000000000000000000000000008C
S315020173F8000000000000000000000000000000007C
S31502017408000000000000000000000000000000006B
S31502017418000000000000000000000000000000005B
S31502017428000000000000000000000000000000004B
S31502017438000000000000000000000000000000003B
S31502017448000000000000000000000000000000002B
S31502017458000000000000000000000000000000001B
S31502017468000000000000000000000000000000000B
S3150201747800000000000000000000000000000000FB
S3150201748800000000000000000000000000000000EB
S3150201749800000000000000000000000000000000DB
S315020174A800000000000000000000000000000000CB
S315020174B800000000000000000000000000000000BB
S315020174C800000000000000000000000000000000AB
S315020174D8000000000000000000000000000000009B
S315020174E8000000000000000000000000000000008B
S315020174F8000000000000000000000000000000007B
S31502017508000000000000000000000000000000006A
S31502017518000000000000000000000000000000005A
S31502017528000000000000000000000000000000004A
S31502017538000000000000000000000000000000003A
S31502017548000000000000000000000000000000002A
S31502017558000000000000000000000000000000001A
S31502017568000000000000000000000000000000000A
S3150201757800000000000000000000000000000000FA
S3150201758800000000000000000000000000000000EA
S3150201759800000000000000000000000000000000DA
S315020175A800000000000000000000000000000000CA
S315020175B800000000000000000000000000000000BA
S315020175C800000000000000000000000000000000AA
S315020175D8000000000000000000000000000000009A
S315020175E8000000000000000000000000000000008A
S315020175F8000000000000000000000000000000007A
S315020176080000000000000000000000000000000069
S315020176180000000000000000000000000000000059
S315020176280000000000000000000000000000000049
S315020176380000000000000000000000000000000039
S315020176480000000000000000000000000000000029
S315020176580000000000000000000000000000000019
S315020176680000000000000000000000000000000009
S3150201767800000000000000000000000000000000F9
S3150201768800000000000000000000000000000000E9
S3150201769800000000000000000000000000000000D9
S315020176A800000000000000000000000000000000C9
S315020176B800000000000000000000000000000000B9
S315020176C800000000000000000000000000000000A9
S315020176D80000000000000000000000000000000099
S315020176E80000000000000000000000000000000089
S315020176F80000000000000000000000000000000079
S315020177080000000000000000000000000000000068
S315020177180000000000000000000000000000000058
S315020177280000000000000000000000000000000048
S315020177380000000000000000000000000000000038
S315020177480000000000000000000000000000000028
S315020177580000000000000000000000000000000018
S315020177680000000000000000000000000000000008
S3150201777800000000000000000000000000000000F8
S3150201778800000000000000000000000000000000E8
S3150201779800000000000000000000000000000000D8
S315020177A800000000000000000000000000000000C8
S315020177B800000000000000000000000000000000B8
S315020177C800000000000000000000000000000000A8
S315020177D80000000000000000000000000000000098
S315020177E80000000000000000000000000000000088
S315020177F80000000000000000000000000000000078
S315020178080000000000000000000000000000000067
S315020178180000000000000000000000000000000057
S315020178280000000000000000000000000000000047
S315020178380000000000000000000000000000000037
S315020178480000000000000000000000000000000027
S315020178580000000000000000000000000000000017
S315020178680000000000000000000000000000000007
S3150201787800000000000000000000000000000000F7
S3150201788800000000000000000000000000000000E7
S3150201789800000000000000000000000000000000D7
S315020178A800000000000000000000000000000000C7
S315020178B800000000000000000000000000000000B7
S315020178C800000000000000000000000000000000A7
S315020178D80000000000000000000000000000000097
S315020178E80000000000000000000000000000000087
S315020178F80000000000000000000000000000000077
S315020179080000000000000000000000000000000066
S315020179180000000000000000000000000000000056
S315020179280000000000000000000000000000000046
S315020179380000000000000000000000000000000036
S315020179480000000000000000000000000000000026
S315020179580000000000000000000000000000000016
S315020179680000000000000000000000000000000006
S3150201797800000000000000000000000000000000F6
S3150201798800000000000000000000000000000000E6
S3150201799800000000000000000000000000000000D6
S315020179A800000000000000000000000000000000C6
S315020179B800000000000000000000000000000000B6
S315020179C800000000000000000000000000000000A6
S315020179D80000000000000000000000000000000096
S315020179E80000000000000000000000000000000086
S315020179F80000000000000000000000000000000076
S31502017A080000000000000000000000000000000065
S31502017A180000000000000000000000000000000055
S31502017A280000000000000000000000000000000045
S31502017A380000000000000000000000000000000035
S31502017A480000000000000000000000000000000025
S31502017A580000000000000000000000000000000015
S31502017A680000000000000000000000000000000005
S31502017A7800000000000000000000000000000000F5
S31502017A8800000000000000000000000000000000E5
S31502017A9800000000000000000000000000000000D5
S31502017AA800000000000000000000000000000000C5
S31502017AB800000000000000000000000000000000B5
S31502017AC800000000000000000000000000000000A5
S31502017AD80000000000000000000000000000000095
S31502017AE80000000000000000000000000000000085
S31502017AF80000000000000000000000000000000075
S31502017B080000000000000000000000000000000064
S31502017B180000000000000000000000000000000054
S31502017B280000000000000000000000000000000044
S31502017B380000000000000000000000000000000034
S31502017B480000000000000000000000000000000024
S31502017B580000000000000000000000000000000014
S31502017B680000000000000000000000000000000004
S31502017B7800000000000000000000000000000000F4
S31502017B8800000000000000000000000000000000E4
S31502017B9800000000000000000000000000000000D4
S31502017BA800000000000000000000000000000000C4
S31502017BB800000000000000000000000000000000B4
S31502017BC800000000000000000000000000000000A4
S31502017BD80000000000000000000000000000000094
S31502017BE80000000000000000000000000000000084
S31502017BF80000000000000000000000000000000074
S31502017C080000000000000000000000000000000063
S31502017C180000000000000000000000000000000053
S31502017C280000000000000000000000000000000043
S31502017C380000000000000000000000000000000033
S31502017C480000000000000000000000000000000023
S31502017C580000000000000000000000000000000013
S31502017C680000000000000000000000000000000003
S31502017C7800000000000000000000000000000000F3
S31502017C8800000000000000000000000000000000E3
S31502017C9800000000000000000000000000000000D3
S31502017CA800000000000000000000000000000000C3
S31502017CB800000000000000000000000000000000B3
S31502017CC800000000000000000000000000000000A3
S31502017CD80000000000000000000000000000000093
S31502017CE80000000000000000000000000000000083
S31502017CF80000000000000000000000000000000073
S31502017D080000000000000000000000000000000062
S31502017D180000000000000000000000000000000052
S31502017D280000000000000000000000000000000042
S31502017D380000000000000000000000000000000032
S31502017D480000000000000000000000000000000022
S31502017D580000000000000000000000000000000012
S31502017D680000000000000000000000000000000002
S31502017D7800000000000000000000000000000000F2
S31502017D8800000000000000000000000000000000E2
S31502017D9800000000000000000000000000000000D2
S31502017DA800000000000000000000000000000000C2
S31502017DB800000000000000000000000000000000B2
S31502017DC800000000000000000000000000000000A2
S31502017DD80000000000000000000000000000000092
S31502017DE80000000000000000000000000000000082
S31502017DF80000000000000000000000000000000072
S31502017E080000000000000000000000000000000061
S31502017E180000000000000000000000000000000051
S31502017E280000000000000000000000000000000041
S31502017E380000000000000000000000000000000031
S31502017E480000000000000000000000000000000021
S31502017E580000000000000000000000000000000011
S31502017E680000000000000000000000000000000001
S31502017E7800000000000000000000000000000000F1
S31502017E8800000000000000000000000000000000E1
S31502017E9800000000000000000000000000000000D1
S31502017EA800000000000000000000000000000000C1
S31502017EB800000000000000000000000000000000B1
S31502017EC800000000000000000000000000000000A1
S31502017ED80000000000000000000000000000000091
S31502017EE80000000000000000000000000000000081
S31502017EF80000000000000000000000000000000071
S31502017F080000000000000000000000000000000060
S31502017F180000000000000000000000000000000050
S31502017F280000000000000000000000000000000040
S31502017F380000000000000000000000000000000030
S31502017F480000000000000000000000000000000020
S31502017F580000000000000000000000000000000010
S31502017F680000000000000000000000000000000000
S31502017F7800000000000000000000000000000000F0
S31502017F8800000000000000000000000000000000E0
S31502017F9800000000000000000000000000000000D0
S31502017FA800000000000000000000000000000000C0
S31502017FB800000000000000000000000000000000B0
S31502017FC800000000000000000000000000000000A0
S31502017FD80000000000000000000000000000000090
S31502017FE80000000000000000000000000000000080
S31502017FF80000000000000000000000000000000070
S31502018008000000000000000000000000000000005F
S31502018018000000000000000000000000000000004F
S31502018028000000000000000000000000000000003F
S31502018038000000000000000000000000000000002F
S31502018048000000000000000000000000000000001F
S31502018058000000000000000000000000000000000F
S3150201806800000000000000000000000000000000FF
S3150201807800000000000000000000000000000000EF
S3150201808800000000000000000000000000000000DF
S3150201809800000000000000000000000000000000CF
S315020180A800000000000000000000000000000000BF
S315020180B800000000000000000000000000000000AF
S315020180C8000000000000000000000000000000009F
S315020180D8000000000000000000000000000000008F
S315020180E8000000000000000000000000000000007F
S315020180F8000000000000000000000000000000006F
S31502018108000000000000000000000000000000005E
S31502018118000000000000000000000000000000004E
S31502018128000000000000000000000000000000003E
S31502018138000000000000000000000000000000002E
S31502018148000000000000000000000000000000001E
S31502018158000000000000000000000000000000000E
S3150201816800000000000000000000000000000000FE
S3150201817800000000000000000000000000000000EE
S3150201818800000000000000000000000000000000DE
S3150201819800000000000000000000000000000000CE
S315020181A800000000000000000000000000000000BE
S315020181B800000000000000000000000000000000AE
S315020181C8000000000000000000000000000000009E
S315020181D8000000000000000000000000000000008E
S315020181E8000000000000000000000000000000007E
S315020181F8000000000000000000000000000000006E
S31502018208000000000000000000000000000000005D
S31502018218000000000000000000000000000000004D
S31502018228000000000000000000000000000000003D
S31502018238000000000000000000000000000000002D
S31502018248000000000000000000000000000000001D
S31502018258000000000000000000000000000000000D
S3150201826800000000000000000000000000000000FD
S3150201827800000000000000000000000000000000ED
S3150201828800000000000000000000000000000000DD
S3150201829800000000000000000000000000000000CD
S315020182A800000000000000000000000000000000BD
S315020182B800000000000000000000000000000000AD
S315020182C8000000000000000000000000000000009D
S315020182D8000000000000000000000000000000008D
S315020182E8000000000000000000000000000000007D
S315020182F8000000000000000000000000000000006D
S31502018308000000000000000000000000000000005C
S31502018318000000000000000000000000000000004C
S31502018328000000000000000000000000000000003C
S31502018338000000000000000000000000000000002C
S31502018348000000000000000000000000000000001C
S31502018358000000000000000000000000000000000C
S3150201836800000000000000000000000000000000FC
S3150201837800000000000000000000000000000000EC
S3150201838800000000000000000000000000000000DC
S3150201839800000000000000000000000000000000CC
S315020183A800000000000000000000000000000000BC
S315020183B800000000000000000000000000000000AC
S315020183C8000000000000000000000000000000009C
S315020183D8000000000000000000000000000000008C
S315020183E8000000000000000000000000000000007C
S315020183F8000000000000000000000000000000006C
S31502018408000000000000000000000000000000005B
S31502018418000000000000000000000000000000004B
S31502018428000000000000000000000000000000003B
S31502018438000000000000000000000000000000002B
S31502018448000000000000000000000000000000001B
S31502018458000000000000000000000000000000000B
S3150201846800000000000000000000000000000000FB
S3150201847800000000000000000000000000000000EB
S3150201848800000000000000000000000000000000DB
S3150201849800000000000000000000000000000000CB
S315020184A800000000000000000000000000000000BB
S315020184B800000000000000000000000000000000AB
S315020184C8000000000000000000000000000000009B
S315020184D8000000000000000000000000000000008B
S315020184E8000000000000000000000000000000007B
S315020184F8000000000000000000000000000000006B
S31502018508000000000000000000000000000000005A
S31502018518000000000000000000000000000000004A
S31502018528000000000000000000000000000000003A
S31502018538000000000000000000000000000000002A
S31502018548000000000000000000000000000000001A
S31502018558000000000000000000000000000000000A
S3150201856800000000000000000000000000000000FA
S3150201857800000000000000000000000000000000EA
S3150201858800000000000000000000000000000000DA
S3150201859800000000000000000000000000000000CA
S315020185A800000000000000000000000000000000BA
S315020185B800000000000000000000000000000000AA
S315020185C8000000000000000000000000000000009A
S315020185D8000000000000000000000000000000008A
S315020185E8000000000000000000000000000000007A
S315020185F8000000000000000000000000000000006A
S315020186080000000000000000000000000000000059
S315020186180000000000000000000000000000000049
S315020186280000000000000000000000000000000039
S315020186380000000000000000000000000000000029
S315020186480000000000000000000000000000000019
S315020186580000000000000000000000000000000009
S3150201866800000000000000000000000000000000F9
S3150201867800000000000000000000000000000000E9
S3150201868800000000000000000000000000000000D9
S3150201869800000000000000000000000000000000C9
S315020186A800000000000000000000000000000000B9
S315020186B800000000000000000000000000000000A9
S315020186C80000000000000000000000000000000099
S315020186D80000000000000000000000000000000089
S315020186E80000000000000000000000000000000079
S315020186F80000000000000000000000000000000069
S315020187080000000000000000000000000000000058
S315020187180000000000000000000000000000000048
S315020187280000000000000000000000000000000038
S315020187380000000000000000000000000000000028
S315020187480000000000000000000000000000000018
S315020187580000000000000000000000000000000008
S3150201876800000000000000000000000000000000F8
S3150201877800000000000000000000000000000000E8
S3150201878800000000000000000000000000000000D8
S3150201879800000000000000000000000000000000C8
S315020187A800000000000000000000000000000000B8
S315020187B800000000000000000000000000000000A8
S315020187C80000000000000000000000000000000098
S315020187D80000000000000000000000000000000088
S315020187E80000000000000000000000000000000078
S315020187F80000000000000000000000000000000068
S315020188080000000000000000000000000000000057
S315020188180000000000000000000000000000000047
S315020188280000000000000000000000000000000037
S315020188380000000000000000000000000000000027
S315020188480000000000000000000000000000000017
S315020188580000000000000000000000000000000007
S3150201886800000000000000000000000000000000F7
S3150201887800000000000000000000000000000000E7
S3150201888800000000000000000000000000000000D7
S3150201889800000000000000000000000000000000C7
S315020188A800000000000000000000000000000000B7
S315020188B800000000000000000000000000000000A7
S315020188C80000000000000000000000000000000097
S315020188D80000000000000000000000000000000087
S315020188E80000000000000000000000000000000077
S315020188F80000000000000000000000000000000067
S315020189080000000000000000000000000000000056
S315020189180000000000000000000000000000000046
S315020189280000000000000000000000000000000036
S315020189380000000000000000000000000000000026
S315020189480000000000000000000000000000000016
S315020189580000000000000000000000000000000006
S3150201896800000000000000000000000000000000F6
S3150201897800000000000000000000000000000000E6
S3150201898800000000000000000000000000000000D6
S3150201899800000000000000000000000000000000C6
S315020189A800000000000000000000000000000000B6
S315020189B800000000000000000000000000000000A6
S315020189C80000000000000000000000000000000096
S315020189D80000000000000000000000000000000086
S315020189E80000000000000000000000000000000076
S315020189F80000000000000000000000000000000066
S31502018A080000000000000000000000000000000055
S31502018A180000000000000000000000000000000045
S31502018A280000000000000000000000000000000035
S31502018A380000000000000000000000000000000025
S31502018A480000000000000000000000000000000015
S31502018A580000000000000000000000000000000005
S31502018A6800000000000000000000000000000000F5
S31502018A7800000000000000000000000000000000E5
S31502018A8800000000000000000000000000000000D5
S31502018A9800000000000000000000000000000000C5
S31502018AA800000000000000000000000000000000B5
S31502018AB800000000000000000000000000000000A5
S31502018AC80000000000000000000000000000000095
S31502018AD80000000000000000000000000000000085
S31502018AE80000000000000000000000000000000075
S31502018AF80000000000000000000000000000000065
S31502018B080000000000000000000000000000000054
S31502018B180000000000000000000000000000000044
S31502018B280000000000000000000000000000000034
S31502018B380000000000000000000000000000000024
S31502018B480000000000000000000000000000000014
S31502018B580000000000000000000000000000000004
S31502018B6800000000000000000000000000000000F4
S31502018B7800000000000000000000000000000000E4
S31502018B8800000000000000000000000000000000D4
S31502018B9800000000000000000000000000000000C4
S31502018BA800000000000000000000000000000000B4
S31502018BB800000000000000000000000000000000A4
S31502018BC80000000000000000000000000000000094
S31502018BD80000000000000000000000000000000084
S31502018BE80000000000000000000000000000000074
S31502018BF80000000000000000000000000000000064
S31502018C080000000000000000000000000000000053
S31502018C180000000000000000000000000000000043
S31502018C280000000000000000000000000000000033
S31502018C380000000000000000000000000000000023
S31502018C480000000000000000000000000000000013
S31502018C580000000000000000000000000000000003
S31502018C6800000000000000000000000000000000F3
S31502018C7800000000000000000000000000000000E3
S31502018C8800000000000000000000000000000000D3
S31502018C9800000000000000000000000000000000C3
S31502018CA800000000000000000000000000000000B3
S31502018CB800000000000000000000000000000000A3
S31502018CC80000000000000000000000000000000093
S31502018CD80000000000000000000000000000000083
S31502018CE80000000000000000000000000000000073
S31502018CF80000000000000000000000000000000063
S31502018D080000000000000000000000000000000052
S31502018D180000000000000000000000000000000042
S31502018D280000000000000000000000000000000032
S31502018D380000000000000000000000000000000022
S31502018D480000000000000000000000000000000012
S31502018D580000000000000000000000000000000002
S31502018D6800000000000000000000000000000000F2
S31502018D7800000000000000000000000000000000E2
S31502018D8800000000000000000000000000000000D2
S31502018D9800000000000000000000000000000000C2
S31502018DA800000000000000000000000000000000B2
S31502018DB800000000000000000000000000000000A2
S31502018DC80000000000000000000000000000000092
S31502018DD80000000000000000000000000000000082
S31502018DE80000000000000000000000000000000072
S31502018DF80000000000000000000000000000000062
S31502018E080000000000000000000000000000000051
S31502018E180000000000000000000000000000000041
S31502018E280000000000000000000000000000000031
S31502018E380000000000000000000000000000000021
S31502018E480000000000000000000000000000000011
S31502018E580000000000000000000000000000000001
S31502018E6800000000000000000000000000000000F1
S31502018E7800000000000000000000000000000000E1
S31502018E8800000000000000000000000000000000D1
S31502018E9800000000000000000000000000000000C1
S31502018EA800000000000000000000000000000000B1
S31502018EB800000000000000000000000000000000A1
S31502018EC80000000000000000000000000000000091
S31502018ED80000000000000000000000000000000081
S31502018EE80000000000000000000000000000000071
S31502018EF80000000000000000000000000000000061
S31502018F080000000000000000000000000000000050
S31502018F180000000000000000000000000000000040
S31502018F280000000000000000000000000000000030
S31502018F380000000000000000000000000000000020
S31502018F480000000000000000000000000000000010
S31502018F580000000000000000000000000000000000
S31502018F6800000000000000000000000000000000F0
S31502018F7800000000000000000000000000000000E0
S31502018F8800000000000000000000000000000000D0
S31502018F9800000000000000000000000000000000C0
S31502018FA800000000000000000000000000000000B0
S31502018FB800000000000000000000000000000000A0
S31502018FC80000000000000000000000000000000090
S31502018FD80000000000000000000000000000000080
S31502018FE80000000000000000000000000000000070
S31502018FF80000000000000000000000000000000060
S31502019008000000000000000000000000000000004F
S31502019018000000000000000000000000000000003F
S31502019028000000000000000000000000000000002F
S31502019038000000000000000000000000000000001F
S31502019048000000000000000000000000000000000F
S3150201905800000000000000000000000000000000FF
S3150201906800000000000000000000000000000000EF
S3150201907800000000000000000000000000000000DF
S3150201908800000000000000000000000000000000CF
S3150201909800000000000000000000000000000000BF
S315020190A800000000000000000000000000000000AF
S315020190B8000000000000000000000000000000009F
S315020190C8000000000000000000000000000000008F
S315020190D8000000000000000000000000000000007F
S315020190E8000000000000000000000000000000006F
S315020190F8000000000000000000000000000000005F
S31502019108000000000000000000000000000000004E
S31502019118000000000000000000000000000000003E
S31502019128000000000000000000000000000000002E
S31502019138000000000000000000000000000000001E
S31502019148000000000000000000000000000000000E
S3150201915800000000000000000000000000000000FE
S3150201916800000000000000000000000000000000EE
S3150201917800000000000000000000000000000000DE
S3150201918800000000000000000000000000000000CE
S3150201919800000000000000000000000000000000BE
S315020191A800000000000000000000000000000000AE
S315020191B8000000000000000000000000000000009E
S315020191C8000000000000000000000000000000008E
S315020191D8000000000000000000000000000000007E
S315020191E8000000000000000000000000000000006E
S315020191F8000000000000000000000000000000005E
S31502019208000000000000000000000000000000004D
S31502019218000000000000000000000000000000003D
S31502019228000000000000000000000000000000002D
S31502019238000000000000000000000000000000001D
S31502019248000000000000000000000000000000000D
S3150201925800000000000000000000000000000000FD
S3150201926800000000000000000000000000000000ED
S3150201927800000000000000000000000000000000DD
S3150201928800000000000000000000000000000000CD
S3150201929800000000000000000000000000000000BD
S315020192A800000000000000000000000000000000AD
S315020192B8000000000000000000000000000000009D
S315020192C8000000000000000000000000000000008D
S315020192D8000000000000000000000000000000007D
S315020192E8000000000000000000000000000000006D
S315020192F8000000000000000000000000000000005D
S31502019308000000000000000000000000000000004C
S31502019318000000000000000000000000000000003C
S31502019328000000000000000000000000000000002C
S31502019338000000000000000000000000000000001C
S31502019348000000000000000000000000000000000C
S3150201935800000000000000000000000000000000FC
S3150201936800000000000000000000000000000000EC
S3150201937800000000000000000000000000000000DC
S3150201938800000000000000000000000000000000CC
S3150201939800000000000000000000000000000000BC
S315020193A800000000000000000000000000000000AC
S315020193B8000000000000000000000000000000009C
S315020193C8000000000000000000000000000000008C
S315020193D8000000000000000000000000000000007C
S315020193E8000000000000000000000000000000006C
S315020193F8000000000000000000000000000000005C
S31502019408000000000000000000000000000000004B
S31502019418000000000000000000000000000000003B
S31502019428000000000000000000000000000000002B
S31502019438000000000000000000000000000000001B
S31502019448000000000000000000000000000000000B
S3150201945800000000000000000000000000000000FB
S3150201946800000000000000000000000000000000EB
S3150201947800000000000000000000000000000000DB
S3150201948800000000000000000000000000000000CB
S3150201949800000000000000000000000000000000BB
S315020194A800000000000000000000000000000000AB
S315020194B8000000000000000000000000000000009B
S315020194C8000000000000000000000000000000008B
S315020194D8000000000000000000000000000000007B
S315020194E8000000000000000000000000000000006B
S315020194F8000000000000000000000000000000005B
S31502019508000000000000000000000000000000004A
S31502019518000000000000000000000000000000003A
S31502019528000000000000000000000000000000002A
S31502019538000000000000000000000000000000001A
S31502019548000000000000000000000000000000000A
S3150201955800000000000000000000000000000000FA
S3150201956800000000000000000000000000000000EA
S3150201957800000000000000000000000000000000DA
S3150201958800000000000000000000000000000000CA
S3150201959800000000000000000000000000000000BA
S315020195A800000000000000000000000000000000AA
S315020195B8000000000000000000000000000000009A
S315020195C8000000000000000000000000000000008A
S315020195D8000000000000000000000000000000007A
S315020195E8000000000000000000000000000000006A
S315020195F8000000000000000000000000000000005A
S315020196080000000000000000000000000000000049
S315020196180000000000000000000000000000000039
S315020196280000000000000000000000000000000029
S315020196380000000000000000000000000000000019
S315020196480000000000000000000000000000000009
S3150201965800000000000000000000000000000000F9
S3150201966800000000000000000000000000000000E9
S3150201967800000000000000000000000000000000D9
S3150201968800000000000000000000000000000000C9
S3150201969800000000000000000000000000000000B9
S315020196A800000000000000000000000000000000A9
S315020196B80000000000000000000000000000000099
S315020196C80000000000000000000000000000000089
S315020196D80000000000000000000000000000000079
S315020196E80000000000000000000000000000000069
S315020196F80000000000000000000000000000000059
S315020197080000000000000000000000000000000048
S315020197180000000000000000000000000000000038
S315020197280000000000000000000000000000000028
S315020197380000000000000000000000000000000018
S315020197480000000000000000000000000000000008
S3150201975800000000000000000000000000000000F8
S3150201976800000000000000000000000000000000E8
S3150201977800000000000000000000000000000000D8
S3150201978800000000000000000000000000000000C8
S3150201979800000000000000000000000000000000B8
S315020197A800000000000000000000000000000000A8
S315020197B80000000000000000000000000000000098
S315020197C80000000000000000000000000000000088
S315020197D80000000000000000000000000000000078
S315020197E80000000000000000000000000000000068
S315020197F80000000000000000000000000000000058
S315020198080000000000000000000000000000000047
S315020198180000000000000000000000000000000037
S315020198280000000000000000000000000000000027
S315020198380000000000000000000000000000000017
S315020198480000000000000000000000000000000007
S3150201985800000000000000000000000000000000F7
S3150201986800000000000000000000000000000000E7
S3150201987800000000000000000000000000000000D7
S3150201988800000000000000000000000000000000C7
S3150201989800000000000000000000000000000000B7
S315020198A800000000000000000000000000000000A7
S315020198B80000000000000000000000000000000097
S315020198C80000000000000000000000000000000087
S315020198D80000000000000000000000000000000077
S315020198E80000000000000000000000000000000067
S315020198F80000000000000000000000000000000057
S315020199080000000000000000000000000000000046
S315020199180000000000000000000000000000000036
S315020199280000000000000000000000000000000026
S315020199380000000000000000000000000000000016
S315020199480000000000000000000000000000000006
S3150201995800000000000000000000000000000000F6
S3150201996800000000000000000000000000000000E6
S3150201997800000000000000000000000000000000D6
S3150201998800000000000000000000000000000000C6
S3150201999800000000000000000000000000000000B6
S315020199A800000000000000000000000000000000A6
S315020199B80000000000000000000000000000000096
S315020199C80000000000000000000000000000000086
S315020199D80000000000000000000000000000000076
S315020199E80000000000000000000000000000000066
S315020199F80000000000000000000000000000000056
S31502019A080000000000000000000000000000000045
S31502019A180000000000000000000000000000000035
S31502019A280000000000000000000000000000000025
S31502019A380000000000000000000000000000000015
S31502019A480000000000000000000000000000000005
S31502019A5800000000000000000000000000000000F5
S31502019A6800000000000000000000000000000000E5
S31502019A7800000000000000000000000000000000D5
S31502019A8800000000000000000000000000000000C5
S31502019A9800000000000000000000000000000000B5
S31502019AA800000000000000000000000000000000A5
S31502019AB80000000000000000000000000000000095
S31502019AC80000000000000000000000000000000085
S31502019AD80000000000000000000000000000000075
S31502019AE80000000000000000000000000000000065
S31502019AF80000000000000000000000000000000055
S31502019B080000000000000000000000000000000044
S31502019B180000000000000000000000000000000034
S31502019B280000000000000000000000000000000024
S31502019B380000000000000000000000000000000014
S31502019B480000000000000000000000000000000004
S31502019B5800000000000000000000000000000000F4
S31502019B6800000000000000000000000000000000E4
S31502019B7800000000000000000000000000000000D4
S31502019B8800000000000000000000000000000000C4
S31502019B9800000000000000000000000000000000B4
S31502019BA800000000000000000000000000000000A4
S31502019BB80000000000000000000000000000000094
S31502019BC80000000000000000000000000000000084
S31502019BD80000000000000000000000000000000074
S31502019BE80000000000000000000000000000000064
S31502019BF80000000000000000000000000000000054
S31502019C080000000000000000000000000000000043
S31502019C180000000000000000000000000000000033
S31502019C280000000000000000000000000000000023
S31502019C380000000000000000000000000000000013
S31502019C480000000000000000000000000000000003
S31502019C5800000000000000000000000000000000F3
S31502019C6800000000000000000000000000000000E3
S31502019C7800000000000000000000000000000000D3
S31502019C8800000000000000000000000000000000C3
S31502019C9800000000000000000000000000000000B3
S31502019CA800000000000000000000000000000000A3
S31502019CB80000000000000000000000000000000093
S31502019CC80000000000000000000000000000000083
S31502019CD80000000000000000000000000000000073
S31502019CE80000000000000000000000000000000063
S31502019CF80000000000000000000000000000000053
S31502019D080000000000000000000000000000000042
S31502019D180000000000000000000000000000000032
S31502019D280000000000000000000000000000000022
S31502019D380000000000000000000000000000000012
S31502019D480000000000000000000000000000000002
S31502019D5800000000000000000000000000000000F2
S31502019D6800000000000000000000000000000000E2
S31502019D7800000000000000000000000000000000D2
S31502019D8800000000000000000000000000000000C2
S31502019D9800000000000000000000000000000000B2
S31502019DA800000000000000000000000000000000A2
S31502019DB80000000000000000000000000000000092
S31502019DC80000000000000000000000000000000082
S31502019DD80000000000000000000000000000000072
S31502019DE80000000000000000000000000000000062
S31502019DF80000000000000000000000000000000052
S31502019E080000000000000000000000000000000041
S31502019E180000000000000000000000000000000031
S31502019E280000000000000000000000000000000021
S31502019E380000000000000000000000000000000011
S31502019E480000000000000000000000000000000001
S31502019E5800000000000000000000000000000000F1
S31502019E6800000000000000000000000000000000E1
S31502019E7800000000000000000000000000000000D1
S31502019E8800000000000000000000000000000000C1
S31502019E9800000000000000000000000000000000B1
S31502019EA800000000000000000000000000000000A1
S31502019EB80000000000000000000000000000000091
S31502019EC80000000000000000000000000000000081
S31502019ED80000000000000000000000000000000071
S31502019EE80000000000000000000000000000000061
S31502019EF80000000000000000000000000000000051
S31502019F080000000000000000000000000000000040
S31502019F180000000000000000000000000000000030
S31502019F280000000000000000000000000000000020
S31502019F380000000000000000000000000000000010
S31502019F480000000000000000000000000000000000
S31502019F5800000000000000000000000000000000F0
S31502019F6800000000000000000000000000000000E0
S31502019F7800000000000000000000000000000000D0
S31502019F8800000000000000000000000000000000C0
S31502019F9800000000000000000000000000000000B0
S31502019FA800000000000000000000000000000000A0
S31502019FB80000000000000000000000000000000090
S31502019FC80000000000000000000000000000000080
S31502019FD80000000000000000000000000000000070
S31502019FE80000000000000000000000000000000060
S31502019FF80000000000000000000000000000000050
S3150201A008000000000000000000000000000000003F
S3150201A018000000000000000000000000000000002F
S3150201A028000000000000000000000000000000001F
S3150201A038000000000000000000000000000000000F
S3150201A04800000000000000000000000000000000FF
S3150201A05800000000000000000000000000000000EF
S3150201A06800000000000000000000000000000000DF
S3150201A07800000000000000000000000000000000CF
S3150201A08800000000000000000000000000000000BF
S3150201A09800000000000000000000000000000000AF
S3150201A0A8000000000000000000000000000000009F
S3150201A0B8000000000000000000000000000000008F
S3150201A0C8000000000000000000000000000000007F
S3150201A0D8000000000000000000000000000000006F
S3150201A0E8000000000000000000000000000000005F
S3150201A0F8000000000000000000000000000000004F
S3150201A108000000000000000000000000000000003E
S3150201A118000000000000000000000000000000002E
S3150201A128000000000000000000000000000000001E
S3150201A138000000000000000000000000000000000E
S3150201A14800000000000000000000000000000000FE
S3150201A15800000000000000000000000000000000EE
S3150201A16800000000000000000000000000000000DE
S3150201A17800000000000000000000000000000000CE
S3150201A18800000000000000000000000000000000BE
S3150201A19800000000000000000000000000000000AE
S3150201A1A8000000000000000000000000000000009E
S3150201A1B8000000000000000000000000000000008E
S3150201A1C8000000000000000000000000000000007E
S3150201A1D8000000000000000000000000000000006E
S3150201A1E8000000000000000000000000000000005E
S3150201A1F8000000000000000000000000000000004E
S3150201A208000000000000000000000000000000003D
S3150201A218000000000000000000000000000000002D
S3150201A228000000000000000000000000000000001D
S3150201A238000000000000000000000000000000000D
S3150201A24800000000000000000000000000000000FD
S3150201A25800000000000000000000000000000000ED
S3150201A26800000000000000000000000000000000DD
S3150201A27800000000000000000000000000000000CD
S3150201A28800000000000000000000000000000000BD
S3150201A29800000000000000000000000000000000AD
S3150201A2A8000000000000000000000000000000009D
S3150201A2B8000000000000000000000000000000008D
S3150201A2C8000000000000000000000000000000007D
S3150201A2D8000000000000000000000000000000006D
S3150201A2E8000000000000000000000000000000005D
S3150201A2F8000000000000000000000000000000004D
S3150201A308000000000000000000000000000000003C
S3150201A318000000000000000000000000000000002C
S3150201A328000000000000000000000000000000001C
S3150201A338000000000000000000000000000000000C
S3150201A34800000000000000000000000000000000FC
S3150201A35800000000000000000000000000000000EC
S3150201A36800000000000000000000000000000000DC
S3150201A37800000000000000000000000000000000CC
S3150201A38800000000000000000000000000000000BC
S3150201A39800000000000000000000000000000000AC
S3150201A3A8000000000000000000000000000000009C
S3150201A3B8000000000000000000000000000000008C
S3150201A3C8000000000000000000000000000000007C
S3150201A3D8000000000000000000000000000000006C
S3150201A3E8000000000000000000000000000000005C
S3150201A3F8000000000000000000000000000000004C
S3150201A408000000000000000000000000000000003B
S3150201A418000000000000000000000000000000002B
S3150201A428000000000000000000000000000000001B
S3150201A438000000000000000000000000000000000B
S3150201A44800000000000000000000000000000000FB
S3150201A45800000000000000000000000000000000EB
S3150201A46800000000000000000000000000000000DB
S3150201A47800000000000000000000000000000000CB
S3150201A48800000000000000000000000000000000BB
S3150201A49800000000000000000000000000000000AB
S3150201A4A8000000000000000000000000000000009B
S3150201A4B8000000000000000000000000000000008B
S3150201A4C8000000000000000000000000000000007B
S3150201A4D8000000000000000000000000000000006B
S3150201A4E8000000000000000000000000000000005B
S3150201A4F8000000000000000000000000000000004B
S3150201A508000000000000000000000000000000003A
S3150201A518000000000000000000000000000000002A
S3150201A528000000000000000000000000000000001A
S3150201A538000000000000000000000000000000000A
S3150201A54800000000000000000000000000000000FA
S3150201A55800000000000000000000000000000000EA
S3150201A56800000000000000000000000000000000DA
S3150201A57800000000000000000000000000000000CA
S3150201A58800000000000000000000000000000000BA
S3150201A59800000000000000000000000000000000AA
S3150201A5A8000000000000000000000000000000009A
S3150201A5B8000000000000000000000000000000008A
S3150201A5C8000000000000000000000000000000007A
S3150201A5D8000000000000000000000000000000006A
S3150201A5E8000000000000000000000000000000005A
S3150201A5F8000000000000000000000000000000004A
S3150201A6080000000000000000000000000000000039
S3150201A6180000000000000000000000000000000029
S3150201A6280000000000000000000000000000000019
S3150201A6380000000000000000000000000000000009
S3150201A64800000000000000000000000000000000F9
S3150201A65800000000000000000000000000000000E9
S3150201A66800000000000000000000000000000000D9
S3150201A67800000000000000000000000000000000C9
S3150201A68800000000000000000000000000000000B9
S3150201A69800000000000000000000000000000000A9
S3150201A6A80000000000000000000000000000000099
S3150201A6B80000000000000000000000000000000089
S3150201A6C80000000000000000000000000000000079
S3150201A6D80000000000000000000000000000000069
S3150201A6E80000000000000000000000000000000059
S3150201A6F80000000000000000000000000000000049
S3150201A7080000000000000000000000000000000038
S3150201A7180000000000000000000000000000000028
S3150201A7280000000000000000000000000000000018
S3150201A7380000000000000000000000000000000008
S3150201A74800000000000000000000000000000000F8
S3150201A75800000000000000000000000000000000E8
S3150201A76800000000000000000000000000000000D8
S3150201A77800000000000000000000000000000000C8
S3150201A78800000000000000000000000000000000B8
S3150201A79800000000000000000000000000000000A8
S3150201A7A80000000000000000000000000000000098
S3150201A7B80000000000000000000000000000000088
S3150201A7C80000000000000000000000000000000078
S3150201A7D80000000000000000000000000000000068
S3150201A7E80000000000000000000000000000000058
S3150201A7F80000000000000000000000000000000048
S3150201A8080000000000000000000000000000000037
S3150201A8180000000000000000000000000000000027
S3150201A8280000000000000000000000000000000017
S3150201A8380000000000000000000000000000000007
S3150201A84800000000000000000000000000000000F7
S3150201A85800000000000000000000000000000000E7
S3150201A86800000000000000000000000000000000D7
S3150201A87800000000000000000000000000000000C7
S3150201A88800000000000000000000000000000000B7
S3150201A89800000000000000000000000000000000A7
S3150201A8A80000000000000000000000000000000097
S3150201A8B80000000000000000000000000000000087
S3150201A8C80000000000000000000000000000000077
S3150201A8D80000000000000000000000000000000067
S3150201A8E80000000000000000000000000000000057
S3150201A8F80000000000000000000000000000000047
S3150201A9080000000000000000000000000000000036
S3150201A9180000000000000000000000000000000026
S3150201A9280000000000000000000000000000000016
S3150201A9380000000000000000000000000000000006
S3150201A94800000000000000000000000000000000F6
S3150201A95800000000000000000000000000000000E6
S3150201A96800000000000000000000000000000000D6
S3150201A97800000000000000000000000000000000C6
S3150201A98800000000000000000000000000000000B6
S3150201A99800000000000000000000000000000000A6
S3150201A9A80000000000000000000000000000000096
S3150201A9B80000000000000000000000000000000086
S3150201A9C80000000000000000000000000000000076
S3150201A9D80000000000000000000000000000000066
S3150201A9E80000000000000000000000000000000056
S3150201A9F80000000000000000000000000000000046
S3150201AA080000000000000000000000000000000035
S3150201AA180000000000000000000000000000000025
S3150201AA280000000000000000000000000000000015
S3150201AA380000000000000000000000000000000005
S3150201AA4800000000000000000000000000000000F5
S3150201AA5800000000000000000000000000000000E5
S3150201AA6800000000000000000000000000000000D5
S3150201AA7800000000000000000000000000000000C5
S3150201AA8800000000000000000000000000000000B5
S3150201AA9800000000000000000000000000000000A5
S3150201AAA80000000000000000000000000000000095
S3150201AAB80000000000000000000000000000000085
S3150201AAC80000000000000000000000000000000075
S3150201AAD80000000000000000000000000000000065
S3150201AAE80000000000000000000000000000000055
S3150201AAF80000000000000000000000000000000045
S3150201AB080000000000000000000000000000000034
S3150201AB180000000000000000000000000000000024
S3150201AB280000000000000000000000000000000014
S3150201AB380000000000000000000000000000000004
S3150201AB4800000000000000000000000000000000F4
S3150201AB5800000000000000000000000000000000E4
S3150201AB6800000000000000000000000000000000D4
S3150201AB7800000000000000000000000000000000C4
S3150201AB8800000000000000000000000000000000B4
S3150201AB9800000000000000000000000000000000A4
S3150201ABA80000000000000000000000000000000094
S3150201ABB80000000000000000000000000000000084
S3150201ABC80000000000000000000000000000000074
S3150201ABD80000000000000000000000000000000064
S3150201ABE80000000000000000000000000000000054
S3150201ABF80000000000000000000000000000000044
S3150201AC080000000000000000000000000000000033
S3150201AC180000000000000000000000000000000023
S3150201AC280000000000000000000000000000000013
S3150201AC380000000000000000000000000000000003
S3150201AC4800000000000000000000000000000000F3
S3150201AC5800000000000000000000000000000000E3
S3150201AC6800000000000000000000000000000000D3
S3150201AC7800000000000000000000000000000000C3
S3150201AC8800000000000000000000000000000000B3
S3150201AC9800000000000000000000000000000000A3
S3150201ACA80000000000000000000000000000000093
S3150201ACB80000000000000000000000000000000083
S3150201ACC80000000000000000000000000000000073
S3150201ACD80000000000000000000000000000000063
S3150201ACE80000000000000000000000000000000053
S3150201ACF80000000000000000000000000000000043
S3150201AD080000000000000000000000000000000032
S3150201AD180000000000000000000000000000000022
S3150201AD280000000000000000000000000000000012
S3150201AD380000000000000000000000000000000002
S3150201AD4800000000000000000000000000000000F2
S3150201AD5800000000000000000000000000000000E2
S3150201AD6800000000000000000000000000000000D2
S3150201AD7800000000000000000000000000000000C2
S3150201AD8800000000000000000000000000000000B2
S3150201AD9800000000000000000000000000000000A2
S3150201ADA80000000000000000000000000000000092
S3150201ADB80000000000000000000000000000000082
S3150201ADC80000000000000000000000000000000072
S3150201ADD80000000000000000000000000000000062
S3150201ADE80000000000000000000000000000000052
S3150201ADF80000000000000000000000000000000042
S3150201AE080000000000000000000000000000000031
S3150201AE180000000000000000000000000000000021
S3150201AE280000000000000000000000000000000011
S3150201AE380000000000000000000000000000000001
S3150201AE4800000000000000000000000000000000F1
S3150201AE5800000000000000000000000000000000E1
S3150201AE6800000000000000000000000000000000D1
S3150201AE7800000000000000000000000000000000C1
S3150201AE8800000000000000000000000000000000B1
S3150201AE9800000000000000000000000000000000A1
S3150201AEA80000000000000000000000000000000091
S3150201AEB80000000000000000000000000000000081
S3150201AEC80000000000000000000000000000000071
S3150201AED80000000000000000000000000000000061
S3150201AEE80000000000000000000000000000000051
S3150201AEF80000000000000000000000000000000041
S3150201AF080000000000000000000000000000000030
S3150201AF180000000000000000000000000000000020
S3150201AF280000000000000000000000000000000010
S3150201AF380000000000000000000000000000000000
S3150201AF4800000000000000000000000000000000F0
S3150201AF5800000000000000000000000000000000E0
S3150201AF6800000000000000000000000000000000D0
S3150201AF7800000000000000000000000000000000C0
S3150201AF8800000000000000000000000000000000B0
S3150201AF9800000000000000000000000000000000A0
S3150201AFA80000000000000000000000000000000090
S3150201AFB80000000000000000000000000000000080
S3150201AFC80000000000000000000000000000000070
S3150201AFD80000000000000000000000000000000060
S3150201AFE80000000000000000000000000000000050
S3150201AFF80000000000000000000000000000000040
S3150201B008000000000000000000000000000000002F
S3150201B018000000000000000000000000000000001F
S3150201B028000000000000000000000000000000000F
S3150201B03800000000000000000000000000000000FF
S3150201B04800000000000000000000000000000000EF
S3150201B05800000000000000000000000000000000DF
S3150201B06800000000000000000000000000000000CF
S3150201B07800000000000000000000000000000000BF
S3150201B08800000000000000000000000000000000AF
S3150201B098000000000000000000000000000000009F
S3150201B0A8000000000000000000000000000000008F
S3150201B0B8000000000000000000000000000000007F
S3150201B0C8000000000000000000000000000000006F
S3150201B0D8000000000000000000000000000000005F
S3150201B0E8000000000000000000000000000000004F
S3150201B0F8000000000000000000000000000000003F
S3150201B108000000000000000000000000000000002E
S3150201B118000000000000000000000000000000001E
S3150201B128000000000000000000000000000000000E
S3150201B13800000000000000000000000000000000FE
S3150201B14800000000000000000000000000000000EE
S3150201B15800000000000000000000000000000000DE
S3150201B16800000000000000000000000000000000CE
S3150201B17800000000000000000000000000000000BE
S3150201B18800000000000000000000000000000000AE
S3150201B198000000000000000000000000000000009E
S3150201B1A8000000000000000000000000000000008E
S3150201B1B8000000000000000000000000000000007E
S3150201B1C8000000000000000000000000000000006E
S3150201B1D8000000000000000000000000000000005E
S3150201B1E8000000000000000000000000000000004E
S3150201B1F8000000000000000000000000000000003E
S3150201B208000000000000000000000000000000002D
S3150201B218000000000000000000000000000000001D
S3150201B228000000000000000000000000000000000D
S3150201B23800000000000000000000000000000000FD
S3150201B24800000000000000000000000000000000ED
S3150201B25800000000000000000000000000000000DD
S3150201B26800000000000000000000000000000000CD
S3150201B27800000000000000000000000000000000BD
S3150201B28800000000000000000000000000000000AD
S3150201B298000000000000000000000000000000009D
S3150201B2A8000000000000000000000000000000008D
S3150201B2B8000000000000000000000000000000007D
S3150201B2C8000000000000000000000000000000006D
S3150201B2D8000000000000000000000000000000005D
S3150201B2E8000000000000000000000000000000004D
S3150201B2F8000000000000000000000000000000003D
S3150201B308000000000000000000000000000000002C
S3150201B318000000000000000000000000000000001C
S3150201B328000000000000000000000000000000000C
S3150201B33800000000000000000000000000000000FC
S3150201B34800000000000000000000000000000000EC
S3150201B35800000000000000000000000000000000DC
S3150201B36800000000000000000000000000000000CC
S3150201B37800000000000000000000000000000000BC
S3150201B38800000000000000000000000000000000AC
S3150201B398000000000000000000000000000000009C
S3150201B3A8000000000000000000000000000000008C
S3150201B3B8000000000000000000000000000000007C
S3150201B3C8000000000000000000000000000000006C
S3150201B3D8000000000000000000000000000000005C
S3150201B3E8000000000000000000000000000000004C
S3150201B3F8000000000000000000000000000000003C
S3150201B408000000000000000000000000000000002B
S3150201B418000000000000000000000000000000001B
S3150201B428000000000000000000000000000000000B
S3150201B43800000000000000000000000000000000FB
S3150201B44800000000000000000000000000000000EB
S3150201B45800000000000000000000000000000000DB
S3150201B46800000000000000000000000000000000CB
S3150201B47800000000000000000000000000000000BB
S3150201B48800000000000000000000000000000000AB
S3150201B498000000000000000000000000000000009B
S3150201B4A8000000000000000000000000000000008B
S3150201B4B8000000000000000000000000000000007B
S3150201B4C8000000000000000000000000000000006B
S3150201B4D8000000000000000000000000000000005B
S3150201B4E8000000000000000000000000000000004B
S3150201B4F8000000000000000000000000000000003B
S3150201B508000000000000000000000000000000002A
S3150201B518000000000000000000000000000000001A
S3150201B528000000000000000000000000000000000A
S3150201B53800000000000000000000000000000000FA
S3150201B54800000000000000000000000000000000EA
S3150201B55800000000000000000000000000000000DA
S3150201B56800000000000000000000000000000000CA
S3150201B57800000000000000000000000000000000BA
S3150201B58800000000000000000000000000000000AA
S3150201B598000000000000000000000000000000009A
S3150201B5A8000000000000000000000000000000008A
S3150201B5B8000000000000000000000000000000007A
S3150201B5C8000000000000000000000000000000006A
S3150201B5D8000000000000000000000000000000005A
S3150201B5E8000000000000000000000000000000004A
S3150201B5F8000000000000000000000000000000003A
S3150201B6080000000000000000000000000000000029
S3150201B6180000000000000000000000000000000019
S3150201B6280000000000000000000000000000000009
S3150201B63800000000000000000000000000000000F9
S3150201B64800000000000000000000000000000000E9
S3150201B65800000000000000000000000000000000D9
S3150201B66800000000000000000000000000000000C9
S3150201B67800000000000000000000000000000000B9
S3150201B68800000000000000000000000000000000A9
S3150201B6980000000000000000000000000000000099
S3150201B6A80000000000000000000000000000000089
S3150201B6B80000000000000000000000000000000079
S3150201B6C80000000000000000000000000000000069
S3150201B6D80000000000000000000000000000000059
S3150201B6E80000000000000000000000000000000049
S3150201B6F80000000000000000000000000000000039
S3150201B7080000000000000000000000000000000028
S3150201B7180000000000000000000000000000000018
S3150201B7280000000000000000000000000000000008
S3150201B73800000000000000000000000000000000F8
S3150201B74800000000000000000000000000000000E8
S3150201B75800000000000000000000000000000000D8
S3150201B76800000000000000000000000000000000C8
S3150201B77800000000000000000000000000000000B8
S3150201B78800000000000000000000000000000000A8
S3150201B7980000000000000000000000000000000098
S3150201B7A80000000000000000000000000000000088
S3150201B7B80000000000000000000000000000000078
S3150201B7C80000000000000000000000000000000068
S3150201B7D80000000000000000000000000000000058
S3150201B7E80000000000000000000000000000000048
S3150201B7F80000000000000000000000000000000038
S3150201B8080000000000000000000000000000000027
S3150201B8180000000000000000000000000000000017
S3150201B8280000000000000000000000000000000007
S3150201B83800000000000000000000000000000000F7
S3150201B84800000000000000000000000000000000E7
S3150201B85800000000000000000000000000000000D7
S3150201B86800000000000000000000000000000000C7
S3150201B87800000000000000000000000000000000B7
S3150201B88800000000000000000000000000000000A7
S3150201B8980000000000000000000000000000000097
S3150201B8A80000000000000000000000000000000087
S3150201B8B80000000000000000000000000000000077
S3150201B8C80000000000000000000000000000000067
S3150201B8D80000000000000000000000000000000057
S3150201B8E80000000000000000000000000000000047
S3150201B8F80000000000000000000000000000000037
S3150201B9080000000000000000000000000000000026
S3150201B9180000000000000000000000000000000016
S3150201B9280000000000000000000000000000000006
S3150201B93800000000000000000000000000000000F6
S3150201B94800000000000000000000000000000000E6
S3150201B95800000000000000000000000000000000D6
S3150201B96800000000000000000000000000000000C6
S3150201B97800000000000000000000000000000000B6
S3150201B98800000000000000000000000000000000A6
S3150201B9980000000000000000000000000000000096
S3150201B9A80000000000000000000000000000000086
S3150201B9B80000000000000000000000000000000076
S3150201B9C80000000000000000000000000000000066
S3150201B9D80000000000000000000000000000000056
S3150201B9E80000000000000000000000000000000046
S3150201B9F80000000000000000000000000000000036
S3150201BA080000000000000000000000000000000025
S3150201BA180000000000000000000000000000000015
S3150201BA280000000000000000000000000000000005
S3150201BA3800000000000000000000000000000000F5
S3150201BA4800000000000000000000000000000000E5
S3150201BA5800000000000000000000000000000000D5
S3150201BA6800000000000000000000000000000000C5
S3150201BA7800000000000000000000000000000000B5
S3150201BA8800000000000000000000000000000000A5
S3150201BA980000000000000000000000000000000095
S3150201BAA80000000000000000000000000000000085
S3150201BAB80000000000000000000000000000000075
S3150201BAC80000000000000000000000000000000065
S3150201BAD80000000000000000000000000000000055
S3150201BAE80000000000000000000000000000000045
S3150201BAF80000000000000000000000000000000035
S3150201BB080000000000000000000000000000000024
S3150201BB180000000000000000000000000000000014
S3150201BB280000000000000000000000000000000004
S3150201BB3800000000000000000000000000000000F4
S3150201BB4800000000000000000000000000000000E4
S3150201BB5800000000000000000000000000000000D4
S3150201BB6800000000000000000000000000000000C4
S3150201BB7800000000000000000000000000000000B4
S3150201BB8800000000000000000000000000000000A4
S3150201BB980000000000000000000000000000000094
S3150201BBA80000000000000000000000000000000084
S3150201BBB80000000000000000000000000000000074
S3150201BBC80000000000000000000000000000000064
S3150201BBD80000000000000000000000000000000054
S3150201BBE80000000000000000000000000000000044
S3150201BBF80000000000000000000000000000000034
S3150201BC080000000000000000000000000000000023
S3150201BC180000000000000000000000000000000013
S3150201BC280000000000000000000000000000000003
S3150201BC3800000000000000000000000000000000F3
S3150201BC4800000000000000000000000000000000E3
S3150201BC5800000000000000000000000000000000D3
S3150201BC6800000000000000000000000000000000C3
S3150201BC7800000000000000000000000000000000B3
S3150201BC8800000000000000000000000000000000A3
S3150201BC980000000000000000000000000000000093
S3150201BCA80000000000000000000000000000000083
S3150201BCB80000000000000000000000000000000073
S3150201BCC80000000000000000000000000000000063
S3150201BCD80000000000000000000000000000000053
S3150201BCE80000000000000000000000000000000043
S3150201BCF80000000000000000000000000000000033
S3150201BD080000000000000000000000000000000022
S3150201BD180000000000000000000000000000000012
S3150201BD280000000000000000000000000000000002
S3150201BD3800000000000000000000000000000000F2
S3150201BD4800000000000000000000000000000000E2
S3150201BD5800000000000000000000000000000000D2
S3150201BD6800000000000000000000000000000000C2
S3150201BD7800000000000000000000000000000000B2
S3150201BD8800000000000000000000000000000000A2
S3150201BD980000000000000000000000000000000092
S3150201BDA80000000000000000000000000000000082
S3150201BDB80000000000000000000000000000000072
S3150201BDC80000000000000000000000000000000062
S3150201BDD80000000000000000000000000000000052
S3150201BDE80000000000000000000000000000000042
S3150201BDF80000000000000000000000000000000032
S3150201BE080000000000000000000000000000000021
S3150201BE180000000000000000000000000000000011
S3150201BE280000000000000000000000000000000001
S3150201BE3800000000000000000000000000000000F1
S3150201BE4800000000000000000000000000000000E1
S3150201BE5800000000000000000000000000000000D1
S3150201BE6800000000000000000000000000000000C1
S3150201BE7800000000000000000000000000000000B1
S3150201BE8800000000000000000000000000000000A1
S3150201BE980000000000000000000000000000000091
S3150201BEA80000000000000000000000000000000081
S3150201BEB80000000000000000000000000000000071
S3150201BEC80000000000000000000000000000000061
S3150201BED80000000000000000000000000000000051
S3150201BEE80000000000000000000000000000000041
S3150201BEF80000000000000000000000000000000031
S3150201BF080000000000000000000000000000000020
S3150201BF180000000000000000000000000000000010
S3150201BF280000000000000000000000000000000000
S3150201BF3800000000000000000000000000000000F0
S3150201BF4800000000000000000000000000000000E0
S3150201BF5800000000000000000000000000000000D0
S3150201BF6800000000000000000000000000000000C0
S3150201BF7800000000000000000000000000000000B0
S3150201BF8800000000000000000000000000000000A0
S3150201BF980000000000000000000000000000000090
S3150201BFA80000000000000000000000000000000080
S3150201BFB80000000000000000000000000000000070
S3150201BFC80000000000000000000000000000000060
S3150201BFD80000000000000000000000000000000050
S3150201BFE80000000000000000000000000000000040
S3150201BFF80000000000000000000000000000000030
S3150201C008000000000000000000000000000000001F
S3150201C018000000000000000000000000000000000F
S3150201C02800000000000000000000000000000000FF
S3150201C03800000000000000000000000000000000EF
S3150201C04800000000000000000000000000000000DF
S3150201C05800000000000000000000000000000000CF
S3150201C06800000000000000000000000000000000BF
S3150201C07800000000000000000000000000000000AF
S3150201C088000000000000000000000000000000009F
S3150201C098000000000000000000000000000000008F
S3150201C0A8000000000000000000000000000000007F
S3150201C0B8000000000000000000000000000000006F
S3150201C0C8000000000000000000000000000000005F
S3150201C0D8000000000000000000000000000000004F
S3150201C0E8000000000000000000000000000000003F
S3150201C0F8000000000000000000000000000000002F
S3150201C108000000000000000000000000000000001E
S3150201C118000000000000000000000000000000000E
S3150201C12800000000000000000000000000000000FE
S3150201C13800000000000000000000000000000000EE
S3150201C14800000000000000000000000000000000DE
S3150201C15800000000000000000000000000000000CE
S3150201C16800000000000000000000000000000000BE
S3150201C17800000000000000000000000000000000AE
S3150201C188000000000000000000000000000000009E
S3150201C198000000000000000000000000000000008E
S3150201C1A8000000000000000000000000000000007E
S3150201C1B8000000000000000000000000000000006E
S3150201C1C8000000000000000000000000000000005E
S3150201C1D8000000000000000000000000000000004E
S3150201C1E8000000000000000000000000000000003E
S3150201C1F8000000000000000000000000000000002E
S3150201C208000000000000000000000000000000001D
S3150201C218000000000000000000000000000000000D
S3150201C22800000000000000000000000000000000FD
S3150201C23800000000000000000000000000000000ED
S3150201C24800000000000000000000000000000000DD
S3150201C25800000000000000000000000000000000CD
S3150201C26800000000000000000000000000000000BD
S3150201C27800000000000000000000000000000000AD
S3150201C288000000000000000000000000000000009D
S3150201C298000000000000000000000000000000008D
S3150201C2A8000000000000000000000000000000007D
S3150201C2B8000000000000000000000000000000006D
S3150201C2C8000000000000000000000000000000005D
S3150201C2D8000000000000000000000000000000004D
S3150201C2E8000000000000000000000000000000003D
S3150201C2F8000000000000000000000000000000002D
S3150201C308000000000000000000000000000000001C
S3150201C318000000000000000000000000000000000C
S3150201C32800000000000000000000000000000000FC
S3150201C33800000000000000000000000000000000EC
S3150201C34800000000000000000000000000000000DC
S3150201C35800000000000000000000000000000000CC
S3150201C36800000000000000000000000000000000BC
S3150201C37800000000000000000000000000000000AC
S3150201C388000000000000000000000000000000009C
S3150201C398000000000000000000000000000000008C
S3150201C3A8000000000000000000000000000000007C
S3150201C3B8000000000000000000000000000000006C
S3150201C3C8000000000000000000000000000000005C
S3150201C3D8000000000000000000000000000000004C
S3150201C3E8000000000000000000000000000000003C
S3150201C3F8000000000000000000000000000000002C
S3150201C408000000000000000000000000000000001B
S3150201C418000000000000000000000000000000000B
S3150201C42800000000000000000000000000000000FB
S3150201C43800000000000000000000000000000000EB
S3150201C44800000000000000000000000000000000DB
S3150201C45800000000000000000000000000000000CB
S3150201C46800000000000000000000000000000000BB
S3150201C47800000000000000000000000000000000AB
S3150201C488000000000000000000000000000000009B
S3150201C498000000000000000000000000000000008B
S3150201C4A8000000000000000000000000000000007B
S3150201C4B8000000000000000000000000000000006B
S3150201C4C8000000000000000000000000000000005B
S3150201C4D8000000000000000000000000000000004B
S3150201C4E8000000000000000000000000000000003B
S3150201C4F8000000000000000000000000000000002B
S3150201C508000000000000000000000000000000001A
S3150201C518000000000000000000000000000000000A
S3150201C52800000000000000000000000000000000FA
S3150201C53800000000000000000000000000000000EA
S3150201C54800000000000000000000000000000000DA
S3150201C55800000000000000000000000000000000CA
S3150201C56800000000000000000000000000000000BA
S3150201C57800000000000000000000000000000000AA
S3150201C588000000000000000000000000000000009A
S3150201C598000000000000000000000000000000008A
S3150201C5A8000000000000000000000000000000007A
S3150201C5B8000000000000000000000000000000006A
S3150201C5C8000000000000000000000000000000005A
S3150201C5D8000000000000000000000000000000004A
S3150201C5E8000000000000000000000000000000003A
S3150201C5F8000000000000000000000000000000002A
S3150201C6080000000000000000000000000000000019
S3150201C6180000000000000000000000000000000009
S3150201C62800000000000000000000000000000000F9
S3150201C63800000000000000000000000000000000E9
S3150201C64800000000000000000000000000000000D9
S3150201C65800000000000000000000000000000000C9
S3150201C66800000000000000000000000000000000B9
S3150201C67800000000000000000000000000000000A9
S3150201C6880000000000000000000000000000000099
S3150201C6980000000000000000000000000000000089
S3150201C6A80000000000000000000000000000000079
S3150201C6B80000000000000000000000000000000069
S3150201C6C80000000000000000000000000000000059
S3150201C6D80000000000000000000000000000000049
S3150201C6E80000000000000000000000000000000039
S3150201C6F80000000000000000000000000000000029
S3150201C7080000000000000000000000000000000018
S3150201C7180000000000000000000000000000000008
S3150201C72800000000000000000000000000000000F8
S3150201C73800000000000000000000000000000000E8
S3150201C74800000000000000000000000000000000D8
S3150201C75800000000000000000000000000000000C8
S3150201C76800000000000000000000000000000000B8
S3150201C77800000000000000000000000000000000A8
S3150201C7880000000000000000000000000000000098
S3150201C7980000000000000000000000000000000088
S3150201C7A80000000000000000000000000000000078
S3150201C7B80000000000000000000000000000000068
S3150201C7C80000000000000000000000000000000058
S3150201C7D80000000000000000000000000000000048
S3150201C7E80000000000000000000000000000000038
S3150201C7F80000000000000000000000000000000028
S3150201C8080000000000000000000000000000000017
S3150201C8180000000000000000000000000000000007
S3150201C82800000000000000000000000000000000F7
S3150201C83800000000000000000000000000000000E7
S3150201C84800000000000000000000000000000000D7
S3150201C85800000000000000000000000000000000C7
S3150201C86800000000000000000000000000000000B7
S3150201C87800000000000000000000000000000000A7
S3150201C8880000000000000000000000000000000097
S3150201C8980000000000000000000000000000000087
S3150201C8A80000000000000000000000000000000077
S3150201C8B80000000000000000000000000000000067
S3150201C8C80000000000000000000000000000000057
S3150201C8D80000000000000000000000000000000047
S3150201C8E80000000000000000000000000000000037
S3150201C8F80000000000000000000000000000000027
S3150201C9080000000000000000000000000000000016
S3150201C9180000000000000000000000000000000006
S3150201C92800000000000000000000000000000000F6
S3150201C93800000000000000000000000000000000E6
S3150201C94800000000000000000000000000000000D6
S3150201C95800000000000000000000000000000000C6
S3150201C96800000000000000000000000000000000B6
S3150201C97800000000000000000000000000000000A6
S3150201C9880000000000000000000000000000000096
S3150201C9980000000000000000000000000000000086
S3150201C9A80000000000000000000000000000000076
S3150201C9B80000000000000000000000000000000066
S3150201C9C80000000000000000000000000000000056
S3150201C9D80000000000000000000000000000000046
S3150201C9E80000000000000000000000000000000036
S3150201C9F80000000000000000000000000000000026
S3150201CA080000000000000000000000000000000015
S3150201CA180000000000000000000000000000000005
S3150201CA2800000000000000000000000000000000F5
S3150201CA3800000000000000000000000000000000E5
S3150201CA4800000000000000000000000000000000D5
S3150201CA5800000000000000000000000000000000C5
S3150201CA6800000000000000000000000000000000B5
S3150201CA7800000000000000000000000000000000A5
S3150201CA880000000000000000000000000000000095
S3150201CA980000000000000000000000000000000085
S3150201CAA80000000000000000000000000000000075
S3150201CAB80000000000000000000000000000000065
S3150201CAC80000000000000000000000000000000055
S3150201CAD80000000000000000000000000000000045
S3150201CAE80000000000000000000000000000000035
S3150201CAF80000000000000000000000000000000025
S3150201CB080000000000000000000000000000000014
S3150201CB180000000000000000000000000000000004
S3150201CB2800000000000000000000000000000000F4
S3150201CB3800000000000000000000000000000000E4
S3150201CB4800000000000000000000000000000000D4
S3150201CB5800000000000000000000000000000000C4
S3150201CB6800000000000000000000000000000000B4
S3150201CB7800000000000000000000000000000000A4
S3150201CB880000000000000000000000000000000094
S3150201CB980000000000000000000000000000000084
S3150201CBA80000000000000000000000000000000074
S3150201CBB80000000000000000000000000000000064
S3150201CBC80000000000000000000000000000000054
S3150201CBD80000000000000000000000000000000044
S3150201CBE80000000000000000000000000000000034
S3150201CBF80000000000000000000000000000000024
S3150201CC080000000000000000000000000000000013
S3150201CC180000000000000000000000000000000003
S3150201CC2800000000000000000000000000000000F3
S3150201CC3800000000000000000000000000000000E3
S3150201CC4800000000000000000000000000000000D3
S3150201CC5800000000000000000000000000000000C3
S3150201CC6800000000000000000000000000000000B3
S3150201CC7800000000000000000000000000000000A3
S3150201CC880000000000000000000000000000000093
S3150201CC980000000000000000000000000000000083
S3150201CCA80000000000000000000000000000000073
S3150201CCB80000000000000000000000000000000063
S3150201CCC80000000000000000000000000000000053
S3150201CCD80000000000000000000000000000000043
S3150201CCE80000000000000000000000000000000033
S3150201CCF80000000000000000000000000000000023
S3150201CD080000000000000000000000000000000012
S3150201CD180000000000000000000000000000000002
S3150201CD2800000000000000000000000000000000F2
S3150201CD3800000000000000000000000000000000E2
S3150201CD4800000000000000000000000000000000D2
S3150201CD5800000000000000000000000000000000C2
S3150201CD6800000000000000000000000000000000B2
S3150201CD7800000000000000000000000000000000A2
S3150201CD880000000000000000000000000000000092
S3150201CD980000000000000000000000000000000082
S3150201CDA80000000000000000000000000000000072
S3150201CDB80000000000000000000000000000000062
S3150201CDC80000000000000000000000000000000052
S3150201CDD80000000000000000000000000000000042
S3150201CDE80000000000000000000000000000000032
S3150201CDF80000000000000000000000000000000022
S3150201CE080000000000000000000000000000000011
S3150201CE180000000000000000000000000000000001
S3150201CE2800000000000000000000000000000000F1
S3150201CE3800000000000000000000000000000000E1
S3150201CE4800000000000000000000000000000000D1
S3150201CE5800000000000000000000000000000000C1
S3150201CE6800000000000000000000000000000000B1
S3150201CE7800000000000000000000000000000000A1
S3150201CE880000000000000000000000000000000091
S3150201CE980000000000000000000000000000000081
S3150201CEA80000000000000000000000000000000071
S3150201CEB80000000000000000000000000000000061
S3150201CEC80000000000000000000000000000000051
S3150201CED80000000000000000000000000000000041
S3150201CEE80000000000000000000000000000000031
S3150201CEF80000000000000000000000000000000021
S3150201CF080000000000000000000000000000000010
S3150201CF180000000000000000000000000000000000
S3150201CF2800000000000000000000000000000000F0
S3150201CF3800000000000000000000000000000000E0
S3150201CF4800000000000000000000000000000000D0
S3150201CF5800000000000000000000000000000000C0
S3150201CF6800000000000000000000000000000000B0
S3150201CF7800000000000000000000000000000000A0
S3150201CF880000000000000000000000000000000090
S3150201CF980000000000000000000000000000000080
S3150201CFA80000000000000000000000000000000070
S3150201CFB80000000000000000000000000000000060
S3150201CFC80000000000000000000000000000000050
S3150201CFD80000000000000000000000000000000040
S3150201CFE80000000000000000000000000000000030
S3150201CFF80000000000000000000000000000000020
S3150201D008000000000000000000000000000000000F
S3150201D01800000000000000000000000000000000FF
S3150201D02800000000000000000000000000000000EF
S3150201D03800000000000000000000000000000000DF
S3150201D04800000000000000000000000000000000CF
S3150201D05800000000000000000000000000000000BF
S3150201D06800000000000000000000000000000000AF
S3150201D078000000000000000000000000000000009F
S3150201D088000000000000000000000000000000008F
S3150201D098000000000000000000000000000000007F
S3150201D0A8000000000000000000000000000000006F
S3150201D0B8000000000000000000000000000000005F
S3150201D0C8000000000000000000000000000000004F
S3150201D0D8000000000000000000000000000000003F
S3150201D0E8000000000000000000000000000000002F
S3150201D0F8000000000000000000000000000000001F
S3150201D108000000000000000000000000000000000E
S3150201D11800000000000000000000000000000000FE
S3150201D12800000000000000000000000000000000EE
S3150201D13800000000000000000000000000000000DE
S3150201D14800000000000000000000000000000000CE
S3150201D15800000000000000000000000000000000BE
S3150201D16800000000000000000000000000000000AE
S3150201D178000000000000000000000000000000009E
S3150201D188000000000000000000000000000000008E
S3150201D198000000000000000000000000000000007E
S3150201D1A8000000000000000000000000000000006E
S3150201D1B8000000000000000000000000000000005E
S3150201D1C8000000000000000000000000000000004E
S3150201D1D8000000000000000000000000000000003E
S3150201D1E8000000000000000000000000000000002E
S3150201D1F8000000000000000000000000000000001E
S3150201D208000000000000000000000000000000000D
S3150201D21800000000000000000000000000000000FD
S3150201D22800000000000000000000000000000000ED
S3150201D23800000000000000000000000000000000DD
S3150201D24800000000000000000000000000000000CD
S3150201D25800000000000000000000000000000000BD
S3150201D26800000000000000000000000000000000AD
S3150201D278000000000000000000000000000000009D
S3150201D288000000000000000000000000000000008D
S3150201D298000000000000000000000000000000007D
S3150201D2A8000000000000000000000000000000006D
S3150201D2B8000000000000000000000000000000005D
S3150201D2C8000000000000000000000000000000004D
S3150201D2D8000000000000000000000000000000003D
S3150201D2E8000000000000000000000000000000002D
S3150201D2F8000000000000000000000000000000001D
S3150201D308000000000000000000000000000000000C
S3150201D31800000000000000000000000000000000FC
S3150201D32800000000000000000000000000000000EC
S3150201D33800000000000000000000000000000000DC
S3150201D34800000000000000000000000000000000CC
S3150201D35800000000000000000000000000000000BC
S3150201D36800000000000000000000000000000000AC
S3150201D378000000000000000000000000000000009C
S3150201D388000000000000000000000000000000008C
S3150201D398000000000000000000000000000000007C
S3150201D3A8000000000000000000000000000000006C
S3150201D3B8000000000000000000000000000000005C
S3150201D3C8000000000000000000000000000000004C
S3150201D3D8000000000000000000000000000000003C
S3150201D3E8000000000000000000000000000000002C
S3150201D3F8000000000000000000000000000000001C
S3150201D408000000000000000000000000000000000B
S3150201D41800000000000000000000000000000000FB
S3150201D42800000000000000000000000000000000EB
S3150201D43800000000000000000000000000000000DB
S3150201D44800000000000000000000000000000000CB
S3150201D45800000000000000000000000000000000BB
S3150201D46800000000000000000000000000000000AB
S3150201D478000000000000000000000000000000009B
S3150201D488000000000000000000000000000000008B
S3150201D498000000000000000000000000000000007B
S3150201D4A8000000000000000000000000000000006B
S3150201D4B8000000000000000000000000000000005B
S3150201D4C8000000000000000000000000000000004B
S3150201D4D8000000000000000000000000000000003B
S3150201D4E8000000000000000000000000000000002B
S3150201D4F8000000000000000000000000000000001B
S3150201D508000000000000000000000000000000000A
S3150201D51800000000000000000000000000000000FA
S3150201D52800000000000000000000000000000000EA
S3150201D53800000000000000000000000000000000DA
S3150201D54800000000000000000000000000000000CA
S3150201D55800000000000000000000000000000000BA
S3150201D56800000000000000000000000000000000AA
S3150201D578000000000000000000000000000000009A
S3150201D588000000000000000000000000000000008A
S3150201D598000000000000000000000000000000007A
S3150201D5A8000000000000000000000000000000006A
S3150201D5B8000000000000000000000000000000005A
S3150201D5C8000000000000000000000000000000004A
S3150201D5D8000000000000000000000000000000003A
S3150201D5E8000000000000000000000000000000002A
S3150201D5F8000000000000000000000000000000001A
S3150201D6080000000000000000000000000000000009
S3150201D61800000000000000000000000000000000F9
S3150201D62800000000000000000000000000000000E9
S3150201D63800000000000000000000000000000000D9
S3150201D64800000000000000000000000000000000C9
S3150201D65800000000000000000000000000000000B9
S3150201D66800000000000000000000000000000000A9
S3150201D6780000000000000000000000000000000099
S3150201D6880000000000000000000000000000000089
S3150201D6980000000000000000000000000000000079
S3150201D6A80000000000000000000000000000000069
S3150201D6B80000000000000000000000000000000059
S3150201D6C80000000000000000000000000000000049
S3150201D6D80000000000000000000000000000000039
S3150201D6E80000000000000000000000000000000029
S3150201D6F80000000000000000000000000000000019
S3150201D7080000000000000000000000000000000008
S3150201D71800000000000000000000000000000000F8
S3150201D72800000000000000000000000000000000E8
S3150201D73800000000000000000000000000000000D8
S3150201D74800000000000000000000000000000000C8
S3150201D75800000000000000000000000000000000B8
S3150201D76800000000000000000000000000000000A8
S3150201D7780000000000000000000000000000000098
S3150201D7880000000000000000000000000000000088
S3150201D7980000000000000000000000000000000078
S3150201D7A80000000000000000000000000000000068
S3150201D7B80000000000000000000000000000000058
S3150201D7C80000000000000000000000000000000048
S3150201D7D80000000000000000000000000000000038
S3150201D7E80000000000000000000000000000000028
S3150201D7F80000000000000000000000000000000018
S3150201D8080000000000000000000000000000000007
S3150201D81800000000000000000000000000000000F7
S3150201D82800000000000000000000000000000000E7
S3150201D83800000000000000000000000000000000D7
S3150201D84800000000000000000000000000000000C7
S3150201D85800000000000000000000000000000000B7
S3150201D86800000000000000000000000000000000A7
S3150201D8780000000000000000000000000000000097
S3150201D8880000000000000000000000000000000087
S3150201D8980000000000000000000000000000000077
S3150201D8A80000000000000000000000000000000067
S3150201D8B80000000000000000000000000000000057
S3150201D8C80000000000000000000000000000000047
S3150201D8D80000000000000000000000000000000037
S3150201D8E80000000000000000000000000000000027
S3150201D8F80000000000000000000000000000000017
S3150201D9080000000000000000000000000000000006
S3150201D91800000000000000000000000000000000F6
S3150201D92800000000000000000000000000000000E6
S3150201D93800000000000000000000000000000000D6
S3150201D94800000000000000000000000000000000C6
S3150201D95800000000000000000000000000000000B6
S3150201D96800000000000000000000000000000000A6
S3150201D9780000000000000000000000000000000096
S3150201D9880000000000000000000000000000000086
S3150201D9980000000000000000000000000000000076
S3150201D9A80000000000000000000000000000000066
S3150201D9B80000000000000000000000000000000056
S3150201D9C80000000000000000000000000000000046
S3150201D9D80000000000000000000000000000000036
S3150201D9E80000000000000000000000000000000026
S3150201D9F80000000000000000000000000000000016
S3150201DA080000000000000000000000000000000005
S3150201DA1800000000000000000000000000000000F5
S3150201DA2800000000000000000000000000000000E5
S3150201DA3800000000000000000000000000000000D5
S3150201DA4800000000000000000000000000000000C5
S3150201DA5800000000000000000000000000000000B5
S3150201DA6800000000000000000000000000000000A5
S3150201DA780000000000000000000000000000000095
S3150201DA880000000000000000000000000000000085
S3150201DA980000000000000000000000000000000075
S3150201DAA80000000000000000000000000000000065
S3150201DAB80000000000000000000000000000000055
S3150201DAC80000000000000000000000000000000045
S3150201DAD80000000000000000000000000000000035
S3150201DAE80000000000000000000000000000000025
S3150201DAF80000000000000000000000000000000015
S3150201DB080000000000000000000000000000000004
S3150201DB1800000000000000000000000000000000F4
S3150201DB2800000000000000000000000000000000E4
S3150201DB3800000000000000000000000000000000D4
S3150201DB4800000000000000000000000000000000C4
S3150201DB5800000000000000000000000000000000B4
S3150201DB6800000000000000000000000000000000A4
S3150201DB780000000000000000000000000000000094
S3150201DB880000000000000000000000000000000084
S3150201DB980000000000000000000000000000000074
S3150201DBA80000000000000000000000000000000064
S3150201DBB80000000000000000000000000000000054
S3150201DBC80000000000000000000000000000000044
S3150201DBD80000000000000000000000000000000034
S3150201DBE80000000000000000000000000000000024
S3150201DBF80000000000000000000000000000000014
S3150201DC080000000000000000000000000000000003
S3150201DC1800000000000000000000000000000000F3
S3150201DC2800000000000000000000000000000000E3
S3150201DC3800000000000000000000000000000000D3
S3150201DC4800000000000000000000000000000000C3
S3150201DC5800000000000000000000000000000000B3
S3150201DC6800000000000000000000000000000000A3
S3150201DC780000000000000000000000000000000093
S3150201DC880000000000000000000000000000000083
S3150201DC980000000000000000000000000000000073
S3150201DCA80000000000000000000000000000000063
S3150201DCB80000000000000000000000000000000053
S3150201DCC80000000000000000000000000000000043
S3150201DCD80000000000000000000000000000000033
S3150201DCE80000000000000000000000000000000023
S3150201DCF80000000000000000000000000000000013
S3150201DD080000000000000000000000000000000002
S3150201DD1800000000000000000000000000000000F2
S3150201DD2800000000000000000000000000000000E2
S3150201DD3800000000000000000000000000000000D2
S3150201DD4800000000000000000000000000000000C2
S3150201DD5800000000000000000000000000000000B2
S3150201DD6800000000000000000000000000000000A2
S3150201DD780000000000000000000000000000000092
S3150201DD880000000000000000000000000000000082
S3150201DD980000000000000000000000000000000072
S3150201DDA80000000000000000000000000000000062
S3150201DDB80000000000000000000000000000000052
S3150201DDC80000000000000000000000000000000042
S3150201DDD80000000000000000000000000000000032
S3150201DDE80000000000000000000000000000000022
S3150201DDF80000000000000000000000000000000012
S3150201DE080000000000000000000000000000000001
S3150201DE1800000000000000000000000000000000F1
S3150201DE2800000000000000000000000000000000E1
S3150201DE3800000000000000000000000000000000D1
S3150201DE4800000000000000000000000000000000C1
S3150201DE5800000000000000000000000000000000B1
S3150201DE6800000000000000000000000000000000A1
S3150201DE780000000000000000000000000000000091
S3150201DE880000000000000000000000000000000081
S3150201DE980000000000000000000000000000000071
S3150201DEA80000000000000000000000000000000061
S3150201DEB80000000000000000000000000000000051
S3150201DEC80000000000000000000000000000000041
S3150201DED80000000000000000000000000000000031
S3150201DEE80000000000000000000000000000000021
S3150201DEF80000000000000000000000000000000011
S3150201DF080000000000000000000000000000000000
S3150201DF1800000000000000000000000000000000F0
S3150201DF2800000000000000000000000000000000E0
S3150201DF3800000000000000000000000000000000D0
S3150201DF4800000000000000000000000000000000C0
S3150201DF5800000000000000000000000000000000B0
S3150201DF6800000000000000000000000000000000A0
S3150201DF780000000000000000000000000000000090
S3150201DF880000000000000000000000000000000080
S3150201DF980000000000000000000000000000000070
S3150201DFA80000000000000000000000000000000060
S3150201DFB80000000000000000000000000000000050
S3150201DFC80000000000000000000000000000000040
S3150201DFD80000000000000000000000000000000030
S3150201DFE80000000000000000000000000000000020
S3150201DFF80000000000000000000000000000000010
S3150201E00800000000000000000000000000000000FF
S3150201E01800000000000000000000000000000000EF
S3150201E02800000000000000000000000000000000DF
S3150201E03800000000000000000000000000000000CF
S3150201E04800000000000000000000000000000000BF
S3150201E05800000000000000000000000000000000AF
S3150201E068000000000000000000000000000000009F
S3150201E078000000000000000000000000000000008F
S3150201E088000000000000000000000000000000007F
S3150201E098000000000000000000000000000000006F
S3150201E0A8000000000000000000000000000000005F
S3150201E0B8000000000000000000000000000000004F
S3150201E0C8000000000000000000000000000000003F
S3150201E0D8000000000000000000000000000000002F
S3150201E0E8000000000000000000000000000000001F
S3150201E0F8000000000000000000000000000000000F
S3150201E10800000000000000000000000000000000FE
S3150201E11800000000000000000000000000000000EE
S3150201E12800000000000000000000000000000000DE
S3150201E13800000000000000000000000000000000CE
S3150201E14800000000000000000000000000000000BE
S3150201E15800000000000000000000000000000000AE
S3150201E168000000000000000000000000000000009E
S3150201E178000000000000000000000000000000008E
S3150201E188000000000000000000000000000000007E
S3150201E198000000000000000000000000000000006E
S3150201E1A8000000000000000000000000000000005E
S3150201E1B8000000000000000000000000000000004E
S3150201E1C8000000000000000000000000000000003E
S3150201E1D8000000000000000000000000000000002E
S3150201E1E8000000000000000000000000000000001E
S3150201E1F8000000000000000000000000000000000E
S3150201E20800000000000000000000000000000000FD
S3150201E21800000000000000000000000000000000ED
S3150201E22800000000000000000000000000000000DD
S3150201E23800000000000000000000000000000000CD
S3150201E24800000000000000000000000000000000BD
S3150201E25800000000000000000000000000000000AD
S3150201E268000000000000000000000000000000009D
S3150201E278000000000000000000000000000000008D
S3150201E288000000000000000000000000000000007D
S3150201E298000000000000000000000000000000006D
S3150201E2A8000000000000000000000000000000005D
S3150201E2B8000000000000000000000000000000004D
S3150201E2C8000000000000000000000000000000003D
S3150201E2D8000000000000000000000000000000002D
S3150201E2E8000000000000000000000000000000001D
S3150201E2F8000000000000000000000000000000000D
S3150201E30800000000000000000000000000000000FC
S3150201E31800000000000000000000000000000000EC
S3150201E32800000000000000000000000000000000DC
S3150201E33800000000000000000000000000000000CC
S3150201E34800000000000000000000000000000000BC
S3150201E35800000000000000000000000000000000AC
S3150201E368000000000000000000000000000000009C
S3150201E378000000000000000000000000000000008C
S3150201E388000000000000000000000000000000007C
S3150201E398000000000000000000000000000000006C
S3150201E3A8000000000000000000000000000000005C
S3150201E3B8000000000000000000000000000000004C
S3150201E3C8000000000000000000000000000000003C
S3150201E3D8000000000000000000000000000000002C
S3150201E3E8000000000000000000000000000000001C
S3150201E3F8000000000000000000000000000000000C
S3150201E40800000000000000000000000000000000FB
S3150201E41800000000000000000000000000000000EB
S3150201E42800000000000000000000000000000000DB
S3150201E43800000000000000000000000000000000CB
S3150201E44800000000000000000000000000000000BB
S3150201E45800000000000000000000000000000000AB
S3150201E468000000000000000000000000000000009B
S3150201E478000000000000000000000000000000008B
S3150201E488000000000000000000000000000000007B
S3150201E498000000000000000000000000000000006B
S3150201E4A8000000000000000000000000000000005B
S3150201E4B8000000000000000000000000000000004B
S3150201E4C8000000000000000000000000000000003B
S3150201E4D8000000000000000000000000000000002B
S3150201E4E8000000000000000000000000000000001B
S3150201E4F8000000000000000000000000000000000B
S3150201E50800000000000000000000000000000000FA
S3150201E51800000000000000000000000000000000EA
S3150201E52800000000000000000000000000000000DA
S3150201E53800000000000000000000000000000000CA
S3150201E54800000000000000000000000000000000BA
S3150201E55800000000000000000000000000000000AA
S3150201E568000000000000000000000000000000009A
S3150201E578000000000000000000000000000000008A
S3150201E588000000000000000000000000000000007A
S3150201E598000000000000000000000000000000006A
S3150201E5A8000000000000000000000000000000005A
S3150201E5B8000000000000000000000000000000004A
S3150201E5C8000000000000000000000000000000003A
S3150201E5D8000000000000000000000000000000002A
S3150201E5E8000000000000000000000000000000001A
S3150201E5F8000000000000000000000000000000000A
S3150201E60800000000000000000000000000000000F9
S3150201E61800000000000000000000000000000000E9
S3150201E62800000000000000000000000000000000D9
S3150201E63800000000000000000000000000000000C9
S3150201E64800000000000000000000000000000000B9
S3150201E65800000000000000000000000000000000A9
S3150201E6680000000000000000000000000000000099
S3150201E6780000000000000000000000000000000089
S3150201E6880000000000000000000000000000000079
S3150201E6980000000000000000000000000000000069
S3150201E6A80000000000000000000000000000000059
S3150201E6B80000000000000000000000000000000049
S3150201E6C80000000000000000000000000000000039
S3150201E6D80000000000000000000000000000000029
S3150201E6E80000000000000000000000000000000019
S3150201E6F80000000000000000000000000000000009
S3150201E70800000000000000000000000000000000F8
S3150201E71800000000000000000000000000000000E8
S3150201E72800000000000000000000000000000000D8
S3150201E73800000000000000000000000000000000C8
S3150201E74800000000000000000000000000000000B8
S3150201E75800000000000000000000000000000000A8
S3150201E7680000000000000000000000000000000098
S3150201E7780000000000000000000000000000000088
S3150201E7880000000000000000000000000000000078
S3150201E7980000000000000000000000000000000068
S3150201E7A80000000000000000000000000000000058
S3150201E7B80000000000000000000000000000000048
S3150201E7C80000000000000000000000000000000038
S3150201E7D80000000000000000000000000000000028
S3150201E7E80000000000000000000000000000000018
S3150201E7F80000000000000000000000000000000008
S3150201E80800000000000000000000000000000000F7
S3150201E81800000000000000000000000000000000E7
S3150201E82800000000000000000000000000000000D7
S3150201E83800000000000000000000000000000000C7
S3150201E84800000000000000000000000000000000B7
S3150201E85800000000000000000000000000000000A7
S3150201E8680000000000000000000000000000000097
S3150201E8780000000000000000000000000000000087
S3150201E8880000000000000000000000000000000077
S3150201E8980000000000000000000000000000000067
S3150201E8A80000000000000000000000000000000057
S3150201E8B80000000000000000000000000000000047
S3150201E8C80000000000000000000000000000000037
S3150201E8D80000000000000000000000000000000027
S3150201E8E80000000000000000000000000000000017
S3150201E8F80000000000000000000000000000000007
S3150201E90800000000000000000000000000000000F6
S3150201E91800000000000000000000000000000000E6
S3150201E92800000000000000000000000000000000D6
S3150201E93800000000000000000000000000000000C6
S3150201E94800000000000000000000000000000000B6
S3150201E95800000000000000000000000000000000A6
S3150201E9680000000000000000000000000000000096
S3150201E9780000000000000000000000000000000086
S3150201E9880000000000000000000000000000000076
S3150201E9980000000000000000000000000000000066
S3150201E9A80000000000000000000000000000000056
S3150201E9B80000000000000000000000000000000046
S3150201E9C80000000000000000000000000000000036
S3150201E9D80000000000000000000000000000000026
S3150201E9E80000000000000000000000000000000016
S3150201E9F80000000000000000000000000000000006
S3150201EA0800000000000000000000000000000000F5
S3150201EA1800000000000000000000000000000000E5
S3150201EA2800000000000000000000000000000000D5
S3150201EA3800000000000000000000000000000000C5
S3150201EA4800000000000000000000000000000000B5
S3150201EA5800000000000000000000000000000000A5
S3150201EA680000000000000000000000000000000095
S3150201EA780000000000000000000000000000000085
S3150201EA880000000000000000000000000000000075
S3150201EA980000000000000000000000000000000065
S3150201EAA80000000000000000000000000000000055
S3150201EAB80000000000000000000000000000000045
S3150201EAC80000000000000000000000000000000035
S3150201EAD80000000000000000000000000000000025
S3150201EAE80000000000000000000000000000000015
S3150201EAF80000000000000000000000000000000005
S3150201EB0800000000000000000000000000000000F4
S3150201EB1800000000000000000000000000000000E4
S3150201EB2800000000000000000000000000000000D4
S3150201EB3800000000000000000000000000000000C4
S3150201EB4800000000000000000000000000000000B4
S3150201EB5800000000000000000000000000000000A4
S3150201EB680000000000000000000000000000000094
S3150201EB780000000000000000000000000000000084
S3150201EB880000000000000000000000000000000074
S3150201EB980000000000000000000000000000000064
S3150201EBA80000000000000000000000000000000054
S3150201EBB80000000000000000000000000000000044
S3150201EBC80000000000000000000000000000000034
S3150201EBD80000000000000000000000000000000024
S3150201EBE80000000000000000000000000000000014
S3150201EBF80000000000000000000000000000000004
S3150201EC0800000000000000000000000000000000F3
S3150201EC1800000000000000000000000000000000E3
S3150201EC2800000000000000000000000000000000D3
S3150201EC3800000000000000000000000000000000C3
S3150201EC4800000000000000000000000000000000B3
S3150201EC5800000000000000000000000000000000A3
S3150201EC680000000000000000000000000000000093
S3150201EC780000000000000000000000000000000083
S3150201EC880000000000000000000000000000000073
S3150201EC980000000000000000000000000000000063
S3150201ECA80000000000000000000000000000000053
S3150201ECB80000000000000000000000000000000043
S3150201ECC80000000000000000000000000000000033
S3150201ECD80000000000000000000000000000000023
S3150201ECE80000000000000000000000000000000013
S3150201ECF80000000000000000000000000000000003
S3150201ED0800000000000000000000000000000000F2
S3150201ED1800000000000000000000000000000000E2
S3150201ED2800000000000000000000000000000000D2
S3150201ED3800000000000000000000000000000000C2
S3150201ED4800000000000000000000000000000000B2
S3150201ED5800000000000000000000000000000000A2
S3150201ED680000000000000000000000000000000092
S3150201ED780000000000000000000000000000000082
S3150201ED880000000000000000000000000000000072
S3150201ED980000000000000000000000000000000062
S3150201EDA80000000000000000000000000000000052
S3150201EDB80000000000000000000000000000000042
S3150201EDC80000000000000000000000000000000032
S3150201EDD80000000000000000000000000000000022
S3150201EDE80000000000000000000000000000000012
S3150201EDF80000000000000000000000000000000002
S3150201EE0800000000000000000000000000000000F1
S3150201EE1800000000000000000000000000000000E1
S3150201EE2800000000000000000000000000000000D1
S3150201EE3800000000000000000000000000000000C1
S3150201EE4800000000000000000000000000000000B1
S3150201EE5800000000000000000000000000000000A1
S3150201EE680000000000000000000000000000000091
S3150201EE780000000000000000000000000000000081
S3150201EE880000000000000000000000000000000071
S3150201EE980000000000000000000000000000000061
S3150201EEA80000000000000000000000000000000051
S3150201EEB80000000000000000000000000000000041
S3150201EEC80000000000000000000000000000000031
S3150201EED80000000000000000000000000000000021
S3150201EEE80000000000000000000000000000000011
S3150201EEF80000000000000000000000000000000001
S3150201EF0800000000000000000000000000000000F0
S3150201EF1800000000000000000000000000000000E0
S3150201EF2800000000000000000000000000000000D0
S3150201EF3800000000000000000000000000000000C0
S3150201EF4800000000000000000000000000000000B0
S3150201EF5800000000000000000000000000000000A0
S3150201EF680000000000000000000000000000000090
S3150201EF780000000000000000000000000000000080
S3150201EF880000000000000000000000000000000070
S3150201EF980000000000000000000000000000000060
S3150201EFA80000000000000000000000000000000050
S3150201EFB80000000000000000000000000000000040
S3150201EFC80000000000000000000000000000000030
S3150201EFD80000000000000000000000000000000020
S3150201EFE80000000000000000000000000000000010
S3150201EFF80000000000000000000000000000000000
S3150201F00800000000000000000000000000000000EF
S3150201F01800000000000000000000000000000000DF
S3150201F02800000000000000000000000000000000CF
S3150201F03800000000000000000000000000000000BF
S3150201F04800000000000000000000000000000000AF
S3150201F058000000000000000000000000000000009F
S3150201F068000000000000000000000000000000008F
S3150201F078000000000000000000000000000000007F
S3150201F088000000000000000000000000000000006F
S3150201F098000000000000000000000000000000005F
S3150201F0A8000000000000000000000000000000004F
S3150201F0B8000000000000000000000000000000003F
S3150201F0C8000000000000000000000000000000002F
S3150201F0D8000000000000000000000000000000001F
S3150201F0E8000000000000000000000000000000000F
S3150201F0F800000000000000000000000000000000FF
S3150201F10800000000000000000000000000000000EE
S3150201F11800000000000000000000000000000000DE
S3150201F12800000000000000000000000000000000CE
S3150201F13800000000000000000000000000000000BE
S3150201F14800000000000000000000000000000000AE
S3150201F158000000000000000000000000000000009E
S3150201F168000000000000000000000000000000008E
S3150201F178000000000000000000000000000000007E
S3150201F188000000000000000000000000000000006E
S3150201F198000000000000000000000000000000005E
S3150201F1A8000000000000000000000000000000004E
S3150201F1B8000000000000000000000000000000003E
S3150201F1C8000000000000000000000000000000002E
S3150201F1D8000000000000000000000000000000001E
S3150201F1E8000000000000000000000000000000000E
S3150201F1F800000000000000000000000000000000FE
S3150201F20800000000000000000000000000000000ED
S3150201F21800000000000000000000000000000000DD
S3150201F22800000000000000000000000000000000CD
S3150201F23800000000000000000000000000000000BD
S3150201F24800000000000000000000000000000000AD
S3150201F258000000000000000000000000000000009D
S3150201F268000000000000000000000000000000008D
S3150201F278000000000000000000000000000000007D
S3150201F288000000000000000000000000000000006D
S3150201F298000000000000000000000000000000005D
S3150201F2A8000000000000000000000000000000004D
S3150201F2B8000000000000000000000000000000003D
S3150201F2C8000000000000000000000000000000002D
S3150201F2D8000000000000000000000000000000001D
S3150201F2E8000000000000000000000000000000000D
S3150201F2F800000000000000000000000000000000FD
S3150201F30800000000000000000000000000000000EC
S3150201F31800000000000000000000000000000000DC
S3150201F32800000000000000000000000000000000CC
S3150201F33800000000000000000000000000000000BC
S3150201F34800000000000000000000000000000000AC
S3150201F358000000000000000000000000000000009C
S3150201F368000000000000000000000000000000008C
S3150201F378000000000000000000000000000000007C
S3150201F388000000000000000000000000000000006C
S3150201F398000000000000000000000000000000005C
S3150201F3A8000000000000000000000000000000004C
S3150201F3B8000000000000000000000000000000003C
S3150201F3C8000000000000000000000000000000002C
S3150201F3D8000000000000000000000000000000001C
S3150201F3E8000000000000000000000000000000000C
S3150201F3F800000000000000000000000000000000FC
S3150201F40800000000000000000000000000000000EB
S3150201F41800000000000000000000000000000000DB
S3150201F42800000000000000000000000000000000CB
S3150201F43800000000000000000000000000000000BB
S3150201F44800000000000000000000000000000000AB
S3150201F458000000000000000000000000000000009B
S3150201F468000000000000000000000000000000008B
S3150201F478000000000000000000000000000000007B
S3150201F488000000000000000000000000000000006B
S3150201F498000000000000000000000000000000005B
S3150201F4A8000000000000000000000000000000004B
S3150201F4B8000000000000000000000000000000003B
S3150201F4C8000000000000000000000000000000002B
S3150201F4D8000000000000000000000000000000001B
S3150201F4E8000000000000000000000000000000000B
S3150201F4F800000000000000000000000000000000FB
S3150201F50800000000000000000000000000000000EA
S3150201F51800000000000000000000000000000000DA
S3150201F52800000000000000000000000000000000CA
S3150201F53800000000000000000000000000000000BA
S3150201F54800000000000000000000000000000000AA
S3150201F558000000000000000000000000000000009A
S3150201F568000000000000000000000000000000008A
S3150201F578000000000000000000000000000000007A
S3150201F588000000000000000000000000000000006A
S3150201F598000000000000000000000000000000005A
S3150201F5A8000000000000000000000000000000004A
S3150201F5B8000000000000000000000000000000003A
S3150201F5C8000000000000000000000000000000002A
S3150201F5D8000000000000000000000000000000001A
S3150201F5E8000000000000000000000000000000000A
S3150201F5F800000000000000000000000000000000FA
S3150201F60800000000000000000000000000000000E9
S3150201F61800000000000000000000000000000000D9
S3150201F62800000000000000000000000000000000C9
S3150201F63800000000000000000000000000000000B9
S3150201F64800000000000000000000000000000000A9
S3150201F6580000000000000000000000000000000099
S3150201F6680000000000000000000000000000000089
S3150201F6780000000000000000000000000000000079
S3150201F6880000000000000000000000000000000069
S3150201F6980000000000000000000000000000000059
S3150201F6A80000000000000000000000000000000049
S3150201F6B80000000000000000000000000000000039
S3150201F6C80000000000000000000000000000000029
S3150201F6D80000000000000000000000000000000019
S3150201F6E80000000000000000000000000000000009
S3150201F6F800000000000000000000000000000000F9
S3150201F70800000000000000000000000000000000E8
S3150201F71800000000000000000000000000000000D8
S3150201F72800000000000000000000000000000000C8
S3150201F73800000000000000000000000000000000B8
S3150201F74800000000000000000000000000000000A8
S3150201F7580000000000000000000000000000000098
S3150201F7680000000000000000000000000000000088
S3150201F7780000000000000000000000000000000078
S3150201F7880000000000000000000000000000000068
S3150201F7980000000000000000000000000000000058
S3150201F7A80000000000000000000000000000000048
S3150201F7B80000000000000000000000000000000038
S3150201F7C80000000000000000000000000000000028
S3150201F7D80000000000000000000000000000000018
S3150201F7E80000000000000000000000000000000008
S3150201F7F800000000000000000000000000000000F8
S3150201F80800000000000000000000000000000000E7
S3150201F81800000000000000000000000000000000D7
S3150201F82800000000000000000000000000000000C7
S3150201F83800000000000000000000000000000000B7
S3150201F84800000000000000000000000000000000A7
S3150201F8580000000000000000000000000000000097
S3150201F8680000000000000000000000000000000087
S3150201F8780000000000000000000000000000000077
S3150201F8880000000000000000000000000000000067
S3150201F8980000000000000000000000000000000057
S3150201F8A80000000000000000000000000000000047
S3150201F8B80000000000000000000000000000000037
S3150201F8C80000000000000000000000000000000027
S3150201F8D80000000000000000000000000000000017
S3150201F8E80000000000000000000000000000000007
S3150201F8F800000000000000000000000000000000F7
S3150201F90800000000000000000000000000000000E6
S3150201F91800000000000000000000000000000000D6
S3150201F92800000000000000000000000000000000C6
S3150201F93800000000000000000000000000000000B6
S3150201F94800000000000000000000000000000000A6
S3150201F9580000000000000000000000000000000096
S3150201F9680000000000000000000000000000000086
S3150201F9780000000000000000000000000000000076
S3150201F9880000000000000000000000000000000066
S3150201F9980000000000000000000000000000000056
S3150201F9A80000000000000000000000000000000046
S3150201F9B80000000000000000000000000000000036
S3150201F9C80000000000000000000000000000000026
S3150201F9D80000000000000000000000000000000016
S3150201F9E80000000000000000000000000000000006
S3150201F9F800000000000000000000000000000000F6
S3150201FA0800000000000000000000000000000000E5
S3150201FA1800000000000000000000000000000000D5
S3150201FA2800000000000000000000000000000000C5
S3150201FA3800000000000000000000000000000000B5
S3150201FA4800000000000000000000000000000000A5
S3150201FA580000000000000000000000000000000095
S3150201FA680000000000000000000000000000000085
S3150201FA780000000000000000000000000000000075
S3150201FA880000000000000000000000000000000065
S3150201FA980000000000000000000000000000000055
S3150201FAA80000000000000000000000000000000045
S3150201FAB80000000000000000000000000000000035
S3150201FAC80000000000000000000000000000000025
S3150201FAD80000000000000000000000000000000015
S3150201FAE80000000000000000000000000000000005
S3150201FAF800000000000000000000000000000000F5
S3150201FB0800000000000000000000000000000000E4
S3150201FB1800000000000000000000000000000000D4
S3150201FB2800000000000000000000000000000000C4
S3150201FB3800000000000000000000000000000000B4
S3150201FB4800000000000000000000000000000000A4
S3150201FB580000000000000000000000000000000094
S3150201FB680000000000000000000000000000000084
S3150201FB780000000000000000000000000000000074
S3150201FB880000000000000000000000000000000064
S3150201FB980000000000000000000000000000000054
S3150201FBA80000000000000000000000000000000044
S3150201FBB80000000000000000000000000000000034
S3150201FBC80000000000000000000000000000000024
S3150201FBD80000000000000000000000000000000014
S3150201FBE80000000000000000000000000000000004
S3150201FBF800000000000000000000000000000000F4
S3150201FC0800000000000000000000000000000000E3
S3150201FC1800000000000000000000000000000000D3
S3150201FC2800000000000000000000000000000000C3
S3150201FC3800000000000000000000000000000000B3
S3150201FC4800000000000000000000000000000000A3
S3150201FC580000000000000000000000000000000093
S3150201FC680000000000000000000000000000000083
S3150201FC780000000000000000000000000000000073
S3150201FC880000000000000000000000000000000063
S3150201FC980000000000000000000000000000000053
S3150201FCA80000000000000000000000000000000043
S3150201FCB80000000000000000000000000000000033
S3150201FCC80000000000000000000000000000000023
S3150201FCD80000000000000000000000000000000013
S3150201FCE80000000000000000000000000000000003
S3150201FCF800000000000000000000000000000000F3
S3150201FD0800000000000000000000000000000000E2
S3150201FD1800000000000000000000000000000000D2
S3150201FD2800000000000000000000000000000000C2
S3150201FD3800000000000000000000000000000000B2
S3150201FD4800000000000000000000000000000000A2
S3150201FD580000000000000000000000000000000092
S3150201FD680000000000000000000000000000000082
S3150201FD780000000000000000000000000000000072
S3150201FD880000000000000000000000000000000062
S3150201FD980000000000000000000000000000000052
S3150201FDA80000000000000000000000000000000042
S3150201FDB80000000000000000000000000000000032
S3150201FDC80000000000000000000000000000000022
S3150201FDD80000000000000000000000000000000012
S3150201FDE80000000000000000000000000000000002
S3150201FDF800000000000000000000000000000000F2
S3150201FE0800000000000000000000000000000000E1
S3150201FE1800000000000000000000000000000000D1
S3150201FE2800000000000000000000000000000000C1
S3150201FE3800000000000000000000000000000000B1
S3150201FE4800000000000000000000000000000000A1
S3150201FE580000000000000000000000000000000091
S3150201FE680000000000000000000000000000000081
S3150201FE780000000000000000000000000000000071
S3150201FE880000000000000000000000000000000061
S3150201FE980000000000000000000000000000000051
S3150201FEA80000000000000000000000000000000041
S3150201FEB80000000000000000000000000000000031
S3150201FEC80000000000000000000000000000000021
S3150201FED80000000000000000000000000000000011
S3150201FEE80000000000000000000000000000000001
S3150201FEF800000000000000000000000000000000F1
S3150201FF0800000000000000000000000000000000E0
S3150201FF1800000000000000000000000000000000D0
S3150201FF2800000000000000000000000000000000C0
S3150201FF3800000000000000000000000000000000B0
S3150201FF4800000000000000000000000000000000A0
S3150201FF580000000000000000000000000000000090
S3150201FF680000000000000000000000000000000080
S3150201FF780000000000000000000000000000000070
S3150201FF880000000000000000000000000000000060
S3150201FF980000000000000000000000000000000050
S3150201FFA80000000000000000000000000000000040
S3150201FFB80000000000000000000000000000000030
S3150201FFC80000000000000000000000000000000020
S3150201FFD80000000000000000000000000000000010
S3150201FFE80000000000000000000000000000000000
S3150201FFF800000000000000000000000000000000F0
S3150202000800000000000000000000000000000000DE
S3150202001800000000000000000000000000000000CE
S3150202002800000000000000000000000000000000BE
S3150202003800000000000000000000000000000000AE
S31502020048000000000000000000000000000000009E
S31502020058000000000000000000000000000000008E
S31502020068000000000000000000000000000000007E
S31502020078000000000000000000000000000000006E
S31502020088000000000000000000000000000000005E
S31502020098000000000000000000000000000000004E
S315020200A8000000000000000000000000000000003E
S315020200B8000000000000000000000000000000002E
S315020200C8000000000000000000000000000000001E
S315020200D8000000000000000000000000000000000E
S315020200E800000000000000000000000000000000FE
S315020200F800000000000000000000000000000000EE
S3150202010800000000000000000000000000000000DD
S315020201800348044B834202D0034B03B1184770471C
S31502020190A4000022A400002200000000064B074928
S315020201A0C91A891048BF0131491003D0044B0BB159
S315020201B001481847704700BFA4000022A40000228B
S315020201C00000000010B5064C237843B9FFF7D8FFAA
S315020201D0044B13B10448AFF300800123237010BD10
S315020201E060B109220000000028F1C90208B5054BD8
S315020201F01BB105490548AFF30080BDE80840FFF789
S31502020200CDBF00BF0000000064B1092228F1C90275
S315020202100DF068BA022800D0704708B54FF47A7119
S31502020220C82009F043FD0449044807F093FCBDE8DF
S315020202300840012009F028BE743303027CB1092268
S3150202024008B5FFF7E5FF002008BD00BF30B4039DE5
S315020202508446E80625F0300403D5DCF88000000265
S315020202601BD5A80603D5DCF88000800215D50D3C05
S31502020270022C0BD9DCF824400020C4F87031029B10
S31502020280C4E95A12C4E95D3530BC7047DCF8800015
S31502020290C403EFD4C0B20928ECD809238CF8C631BC
S315020202A0184630BC704700BF2DE9F04F9A46894680
S315020202B091B0BDF96C401F9E0894BDF9704026F0BC
S315020202C0080C0994BDF9744051440A94BDF9784068
S315020202D090460B94446ABDF868B0D4F86C31056B4B
S315020202E0B3F5006FA8BF6646D4E95C239142A2EB3E
S315020202F00A02D8BF4A460D92D4F87821074602F07E
S31502020300100207920BEB08029A42A3EB0B03D8BF29
S3150202031043460E93E37D25B116F480720C9200F0E9
S3150202032003810C930321384600F07EFF00223846F1
S31502020330114605F0E9FF079B002B00F05681D4F81F
S31502020340683106F00F0138460D9306F0EDFAD4E94C
S315020203505B23D4F878010D990190D4F874010090C8
S31502020360384606F033F9B30600F1C9804FF07F43EF
S315020203701A46F00606F0400140F1CE80A068002936
S3150202038000F06B81E16802430B43C4E9562394F8F9
S315020203900E3143F0050384F80E31BDF82030102BDE
S315020203A040F24D814FEA0951B1FBF3FE099A4FEA37
S315020203B06E03102A40F34A814FEA0850B0FBF2F06C
S315020203C04210B10544BFC3EB0943CEF1000E7105DB
S315020203D048BFC2EB0842A3F5004C48BF4042079908
S315020203E016F0040F18BF634616F0080FA2F5004C6A
S315020203F018BF624619B103EB0A4302EB0B424FF0F6
S31502020400000CDDF82C90DDF82880CDE9002E41465D
S315020204104A460490CDE902CC384605F04DFF0998CA
S315020204204B4601900898424600902146384600F013
S315020204303BFD002D00F0D480F30500F1D1802B782C
S31502020440E375AB7884F80E316B7884F8D5306B6835
S31502020450C4F8FC30AB68C4F80031EB68C4F82C313E
S3150202046095F8293084F8E9302B69C4F838316B697A
S31502020470C4F8343195F8283084F8E830AB69C4F808
S31502020480EC30EB69C4F8F0302B6AC4F8F4306B6ACC
S31502020490C4F8F83095F82A3084F8EA3095F82B3009
S315020204A084F8EB30EB6AC4F83C312B6BC4F840316A
S315020204B06B6BC4F82431AB6BC4F85831EB6BC4F8DE
S315020204C05C31B5F95430A4F8A830B5F95630A4F81F
S315020204D0AA30EB6CC4F8A0302B6DC4F8A4306B6C56
S315020204E0C4F89830AB6CC4F89C30EB6DC4F8B030EB
S315020204F02B6EC4F8B430002011B0BDE8F08F16F0AE
S31502020500800200F0A780F0064FF000034FF07F4210
S3150202051006F040013FF532AF002900F0A080A16843
S315020205200A43E1680B4330E72B7094F80E31AB7045
S3150202053094F8D5306B70D4F8FC306B60D4F8003185
S31502020540AB60D4F82C31EB6094F8E93085F82930A7
S31502020550D4F838312B61D4F834316B6194F8E8302F
S3150202056085F82830D4F8EC30AB61D4F8F030EB6180
S31502020570D4F8F4302B62D4F8F8306B6294F8EA308D
S3150202058085F82A3094F8EB3085F82B30D4F83C31D2
S31502020590EB62D4F840312B63D4F824316B63D4F87E
S315020205A05831AB63D4F85C31EB63B4F9A830A5F8E1
S315020205B05430B4F9AA30A5F85630D4F8A030EB6418
S315020205C0D4F8A4302B65D4F898306B64D4F89C30F6
S315020205D0AB64D4F8B030EB65D4F8B4302B66A1E63E
S315020205E038460C9900F020FE85E7D4F8783123F0DC
S315020205F03003422B36D8DFE803F052616A61614862
S315020206006A61615252525252525235353535353538
S315020206103535353535353535353535353535353580
S315020206203535353535353535353535353535353570
S31502020630353535353535353535356A616100099ACF
S315020206400023102A4FF4803E3FF7B6AE00224FF443
S315020206508030B6E64FF07F438BE6034395E663F0BE
S315020206607F4392E6384606F00F0106F05DF9002254
S31502020670D4F878011146D4F86C2101900E980D9B9C
S315020206800090384605F0A2FF6DE6D7F880309A024E
S3150202069026D5012384F8E930144BC4F82C31D4F858
S315020206A06C31D4F8682103FB0BA31A44384606F0D0
S315020206B00F010F9206F038F90F9AD9E7D4F86C3186
S315020206C0D4F8682103FB0BA302EB4302EEE7D4F84C
S315020206D06C31D4F8682103FB0BA302EB8302E5E734
S315020206E00923184687F8C63106E700BF1000040040
S315020206F02DE9F04F85B0BDF93860BDF93CC056B35D
S31502020700BCF1000F27DD98460023A2F1100722F062
S315020207100F0B91461A463744A8F110066644BFB239
S31502020720B6B207F10F0E2EF00F0E06F10F0C2CF0D9
S315020207300F0C28F00F0A6BF30F036EF30F020D462E
S315020207406AF31F436CF31F4202A904460293039201
S3150202075006F070FB18B9002005B0BDE8F08F2046FE
S31502020760294605F033F995F8D5303FB2980736B2E5
S3150202077033D4D90700F14A8100232946204602AA28
S31502020780009302F0B7FB064600232946204602AA38
S3150202079004F0ECFC0023294602AA204606F0F0F8F1
S315020207A00022D4F8B83103F10801C4F8B811C3E93A
S315020207B00026D4F8BC31013B9342C4F8BC3103DCB7
S315020207C02046D4F8C03198472046002202A905F0F5
S315020207D0BBFB012005B0BDE8F08FDA0700F11681F6
S315020207E049EA070348EA06021B0702F00F0200F073
S315020207F0C982BDF90830D4F8B811A3EB09031B0369
S3150202080003F5803301F10800C4F8B8014B600423F2
S315020208100B60D4F8BC31013BC4F8BC31002A00F0AB
S315020208200582002B03DC2046D4F8C03198470A2100
S315020208304FF48032D4F8B83103F10800C4F8B80193
S31502020840C3E90012D4F8BC31013B002BC4F8BC3117
S3150202085003DC2046D4F8C031984700221021D4F88E
S31502020860B83103F10800C4F8B801C3E90012D4F89A
S31502020870BC31013B9342C4F8BC3103DC2046D4F8B6
S31502020880C03198470521BDF90830D4F8B821FF1ABC
S315020208903B0303F5803302F10800C4F8B801C2E94A
S315020208A00013D4F8BC31013B002BC4F8BC3103DC83
S315020208B02046D4F8C03198470B22D4F8B831DA4927
S315020208C003F10800C4F8B801C3E90021D4F8BC3127
S315020208D0013B002BC4F8BC3103DC2046D4F8C031FC
S315020208E0984700221121D4F8B83103F10800C4F85E
S315020208F0B801C3E90012D4F8BC31013B9342C4F8F1
S31502020900BC3103DC2046D4F8C03198470621BDF932
S315020209100A30D4F8B821A3EB08031B0303F580338C
S3150202092002F10800C4F8B801C2E90013D4F8BC31D6
S31502020930013B002BC4F8BC3103DC2046D4F8C0319B
S315020209409847D4F8B831002103F10802C4F8B82155
S315020209500C22C3E90021D4F8BC31013B8B42C4F814
S31502020960BC3103DC2046D4F8C0319847D4F8B831FA
S315020209704FF4803103F10802C4F8B8211222C3E906
S315020209800021D4F8BC31013B002BC4F8BC3103DC94
S315020209902046D4F8C03198470721BDF90A30D4F867
S315020209A0B821F61A330303F5803302F10800C4F8BC
S315020209B0B801C2E90013D4F8BC31013B002BC4F8DA
S315020209C0BC3103DC2046D4F8C031984700220D21FF
S315020209D0D4F8B83103F10800C4F8B801C3E9001229
S315020209E0D4F8BC31013B9342C4F8BC3103DC204645
S315020209F0D4F8C03198471322D4F8B83103F108016A
S31502020A00C4F8B8118849C3E90021F7E00421BDF907
S31502020A100830D5F81021A3EB090302FB03F302EB1C
S31502020A201312D4F8B83103F10800C4F8B801C3E9C5
S31502020A300012D4F8BC31013B002BC4F8BC3140F39E
S31502020A407E810A22D4F8B831D5F8101103F10800D2
S31502020A50C4F8B801C3E90021D4F8BC31013B002B2A
S31502020A60C4F8BC3140F3898100221021D4F8B8318E
S31502020A7003F10800C4F8B801C3E90012D4F8BC3184
S31502020A80013B9342C4F8BC3140F372810521BDF9A0
S31502020A900830D5F81021FB1A02FB03F302EB1312FC
S31502020AA0D4F8B83103F10800C4F8B801C3E9001258
S31502020AB0D4F8BC31013B002BC4F8BC3140F353815C
S31502020AC00B21D5F810315A42D4F8B83103F1080095
S31502020AD0C4F8B801C3E90012D4F8BC31013B002BB9
S31502020AE0C4F8BC3140F33A8100221121D4F8B8315C
S31502020AF003F10800C4F8B801C3E90012D4F8BC3104
S31502020B00013B9342C4F8BC3140F30F810621BDF981
S31502020B100A30D5F81021A3EB080302FB03F302EB1A
S31502020B201312D4F8B83103F10800C4F8B801C3E9C4
S31502020B300012D4F8BC31013B002BC4F8BC3140F39D
S31502020B40EF80D4F8B831002103F10802C4F8B821C3
S31502020B500C22C3E90021D4F8BC31013B8B42C4F812
S31502020B60BC3140F3E7801222D4F8B831D5F810111D
S31502020B7003F10800C4F8B801C3E90021D4F8BC3174
S31502020B80013B002BC4F8BC3140F3C580BDF90A30E3
S31502020B90D5F81021F31A02FB03F302EB1312072311
S31502020BA0D4F8B81101F10800C4F8B801C1E900325B
S31502020BB0D4F8BC31013B002BC4F8BC3140F3C980E6
S31502020BC000220D21D4F8B83103F10800C4F8B801A5
S31502020BD0C3E90012D4F8BC31013B9342C4F8BC31DA
S31502020BE040F3B280D4F8B831D5F8102103F10801E6
S31502020BF0C4F8B81113215242C3E90012D4F8BC3127
S31502020C00013B002BC4F8BC3103DC2046D4F8C031C8
S31502020C1098470F26042300962946204602AA02F086
S31502020C2069F90646B0E500BF0000FFFF002B03DCB0
S31502020C302046D4F8C0319847D4F8B8314FF48031FF
S31502020C4003F10802C4F8B8210A22C3E90021D4F842
S31502020C50BC31013B002BC4F8BC3103DC2046D4F87C
S31502020C60C0319847D4F8B831002103F10802C4F81A
S31502020C70B8211022C3E90021D4F8BC31013B8B42D0
S31502020C80C4F8BC3103DC2046D4F8C03198470521AA
S31502020C90BDF90830D4F8B821FB1A1B0303F58033D9
S31502020CA002F10800C4F8B801C2E90013D4F8BC3153
S31502020CB0013B002BC4F8BC3103DC2046D4F8C03118
S31502020CC098470B22D4F8B83103F10801C4F8B811D7
S31502020CD07449C3E90021D4F8BC31013B002BC4F8A4
S31502020CE0BC3103DC2046D4F8C031984700221121D8
S31502020CF0D4F8B83103F10800C4F8B801C3E9001206
S31502020D00D4F8BC31013B9342C4F8BC3140F3C480EF
S31502020D10032602237FE72046D4F8C031984735E7F7
S31502020D202046D4F8C03198470BE72046D4F8C031A2
S31502020D309847EBE62046D4F8C031984713E7204697
S31502020D40D4F8C03198477CE62046D4F8C031984799
S31502020D5048E72046D4F8C031984731E72046D4F80E
S31502020D60C0319847C0E62046D4F8C0319847A7E674
S31502020D702046D4F8C031984788E62046D4F8C031D6
S31502020D80984771E6002A3FF4F7AC0421BDF90A300E
S31502020D90D4F8B821A3EB08031B0303F5803302F14F
S31502020DA00800C4F8B801C2E90013D4F8BC31013B09
S31502020DB0002BC4F8BC3103DC2046D4F8C031984774
S31502020DC0D4F8B831002103F10802C4F8B8210A2284
S31502020DD0C3E90021D4F8BC31013B8B42C4F8BC31D1
S31502020DE003DC2046D4F8C0319847D4F8B8314FF420
S31502020DF0803103F10802C4F8B8211022C3E90021A6
S31502020E00D4F8BC31013B002BC4F8BC3103DC2046CA
S31502020E10D4F8C03198470521BDF90A30D4F8B82171
S31502020E20F31A1B0303F5803302F10800C4F8B80172
S31502020E30C2E90013D4F8BC31013B002BC4F8BC3121
S31502020E4003DC2046D4F8C031984700220B21D4F89D
S31502020E50B83103F10800C4F8B801C3E90012D4F8A4
S31502020E60BC31013B9342C4F8BC3103DC2046D4F8C0
S31502020E70C03198471122D4F8B83103F10801C4F8F7
S31502020E80B8110849C3E90021D4F8BC31013B002B51
S31502020E90C4F8BC313FF73CAF2046D4F8C03198477C
S31502020EA036E700BF0000FFFF30B4BDF90850BDF9B6
S31502020EB00C40CDE9025430BCFFF71ABC30B5944659
S31502020EC08E461C4683B0BDF91850816A7246634645
S31502020ED0CDE90045FFF70CFC002003B030BD00BF90
S31502020EE010B582B0BDF9104000930194B0F86EE0DD
S31502020EF0B0F87030134401EB0E021BB2C16A12B291
S31502020F00FFF7F6FB002002B010BD00BF2DE9F04F3D
S31502020F10B0F96C4091B0002CBDF968C044DD102CCA
S31502020F200F4606469846C16A0BD091F8D730012B76
S31502020F303ED1B1F9D830A3423ADD91F8D530DB077A
S31502020F4036D41FFA8CFA95B2A2B2AB1AB8B20AEB2F
S31502020F50420B0FFA83F90FFA8BFB821A4B46079062
S31502020F6012B230460094CDF804B0FFF7C1FBCDE9C8
S31502020F7000844B463A46F16A3046FFF7B9FB0798B8
S31502020F80CDF804B000EB080200944B46F16A12B2A5
S31502020F9030465544FFF7ACFBF16A3A463046CDE994
S31502020FA000842BB2FFF7A4FB002011B0BDE8F08F3C
S31502020FB0BFB292B2A8F10808ACF1080C94440194AB
S31502020FC0B844C4F34F04083F083A3F1B121BA0441D
S31502020FD0644492B2BFB21FFA88F8A4B2ADF82220D4
S31502020FE0ADF82620ADF82070ADF82C70ADF824804D
S31502020FF0ADF82880ADF82A40ADF82E40002304252C
S315020210009DED907E0CAA82ED807E3046CDE90333B9
S315020210100295009504F06EF9002011B0BDE8F08F3A
S315020210202DE9F04105461C460F46904682B0BDF9AF
S31502021030206020340096FFF769FF2036284604F026
S3150202104087FC36B2A8F11003A7F1100224B2A96AEC
S315020210501BB212B22846CDE90046FFF749FB2846E3
S3150202106004F09AFC002002B0BDE8F0812DE9F041BD
S3150202107004460E4617461D4682B0BDF920800093ED
S31502021080CDF80480B0F870301344B0F86E201BB26B
S315020210900A4412B2C16AFFF72BFB204604F058FC3F
S315020210A0A16A3B4632462046CDE90058FFF720FBAD
S315020210B0204604F071FC002002B0BDE8F08100BFB8
S315020210C02DE9F04106464FF4BE7003F0CDFF044609
S315020210D0002800F096806FF07F424FF07F43466011
S315020210E0C4E902224FF4B05200254FF48031C4E91A
S315020210F05333C4F854314FF0FF3702201023C4F899
S315020211001C214FF47032C4F8101184F8D5002761FD
S31502021110C4F8285184F80E51A382D6F88030C4F856
S315020211203421042284F8E9204FF4002213F0006FDE
S315020211303B4B08BF4FF480039FED356B9FED367B29
S3150202114040F2011E4FF0400CC4F82C214FF0AA08BF
S315020211500122C4E94F55C4F82031C4F84451706DD6
S3150202116084ED317F034343F4012343F4C063C4E9AC
S315020211704581C4F82431C4F83011C4F8162084F823
S31502021180D420A4F8D6E0C4F8D8C004F11C0084F82E
S315020211900F51C4E93F55A4F80C21C4E94155C4F8DC
S315020211A0485101F09FFE04F1340001F09BFE04F166
S315020211B04C0001F097FE04F1640001F093FE04F183
S315020211C07C0001F08FFE04F1940001F08BFE04F123
S315020211D0AC0001F087FE0C22124B3046C4F8E43012
S315020211E02146C4E93757C4F8387184F8E82005F075
S315020211F0A1F8F36920462360F46186F8C651BDE878
S31502021200F081012586F8C6512046BDE8F08100BF6D
S31502021210AA00000004000000000000001000000006
S315020212200800402001030303436A024693F80E01B3
S31502021230022940F00100D97583F80E0116D009D8A9
S3150202124093F8D51021F00C0183F8D510002082F80C
S31502021250C60170470329F9D1002093F8D51041F04F
S315020212600C0183F8D51082F8C6017047002093F864
S31502021270D51021F0080141F0040183F8D51082F855
S31502021280C601704703464FF0000C10B45C6A023185
S3150202129022F07F4244F82120596A604691F80E21D3
S315020212A042F0010281F80E2183F8C6C15DF8044BB1
S315020212B0704700BF00B5436A024693F812C093F81C
S315020212C00E018C4540F0010E18BF40F0070083F86C
S315020212D00EE118BF83F80E01987D9974C0074FF08C
S315020212E0000044BF0906C3F84C1182F8C6015DF834
S315020212F004FB00BF00B5436A024693F816C093F890
S315020213000E018C4540F0010E18BF40F00700997598
S3150202131083F80EE118BF83F80E01C90758BF4FF0D2
S315020213207F414FF0000044BF997C0906C3F84C1175
S3150202133082F8C6015DF804FB10B4446A032994F8E4
S315020213400E31844643F0010384F80E3127D81A4B34
S3150202135053F82110032A22D8DFE802F02B040228CE
S3150202136041F480610022D4F82001D4F82C31C4F869
S315020213701C110343DCF854000343D4F83C01034333
S31502021380D4F840010343D4F8440103430B43C4F89F
S3150202139024318CF8C62110465DF8044B70471022A0
S315020213A08CF8C62110465DF8044B704741F4A051F1
S315020213B0D8E741F48051D5E75436030230B4426A83
S315020213C0034692F8D50059B1002440F002010020EA
S315020213D0C2F8284182F8D51083F8C60130BC70479C
S315020213E04FF480354FF0100C4FF4FC4400F0FC0130
S315020213F0C2F81051A2F814C0E9E700BF6FF07F43AA
S31502021400D0F84C11027C90F811C0090A01FB023293
S3150202141001FB0C3390F80E1102F07F4203F07F4378
S3150202142021F00201C0E9542380F80E11704700BF71
S315020214302DE9F04F87B0BDF944E0BDF9407091F84D
S31502021440D5B01FFA8EFCA7EB0C061BF0010FA3EB1D
S315020214500C0C1546DDE9128904461FFA86FA1FFAB2
S315020214608CF0149A36B20FFA8CFC00F0C680C3F1E5
S3150202147008030393C7F10803049306FB06F30CFB66
S315020214800C3303F1FF00002BB8BF0346B1F914A0D7
S31502021490D1F8100166440EEBDE7106EB6106F11716
S315020214A0A6FB00764FEAE37B059700FB01661F1255
S315020214B0002A40F0528172464FF07840D3174FF01D
S315020214C0FF3110F04DFE524650EA0F21D31710F0AB
S315020214D047FE0BFB00FB07FB01BBA0FB07371BEB1F
S315020214E0070702D50F3347F100079A46BB46059B0B
S315020214F0019600935AEA2F1BDDE9006756EA0F1797
S31502021500BAEB06026BEB07061346321E02DAFF330A
S3150202151042F100021E46174600290B4656EA2F27BB
S3150202152005DA40F6FF73C318184641F100039B46DB
S3150202153082465AEA2F3B039B2A1D03FB0AF77F00C8
S31502021540002F07F10F03B8BF1F46049B3F1103FB8F
S315020215500AFB4FEA4B0B0BF10F03BBF1000FB8BFAD
S315020215609B46D4F8B8314FEA2B1B03F10801B9F1B5
S31502021570000F7CD07642A6EB0806C4F8B8111A60B0
S315020215805E60D4F8BC31013B002BC4F8BC3103DCEB
S315020215902046D4F8C0319847D4F8B8317F4203F1D5
S315020215A00802C4F8B8216A1D5F601A60D4F8BC3119
S315020215B0013B002BC4F8BC3103DC2046D4F8C0310F
S315020215C09847D4F8B831CBF1000703F10802C4F800
S315020215D0B82105F11002C3E90027D4F8BC31013B58
S315020215E0002BC4F8BC3103DC2046D4F8C03198473C
S315020215F0D4F8B831CAEBCA7A74E050EA0A0000F0AB
S315020216009980C3F10801724BC7F1080793FBFEFAF0
S3150202161006FB06F366440CFB0C3C8CFB0A2C634667
S315020216204FEAEA0A0AFB01F10AFB07FB4F004FEAFD
S315020216304B0B002F52EAEF2307F10F03B8BF1F46E7
S31502021640BBF1000F0BF10F03B8BF9B460EEBDE7E1A
S3150202165006EB6E06A2EB06363F114FEA2B1BD4F8B7
S31502021660B8312A1D03F10801B9F1000F82D14644AD
S31502021670C4F8B811C3E90026D4F8BC31013B002BE9
S31502021680C4F8BC3103DC2046D4F8C0319847D4F8FA
S31502021690B8316A1D03F10801C4F8B811C3E900277B
S315020216A0D4F8BC31013B002BC4F8BC3103DC204622
S315020216B0D4F8C0319847D4F8B83103F10802C4F815
S315020216C0B82105F11002C3E9002BD4F8BC31013B63
S315020216D0002BC4F8BC3103DC2046D4F8C03198474B
S315020216E0D4F8B83103F108014FEA4A0605F10B02B2
S315020216F0C4F8B811C3E90026D4F8BC31013B002B69
S31502021700C4F8BC3103DC2046D4F8C0319847D4F879
S31502021710B831113503F10802C4F8B821C3E90056FB
S31502021720D4F8BC31013B002BC4F8BC3149DD07B009
S31502021730BDE8F08F274BCEF1080793FBFEFA0AFBB0
S3150202174007F77F00002F07F10F03B8BF1F46CEEB44
S315020217504E563F11BB46F60281E7D4F880305B0152
S315020217607FF5A9AE4FF0784393FBFEF39B0193FB01
S31502021770FAF3039A4FEA231A049902FB0AF201FBCD
S315020217800AFB002A83FB071002F10703B8BF1A46B7
S31502021790BBF1000F0BF10703B8BF9B4600284FEAC5
S315020217A0E2074FEAEB0B04DA11F10F03194640F195
S315020217B000000A46034652EA2F130599A2EB810656
S315020217C04DE72046D4F8C03107B0BDE8F04F1847BE
S315020217D00000C0FF0000F8FFF8B5064614200D46C9
S315020217E0B76903F041FC002835D000238560C36047
S315020217F0B36E044605EB8505D8074FEA850113D574
S31502021800084603F031FC606010B300232361B36E15
S31502021810D90705D4D6F88430DA0613D49B0707D43F
S31502021820002323602046F8BD304603F05BFCEAE75C
S31502021830A268042102EB82023846920007F01EFEDB
S315020218402061EDE70146384607F02EFE2061E7E702
S31502021850204603F00BFC0024E4E700BFF8B58769D3
S3150202186011B306460C460CE0304603F05DFC2A69CB
S315020218701AB1D6F884309B070DD4284603F0F6FB3C
S3150202188094B12546B36E2468DA076968ECD5084630
S3150202189003F0ECFBEBE73846042107F0FFFD28468E
S315020218A003F0E4FB002CECD1F8BD00BF10B583684F
S315020218B00446186838B100224368C260236183680D
S315020218C0A060E36110BD216A2068FFF785FF10B1AF
S315020218D0A3681860EFE71522236883F8C72110BDB3
S315020218E02DE9F0414569044682B0002D3CD0C1691A
S315020218F0AB69002933D10268012BD2F8188040F273
S31502021900978086682F69B268736802EB820203EBDC
S31502021910820307EB8207F26800690AB11760F16077
S31502021920834207D91A1A013A22F0030280210432AB
S3150202193010F03AFFD6E90123102603EB8303296945
S315020219409B004046009607F0B3FDAB692F61013B4F
S31502021950AB61204602B0BDE8F041FFF7A7BF012BFB
S3150202196023D002B0BDE8F08140F2FF310369774A23
S315020219701A6003695D6006698368321DDA6003696B
S31502021980996003F10C02C3690261013BC0E9065385
S31502021990FFF78CFF236893F9C731002B7DD1A36829
S315020219A05B68736002B0BDE8F081E96902680129E9
S315020219B0D2F8188041D9EE680139A768E9617068E0
S315020219C0002800F0AE80FB68002B55D01860002379
S315020219D0FB60A2692369032A0FD8DFE802F05840A6
S315020219E0023340F2FF311A88D96042F0004242F4D1
S315020219F000021A6003F11002226100211027E36934
S31502021A00A268013BE361A161D2E9012303EB8303ED
S31502021A1029699B004046009707F04AFD7368002B2E
S31502021A2097D0331DEB6072686B692A61AB6190E7EE
S31502021A30E9690129BFD88CD1012B04BF152382F88B
S31502021A40C73186E71A6822F07F4242F000421A60E4
S31502021A5040F2FF321A61236914332361CDE740F261
S31502021A60FF311A78996042F0802242F400021A602B
S31502021A7003F10C022261C0E72369344A1A60236920
S31502021A8058602369A2680433D3602369083340F29B
S31502021A90FF3243F8042B2361AFE72369A269A3F15C
S31502021AA00C012161032A11D8DFE802F0162D1E026B
S31502021AB040F2FF3153F80C2C596022F07F4242F079
S31502021AC0004243F80C2C2369143323610022E36992
S31502021AD0013BC4E9062344E740F2FF31A3F10802BF
S31502021AE043F80C1C2261F1E7194640F2FF3033F843
S31502021AF00C2C42F0004242F4000243F80C2C41F84C
S31502021B00040B2161E2E740F2FF3113F80C2C43F891
S31502021B10041C42F0802242F4000243F80C2C236198
S31502021B20D4E7AA68042102EB82024046920007F039
S31502021B30A5FC706000287FF446AF0122236883F871
S31502021B40C721706800283FF444AF3CE732808080A8
S31502021B5083690269032B0CD8DFE803F01002201115
S31502021B601146137843F0802343F4000341F8083BFD
S31502021B7001610022C369013BC0E90623704711468F
S31502021B801368002223F07F4343F0004341F8103BDF
S31502021B90C3690161013BC0E90623EFE711461388D7
S31502021BA0002243F0004343F4000341F80C3BC369AD
S31502021BB00161013BC0E90623E0E700BF10B5044616
S31502021BC00068816E11F0200104D13B2200F5BC703F
S31502021BD010F0EAFD63686269C4E9023362B113680E
S31502021BE0D36063691A6812681A6163695A68DA61AC
S31502021BF063695A699A6163680022596821619B681E
S31502021C00E262C4E9062310BD2DE9F0474FF000084F
S31502021C100D4686692C6814F0803F14D0B4F1803FD9
S31502021C203DD02204E7B23CD5322F00F096803946E7
S31502021C3030466A6801F032FA202F65D0AC68083560
S31502021C4014F0803FEAD15FFA84FA514630466A6856
S31502021C5001F024FABAF1200FC4F30729C4F30747A5
S31502021C604FEA14644CD049463046AA6801F016FA85
S31502021C70B9F1200F40D039463046EA6801F00EFA31
S31502021C80202F35D0214630462A6901F007FA202C48
S31502021C902AD01435BEE7002C42DBFF2F17D00435BB
S31502021CA0B8E72302F7D5FF2FC4F3072430D039460B
S31502021CB030466A6801F0F2F9202F55D021463046A5
S31502021CC0AA6801F0EBF9202C4AD00C35A2E7C4F33C
S31502021CD00728B8F1020F02D0B8F1040F3DD13046FF
S31502021CE0043501F0E1F995E7304601F0DDF9D0E776
S31502021CF0304601F0D9F9C5E7304601F0D5F9BAE71F
S31502021D00304601F0D1F9AEE7304601F0CDF995E75A
S31502021D10022C21D1304601F0C7F9A046043579E7F3
S31502021D20394630466A6801F0B9F9202FC4F3072909
S31502021D30C4F3074424D049463046AA6801F0AEF9F4
S31502021D40B9F1200F18D021463046EA6801F0A6F909
S31502021D50202C0DD010355DE7A0464046BDE8F0873F
S31502021D60304601F0A1F9B0E7304601F09DF9A5E748
S31502021D70304601F099F9EDE7304601F095F9E2E7CE
S31502021D80304601F091F9D6E72DE9F04F876EC46825
S31502021D90D0E96D5117F02007A1EB050881462268AA
S31502021DA0A66983B04FEAE80851D1A942236945D010
S31502021DB002F5BC718946DFF890A1083502F18C0B57
S31502021DC0019005E00137B84505F1080534D92268C4
S31502021DD092F9C72103EB860E701C6ABB55E9022CE7
S31502021DE01AF8021061B119F9021019B15BF8221040
S31502021DF06145E7D04FF0010109F802104BF822C003
S31502021E009A55CEF804C0E26A10F0030602F1010204
S31502021E10E262D7D1E2692369013A1433012A2361C4
S31502021E20E261CFD82046A6610137FFF759FDB845D0
S31502021E30236905F10805CAD8DDF80490A661402394
S31502021E40D9F8B421C9E96E2303B0BDE8F08FE36A7B
S31502021E504344E36292F9C731002BF0D126B32069DB
S31502021E60B8F1000FEBD0424605F1080301E0083350
S31502021E7086B153E90217013A815500EB860106F152
S31502021E8001061D464F6006F0030608F1FF38EED141
S31502021E90002ED4D10022236914332361E369013B64
S31502021EA0012BC4E906234BD95FEA98074FF00006D5
S31502021EB005D125E00136BE4205F1200520D0236870
S31502021EC093F9C731E3B92A6823691A70AA685A7064
S31502021ED02A699A70AA69DA706A685A60EA689A6026
S31502021EE06A69DA60EA691A61E3692269013B1432B4
S31502021EF0012B2261E361DDD82046FFF7F1FCD9E727
S31502021F0018F003089BD008F1010805F1080305EB56
S31502021F10C805AC460EE0A169206953E902574A1C7C
S31502021F20083300EB810602F00302634545547760EB
S31502021F30A26184D0226892F9C721002AEBD07EE7F9
S31502021F402046FFF7CDFCAFE76836030238B50446F2
S31502021F50FFF71AFFE06882690369032A0FD8DFE8EE
S31502021F6002F03326021940F2FF451A8803F11001E4
S31502021F7042F0004242F400021A60DD600161002270
S31502021F80C369013B012BC0E9062323D9002084F849
S31502021F90C60138BD40F2FF411A68196122F07F423A
S31502021FA042F000421A60036914330361E7E740F222
S31502021FB0FF451A7803F10C0142F0802242F4000234
S31502021FC01A609D600161DAE740F2FF4243F8042B90
S31502021FD00361D4E7FFF784FC002084F8C60138BD0A
S31502021FE038B50446FFF7D0FEE06882690369032A20
S31502021FF00FD8DFE802F03326021940F2FF251A88CB
S3150202200003F1100142F0004242F400021A60DD605E
S3150202201001610022C369013B012BC0E9062323D9D0
S31502022020002084F8C60138BD40F2FF211A68196100
S3150202203022F07F4242F000421A60036914330361BE
S31502022040E7E740F2FF251A7803F10C0142F08022FB
S3150202205042F400021A609D600161DAE740F2FF2251
S3150202206043F8042B0361D4E7FFF73AFC002084F815
S31502022070C60138BD2DE9F041036882B09D6E15F0A6
S31502022080010526D1D0E90274BC4280469E6912D06D
S31502022090236830461BB1E2680AB11B691360A36862
S315020220A0626803EB830321699B00009507F000FA3D
S315020220B02468A742ECD10025D8F81C00A3686268FE
S315020220C01B1A03EB8303216930469B00009507F036
S315020220D0EFF902B0BDE8F08103689A6ED20720D406
S315020220E02DE9F041D0E90264B44207469D690BD05C
S315020220F0A368626803EB8303042128469B000FF060
S31502022100A5FF2468A642F3D1FA69A36828469B1A58
S3150202211003EB830362680421BDE8F0419B000FF0E2
S3150202212095BF704703689A6ED20726D42DE9F0410D
S31502022130D0E90264B44207469D6911D0236804219C
S3150202214028461BB1E2680AB11B691360A3682269B9
S3150202215003EB83039B000FF079FF2468A642EDD1BD
S31502022160FA69A36828469B1A03EB830322690421B0
S31502022170BDE8F0419B000FF069BF70472DE9F041BF
S315020221800C46054682B008681746FFF7FDFDA269AE
S315020221902369032A0FD8DFE802F04235022840F209
S315020221A0FF311A88D96042F0004242F400021A60F4
S315020221B003F1100222610022E369013BC4E906230C
S315020221C0EB6F002B55D06369002B46D06FBB002301
S315020221D02046E361FFF784FBA2686369E260002B93
S315020221E060D0186902B0BDE8F08140F2FF311A6888
S315020221F0196122F07F4242F000421A6023691433C7
S315020222002361D8E740F2FF311A78996042F08022C0
S3150202221042F400021A6003F10C022261CBE740F299
S31502022220FF3243F8042B2361C5E70025206800F03C
S3150202223003FAE169A268D2E901235B1A616903EB37
S31502022240830309699B00009507F032F92046FFF7DE
S31502022250B5FC002318466362C4E7D5F884302046EB
S315020222609A0730D4DB0629D5FFF75CFF002FAED0E2
S31502022270ECE7D4F80880D8F8003053B3A36A0133E6
S315020222803C2BA3629FD1D8F8006000E08846314613
S315020222903668002EFAD12068FFF7E0FAC8F8006025
S315020222A0A66290E7D5F8843013F0120F02D01069B5
S315020222B0002897D1206902B0BDE8F081FFF70CFF32
S315020222C0002F84D0C2E7FFF7D5FE002F3FF47FAF7F
S315020222D0BCE7A36277E700BFB1F934300A6B002B81
S315020222E00FDD002310B41C46043A42F8044FB1F93A
S315020222F0340001339842F8DC00235DF8044BCB86A6
S3150202230070470023CB867047F8B5B1F93400B1F9AC
S315020223103660431EB3420C461746096B06DD731C32
S31502022320B00041F82670E3860844F8BD103000B2C8
S31502022330A0860122800002F09BFEB4F934300146E7
S315020223409E422063EBDA35460022B00001EB860399
S3150202235043F8042BB4F934C00135AC45F8DC731CDE
S3150202236041F82670E3860844F8BD00BF2DE9F8431A
S31502022370002708604F61D0F87C8006460C46B8F109
S31502022380000F74D0D8F8003020204B6002F06CFEA9
S3150202239005466061002867D0D8F80800800002F07E
S315020223A063FE8146286000285ED0D8F8081069606C
S315020223B0D6F88830D8F8042003FB02F2AA60D8F8CD
S315020223C004306B6171B1012307606A689A4206D9C9
S315020223D02A6842F823706A6801339A42F8D8D5F815
S315020223E00090AA68C5F80C9002EB82020421B06939
S315020223F0920007F043F8C9F800002B681B68002B0D
S3150202240032D069686A692B61C5E906216068E060B3
S3150202241050B300231022A0604168216181684020E6
S31502022420C4E90631C4E90A33A28602F01DFE20631C
S31502022430D0B1636903B31B681A68B4F93430002B4E
S3150202244009DD00231D46011F41F8045FB4F9340079
S3150202245001338342F8DB002321463046E386FFF747
S3150202246053FF0120BDE8F8830020BDE8F883114638
S31502022470FFF7B2F96060CAE7D6F88420636812F001
S31502022480120F02D01A69002AD7D15A68D5E700BFBD
S31502022490F8B505464FF4EA7002F0E6FD0446002856
S315020224A057D000264FF0000202234FF40011A0F883
S315020224B0C621C0E90666C0E9123685664165066529
S315020224C0FEF7FEFDA6EE100B6A0684ED087F03D424
S315020224D0702002F0C9FD0646002315F0040F0CBF58
S315020224E005210421C4E90D33C4E90F33C4E91B33C0
S315020224F084F8C63184F8C43163646367A4F8783019
S31502022500636180EF50602B074FF033004FF00005F6
S315020225104FF0010748BF21F00401221D26636766B8
S3150202252082ED007F40F22712C4F88800E16504F1C9
S315020225308C0029462566E56710F036F90822064B15
S31502022540C4F88050196884F8C851216084F8C521FC
S315020225501C602046F8BD00BF28B2092270B50446A7
S3150202256000F076FDA06100285ED03B22002104F530
S31502022570BC7010F019F9E56F7DB1D4F888102046C7
S31502022580FFF72AF906462E602046D4F88810FFF78E
S3150202259023F930602B681A681360D4F88820204623
S315020225A0114603F0F7F80346D4F888202361114650
S315020225B0204603F0EFF8226903466061F2B1E8B100
S315020225C00025C4E9022263604FF40070656302F0DB
S315020225D04BFD184B4022C4F8C03103460A21C4E916
S315020225E06D33A069C4F8BC2184F8C95106F0A0FE75
S315020225F048B9002384F8C631184670BD012384F80F
S31502022600C631184670BDFF232A460A21A06906F082
S3150202261065FE2A460A21A06906F07CFEFF2804BF4F
S31502022620012384F8C931E4E7052384F8C631184642
S3150202263070BD00BF891D020280697047002843D01F
S3150202264038B5436E04468B420D4617D0082B1AD074
S31502022650082929D003F0B4F90021626A92F80E31F0
S3150202266043F0010382F80E31626A84F8C611656686
S3150202267092F80E3143F0010382F80E31002384F8F8
S31502022680C631184638BD426A616692F80E3143F087
S31502022690010382F80E3103F07FF9082D0CD00023D4
S315020226A084F8C631184638BD426A616692F80E311E
S315020226B043F0010382F80E31204603F049F9002362
S315020226C084F8C631184638BD0220704740B110B5AB
S315020226D0044600F0F3FC002384F8C631184610BD06
S315020226E0022070472DE9F04F89B0DDE9127C149C75
S315020226F007FB07FED4F810411CF0010F08BFA346E0
S31502022700804618BF4FF0000B03FB03E01CF0020FDA
S315020227101D4608BFA2468946164618BF4FF0000A52
S3150202272002F01EFC159B240194FBF0F403B11C601B
S31502022730784204FB00F005FB04F44D44241104FB29
S3150202274005F50011374400FB1755149BC9F1000128
S31502022750D3F810210AEB2513029300FB01F304FBC3
S31502022760163300FB06F604FB0166CDE905045208A0
S3150202277002EB23120BEB2616049207969DED045FDB
S315020227804346009442426442039401929DED007FC5
S31502022790A3EC045F83ED007FC8F8200009B0BDE810
S315020227A0F08F00BF2DE9F04F89B0DDE912B60BFBBF
S315020227B00BFC6FEA0609804603FB03C01D468A46E6
S315020227C01746149C02F0CCFB4FF4801386F00206E5
S315020227D0C6F340064FEA094993FBF0F0360409F4C0
S315020227E0803904B12060CBF1000300FB03F300FB46
S315020227F005F41B115544CAF1000A03FB0AF224111D
S3150202280004FB1722BB4403FB07F704FB0A77CDE955
S315020228100534121102F5004209EB271704920797B3
S315020228209DED045F424604FB05F503FB1B5500942E
S3150202283006EB2516594264420296019103949DEDD6
S31502022840007FA2EC045F82ED007FC8F8203009B057
S31502022850BDE8F08F2DE9F04F89B0DDE91245EF436D
S3150202286085F0020CCCF3400C3F04002BDDF85090AD
S315020228704FEA0C4C07F4803704EB020503EB01081E
S315020228804ADB002C23DBC2F1000AA3424FEA0A3AD0
S3150202289069DD5E42240494FBF6F402FB04FE04FBA9
S315020228A005F501FB04F64FEA2E1E2D11C5EB08357E
S315020228B0AEEB013EAAEB2616C4F10008B9F1000FEF
S315020228C001D0C9F800304FF480337D4965E0C4F186
S315020228D0000A4E429A454FEA063BC0F296801B0414
S315020228E093FBFAF301FB03FE08FB03F802FB03F672
S315020228F02D034FEA2E1EC5EB2815CEEB023EABEB9D
S3150202290026165942B9F1000F01D0C9F800A04FF4B8
S315020229108034DFF8AC8140E0002CC0F291805E4246
S31502022920A6424FEA013A52DD240494FBF3F401FB78
S3150202293004F604FB05F502FB04FE4FEA0838C8F169
S3150202294000083611A8EB2515C6EB02360AEB2E1E37
S31502022950C4F10008B9F1000F01D0C9F800304FF4F2
S315020229608031574B19E01B0493FBF4F303FB02F28B
S31502022970121108FB03F8C2EB013603FB01F12D0328
S31502022980AAEB211E05EB28155942B9F1000F38D0E0
S315020229904FF48038C9F80040494C06F50046CDE9A5
S315020229A004647744079706939DED045F02466544E5
S315020229B0CDE90251CDF8048000939DED007FA2EC91
S315020229C0045F82ED007F046209B0BDE8F08F1B044A
S315020229D093FBF4F301FB03FE02FB03F608FB03F887
S315020229E02D03C2F1000B4FEA2E1EAAEB261605EBA9
S315020229F02815CEEB0B3E5942B9F1000F01D0C9F8A8
S31502022A0000404FF480382E4CC7E75E42240494FB02
S31502022A10F6F401FB04F604FB05F502FB04FEC2F121
S31502022A20000A36112D11C5EB08350BEB2E1EC6EB2D
S31502022A300A36C4F10008B9F1000F7FF442AF42E749
S31502022A40A3424FEA023E1EDA240494FBF3F401FB8C
S31502022A5004F604FB05F5AEEB261602FB04FE4FEA6C
S31502022A600838C8F100084FEA013AA8EB25150AEB25
S31502022A702E1EC4F10008B9F1000F3FF470AF5B429B
S31502022A80C9F800306BE764421B0493FBF4F302FBC2
S31502022A9003F6C1F1000A08FB03F803FB01F12D0359
S31502022AA03611AEEB211EC5EB2815C6EB0A36594284
S31502022AB0B9F1000F3FF42BAFC9F8004027E700BF78
S31502022AC00000FFFF10B4002B019C2CDB002C16DB4E
S31502022AD0A34238DD240494FBF3F44FF4803304FB5F
S31502022AE001F112036442C2EB2111029AC0E90143C7
S31502022AF0002A51EA01915DF8044B01607047C4F164
S31502022B00000C194422449C4512B209B2E2DB1B04B0
S31502022B1093FBF4F303FB02F209034FF480345B42A4
S31502022B20C1EB2211E1E7002C22DBC3F1000CA44522
S31502022B3014DD240494FBF3F404FB01F10911104B96
S31502022B40C1EB0231D1E71B0493FBF4F302FB03FC54
S31502022B504FEA2C1C0A4CCCEB0131C6E71B0493FB51
S31502022B60F4F303FB02F21211054CC2EB0131BCE78C
S31502022B7019442244A34212B209B2DADDC7E700BF00
S31502022B800000FFFF2DE9F043002BDDE9075EDEF8C8
S31502022B90104138DB002D1EDBAB424ADC4FEA034C06
S31502022BA09CFBF5FC8CFB04631F4656EA2F4702FB8D
S31502022BB00CF212116542C2EB0132BEF91430120155
S31502022BC092FBF3F204EBD47302EB6302C0E9015601
S31502022BD00260BDE8F0836E4219442A449E4212B252
S31502022BE009B247DA2D0495FBF3F585FB0483994670
S31502022BF058EA2F4901FB05F51203C2EB25122646B6
S31502022C00C8F10005D9E7002D44DB5F42AF42C4F1A9
S31502022C1000061FDD2D0495FBF3F585FB0483994619
S31502022C2058EA2F4901FB05F52D11C5EB023245463D
S31502022C30C3E72D0495FBF3F383FB0485A94658EA01
S31502022C402F4901FB03F312032646C2EB2312C8F1F4
S31502022C500005B2E71B0493FBF5F3354683FB0486B4
S31502022C60B14658EA2F4903FB02F212114646C2EB5B
S31502022C700132A2E71B0493FBF5F383FB04652F469D
S31502022C8056EA2F4703FB02F209032546C1EB22123B
S31502022C90764292E719442A44AB420FFA82FC09B2FF
S31502022CA00FDD1A0492FBF5F282FB04631F4656EA13
S31502022CB02F470CFB02F209032546C1EB221276428A
S31502022CC07BE72D0495FBF3F585FB0483994658EAC7
S31502022CD02F4901FB05F52D11C5EB0C32664245461D
S31502022CE06BE700BF10B4019C002C03DA194422449C
S31502022CF009B212B204FB01F103FB12121B03836037
S31502022D001302029A6442002A53EA0393240303F546
S31502022D100043446003605DF8044B70472DE9F041BD
S31502022D20069D0646002D0C4690461F4604DA1C44B2
S31502022D30A84424B20FFA88F805FB05F007FB070040
S31502022D4002F00EF94FF48013B3FBF0F06D4200FB72
S31502022D5005F500FB07F72D11644205FB04F43F114A
S31502022D6007FB1842079B1211002B52EA0292C6E98E
S31502022D70015702F500423260BDE8F08182680368BB
S31502022D8010B401FB02335442846003605DF8044BC3
S31502022D90704700BFF8B5B1F916C00D46ACEB030C8D
S31502022DA08B68069E03FB0CFCB1F9143004469B1A8F
S31502022DB04A6802FB03C20B681211511C13F0080F78
S31502022DC018BF0A4613F0100FA2F5803118BF0A4641
S31502022DD0590751BF012740F20127A2F5004202F12B
S31502022DE0FF325B0607FA06F704D54FF40033710881
S31502022DF08B401F43D4F8B831C2F1000C079A311D39
S31502022E0003F10800C4F8B80119608ABBC3F804C00A
S31502022E10D4F8BC31013B002BC4F8BC315DDDD4F8D9
S31502022E20B8316A6803F10801C4F8B8115A6006F1AA
S31502022E300A021A60D4F8BC31013B002BC4F8BC3139
S31502022E4046DDD4F8B831AA6803F108011036C4F88F
S31502022E50B811C3E90062D4F8BC31013B002BC4F8B5
S31502022E60BC3103DC2046D4F8C03198473846F8BD57
S31502022E704FEA8C125A60D4F8BC31013B002BC4F8DB
S31502022E80BC3120DD6A68D4F8B831920103F1080137
S31502022E90C4F8B8115A6006F10A021A60D4F8BC31B3
S31502022EA0013B002BC4F8BC3104DDAA68D4F8B83160
S31502022EB09201C9E7D4F8C03120469847AA68D4F8E5
S31502022EC0B8319201C0E72046D4F8C0319847D9E713
S31502022ED02046D4F8C0319847B3E72046D4F8C03129
S31502022EE098479CE7002380EF5060036080ED017FE4
S31502022EF0436170472DE9F0411D464B7E0C46D907C8
S31502022F008046174682B011D5E269D20706D5052D4B
S31502022F10089E6CD9304602B0BDE8F081042D00F25B
S31502022F208480089A023522F4000208929E0738D457
S31502022F30089EA37D990719D5627E520716D5E26CC1
S31502022F40D00777D5052DE5D806F080730193B7F938
S31502022F50023000954046B7F9002004F14C01FFF712
S31502022F6019FFA37D3043013520F400065907D1D556
S31502022F70637E1A07CED5636EDB0762D5052DC9D8E5
S31502022F8006F080730193B7F90230B7F90020404682
S31502022F90009504F16401FFF7FDFE304320F40006BA
S31502022FA0B8E7636BD8071BD5052D089EB2D806F083
S31502022FB080730193B7F9023000954046B7F90020B3
S31502022FC004F13401FFF7E6FE636B304320F4000698
S31502022FD013F0400F20F4400018BF06460135A8E759
S31502022FE0042D22D8089B023523F40006A1E706F037
S31502022FF080730193B7F902300095B7F9002004F104
S315020230001C01FFF7C7FEE369013513F0400F089B67
S3150202301040EA030020F4000220F4400018BF0246F0
S31502023020637E08929E0783D5BBE7089E304602B0AE
S31502023030BDE8F081042D3FF66DAF26F40006023597
S3150202304094E726F40003052D38BF1E4662E700BF49
S3150202305038B50546084606F00FF90446B8B101220C
S31502023060114606F057F9420144BF012385F8C831D9
S315020230708303C5F880000CD5312201212046EB6D6F
S3150202308006F02CF9204606F00DFAC5F88400204611
S3150202309038BDAB6E43F00103AB66EDE78C461346D1
S315020230A00121624606F01AB910B504460022012130
S315020230B0204606F02FF9C307F8D410BD38B5836E41
S315020230C005468469D8070AD501210022204606F060
S315020230D021F98107F8D138BDAB6E9A0707D50022CE
S315020230E00121204606F016F90307F5D4F3E7C822B2
S315020230F00421204606F050F9F1E700BF70B54C688C
S315020231000B6B816E0546C90786690CD41A684AB1E9
S3150202311090F9C91191B13046BDE8704032220121BF
S3150202312006F0DCB870BD5AB9002CFBD0284661689D
S31502023130FEF76AFD0328F5D02468F5E71346EAE7A7
S315020231401968BDE87040FEF75FBD00BF2DE9F04F7A
S31502023150A9B0BDF9C8E0BDF9CCC0AEEB0206ACEB34
S31502023160030A0D4656EA0A01BDF9D08000F03C82F6
S3150202317095F8D67008F10F010446012F4FEA610055
S315020231800C90069000F04682359911F4005107918F
S3150202319040F02E82079912911FFA8EF1002EBDF887
S315020231A018B00D911FFA82F940F3558201F10F020E
S315020231B05A44A9EB0B0122F00F0221F00F0112B2BF
S315020231C009B2ADF86C20ADF868101FFA8CF299B20A
S315020231D0BAF1000F0992089140F3308202F10F030D
S315020231E05B44A1EB0B0223F00F0322F00F021BB288
S315020231F012B220461AA9ADF86E30ADF86A2003F073
S3150202320019FE002800F0F081BDF86830089AA9EB91
S3150202321003090FFA89F30A93BDF86A30B8F12F0F40
S315020232201593A2EB03031BB20B9302DC022F08BF18
S3150202323001273599359A01F001010E91359995F8D2
S31502023240D53002F0030201F00201032A03F003035E
S315020232500F9100F0C082032B00F04184DDE90A12CD
S31502023260359BB8F11F0FCDE900A31CAB1846139389
S3150202327017AB0293334640F3FB81FFF793FA1C9B8B
S31502023280012F03EBC8231C934FEA0833119300F074
S31502023290EB822946204602F099FBD5F82831BAF18B
S315020232A0000F109340F34C82F60FAB7D109ADFF8B3
S315020232B0809902F4185213F0060F42EA090913D052
S315020232C0079A022F14BF02230523002A18BF0523D9
S315020232D0CDF80090294620461AAAFFF70BFE10F4F3
S315020232E0000F814608BF002695F8D42093072DD5F4
S315020232F00A9B2199A5F890300B9BD5F8D000A5F828
S3150202330092302123EB6795F80E31090143F0080347
S3150202331012F0080F85F80E3191FBF0F1209B00F0B6
S31502023320C1825B421B0193FBF0FC0B46D5F8CC1023
S31502023330C5E9203C0B03C5F88830530706D5179B0F
S315020233401B0193FBF0F30B44C5F8CC3033462946F6
S3150202335020461AAA01F00AFF3346294620461AAA2D
S3150202336003F00EFB022F00F0F2810E9B002B40F0BF
S3150202337037820F9B002B40F09A8298461493359B14
S3150202338013F4C05F15D01A0505D51FAB93E80700E3
S31502023390369B83E80700359BDB0405D5369B22AABA
S315020233A00C3307CA83E807001AAB03CB379B1860B4
S315020233B05960B346002E40F04382079BB3B1129B7B
S315020233C003F5803A359B980506D5389BD3E9002347
S315020233D052EA030140F02E84359B5B0506D5389BE3
S315020233E0D3E9022352EA030140F0BE830422D4F84F
S315020233F0B8311C9903F10800C4F8B801C3E90021E7
S31502023400D4F8BC31013B002BC4F8BC3103DC2046A4
S31502023410D4F8C03198470A22D4F8B8311D9903F17B
S315020234200800C4F8B801C3E90021D4F8BC31013B53
S31502023430002BC4F8BC3103DC2046D4F8C0319847CD
S315020234401022D4F8B8311E9903F10800C4F8B80163
S31502023450C3E90021D4F8BC31013B002BC4F8BC31CC
S3150202346003DC2046D4F8C0319847D4F8B8311F9A03
S3150202347003F10801C4F8B8115A60B8F1000F00F05E
S31502023480FA8008221A60D4F8BC31013B002BC4F838
S31502023490BC3103DC2046D4F8C03198470E22D4F858
S315020234A0B831209903F10800C4F8B801C3E9002132
S315020234B0D4F8BC31013B002BC4F8BC3103DC2046F4
S315020234C0D4F8C03198471422D4F8B831219903F1BD
S315020234D00800C4F8B801C3E90021D4F8BC31013BA3
S315020234E0002BC4F8BC3103DC2046D4F8C03198471D
S315020234F00522D4F8B831229903F10800C4F8B801BA
S31502023500C3E90021D4F8BC31013B002BC4F8BC311B
S3150202351003DC2046D4F8C03198470B22D4F8B831DE
S31502023520239903F10800C4F8B801C3E90021D4F8CB
S31502023530BC31013B002BC4F8BC3103DC2046D4F873
S31502023540C03198471122D4F8B831249903F1080000
S31502023550C4F8B801C3E90021D4F8BC31013B002BFF
S31502023560C4F8BC3103DC2046D4F8C031984716228F
S31502023570D4F8B83103F10801C4F8B8111199C3E9B4
S315020235800021D4F8BC31013B002BC4F8BC3103DC68
S315020235902046D4F8C03198470022D4F8B83103F154
S315020235A00801C4F8B811C3E90029D4F8BC31013BB9
S315020235B09342C4F8BC3103DC2046D4F8C0319847A2
S315020235C00C9A069B2046134403F10F084FEA281869
S315020235D042461AA9002E00F0B08002F045FD022FE3
S315020235E000F06C81012000E0002029B0BDE8F08FD6
S315020235F095F8D7104FEA6800042900F04A81B5F916
S31502023600D810014401EB81000903129140F38F01A4
S315020236100691C1E5359901F0030103293FF4B4ADE0
S3150202362000EB4001C0EBC10141F30F11069135993E
S3150202363011F4005107913FF4ADADD9E7089B099AFF
S315020236400F335B44A2EB0B0223F00F0322F00F02AD
S315020236501BB212B2CDE50D9909F10F025A44A1EB42
S315020236600B0122F00F0221F00F0112B209B2A8E5F4
S31502023670FFF7F0F803E605221A60D4F8BC31013BE3
S31502023680002BC4F8BC3103DC2046D4F8C03198477B
S315020236900B22D4F8B831209903F10800C4F8B80114
S315020236A0C3E90021D4F8BC31013B002BC4F8BC317A
S315020236B003DC2046D4F8C03198471122D4F8B83137
S315020236C0219903F10800C4F8B801C3E90021D4F82C
S315020236D0BC31013B002BC4F8BC3103DC2046D4F8D2
S315020236E0C03198470822D4F8B83122999818C4F8FA
S315020236F0B801C3E90021D4F8BC31013B002BC4F85E
S31502023700BC3103DC2046D4F8C03198470E22D4F8E5
S31502023710B831239903F10800C4F8B801C3E90021BC
S31502023720D4F8BC31013B002BC4F8BC3103DC204681
S31502023730D4F8C0319847142205E702F005FC4EE799
S3150202374000F00F82002ED4BF00260126ADE508F155
S3150202375010080E9B4FEA68011491002B00F0768145
S31502023760BDF868300D9AD31A1BB2002E40F0E481DE
S31502023770BDF86A200998821A12B203EB4107002F9A
S3150202378018464FF000074FEA41011FDD4FF00108CC
S3150202379002EB010CBCF1000F13DDA0EB010EBDF929
S315020237A068C0BDF96C00A0EB0C00864509DABDF9CA
S315020237B06E00BDF96AC0511AA0EB0C008142C0F23A
S315020237C024830E9B13B3B8F1000F0BD04FF00108FE
S315020237D049F400590AE0032B00F0858200273DE5F1
S315020237E0002314934FF0000849F48069359B98052B
S315020237F000F148811F9BBAF1000F03F5004202F164
S31502023800010203F50043C8BF13461F930F9B002B09
S315020238103FF4B5ADB8F1000F4BD049F48069359B40
S31502023820590500F14181229BBAF1000F03F50042CC
S3150202383002F1010203F50043D8BF134622939EE525
S31502023840BDF96A20BDF96E3013989B1A4FEA231B03
S315020238505946FFF793FA59461FA8FFF78FFA5946B8
S3150202386022A8FFF78BFAA8E50E9B33B9119A1F9B82
S31502023870A2F5803203EB62031F930F9B002B7FF4A8
S3150202388008AD119A229BA2F5803203EB62032293C0
S31502023890FFE4069901EB810141F38F0106910103CF
S315020238A0129179E41B0193FBF0F38C463EE50E9BE3
S315020238B014934FF0000849F40059B0E700229446E7
S315020238C00D9FBDF85030099907F10F099944A7EBEC
S315020238D0030A01F10F0E9E446AF30F02CB1A69F331
S315020238E00F0C18A863F31F426EF31F4C014622F017
S315020238F00F122CF00F1320461892199303F09AFA1C
S3150202390000283FF46FAE4FF00009149B0999019308
S31502023910BDF862302046CB1A1BB20093BDF8603066
S315020239202946FB1A4A461BB2CDE90399CDF80890FD
S31502023930FDF77EFD109BBD4F03F400732946204618
S3150202394018AA1F434B4601F011FC4B462946204654
S3150202395018AA03F015F8AB7D13F0060F40F0428267
S31502023960BDF96830BDF96010BDF96220C91ABDF908
S315020239706A302498D21A091112111EB14042A2EBE0
S315020239800B0224900626229B239D5B4205FB1133E2
S3150202399000FB1233D4F8B82103F1011302F1080134
S315020239A0C4F8B811C2E90063D4F8BC31013B002B5A
S315020239B0C4F8BC3103DC2046D4F8C03198470C2146
S315020239C0D4F8B831239A03F108005242C4F8B80176
S315020239D0C3E90012D4F8BC31013B002BC4F8BC3156
S315020239E003DC2046D4F8C03198471221D4F8B83104
S315020239F0249A03F108005242C4F8B801C3E900123C
S31502023A00D4F8BC31013B002BC4F8BC3103DC20469E
S31502023A10D4F8C0319847D4F8B83103F10802C4F891
S31502023A20B8210022C3E90027D4F8BC31013B9342F4
S31502023A30C4F8BC3103DC2046D4F8C031984720468C
S31502023A4018A948F30B1202F07FFACBE50B9A56B18C
S31502023A50BDF86E20159B13441A46BDF86A30D21A77
S31502023A60089BD21A12B20F9B002B6BD00A98002720
S31502023A7000EB4103002B4FEA41017FF71AAFB8462A
S31502023A800A9B85E60023DDE90A120193389B1FA8E9
S31502023A905B684FEA4B0B0093389B1B68FFF722F9D0
S31502023AA00FFA8BF30693B1E60123BDF86A2001935E
S31502023AB0099BBDF868109A1A0D9B12B2591A389BC5
S31502023AC009B2DB6822A85B420093389B9B685B4281
S31502023AD0FFF708F9069B5B001BB206934FE4359B80
S31502023AE0DDE90A12CDE900A31CAB1846139317AB04
S31502023AF0039302953346FEF7F5FDD5F810311C996C
S31502023B0008FB03F2012F01EB62111C914FEA22110B
S31502023B104FEA621209D10E9810B91F9810441F90EB
S31502023B200F9810B92298104422905B08A3F58033AD
S31502023B300B441193FFF7ADBBBDF86E200998121A1A
S31502023B4012B21AE60A98DDF83CC000EB4103002BDA
S31502023B50E04649F400594FEA41017FF710AC0346A9
S31502023B6016E65646FFF7A1BB009200220999019278
S31502023B70BDF86A200D988A1ABDF868105B42411A8E
S31502023B80109812B200F4805040EA090040F0080987
S31502023B9009B225A8FFF7C2F8002E40F02C8135980B
S31502023BA0D4F8B8210004259B02F1080140F1E6800F
S31502023BB05344C4F8B811536007231360D4F8BC31D6
S31502023BC0013B002BC4F8BC3103DC2046D4F8C031D9
S31502023BD098470D22D4F8B831269903F10800C4F8A1
S31502023BE0B801C3E90021D4F8BC31013B002BC4F869
S31502023BF0BC3103DC2046D4F8C03198471322D4F8EC
S31502023C00B831279903F10800C4F8B801C3E90021C3
S31502023C10D4F8BC31013B002BC4F8BC313FF7E6AB0A
S31502023C202046D4F8C0319847FFF7E0BB450840006A
S31502023C301380C000002001901098009200F40060E8
S31502023C4040EA090040F004095B4225A8DDE90A12AE
S31502023C50FFF764F8002E40F0D380D4F8B8213598E5
S31502023C6002F10801C4F8B8114104259B54D4534405
S31502023C70536006231360D4F8BC31013B002BC4F80F
S31502023C80BC3103DC2046D4F8C03198470C22D4F862
S31502023C90B831269903F10800C4F8B801C3E9002134
S31502023CA0D4F8BC31013B002BC4F8BC3103DC2046FC
S31502023CB0D4F8C03198471222D4F8B831279903F1C1
S31502023CC00800C4F8B801C3E90021D4F8BC31013BAB
S31502023CD0002BC4F8BC313FF77FAB2046D4F8C03183
S31502023CE09847FFF779BB359BDDE90A12CDE900A3B6
S31502023CF01CAB1846139317AB039302953346FEF792
S31502023D00F1FCD5F810311C9A08FB03F102EB6112A1
S31502023D1000271C92091108E7AAEB03035360062344
S31502023D201360D4F8BC31013B002BC4F8BC3103DC6E
S31502023D302046D4F8C03198470C21D4F8B831269AD5
S31502023D4003F108005242C4F8B801C3E90012D4F8DA
S31502023D50BC31013B002BC4F8BC3103DC2046D4F84B
S31502023D60C03198471221D4F8B831279A03F10800D4
S31502023D705242C4F8B801C3E90012A6E7AAEB03034A
S31502023D80C4F8B811536007231360D4F8BC31013B5F
S31502023D90002BC4F8BC3103DC2046D4F8C031984764
S31502023DA00D21D4F8B831269A03F108005242C4F81A
S31502023DB0B801C3E90012D4F8BC31013B002BC4F8A6
S31502023DC0BC3103DC2046D4F8C03198471321D4F81B
S31502023DD0B831279A03F108005242C4F8B801C3E97E
S31502023DE0001215E7009729460323204618AAFFF771
S31502023DF081F80746B4E5594625A8FEF7BFFFCEE687
S31502023E00594625A8FEF7BAFF27E74FF0000C0092A3
S31502023E10149A2946019220460222CDE903CCCDF814
S31502023E2008C0FDF705FB109B03F4006343EA09038E
S31502023E3043F4801949F08409C3E400BF4FF0000C31
S31502023E402DE9F0479EB2634688B0BDF940501FFA8B
S31502023E5082F91035C5F34F07884609F10F01394435
S31502023E60A9EB070E06F10F023A4461F30F03F71BA1
S31502023E706EF30F0C67F31F4C62F31F432CF00F17FE
S31502023E8023F00F1306A904460697079302F0D2FF00
S31502023E9010B908B0BDE8F0870022BDF81A306D10DD
S31502023EA0F61A36B2BDF8183001950096D8F828618E
S31502023EB0A9EB030341462046CDE903221BB2029235
S31502023EC0FDF7B6FA06F4007242F4800242F04102AB
S31502023ED0022300924146204606AAFFF70BF8119BDF
S31502023EE00F3506462D09002B69D0139BBDF9182002
S31502023EF0B3F900309B1A4FEA2319139BBDF91A2014
S31502023F00B3F902309B1A1F11119BDA0700F189805D
S31502023F104FF0020A119B9B0753D50721129B129A55
S31502023F20DB681269C3F5803302FB0933129A5269BE
S31502023F3002FB0733D4F8B821013302F10800C4F8B0
S31502023F40B801C2E90013D4F8BC31013B002BC4F814
S31502023F50BC3140F3C9800D21129B1B695A42D4F827
S31502023F60B83103F10800C4F8B801C3E90012D4F863
S31502023F70BC31013B002BC4F8BC3140F3A1801321B2
S31502023F80129B5A69D4F8B831524203F10800C4F8B6
S31502023F90B801C3E90012D4F8BC31013B002BC4F8C4
S31502023FA0BC3140F38880BAF1030F46F480560CBF47
S31502023FB04FF0040A4FF0020A46F0080601E04FF0FB
S31502023FC0020A5346414606AA20460096FEF792FF89
S31502023FD00022D4F8B83103F10801C4F8B811C3E9D2
S31502023FE00020D4F8BC31013B9342C4F8BC3103DC55
S31502023FF02046D4F8C03198474146204606AA0023F5
S3150202400001F0B4F800234146204606AA02F0B8FCA3
S3150202401020462A4606A901F097FF012008B0BDE80C
S31502024020F0870621129B129A1B685268C3F58033E7
S3150202403002FB0933129A926802FB0733D4F8B821BB
S31502024040013302F10800C4F8B801C2E90013D4F838
S31502024050BC31013B002BC4F8BC3140DD0C21129B62
S315020240605B685A42D4F8B83103F10800C4F8B801C1
S31502024070C3E90012D4F8BC31013B002BC4F8BC31AF
S3150202408028DD1221129B9B685A42D4F8B83103F1F9
S315020240900800C4F8B801C3E90012D4F8BC31013BE6
S315020240A0002BC4F8BC3110DD46F400664FF0030A59
S315020240B046F004062EE72046D4F8C031984772E746
S315020240C02046D4F8C031984759E72046D4F8C03181
S315020240D09847E9E72046D4F8C0319847D1E7204607
S315020240E0D4F8C0319847B9E72046D4F8C031984788
S315020240F031E700BF2DE9F04FADB0BDF9E040BDF9A1
S31502024100D850BDF9DCA00994BDF9E440CDE9105AB4
S315020241100F950894AD1A0446AAEB0300079355EAD3
S3150202412000030C9203D100202DB0BDE8F08F00FBF4
S3150202413000F091F8D63005FB05008946069300F099
S315020241400FFF4FF0807393FBF0F213461592079A14
S3150202415003FB05F5A2EB0A0603FB06F609993612DC
S315020241602D1206FB01F805FB01F708994FEA684C86
S3150202417006FB01FB05FB01F34FEA6B41129159144F
S3150202418013910C994FEA674E01EB6840A1EB68481E
S31502024190114602EB6742A1EB67470F990D9001EBBD
S315020241A06B40A1EB6B410B910AEB634BAAEB6341AA
S315020241B0069B0E90022B0A9100F0E9823A9B03F0CB
S315020241C00303032B00F06983069B012B1AD13A9B48
S315020241D0D80707D40D9BA8EB0E08A3EB0E030D938B
S315020241E0624467443A9B99070CD413990E9B0B447B
S315020241F00E930B9B0B440B9312990A9BABEB010B8F
S315020242005B1A0A93DDE90D139942A8BF19460B9B65
S315020242104345A8BF43469942ADBF23F00F0321F09F
S315020242200F010BB21BB2ADF87830DDE90D139942DC
S31502024230B8BF19460B9B4345B8BF4346994240F362
S3150202424061820F3121F00F010BB2ADF87C300A9B6D
S315020242505A451146A8BF5946BB42A8BF3B46994298
S31502024260ADBF23F00F0321F00F010BB21BB2ADF863
S315020242707A300A9B5A451146B8BF5946BB42B8BF65
S315020242803B46994240F339820F3121F00F010BB2BC
S3150202429020461EA91292ADF87E3002F0CBFD00280E
S315020242A03FF441AFDDE90D329A1ABDF878000D925C
S315020242B0129ABDF87AC0A2EB0B011B1A0E9119B221
S315020242C0A2EB0C030FFA83FE079B0C9AA3EB0C03D9
S315020242D00FFA83FB0F9BAAEB0C0C1B1A1BB205FBF4
S315020242E003F30FFA8CFC06FB1C331B1103F5004386
S315020242F01B9306FB0BF3101A00B205FB10331B11BC
S3150202430003F580332596764219951A9618939DEDF2
S31502024310187F1FFA88F212920B9A99F8D530A2EBFD
S31502024320080213920A9A03F00303D21B6D42032B6D
S3150202433014928DED207F724616902495BEB200F03D
S31502024340CA8200250E9B0195009326AB1846179347
S315020243500D9BFEF7B7FB1298BDF87A20BDF87810CE
S31502024360149B411AB21A009329A8139B019512B201
S3150202437009B21290FEF7A6FB269B03F5004326938B
S31502024380299B03F5004329933A9B03F00106069BF8
S31502024390012B00F085824946204601F017FB069B57
S315020243A0D9F82851022B0BD145F40073002E08BF0F
S315020243B01D463A9B13F0020F45F4806308BF1D4661
S315020243C099F8D42093072DD5169B2298A9F89030F6
S315020243D02123C9F87C3099F80E31D9F8D01043F06E
S315020243E00803000112F0080F89F80E3190FBF1F072
S315020243F0219BA9F892B000F0B1825B421B0193FBAA
S31502024400F1FC0346D9F8CC00C9E9203C0303C9F8FA
S315020244108830530706D5159B1B0193FBF1F3034420
S31502024420C9F8CC300A9B9F4240F371810B9BA8EBE1
S3150202443003030D930D9B002BC0F2738100234946A1
S3150202444020461EAA00F092FE0023494620461EAAD4
S3150202445002F096FA079B9A4580F2A3824FF0000871
S31502024460BDF97A20AAEB0202DDE908319942B8BF08
S31502024470194699F8160005F4F05343F4400341F342
S315020244800B1110F0060F43F00F0301EB020740F087
S315020244905F81002E00F06C8101220020CDE90A2004
S315020244A0089A42F34F020D92C346B8F1000F40F04A
S315020244B02F820021D4F8B82102F10800C4F8B8010B
S315020244C0C2E90013D4F8BC31013B8B42C4F8BC31B9
S315020244D003DC2046D4F8C031984799F8D53003F068
S315020244E00303032B00F0AD81209A0421D4F8B831DC
S315020244F003F10800C4F8B801C3E90012D4F8BC31CA
S31502024500013B002BC4F8BC3103DC2046D4F8C0318F
S3150202451098470A22D4F8B831219903F10800C4F85F
S31502024520B801C3E90021D4F8BC31013B002BC4F81F
S31502024530BC3103DC2046D4F8C03198471022D4F8A5
S31502024540B831229903F10800C4F8B801C3E900217F
S31502024550D4F8BC31013B002BC4F8BC3103DC204643
S31502024560D4F8C03198470522D4F8B831239903F119
S315020245700800C4F8B801C3E90021D4F8BC31013BF2
S31502024580002BC4F8BC3103DC2046D4F8C03198476C
S315020245900B22D4F8B831249903F10800C4F8B80101
S315020245A0C3E90021D4F8BC31013B002BC4F8BC316B
S315020245B003DC2046D4F8C03198471122D4F8B83128
S315020245C0259903F10800C4F8B801C3E90021D4F819
S315020245D0BC31013B002BC4F8BC3103DC2046D4F8C3
S315020245E0C03198470622D4F8B831269903F1080059
S315020245F0C4F8B801C3E90021D4F8BC31013B002B4F
S31502024600C4F8BC3103DC2046D4F8C03198470C22E8
S31502024610D4F8B831279903F10800C4F8B801C3E9FE
S315020246200021D4F8BC31013B002BC4F8BC3103DCB7
S315020246302046D4F8C03198471222D4F8B8312899C4
S3150202464003F10800C4F8B801C3E90021D4F8BC3169
S31502024650013B002BC4F8BC3103DC2046D4F8C0313E
S3150202466098470722D4F8B831299903F10800C4F809
S31502024670B801C3E90021D4F8BC31013B002BC4F8CE
S31502024680BC3103DC2046D4F8C03198470D22D4F857
S31502024690B8312A9903F10800C4F8B801C3E9002126
S315020246A0D4F8BC31013B002BC4F8BC3103DC2046F2
S315020246B0D4F8C03198471322D4F8B8312B9903F1B2
S315020246C00800C4F8B801C3E90021D4F8BC31013BA1
S315020246D0002BC4F8BC3103DC2046D4F8C03198471B
S315020246E03A4620461EA9B8F1000F63D001F0BCFC7F
S315020246F0069B022B63D0012016E50F3323F00F032C
S315020247001BB2C5E50F3323F00F031BB29DE50E9BC9
S31502024710002B3FF78FAE3FF491AE0D9B002B7FF736
S315020247208DAE0123494620461EAA00F01FFD012333
S315020247301EAA4946204602F023F9079BBDF97E20AE
S315020247409A454FF00108B4BFD21AA2EB0A028BE6CF
S3150202475000934946042320461EAAFEF7CBFB10F419
S31502024760000F034608BF4FF00008002E7FF494AEF6
S315020247703A9A12F0020200F0F680079A0B9611920A
S315020247800C9A0A961092099A52100D928CE6099B7D
S315020247900899302B3A9BB8BF43F001032F293A936B
S315020247A003F0030340F3CE80033B18BF01235B00F1
S315020247B0069327E501F0C8FB069B022B9BD1002339
S315020247C01E46BDF83410BDF84050BDF8442005EB34
S315020247D0010C8F186D1A0CF10F0C521A0F3765F372
S315020247E00F036CF30F0662F31F4367F31F4623F0B0
S315020247F00F1326F00F1620461CA91C931D9602F0D3
S3150202480019FB002840F0E4800B9B002B3FF473AFA8
S3150202481020463C9C0A9B03943B9C012B0294DDE9B5
S3150202482008534FF0010408BF1D460C99079B0F9AC5
S3150202483014BF53460A46009549460194FFF7FEFA0B
S3150202484059E7069B022B3FF44FAEA905209A0FD4D5
S31502024850219BB9F914001901229B91FBF0F11B016C
S3150202486093FBF0F3120192FBF0F2CDE921132092AF
S315020248706B053FF53AAE23982499259BB9F9145054
S31502024880000109011B0190FBF5F091FBF5F193FB87
S31502024890F5F3CDE92301259327E600230693B1E436
S315020248A03EB9099A209B1203A2F5803203EB6203F8
S315020248B020933A9B9A077BD4089A239B1203A2F56A
S315020248C0803203EB620349462046239301F07EF8C7
S315020248D0D9F8285174E50E9BCDF80490009326ABC5
S315020248E0184617930D9BFEF74DF91298BDF87A20DA
S315020248F0BDF87810149BB21A411A009329A8139B89
S31502024900CDF8049012B209B21290FEF73BF93BE5DA
S31502024910BDF97A10BDF97E2020A8521A4FEA221B4F
S3150202492059460E93FEF72AFA594623A8FEF726FAA5
S3150202493059461798FEF722FA59461298FEF71EFAB8
S315020249400E9BB6E543F00203033B18BF01233A99D5
S315020249505B0041F002013A91069353E41B0193FB79
S31502024960F1F384464EE5DDE90801814227DC0121A5
S315020249700A91089941F34F010D912CA902EB4202C9
S3150202498001EB820201211EAEB4463B9E303A0B91E6
S3150202499007CA86E80700BCE803003C9A1060516029
S315020249A082E5BDF97A20079B4FF000089A1A5BE569
S315020249B04946204601F00AF8D9F8285100E5079A35
S315020249C00A9611920C9A1092012211410D91D4E784
S315020249D000221199BDF972300D9DCB1A1BB21099A4
S315020249E00093BDF970302046CB1A29B21BB201914F
S315020249F0CDE9032249460292FCF71AFD2B460F33F2
S31502024A001B090693B8F1000F00F039810A992CAA04
S31502024A1001EB410302EB830353F8282C4F00524267
S31502024A2043F8282C289BBDF978205B4228932B9BBE
S31502024A305B422B93BDF970309B1A1D11BDF97A2088
S31502024A40BDF972309B1ACBEB231600234946204648
S31502024A501CAA00F08BFB0023494620461CAA01F041
S31502024A608FFFDDE92632062102FB0533289A02FB75
S31502024A700633D4F8B82102F10800C4F8B801C2E933
S31502024A800013D4F8BC31013B002BC4F8BC3103DC61
S31502024A902046D4F8C03198470C22D4F8B831279967
S31502024AA003F10800C4F8B801C3E90021D4F8BC3105
S31502024AB0013B002BC4F8BC3103DC2046D4F8C031DA
S31502024AC098471222D4F8B831289903F10800C4F89B
S31502024AD0B801C3E90021D4F8BC31013B002BC4F86A
S31502024AE0BC3103DC2046D4F8C0319847DDE92932CD
S31502024AF0072102FB05332B9A02FB0633D4F8B821AF
S31502024B0002F10800C4F8B801C2E90013D4F8BC31B4
S31502024B10013B002BC4F8BC3103DC2046D4F8C03179
S31502024B2098470D22D4F8B8312A9903F10800C4F83D
S31502024B30B801C3E90021D4F8BC31013B002BC4F809
S31502024B40BC3103DC2046D4F8C03198471322D4F88C
S31502024B50B8312B9903F10800C4F8B801C3E9002160
S31502024B60D4F8BC31013B002BC4F8BC3103DC20462D
S31502024B70D4F8C031984708220A9BF9182CAB03EBEA
S31502024B80810151F8303C51F82C0CC3F5803300FBFD
S31502024B90153351F8281C01FB1633D4F8B811013328
S31502024BA08818C4F8B801C1E90023D4F8BC31013B24
S31502024BB0002BC4F8BC3103DC2046D4F8C031984736
S31502024BC00E210A9B2CAAFB1802EB830353F82C2C08
S31502024BD0D4F8B831524203F10800C4F8B801C3E965
S31502024BE00012D4F8BC31013B002BC4F8BC3103DC01
S31502024BF02046D4F8C031984714210A9B1F442CAB95
S31502024C0003EB870757F8282CD4F8B831524203F13E
S31502024C100800C4F8B801C3E90012D4F8BC31013B5A
S31502024C20002BC4F8BC3103DC2046D4F8C0319847C5
S31502024C30D9F82831494603F4D052184B2046134379
S31502024C4000931CAA0523FEF755F90022D4F8B831BF
S31502024C5003F10801C4F8B811C3E90020D4F8BC3143
S31502024C60013B9342C4F8BC3103DC2046D4F8C0317E
S31502024C7098472046069A1CA901F066F9C4E5BDF9D1
S31502024C807820BDF970309B1A1D11BDF97A20BDF943
S31502024C9072309B1A1E110A9B5F00D6E65D20400007
S31502024CA02DE9F04F91F8D5C091B01CF0010FBDF974
S31502024CB068A0BDF96CB0BDF970701FD12F2F0C46DA
S31502024CC005469146984604DD91F8D6C0BCF1020F1C
S31502024CD026D02146209C1D9B06941F9CCDE9027379
S31502024CE005941E9C43464A462846CDE900AB0494E7
S31502024CF0FEF72CFA012011B0BDE8F08F1D9C08AD1B
S31502024D0004940AACCDE90277CDE90545CDF804B0A3
S31502024D10CDF800A0FFF7EEF9012011B0BDE8F08F41
S31502024D201D9E06F0030CBCF1030FD2D0209ECDE9E4
S31502024D3001B706961F9ECDF800A005961E9E049602
S31502024D401D9E46F4C05C4CF0030CCDF80CC0FEF777
S31502024D50FDF90028CED01D9BDA0710D51D9B9B07B5
S31502024D60C8D4022621461F9C5B4603941E9C5246C9
S31502024D702846CDE900760294FFF760F8BAE71F9952
S31502024D80434603911E994A46029101212846019100
S31502024D9000972146FFF752F8E0E700BFF0B58C46CE
S31502024DA01D46002491B00DF1200E0AAF816ABDF9AB
S31502024DB05830CDE9047EBDF95C60189F0193CDE9B6
S31502024DC002671346069462460095FFF769FF20467C
S31502024DD011B0F0BD30B5002591B0009313460A46D4
S31502024DE01699BDF95040039108A905910AA90194A1
S31502024DF006950491B0F86C10BDF9544004EB4104D7
S31502024E0024B2C16A0294FFF74BFF284611B030BDA5
S31502024E1030B50025964691B0BDF954200695029208
S31502024E20169ABDF950C0039208AA05920AAA0492DA
S31502024E30B0F86E2013441BB20093B0F870300A44E5
S31502024E409C440FFA8CF47344C16A12B201941BB2E7
S31502024E50FFF726FF284611B030BD00BF2DE9F04FFD
S31502024E604FF0000993B01E9DBDF9744003951D468D
S31502024E708B4690460294099404460AAF0CAE0597F5
S31502024E80CDF818900496B0F86E20B0F87030BDF9DD
S31502024E9070A0511909B2009103EB0A0109B20191FC
S31502024EA05A444344C16A12B21BB2FFF7F9FE2046C4
S31502024EB000F04EFD1E9A099BCDE904670392029306
S31502024EC0CDF81890CDF804A0A16A43465A46204668
S31502024ED00095FFF7E5FE204600F05EFD484613B058
S31502024EE0BDE8F08F2DE9F04F1D464FF000088B46C4
S31502024EF0044693B0BDF970901E9B0AAF0CAE0393A3
S31502024F00CDF804900597CDF8188004960095BDF960
S31502024F1074A0B0F86C1013460AEB410109B2029171
S31502024F20C16A09925A46FFF7BBFE204600F010FDFF
S31502024F301E9BCDE90467CDE902A3CDF81880CDF810
S31502024F400490A16A5A46099B20460095FFF7A8FEDD
S31502024F50204600F021FD404613B0BDE8F08F00BFA7
S31502024F60B0F1804F03466ED34FF0A0424FF4004099
S31502024F7003F14043934224BF00F580409B1A820309
S31502024F8002F18062934224BF00F500509B1A42034B
S31502024F9002F18072934224BF00F580509B1A0203EB
S31502024FA002F58002934224BF00F500609B1AC202F8
S31502024FB002F58012934224BF00F580609B1A820298
S31502024FC002F58022934224BF00F500709B1A420228
S31502024FD002F58032934224BF00F580709B1A0202C8
S31502024FE002F58042934224BF80309B1AC20102F527
S31502024FF08052934224BF40309B1A820102F580629C
S31502025000934224BF20309B1A420102F580729342D8
S3150202501024BF10309B1A02014032934224BF083049
S315020250209B1AC2001032934224BF04309B1A82009A
S315020250300432934224BF02309B1A42000132934247
S3150202504050EA309070474FF08052002092E700BF3C
S3150202505040EA500040EA900040EA101040EA10206E
S3150202506040EA1040704700BF04F0F4B904F002BAF5
S315020250702DE9F0410D4668B306460846904604F00D
S31502025080FBF9044648B386422F4602D23846BDE8A9
S31502025090F081304604F0DEF90746F0B1B8F1000FAE
S315020250A012D0A40810D0A400A4F1040E4FEA9E0E58
S315020250B00EF1010E02464EF001E02B1F53F8041FB9
S315020250C042F8041B0FF007C0284604F0D3F938460B
S315020250D0BDE8F081084604F0CDF900273846BDE85E
S315020250E0F08100BF38B504460D46FDF7A5FAD4F89D
S315020250F08430DA0711D4DB0604D42846BDE83840E8
S3150202510004F0A8B92A460421044604F0B7F9014676
S315020251102046BDE8384004F0C9B92A46BDE83840FF
S31502025120042104F0ABB900BF38B505460C46FDF7BB
S3150202513083FAD5F88430DA0711D4DB060AD521467A
S31502025140054604F0B1F9042102462846BDE8384074
S3150202515004F0A4B92046BDE8384004F08BB92246D1
S31502025160BDE83840042104F099B900BF2DE9F041A7
S315020251700D46C97D022901D0BDE8F081E96F0446D8
S31502025180D5E9206701F02000B5F990C0B5F9921071
S31502025190002B4DD1002800F09F8001FB07F706FB8A
S315020251A00C77D5F8883003EB27132421D4F8B821DB
S315020251B05B4202F10800C4F8B801C2E90013D4F84E
S315020251C0BC31013B002BC4F8BC3103DC2046D4F8C7
S315020251D0C03198472522D4F8B831D5F8801003F1A8
S315020251E00800C4F8B801C3E90021D4F8BC31013B76
S315020251F0002BC4F8BC3103DC2046D4F8C0319847F0
S315020252002622D4F8B831D5F8841003F10800C4F87E
S31502025210B801C3E90021D4F8BC31013B002BC4F822
S31502025220BC31A9DC2046D4F8C031BDE8F0411847AA
S31502025230B2F900E0B2F90280B2F90630002842D091
S3150202524006FB0CF6A3EB08035B1A07FB1366D5F8FB
S31502025250882002EB26132421D4F8B8215B4202F1FC
S315020252600800C4F8B801C2E90013D4F8BC31013B04
S31502025270002BC4F8BC3103DC2046D4F8C03198476F
S315020252802522D4F8B831D5F8801003F10800C4F803
S31502025290B801C3E90021D4F8BC31013B002BC4F8A2
S315020252A0BC3103DC2046D4F8C03198472621D5F812
S315020252B08420D4F8B831524203F10800C4F8B80186
S315020252C0C3E90012A7E7CB1A07FB03F3ACEB0E0EF8
S315020252D006FB0E331B11BEE7B2F90230B2F9002009
S315020252E0CB1A07FB03F3ACEB020C06FB0C331B11C6
S315020252F05BE700BF80EF50602DE9F04FA7B00A933B
S31502025300309BBDF9C440022B0F948DED1C7FCDE973
S315020253101010329CBDF9CC60BDF9D050159200F244
S31502025320EA8040F0E480002313930B9314F0040303
S31502025330B1B2A8B216930D91309B0E9040F0EE8058
S31502025340013B3093159BE2431D460E995B8802F0A0
S3150202535001020B440FFA83FA0D9935F8043B0B440A
S315020253601BB21F46309B012B00F0458116990C9108
S31502025370002604F006031293309BB046023BB14666
S3150202538014930996134656463A4604350EE0149B82
S31502025390A3EB0903B3FA83F35B095B00309809F1C5
S315020253A00109814505F1040500F0A1800D9835F841
S315020253B0044C0896044435F8026C0E9824B206444C
S315020253C0944236B200F0C5800B9883F00307002898
S315020253D000F0BB80099858EA000000F0E280C2465B
S315020253E0DDF824B0F8070AD583F4007701EB0A0345
S315020253F05B421D930C9B87F003075B441C93BB071E
S315020254002ED5309BCDE91712013B4B4500F0E680C3
S315020254106B880D9AB5F8008013441BB29B1B03FBE3
S3150202542003F090440FFA88F8A8EB040808FB080078
S315020254300993FFF795FDDDE9171240B1099B4FEA81
S3150202544008281B0293FBF0F398FBF0F8099308EB8A
S315020254500A035B421F93099B47F480675B441E93D0
S315020254600A9B2BB1184650F8043B012B0A902CD00A
S31502025470139847F4C053002870D10B98A8B10C9B1D
S315020254800AFB03F00BFB01F3984247F4605347F41D
S31502025490F047C8BF3B4609990BFB08F00AFB01F12C
S315020254A0814243F40041C8BF0B461CA906911AA9C0
S315020254B005910F990393CDE9016120A90491089BF5
S315020254C00094DDE91010FFF7EBFB129B51462246D0
S315020254D0CDF830B0002B3FF45AAF309809F10109EA
S315020254E081454FF0000305F104057FF45FAF012009
S315020254F027B0BDE8F08F0F9B102B7FF714AF109BDE
S3150202550093F8D730002B73D0022B0CBF0123002352
S3150202551013930CBF002301230B9307E7159D03F197
S315020255208043013B05EB830235F823300B441BB261
S315020255301F46538803440FFA83FA0B9B002B62D150
S315020255400B9A159D11460C9212E7C246DDF824B05B
S3150202555086E70898B0427FF437AF1FE703931CAB86
S3150202556006931AAB05930F9B20AFCDE90163DDE9E2
S315020255701010089B009404970C92FFF791FB169A5F
S3150202558052EA0903A1D0012102971AAF03970F9F8C
S315020255900191089B0C9A0097DDE91010FEF74EFC6A
S315020255A093E7CDE91831089BA4EB020AA6EB030B9B
S315020255B00BFB0BF00AFB0A001792FFF7D1FCDDE99F
S315020255C01723199900283FF40DAF4FEA0A2A4FEA28
S315020255D00B2B9AFBF0FA9BFBF0FB03E7159A0E994B
S315020255E05388B2F800800B441BB20D9A9B1B16E736
S315020255F013930B939AE6A6073FF5B8AE169942F0B5
S3150202560002020C91B4E632F8021C32F8043C02465B
S315020256100A4412B2AAEB02050D9A05FB05F01344DF
S315020256201BB2F91A01FB010008910C95FFF798FCCF
S315020256300899024648B12B0293FBF0F3090291FB49
S31502025640F0F10022159D0C9392E6159D90E600BF9D
S31502025650F8B5C668D6E90F329A4221D0D0F8C0719F
S315020256602F4D0446AF423FD0FCF78EFBE36FC3B128
S315020256702046FCF789FBF36BC4F8BC31E26F6AB9C8
S31502025680E268516C1364C4F8B411936CC4F8B8316D
S31502025690D36CC4F8BC31136DC4F8C031F36B3364F6
S315020256A0F8BDE368D4F8B4215A64D4F8B8219A64EE
S315020256B0D4F8BC21DA64D4F8C0211A659A6BC4F80C
S315020256C0B421D3E90F10091A02EBC102C4F8B821B8
S315020256D01B6C2046C4E96F35FCF756FBF36BAF42EF
S315020256E0C4F8BC31CAD1D9E7D0F8BC313364736C81
S315020256F0C0F8B431B36CC0F8B831F36CC0F8BC313F
S31502025700336DC0F8C031FCF73FFBE36F002BC8D004
S315020257102046FCF739FBF36BC4F8BC31BEE700BF87
S3150202572025570202012270B5C5680446D5E90E164E
S3150202573030019640FFF79CFCC0B1D5E90F32F31A4D
S315020257401A44C5E90F62A86383B1D4F8BC21E168A1
S315020257501344C4F8BC318B6BD4E96D02121A13449A
S31502025760C4F8B8318B6BC4F8B43170BDE36F33B190
S31502025770E368D4F8B4211B6CC4E96E2370BD2046DB
S31502025780FFF766FFE368D4F8B4211B6CC4E96E2303
S31502025790F4E700BFF8B500B3022906460D4619D949
S315020257A0022A174616D95820FFF75EFC0446B8B1FC
S315020257B0002301462A463046A363FCF7D7FDE8B129
S315020257C0F36F8BB10023C4E90873636586F8C631A9
S315020257D02046F8BD0D2386F8C63100242046F8BDC0
S315020257E0012386F8C631F8E74FF40070FFF73CFC56
S315020257F0A06318B14023C4E90F33E3E7012320462D
S3150202580086F8C631FFF732FCE7E700BFF8B5054670
S315020258100C46FCF7B9FAEB6F2BB1EE68A64202D040
S31502025820776D002F35D0002C31D000236365EC60F2
S315020258306B63626ACAB96369F3B11B681E68214661
S315020258402846FCF749FD214632462846FCF75CFD0E
S31502025850A96E11F0200104D13B2205F5BC700CF0B1
S31502025860A3FF002085F8C601F8BD63622046FCF755
S31502025870A5F96369002BE0D1D5F88420636812F09A
S31502025880120F02D01E69002ED9D15E68D7E7AC6824
S31502025890CBE73046FCF75CF93369094A31461A60AE
S315020258A0336928465F603369B2680433D360336969
S315020258B03A4608333361B761FCF760FCB3E700BFCF
S315020258C0328080802DE9F041D0E90268C660736AAF
S315020258D0044647686BBB0121736D716263B9436EFD
S315020258E0082B29D0E36F13B92046FFF7B1FE012236
S315020258F031462046FCF742FC0123002273653146FB
S315020259002046FDF7FBFB0023736294F9C751C4F8E4
S315020259100C80A84684F8C7313946204684F8C65117
S31502025920FFF774FFC4E9016784F8C6514046BDE831
S31502025930F0811225A846EFE7FCF780FED2E700BF08
S3150202594010B50446FCF7C2FE002084F8C60110BD5B
S31502025950C36F03B17047C368D0F8B41130B4596447
S31502025960D0F8B8119A6B9964D0F8BC11094CD96473
S31502025970D0F8C0111965C0F8B4211D6CD96B491B48
S3150202598002EBC102C0F8B8211B6CC0E96F3430BC0D
S31502025990704700BF25570202C36F7BB9C368D0F8AE
S315020259A0BC115A6C1964C0F8B4219A6CC0F8B821B9
S315020259B0DA6CC0F8BC211B6DC0F8C031704700BF5B
S315020259C0C36F03B17047FFF743BE00BF2DE9F04133
S315020259D0436B04468B420D4617D0656395F80E312A
S315020259E02A7E23F00103012A85F80E3100F00A828B
S315020259F0D5F82461EB7D46F08077032B09D8DFE8E0
S31502025A0013F027015E01A7010A0091F80E31DE07A3
S31502025A10E3D4BDE8F08195F80E31590700F11F82F1
S31502025A201922D4F8B831D5F8601103F10800C4F886
S31502025A30B801C3E90021D4F8BC31013B002BC4F8FA
S31502025A40BC3103DC2046D4F8C0319847287ED4F80C
S31502025A50B8310128D5F8642103F1080104D1E87CA2
S31502025A6022F07F4242EA00621A20C4F8B811C3E960
S31502025A700002D4F8BC31013B002BC4F8BC3103DC72
S31502025A802046D4F8C0319847D5F83C3113F08073DA
S31502025A9002D194F9C42132B12046FCF7A1FAD5F813
S31502025AA03C3103F08073003B18BF01232F21D4F847
S31502025AB0B82184F8C431D5F8F83002F10800C4F8E6
S31502025AC0B801C2E90013D4F8BC31013B002BC4F879
S31502025AD0BC3103DC2046D4F8C03198472D22D4F8D3
S31502025AE0B831D5F8EC1003F10800C4F8B801C3E9DD
S31502025AF00021D4F8BC31013B002BC4F8BC3103DCD3
S31502025B002046D4F8C03198472E22D4F8B831D5F8B7
S31502025B10381103F10800C4F8B801C3E90021D4F828
S31502025B20BC31013B002BC4F8BC3103DC2046D4F85D
S31502025B30C03198473922D4F8B83195F80D1103F1DC
S31502025B400800C4F8B801C3E90021D4F8BC31013B0C
S31502025B50002BC4F8BC3103DC2046D4F8C031984786
S31502025B60D4F880309A024BD5D5F8082113F0807FFB
S31502025B700CBF10274FF48077002A00F07E81A16BBA
S31502025B808A4200F07481012385F80C310022372102
S31502025B90D4F8B83103F10800C4F8B801C3E9001217
S31502025BA0D4F8BC31013B9342C4F8BC3103DC204633
S31502025BB0D4F8C031984700264FF03808BF00D5F80E
S31502025BC00821D4F8B831925903F10801C4F8B81180
S31502025BD0C3E90082D4F8BC31013B002BC4F8BC31C4
S31502025BE003DC2046D4F8C03198470436BE42E6D1D9
S31502025BF00023D5F8082185F80C31D4F88030A26347
S31502025C009B01D5F8442103D5B2F1806F00F07B8166
S31502025C10D5F83411D5F82431D5F83C010B43D5F821
S31502025C20401143EA02050543A26D0D43C54B45F0F9
S31502025C3002056A401340002B40F01581D4F8B831B0
S31502025C40A56503F10801C4F8B81101225D6027E0D7
S31502025C50D5F84C11AA68D4F8B8310A43192103F1CE
S31502025C600800C4F8B801C3E90012D4F8BC31013BFA
S31502025C70002BC4F8BC3103DC2046D4F8C031984765
S31502025C80A26DB04B7A401340002B40F0B78001223E
S31502025C90D4F8B831A76503F10801C4F8B8115F60F8
S31502025CA01A60D4F8BC31013B002BC4F8BC313FF771
S31502025CB0B0AE2046D4F8C031BDE8F0411847D5F857
S31502025CC04C11AA68D4F8B8310A43192103F1080023
S31502025CD0C4F8B801C3E90012D4F8BC31013B002B67
S31502025CE0C4F8BC3103DC2046D4F8C0319847287E7A
S31502025CF0D4F8B8310128EA6803F1080100F0A0805D
S31502025D00D5F84C01C4F8B8111A210243C3E90012AC
S31502025D10D4F8BC31013B002BC4F8BC3103DC20466B
S31502025D20D4F8C0319847A26D46F08076854B46F488
S31502025D30005672401340002B40F08D80D4F8B831E1
S31502025D40A66503F10801C4F8B81101225E60A7E74D
S31502025D5095F80E3198077AD4A968D5F85021D4F865
S31502025D60B8310A43192103F10800C4F8B801C3E99C
S31502025D700012D4F8BC31013B002BC4F8BC3103DC5F
S31502025D802046D4F8C0319847E968D5F85421D4F8A8
S31502025D90B8310A431A2103F10800C4F8B801C3E96B
S31502025DA00012D4F8BC31013B002BC4F8BC3103DC2F
S31502025DB02046D4F8C03198471D22D4F8B831D5F816
S31502025DC0141103F10800C4F8B801C3E90021D4F89A
S31502025DD0BC31013B002BC4F8BC3103DC2046D4F8AB
S31502025DE0C0319847D5F83031A26D1F4347F00107FB
S31502025DF0544B7A401340002B3FF449AF2046FCF73E
S31502025E00A5F844E71A21D5F82431EA7C23F44003A3
S31502025E10C5F82431D4F8B831120603F10800C4F8E1
S31502025E20B801C3E90012D4F8BC31013B002BC4F815
S31502025E30BC313FF7DDAD2046D4F8C0319847D7E5ED
S31502025E40E87CC4F8B81142EA00621A215EE72846E3
S31502025E50FBF7D4FA80E72046FCF778F86EE7284685
S31502025E6000F062FBDCE52046FCF770F8E6E695F9FF
S31502025E700C21002A7FF48AAEC2E6D5F80421002A52
S31502025E803FF4BEAEA16B8A4256D0012385F80C318D
S31502025E9000223721D4F8B83103F10800C4F8B80158
S31502025EA0C3E90012D4F8BC31013B9342C4F8BC31B7
S31502025EB003DC2046D4F8C031984700264FF0380852
S31502025EC0BF00D5F80421D4F8B831925903F108017A
S31502025ED0C4F8B811C3E90082D4F8BC31013B002BE5
S31502025EE0C4F8BC3103DC2046D4F8C03198470436E4
S31502025EF0B742E6D10023D5F8042185F80C31D4F84D
S31502025F008030A2637CE63A22D4F8B831D5F8481139
S31502025F1003F10800C4F8B801C3E90021D4F8BC3180
S31502025F20013B002BC4F8BC3103DC2046D4F8C03155
S31502025F309847D5F844216BE695F90C21002AA7D198
S31502025F405EE600BFC801F0302DE9F0410F464FF080
S31502025F501F0CB1F90450B0F84010D0F8B83101EB79
S31502025F600241B7F9002003F1080EB7F90660AD1A2D
S31502025F70B7F90220C0F8B8E1C3E900C1D0F8BC31D2
S31502025F80B61A013B2D113611002B044605F1010505
S31502025F9006F10106C0F8BC3102DCD0F8C0319847DE
S31502025FA01E22D4F8B83105EB064503F10801C4F8FE
S31502025FB0B811C3E90025D4F8BC31013B002BC4F861
S31502025FC0BC3103DC2046D4F8C0319847636C022BFD
S31502025FD038D0042B1ED0012B1AD12020B7F9022069
S31502025FE0B7F90030216C12111B1101FB0233D4F8EE
S31502025FF0B821E16B02F108051944C4F8B851C2E9A5
S315020260000001D4F8BC31013B002BC4F8BC3113DDCC
S31502026010BDE8F081B7F90220B7F90030216C1211FE
S315020260201B1101FB0233D4F8B821E16B202002F1E5
S31502026030080501EB8301E0E72046D4F8C031BDE84A
S31502026040F0411847B7F90220B7F90030216C121154
S315020260501B1101FB0233D4F8B821E16B202002F1B5
S31502026060080501EB4301C8E72DE9F0414FF01F0C89
S315020260700F46036C12045B4212FA83F3D0F8B8217C
S31502026080B1F90450B1F9001002F1080EB7F906602F
S315020260906D1AB7F90210C0F8B8E1C2E900C3D0F826
S315020260A0BC31761A013B2D113611002B044605F13D
S315020260B0010506F10106C0F8BC3102DCD0F8C03196
S315020260C098471E22D4F8B83105EB064503F10801BA
S315020260D0C4F8B811C3E90025D4F8BC31013B002B40
S315020260E0C4F8BC3103DC2046D4F8C0319847636C4D
S315020260F0022B38D0042B1ED0012B1AD12020B7F93D
S315020261000620B7F90030216C12111B1101FB023372
S31502026110D4F8B821E16B02F108051944C4F8B85162
S31502026120C2E90001D4F8BC31013B002BC4F8BC31F0
S3150202613013DDBDE8F081B7F90620B7F90030216C0C
S3150202614012111B1101FB0233D4F8B821E16B202094
S3150202615002F1080501EB8301E0E72046D4F8C031DB
S31502026160BDE8F0411847B7F90620B7F90030216CAD
S3150202617012111B1101FB0233D4F8B821E16B202064
S3150202618002F1080501EB4301C8E700BF30B5044638
S31502026190406E83B00138BDF9185007280ED8DFE8E1
S315020261A000F004131C252E0D0D0420460095FAF765
S315020261B085FE43B284F8C63103B030BD09231846C0
S315020261C084F8C63103B030BD20460095FAF79EFE2A
S315020261D043B284F8C63103B030BD20460095FAF7C1
S315020261E01FFF43B284F8C63103B030BD2046009584
S315020261F0FAF776FE43B284F8C63103B030BD2046C2
S315020262000095FAF733FF43B284F8C63103B030BDC4
S3150202621070B50446406E84B00138BDF92050BDF90E
S315020262202460072811D8DFE800F00416222E3A105D
S3150202623010040A980095CDE901602046FEF7AEFDEC
S3150202624043B284F8C63104B070BD0923184684F8F5
S31502026250C63104B070BD0A980095CDE901602046A8
S31502026260FEF7B8FD43B284F8C63104B070BD0A988F
S315020262700095CDE901602046FEF734FE43B284F86A
S31502026280C63104B070BD0A980095CDE90160204678
S31502026290FEF7BEFD43B284F8C63104B070BD0A9859
S315020262A00095CDE901602046FEF7D8FD43B284F897
S315020262B0C63104B070BD00BF844610B54FF0000E61
S315020262C0DCF8244084B0A4F8A8100799A4F8AA20FE
S315020262D094F80E21009108997046CDE90113069BA6
S315020262E042F0110203939DED007F099B84ED267F06
S315020262F0C4F8B0300A9B84F80E21C4F8B4308CF884
S31502026300C6E104B010BD00BF03464FF0000C10B444
S315020263105C6A12030903C4E93F1294F80E2160462D
S3150202632042F0010284F80E2183F8C6C15DF8044BDD
S31502026330704700BF91F8E43010B5013B062B00F21C
S31502026340ED80DFE803F004151B22282F35004FF0FB
S315020263507F434FF0FF0C1A46604691F8E5E0BEF124
S31502026360070F77D8DFE80EF02C837BB4AEA8A172B2
S3150202637091F8DC0003061A468446EEE700234FF044
S315020263807F424FF0FF0C1846E7E700224FF07F43A9
S31502026390FF209446E1E7002391F8DCC018464FEA53
S315020263A00C62DAE7002291F8DC0094460306D4E78F
S315020263B091F8DC0091F8E0C003064FEA0C62CCE7E2
S315020263C04FF0000C604691F8E6E0BEF1070F5AD88C
S315020263D0DFE80EF00498908A84655E554FF0000C51
S315020263E0604691F8E7E0BEF1070F00F29380DFE81C
S315020263F00EF0072823201D19041291F8DF00034329
S3150202640091F80E01C1F8583140F00403C1F85C213B
S3150202641081F80E3110BD91F8DF4091F8E300234373
S315020264200243EDE791F8DF000243E9E743F0FF0397
S31502026430E6E742F0FF02E3E791F8DF000343024395
S31502026440DEE743F0FF0342F0FF02D9E791F8DD00EF
S3150202645091F8E1C043EA004342EA0C42B3E791F8FB
S31502026460DD00844643EA004342EA0042ABE74FF0CC
S31502026470FF0C43F47F03604642F47F02A3E791F8DE
S31502026480DE0091F8E2C043EA002342EA0C22A8E7C0
S3150202649091F8DE004FF0000C43EA0023A1E791F8DF
S315020264A0DEC0002042EA0C229BE791F8DD004FF0A3
S315020264B0000C43EA004386E791F8DDC0002042EA77
S315020264C00C4280E74FF0000CFF2043F47F037AE789
S315020264D04FF0FF0C002042F47F0274E74FF0000CEB
S315020264E0FF2043F47F437CE74FF0FF0C002042F487
S315020264F07F4276E791F8DE00844643EA002342EAC7
S3150202650000226EE74FF0FF0C43F47F43604642F4EB
S315020265107F4266E7034342EA0C0271E700231A4608
S315020265209C46184619E700BF6FF07F43D0F84C111C
S3150202653030B4D0E95654090A2A0E01FB023265F337
S315020265401702250E01FB053390F80E1164F31703A9
S31502026550C0F8602121F00402C0F8643180F80E21ED
S3150202656030BC704738B590F8E8300546DA07D0F8FD
S31502026570F04011D49B07D5F8F40004F1FF3415D488
S31502026580D5F8EC30013803FB00F0C4F30A0444EAFE
S31502026590C024C5F8384138BD601EFEF759FD95F88C
S315020265A0E83004469B07D5F8F400E9D50138FEF730
S315020265B04FFDD5F8EC30C4F30A0403FB00F0FEF7F4
S315020265C047FD44EAC024C5F8384138BD70B50026F5
S315020265D00546406A059CC0E93B23049B24F0300C25
S315020265E0C0E93D3190F80E3180F8EA6043F00102CB
S315020265F080F80E2114F0100203D0D5F880100E0294
S3150202660059D514F0200403D0D5F88010890252D548
S31502026610ACF10D01022906D8D5F88010CE0302D4B8
S31502026620C9B2092947D9BCF1420F49D8DFE81CF0A1
S31502026630D3001B018A006F00A100B000A300410132
S315020266403F012F0128010701F500E4001901C500E7
S3150202665048004800480048004800480048004800F0
S3150202666048004800480048004800480048004800E0
S3150202667048004800480048004800480048004800D0
S3150202668048004800480048004800480048004800C0
S3150202669048004800480048004800480048004800B0
S315020266A048004800480048004800480048004800A0
S315020266B08A006F00A100092385F8C631184670BD0B
S315020266C0002A40F00481D0F82C61C0F83C21A4BB18
S315020266D02246D0F8401121F00071C0F8401143F071
S315020266E0110CD0E9473423436C6D80F80EC1234363
S315020266F0D0F8444123430B4333431343C0F82431B6
S31502026700FFF730FF002385F8C631184670BD4FF4F5
S3150202671040260221C0F82C6180F8E91080F8EB10BD
S31502026720002A75D04FF0010C4FEA8C7C4CF0807235
S31502026730C0F83C21002C00F0C880D0F8401141F08C
S315020267400071CAE704214FF40026BCF1400F80F81B
S31502026750E91080F8EB10C0F82C6100F0C480A2B9EF
S31502026760C0F83C21002C00F0C98000224FF400261A
S31502026770E3E71026CDE70421624E80F8E910C0F85D
S315020267802C6180F8EB10002A42D04FF0030CCBE7C3
S31502026790D5F8801089028ED501215B4E80F8E91068
S315020267A0C0F82C6180F8EB10002A00F099804FF0B5
S315020267B080710A46C0F83C11BFE7012180F8E91050
S315020267C04FF48471514EA0F8EA10C0F82C61FAB166
S315020267D04FF0000CA8E70121002680F8E910C0F864
S315020267E02C6180F8EB10002A78D1C0F83C21002CEB
S315020267F040F0828026466BE7454E012180F8E91079
S315020268004FF48171C0F82C61A0F8EA10002ADFD198
S31502026810C0F83C21002C90D15AE7D5F880108902A3
S315020268207FF549AF0121302680F8E9104FF48471D1
S31502026830C0F82C61A0F8EA10002AC9D1E8E7D5F817
S3150202684080108E027FF537AF324E012180F8E910B1
S315020268504FF48271C0F82C61A0F8EA10002AB7D16F
S31502026860D6E72D4EF1E702214FF4802680F8E91091
S3150202687080F8EB10C0F82C61002A7FF455AFC7E707
S31502026880D5F8801089027FF516AF244EB5E7D5F802
S3150202689080108E027FF50FAF0121214E80F8E9109A
S315020268A0C0F82C6180F8EB10002A91D1B0E72026BD
S315020268B02FE702211B4E80F8E910C0F82C6180F8FE
S315020268C0EB10002A7FF42EAFA2E7144600E790F8F7
S315020268D0EBC0D0F82C610CF1FF3C25E7664623E7B4
S315020268E0C0F83C2129E7032180F8EB10002A3FF485
S315020268F037AF4FF0020C17E716461EE700244FF495
S315020269000026E5E6100008001000040030000C0024
S315020269103000040020000C003000080020000800AD
S315020269202000040010000C0010B50446406AC1F3B0
S31502026930800390F80E211B0442F0010280F80E2118
S315020269400A0748BF43F40033CA07C0F8343105D4F4
S31502026950D0F8343143F48043C0F834318B0705D47E
S31502026960D0F8343143F40043C0F8343101F00F0158
S3150202697080F8E810FFF7F6FD002084F8C60110BD84
S315020269802DE9F04FCD7D81B0032D02D001B0BDE8D5
S31502026990F08F0E46B2F90050B1F9A810D6F8FC7083
S315020269A0491BD6F89850044605FB01FCD6F8B050AE
S315020269B0B6F9AAB005FB01F1D6F8A050D6F89C802A
S315020269C007EB050ED6F8A470D6F80051D6F8B4A095
S315020269D005EB0709D0F8B87107F10805002B40F05C
S315020269E0C780B2F90230C0F8B851ABEB030308FB19
S315020269F003CC0AFB03112423AEEB2C157D603B600C
S31502026A00D0F8BC31A9EB2115013B002BC0F8BC31F1
S31502026A1002DCD0F8C03198472522D4F8B831D6F82C
S31502026A20981003F10800C4F8B801C3E90021D4F8AA
S31502026A30BC31013B002BC4F8BC3103DC2046D4F83E
S31502026A40C03198472622D4F8B831D6F89C1003F101
S31502026A500800C4F8B801C3E90021D4F8BC31013BED
S31502026A60002BC4F8BC3103DC2046D4F8C031984767
S31502026A70D6F8EC102B1401FB03F32721D4F8B82124
S31502026A80D6F8B07002F10800D6F8B480C4F8B8019C
S31502026A90C2E90013D4F8BC31013B002BC4F8BC3165
S31502026AA003DC2046D4F8C03198472822D4F8B831FC
S31502026AB0ADB203F10801C4F8B811C3E90025D4F84E
S31502026AC0BC31013B002BC4F8BC3103DC2046D4F8AE
S31502026AD0C03198472921D6F8EC303A1403FB02F268
S31502026AE0D4F8B83103F10800C4F8B801C3E90012B8
S31502026AF0D4F8BC31013B002BC4F8BC3103DC20467E
S31502026B00D4F8C0319847D6F8EC304FEA284203FB54
S31502026B1002F2D4F8B83103F10801C4F8B8112A21F5
S31502026B20C3E90012D4F8BC31013B002BC4F8BC31D4
S31502026B3003DC2046D4F8C03198472B21D4F8B82179
S31502026B40BBB202F1080043EA0843C4F8B801C2E93B
S31502026B500013D4F8BC31013B002BC4F8BC313FF719
S31502026B6015AF2046D4F8C03101B0BDE8F04F184740
S31502026B70B2F90630C0F8B851ABEB030508FB05C8FB
S31502026B80AEEB28137B6024233B60D0F8BC310AFBB0
S31502026B900515013B002BA9EB2515C0F8BC3102DC19
S31502026BA0D0F8C03198472522D4F8B831D6F89810D1
S31502026BB003F10800C4F8B801C3E90021D4F8BC31D4
S31502026BC0013B002BC4F8BC3103DC2046D4F8C031A9
S31502026BD09847D4F8B831D6F89C2003F10801C4F8D4
S31502026BE0B81126215242C3E90012D4F8BC31013B44
S31502026BF0002BC4F8BC3103DC2046D4F8C0319847D6
S31502026C00D6F8EC102B1401FB03F3D6E92C71C1F171
S31502026C1000082721D4F8B82102F10800C4F8B80105
S31502026C20C2E90013D4F8BC31013B002BC4F8BC31D3
S31502026C3003DC2046D4F8C03198472822D4F8B8316A
S31502026C40ADB203F10801C4F8B811C3E90025D4F8BC
S31502026C50BC31013B002BC4F8BC3103DC2046D4F81C
S31502026C60C03198472921D6F8EC303A1403FB02F2D6
S31502026C70D4F8B83103F10800C4F8B801C3E9001226
S31502026C80D4F8BC31013B002BC4F8BC3103DC2046EC
S31502026C90D4F8C0319847D6F8EC304FEA284203FBC3
S31502026CA002F2D4F8B83103F10801C4F8B8112A2164
S31502026CB0C3E90012D4F8BC31013B002BC4F8BC3143
S31502026CC003DC2046D4F8C03198472B22D4F8B831D7
S31502026CD0BFB203F1080147EA0847C4F8B811C3E98B
S31502026CE0002736E7F0B5C66C054637B2006DBDF928
S31502026CF014C09F42D8BF06F1FF330FFA80FED8BFF7
S31502026D001BB2E645DCBF00F1FF3C0FFA8CFC2CEA13
S31502026D10EC744FF0000C21EAE1718F4222EAE27230
S31502026D20DCBF06F1FF3631B29645E646D8BF00F120
S31502026D30FF3023EAE373D8BF02B209011B016046A0
S31502026D401201240185F8C6C163F30F0E61F30F0C1B
S31502026D5062F31F4C64F31F4EC5F872C0C5F876E0A3
S31502026D60F0BD00BFF0B583B0DDE90856072E044632
S31502026D70C0E91335C1638664026409DC002E10DBA6
S31502026D80072E0ED8DFE806F03C4136080D0D474CB9
S31502026D90402E2FD0412E04D14FF4401102226165BA
S31502026DA06264E669BEB1D6F82C71D6F81C21606D12
S31502026DB0D6F820113A430243D6F83C71D6F840017E
S31502026DC00A433A43D6F8441102430A43C6F8242137
S31502026DD03668002EE7D10022013D2DB2013B204644
S31502026DE0114600951BB2FFF77DFF002084F8C6010B
S31502026DF003B0F0BD4FF40011042261656264D0E76C
S31502026E000021012241654264CBE74FF4801102223E
S31502026E1041654264C5E70422044942644165C0E70A
S31502026E200222034942644165BBE700BF000120001A
S31502026E3000013000B0F97620B1F900309A4227DB20
S31502026E40B1F90220B0F978C0944521DB30B5B1F927
S31502026E5004E0B0F972C0E6451CDBB1F90650B0F99E
S31502026E607440A54216DB6345BCBFA1F800C0B0F967
S31502026E707440A242B8BF4C80B0F976309E45C8BF74
S31502026E808B80B0F978309D4200DDCB80012030BD87
S31502026E9000207047002030BD43685A6992F82830B4
S31502026EA01BB11B4B196359639963194B196841F458
S31502026EB0800119601968C1F380511968C1F38051C2
S31502026EC01968C1F380511968C1F380511968C1F377
S31502026ED080511968C1F380511968C1F3805119684A
S31502026EE0C1F380511968C1F380511968C1F3805107
S31502026EF0916CC3F88410196841F00101196099680E
S31502026F0041F00201996013689A68186893681847F3
S31502026F1000743440F0B58BB0EFF3038200242A49A1
S31502026F202A4B103A52B24E6853F822504B6CCDE9B4
S31502026F3000069806CDE902340BD54868C0F3C100B3
S31502026F40032805D049682248C1F3C14150F82140BD
S31502026F500394EC681C4843F080231E4943F0010364
S31502026F60049402F5C652436451F8223023F4803364
S31502026F7041F8223051F822302F6917B3BC463E46F9
S31502026F80BCE80F00EE4605AC0FC4DCF80030236005
S31502026F90BEE80F000FC6DEF80030CCF80030AB6850
S31502026FA0384698472B6953B19C460DF1140EBEE83A
S31502026FB00F00ACE80F00DEF80040CCF800400BB040
S31502026FC0F0BD6F46EBE700BF00743440A8B2092257
S31502026FD03074344000600040F8B5416005460E4602
S31502026FE04C69EFF31087012181F31088794B9A6875
S31502026FF022F400329A609B681E2002F057FE87F343
S315020270001088754B9A6822F002029A60626822F42C
S31502027010800222F001021A6022691A6262695A62C7
S31502027020E26A9A652289DA6062891A61A2895A61DA
S31502027030E2899A61228BDA62E2691A63226A5A63E6
S31502027040626A9A63226B1A6622791968C2F340024D
S3150202705062F341011960626BC3F80023A26BC3F8A3
S315020270600423E26BC3F80823226CC3F80C23626D75
S31502027070C3F82822A26DC3F82C22E26DC3F830228D
S31502027080226EC3F83422626EC3F83822A26EC3F8A5
S315020270903C22E26EC3F84022226FC3F84422626F98
S315020270A0C3F84822E2791968C2F3400262F35961CF
S315020270B0196062791968920962F38F311960E26C7A
S315020270C0C3F89020226DC3F8A420E2791968C2F3AC
S315020270D0800262F39A6100221960616CC3F8801021
S315020270E0E16F1964B4F8801099642A61F368AB609F
S315020270F03369EB6094F9792094F87830002A5ADBE6
S315020271001B0102F16041DBB201F5614181F80033F4
S315020271103249334B41F8225002F5C65053F82060E9
S3150202712026F4803643F8206053F82030BFF35F8F8F
S31502027130012053099B0002F01F0203F1604303F58B
S31502027140614300FA02F2C3F880211A6094F97B20A5
S3150202715094F87A30002A36DB1B0102F16040DBB278
S3150202716000F5614080F800331D4B41F8225002F5CA
S31502027170C65153F8210020F4803043F8210053F817
S315020271802130BFF35F8F012153099B0002F01F02D8
S3150202719003F1604303F5614301FA02F2C3F8802167
S315020271A01A602368D3E9011218681268904708B96F
S315020271B00C4B2B60F8BD0C4902F00F001B01DBB22F
S315020271C001440B76A4E709481B0102F00F06DBB263
S315020271D08355C9E70030204000743440A8B2092220
S315020271E0006000404E495652FCEC00E014ED00E00D
S315020271F00120FFF78FBE00BF0220FFF78BBE00BF42
S31502027200084B00211A6A22F001021A629A6842F0B7
S3150202721001029A601A6922F001021A6103460846BD
S3150202722019607047006C344030B53A4A91F80CC086
S31502027230946C394B6CF3000494641C6A9A8C374D35
S315020272404FEA143E02F00F0CC4F303342B6844EAED
S315020272500C052D0712D592B215074ED401221EF045
S31502027260080F02FA0CF251D003240EF0070E04FAAA
S315020272700EF402FB03F3B3FBF4F302E003FA0CF39C
S31502027280E340274C234AA4FB03439B0C1468013BAD
S31502027290DBB263F307041460136943F0010313615B
S315020272A0D369DC07FCD50B7B73B10B68194C5360AF
S315020272B0D3680D7965F30403D360936823F001035F
S315020272C09360E369DB05FCD58A68124B1468154D97
S315020272D0C4F312045C6254689C629468DC62D468E9
S315020272E01C6314695C63127D9A631A6A42F0010294
S315020272F01A62C0E90051002030BD4FF0030C02F0C1
S3150202730007021EF0080F0CFA02F2ADD1012505FAA8
S3150202731004F4AEE7006C344000E00140ECB209220C
S3150202732083DE1B435049504D034A0020D36943F082
S315020273300103D361704700BF00703440074B5A6F96
S31502027340920309D5DA69002022F00102DA619A6A09
S3150202735042F001029A62704701207047007034407F
S31502027360054A0020136FC3F3404301330B70536F78
S3150202737043F400335367704700703440094BD3F825
S31502027380842212F47F4F0AD0D3F89422002042F0CC
S315020273900102C3F89422D3F890320B6070470D2093
S315020273A0704700BF0070344030B5046905468C460A
S315020273B085B0ACB194E80F000DF1100E0EE90F0084
S315020273C09CE80F0084E80F002046AB6898472C69B8
S315020273D024B104AB13E90F0084E80F0005B030BDF7
S315020273E00C46F1E7F8B506460D464160EFF3108406
S315020273F0012181F31088A54B9A6822F400329A6021
S315020274009B681E2002F052FC84F310882B68D3E993
S315020274100112186812689047002840F016819C49AA
S31502027420CB6960F30003CB61CB6ADB07FCD44FF076
S31502027430100E6B684EF001E00B61AB688B612B6933
S315020274400B646B694B64D5E90623C1E918232B4603
S31502027450EA68C1F88022EA6A8A672A6BC1F888203A
S3150202746053F8344F8B4AC1F8984053F8044F42F806
S31502027470104B0FF007C00022A96F854BC3F8081202
S31502027480E96FC3F88C123261D5F88030B360D5F851
S315020274908430F36095F9213095F82020002BC0F252
S315020274A0D580120103F16041D2B201F5614181F840
S315020274B00023794A794942F8236003F5C65451F802
S315020274C0247027F4803741F8247051F82410BFF350
S315020274D05F8F012103F01F045B099B0003F16043E6
S315020274E003F56143A140C3F88011196095F923306F
S315020274F095F82210002B4FEA0111C9B2C0F2C080E0
S3150202750003F1604404F5614484F80013634942F8C6
S31502027510236003F5C65451F8247027F4803741F8E4
S31502027520247051F82410BFF35F8F012103F01F0468
S315020275305B099B0003F1604303F56143A140C3F873
S315020275408011196095F9253095F82410002B4FEA1F
S315020275500111C9B2C0F28E8003F1604404F561449E
S3150202756084F800134D4942F8236003F5C65451F8D4
S31502027570247027F4803741F8247051F82410BFF39F
S315020275805F8F012103F01F045B099B0003F1604335
S3150202759003F56143A140C3F88011196095F92730BA
S315020275A095F82610002B4FEA0111C9B25CDB03F1F2
S315020275B0604404F5614484F80013384942F82360B2
S315020275C003F5C65451F8247027F4803741F8247023
S315020275D051F82410BFF35F8F012103F01F045B09E8
S315020275E09B0003F1604303F56143A140C3F8801196
S315020275F0196095F9291095F8283000292DDB1B010F
S3150202760001F16044DBB204F5614484F80033234B92
S3150202761042F8216001F5C65253F8224024F480341E
S3150202762043F8224053F82230BFF35F8F01224B09FF
S315020276309B0001F01F0103F1604303F561438A4097
S31502027640C3F880211A60164B3360F8BD1549120140
S3150202765003F00F04D2B20A552BE7124C1B0101F0BA
S315020276600F05DBB26355D2E70F4C03F00F073C441A
S315020276702176A2E70C4C03F00F073C44217671E710
S31502027680094C03F00F073C4421763FE700302040C5
S315020276900070344008713440A8B2092200600040EA
S315020276A04349504D14ED00E0FCEC00E0012270B5B6
S315020276B04368044693F92110344E480901F01F012A
S315020276C002FA01F1203046F82010BFF34F8FBFF3C2
S315020276D06F8F002593F921102D4840F8215093F916
S315020276E023104FEA511C01F01F0102FA01F10CF1BB
S315020276F0200C46F82C10BFF34F8FBFF36F8F93F90E
S31502027700231040F8215093F925104FEA511C01F03B
S315020277101F0102FA01F10CF1200C46F82C10BFF3FC
S315020277204F8FBFF36F8F93F9251040F8215093F9CB
S3150202773027104FEA511C01F01F0102FA01F10CF166
S31502027740200C46F82C10BFF34F8FBFF36F8F93F9BD
S31502027750271040F8215093F929104FEA511C01F0E3
S315020277601F018A400CF1200146F82120BFF34F8FF8
S31502027770BFF36F8F93F9292040F822501B689A684B
S3150202778018685368984700B9206070BD00E100E0AE
S31502027790A8B2092230B585B0EFF303834FF47F44D2
S315020277A00F4A103B5BB252F823000E49ADF8004075
S315020277B00C6FC5680C4A039504F40035019403F56F
S315020277C0C6534D6752F8231021F4803142F8231032
S315020277D052F823306946FFF7E7FD05B030BD00BF18
S315020277E0A8B2092200703440006000402DE9F0413F
S315020277F084B0EFF30383214A2149146DD2F88070D3
S31502027800103BD2F8906027F080705BB251F8235099
S31502027810C2F884001B4926F08070C2F8940003F570
S31502027820C65351F8232022F4803241F8232051F81C
S3150202783023300123EA688DF80030E30703925FFAE8
S3150202784084F805D418F0020F0DD104B0BDE8F08118
S3150202785000232846694601978DF80130FFF7A4FDF9
S3150202786018F0020FF1D001232846694601968DF8D7
S315020278700130FFF799FD04B0BDE8F0810070344093
S31502027880A8B209220060004010B584B0EFF3038368
S315020278900221104A103B5BB252F823000E4C0F4AE9
S315020278A0246DC4688DF80010039403F5C65352F88A
S315020278B0231021F4803142F8231052F82330FF229A
S315020278C0002369468DF801200193FFF76DFD04B08E
S315020278D010BD00BFA8B20922007034400060004009
S315020278E030B585B0EFF303834FF603740F4A103BAC
S315020278F05BB252F823000E49ADF80040D1F80042BD
S31502027900C5680C4A0395E5B2019403F5C653C1F85C
S31502027910045252F8231021F4803142F8231052F80D
S3150202792023306946FFF740FD05B030BDA8B20922F1
S31502027930007034400060004030B585B0EFF3038337
S315020279404FF60474104A103B5BB252F823000F49F9
S31502027950ADF80040D1F88442C5680D4A039504F099
S315020279601005019403F5C653C1F8885252F8231042
S3150202797021F4803142F8231052F823306946FFF788
S3150202798013FD05B030BD00BFA8B209220070344013
S3150202799000600040002001238242CAB203FA02F3C7
S315020279A09AB24FEA034308BF1A460B0A5B0103F176
S315020279B0804303F580039A60704700BF2DE9F84FB2
S315020279C00388DBB14FF0000A80464FF00109DFF867
S315020279D0D4B00024314D4FEACA07D8F8043035F83C
S315020279E0022BD919898891420AD00134032CF4D187
S315020279F0B8F800300AF1010A5345EAD8BDE8F88F11
S31502027A00DB5909FA04F603F0B853B3F1807F244B2B
S31502027A10F6B293F84C2C12D0324230D104F1200243
S31502027A201BF81230DB09E0D01BF81230012123F0D9
S31502027A308003C8200BF8123002F038F9D5E7324239
S31502027A4010D004F120021BF81230DB09CDD11BF84B
S31502027A501230012143F08003C8200BF8123002F0E3
S31502027A6025F9C2E7012002F0CDF90D4B012093F868
S31502027A704C2C324383F84C2C02F094F9E1E70120B4
S31502027A8002F0C0F9064B012093F84C2C22EA0602B8
S31502027A9083F84C2C02F086F9C0E700BFC436030213
S31502027AA000E0014000202040F8B50646FFF786FFB7
S31502027AB0EFF31082012383F31088234F3B681BB92D
S31502027AC0402022490B7508753B6801333B6082F3FD
S31502027AD01088338800211BB31D4D08E01B01134495
S31502027AE045F82340328801318BB29A4218D973681B
S31502027AF053F8314003EBC1029288E0034FEA1223A4
S31502027B00D2B2EBD502EB031055F820E024F4803C06
S31502027B102EF4803E45F820E01B0145F820C0DEE740
S31502027B20EFF31082012383F310883B6813B13B689B
S31502027B30013B3B603B681BB9802004490B75087503
S31502027B4082F31088F8BD00BFA4B20922000D40409C
S31502027B500008404008B5034B03600846FFF7A4FF3E
S31502027B60002008BD54524F5008B50846FFF79CFF45
S31502027B70002008BD0346002059601A72704700BFF2
S31502027B800346044ADB6800209B1AB3FA83F35B09B5
S31502027B900B7070474349495230B5836B83B0044632
S31502027BA00A466D46A3B193E8030085E80300E16B3A
S31502027BB01A7119601846636B9847A36B1BB195E855
S31502027BC0030083E80300002384F82B3003B030BDA0
S31502027BD02B46ECE730B5454B83B01B6A016901932C
S31502027BE0019B03F00F230193019A019D0B7C90F8EE
S31502027BF02C409CB9C2F30322DBB2A2EB156293407C
S31502027C009B0804D1082003B030BD013BFAD04A7862
S31502027C10C2F3C014D209F8D1CC710169002390F8DB
S31502027C2026408569026880F82B30C56180F82D30BE
S31502027C3080F8274080F82E3080F8283080F82F30DE
S31502027C40036280F83030546A227894F801E0012AFD
S31502027C5014BF4FF0040C4FF0050C6279120142EA8E
S31502027C604E0294F806E042EACE124CEA0202D2B27E
S31502027C70CA7001690A7942F010020A7101690A7927
S31502027C8063F3C3020A7101690A7963F304120A7180
S31502027C900269E179137961F3C713137102695379A0
S31502027CA043F001035371036893F90F30002B07DB8C
S31502027CB0012203F01F040E495B09A24041F8232068
S31502027CC0BF210269537A03F0F30353720369D9712E
S31502027CD090F82C302BB1002380F82C30002003B010
S31502027CE030BD022203695A70F8E700BF00E0014084
S31502027CF000E100E090F808C0C0E90512BCF1010FEC
S31502027D0080F82A3008D10022436880F826C05B0038
S31502027D1080F8243080F82520002380F82930FFF7E6
S31502027D2059BF00BF90F808C0C0E90512BCF1010FA5
S31502027D3080F82A300AD10022436880F826C05B0006
S31502027D4043F0010380F8243080F82520012380F8CD
S31502027D502930FFF73FBF00BF70B4002440220369F7
S31502027D601C7003691A70026913785B06FCD5C0237C
S31502027D701370036802695B6A804D1B794FF0000C2F
S31502027D8043F0E0031374036802695B6AB324DB7887
S31502027D9043F0E0035374036802695B6A9B781B0132
S31502027DA003F0700343F008039370036802695B6A87
S31502027DB01E78012E5E7814BF0423052343EA460386
S31502027DC0DBB2D37003685B68AB4214BF7722F72239
S31502027DD003695A71036983F806C00369DC7191F972
S31502027DE011204B7B6245C0F2AA801B0102F160445C
S31502027DF0DBB204F5614484F80033614C614B44F80A
S31502027E00220002F5C65553F8256026F4803643F859
S31502027E10256053F82530BFF35F8F012553099B0076
S31502027E2002F01F0203F1604303F5614305FA02F20F
S31502027E30C3F880211A6091F90F204B7B002AC0F207
S31502027E4095801B0102F16045DBB205F5614585F8B5
S31502027E5000334C4B44F8220002F5C65553F825600E
S31502027E6026F4803643F8256053F82530BFF35F8F38
S31502027E70012553099B0002F01F0203F1604303F539
S31502027E80614305FA02F2C3F880211A6091F91020C1
S31502027E904B7B002A63DB1B0102F16045DBB205F56F
S31502027EA0614585F80033374B44F8220002F5C65580
S31502027EB053F8256026F4803643F8256053F82530B8
S31502027EC0BFF35F8F012553099B0002F01F0203F1E4
S31502027ED0604303F5614305FA02F2C3F880211A6090
S31502027EE091F90E204B7B002A31DB1B0102F1604124
S31502027EF0DBB201F5614181F80033224B44F82200DC
S31502027F0002F5C65153F8214024F4803443F8214045
S31502027F1053F82130BFF35F8F012153099B0002F010
S31502027F201F0203F1604303F5614301FA02F2C3F849
S31502027F3080211A609F2203691A7070BC7047124C24
S31502027F4002F00F051B01DBB22C44237655E70E49DC
S31502027F5002F00F051B01DBB229440B76CDE70B4D6E
S31502027F601B0102F00F06DBB2AB559CE7074D1B0164
S31502027F7002F00F06DBB2AB556BE700BF40420F00C1
S31502027F80A8B2092200600040FCEC00E014ED00E019
S31502027F90F8B500250A781C4B016013441B020361E3
S31502027FA08B680E4643600B7B04460372CB694363BE
S31502027FB00B6A80F82950C36380F82A50856380F8D9
S31502027FC02B50C0E90555C0E9075580F82C50EFF34E
S31502027FD01087012181F310880C4A33785068C3F165
S31502027FE0090301FA03F320EA0303536053681E20CE
S31502027FF001F05CFE87F3108820463146FFF7ACFE9D
S31502028000034B2846E360F8BDE025400000302040DD
S315020280104349495210B582B0EFF30383103B5F4ADC
S315020280205BB203F5C65352F8231021F4803142F8AB
S31502028030231052F82330EFF30383594A103B5BB203
S3150202804052F8234094F82D305BBBA369022B22D946
S31502028050E369012B0ED12269137943F010031371DE
S315020280602269137943F0080313712269137923F003
S315020280701003137123685B6ADB79002B3ED101225E
S315020280802369DB7CDBB28DF807309DF8073084F872
S315020280902D2002B010BD2269137943F040031371F9
S315020280A0D6E7E369002BF4D02268526AD279FAB98A
S315020280B0032B17D0022B26D0012B34D02269236A36
S315020280C0D17C6269D154D4E907320132013BC4E957
S315020280D00732002BDDD121690A7963F386120A710E
S315020280E002B010BD2269137943F040031371E5E72A
S315020280F005212046FFF750FDE369D9E7052120460F
S31502028100FFF74AFDBBE72269137943F010031371A5
S315020281102269137943F0080313712269137923F052
S3150202812010031371CAE794F82A2072B322681D4813
S3150202813092F90F20510902F01F0203FA02F22031CC
S3150202814040F82120BFF34F8FBFF36F8F04202169BE
S31502028150CA7942F08002CA7121690A7942F0100292
S315020281600A7121690A7922F008020A7121690A79D9
S3150202817022F010020A712269507021694A7922F0AC
S3150202818001024A7184F82C3098E708212269537A4F
S3150202819003F0F7035372236959708FE700600040B8
S315020281A0A8B2092200E100E010B5EFF30383103B07
S315020281B0434A5BB203F5C65352F8231021F48031C7
S315020281C042F8231052F82330EFF303833D4A103B61
S315020281D05BB252F8234094F82730002B40D194F830
S315020281E02930002B3BD123685B6ADB792BB194F8E9
S315020281F02B3013B9236A002B5CD1E3692169002B68
S3150202820041D1CB79C02223F08003CB71216901E0EF
S31502028210013A02D0CB79DB09FAD12368284A93F9CB
S31502028220103003F5C65352F8231021F4803142F876
S31502028230231052F82330236893F91030002B09DBFE
S3150202824001215A09204803F01F03603201FA03F39F
S3150202825040F822302269D37943F04003D37110BD2C
S3150202826094F82630032B1CD094F8242023699A749E
S3150202827094F8282094F827300132013B84F828200A
S3150202828084F8273010BD236A6269D35C8B74D4E901
S3150202829007320132013BC4E90732002BDFD12169E1
S315020282A0AFE794F82830022BDED194F83030002B57
S315020282B0DAD110BD05212046FFF76EFC9DE700BF0D
S315020282C000600040A8B2092200E100E038B5EFF3EF
S315020282D00383344A103B5BB252F8234023685B6A3B
S315020282E0DB79002B4BD194F829301BB194F8273055
S315020282F0012B52D0E369E3B12169C023CA7922F084
S315020283004002CA71216901E0013B02D0CA795206D2
S31502028310FAD4EFF30383103B234A5BB203F5C65347
S3150202832052F8231021F4803142F8231052F82330F6
S3150202833038BD94F82A203AB3012022681B4D92F9DD
S315020283400F20510902F01F02203100FA02F245F80B
S315020283502120BFF34F8FBFF36F8F4FF0040C2169B9
S31502028360CA7942F08002CA71226982F801C0216981
S315020283704A7963F300024A7184F82C00BCE70521AC
S315020283802046FFF709FCAEE708212269537A03F079
S31502028390F703537223695970AEE794F83030002B13
S315020283A0AAD0A7E7A8B209220060004000E100E0D5
S315020283B038B5EFF303834F4A103B5BB252F8230000
S315020283C00269537A517ADC0601F0E00151725FFAD0
S315020283D083FC03F003022CD50369597849064ED46D
S315020283E00024012580F82B50DC710168FFF7B4FCEA
S315020283F0B32290F82630816980F82830036980F822
S315020284002C400162C46180F82A402946DA71FFF7DC
S31502028410C3FBEFF30383103B374A5BB203F5C65342
S3150202842052F8231021F4803142F8231052F82330F5
S3150202843038BD002A5CD11CF0080F11D0C369002B8B
S3150202844045D190F82B30002B41D1B32290F8291056
S315020284500369C1F10301C9B2DA71FFF79DFBD8E7DD
S3150202846090F82C200CF0040342B3002BD1D0C3693E
S31502028470002B3BD190F82B30002B37D1E5E7002AAF
S31502028480AED15A78C2F380115206D4D5082280F8A8
S315020284902B105A70036801695A6A947913785279D1
S315020284A043EAC41343EA021343F00203DBB2CB707C
S315020284B00269537943F001035371AAE7002BA8D04C
S315020284C003685B6ADB79002BA3D00421C5E700238C
S315020284D0B32190F826508469026980F82C3080F81C
S315020284E028500462C36180F82A30D1710121B4E7AF
S315020284F0036975E7A8B2092200600040034600201C
S31502028500D3E902235360704730B48C6E01342AB128
S31502028510944203D930BC013A1A607047029D496BF4
S315020285200078ED0754BF01F01F01C1F3044103288D
S3150202853008D9090981F001016AB9A1B930BC02223E
S315020285405A60704701F00C01A1F10401B1FA81F1FE
S315020285504909002AF1D0944201D80029EED130BC51
S3150202856003225A607047002CE8D0F8E74FF0010C5C
S315020285702DE9F0430B7C00250CFA03F3C360C3F327
S315020285800D03B3FA83F35B09416003740B7CAD4AB4
S315020285900E461A44120282604B69044643618B6993
S315020285A085B0C0E90653CD69EFF310878CF31088C4
S315020285B0097CA54B0A1F052A83BF4FF00042CA4017
S315020285C0D2436FF000621B6913409F4A136113691B
S315020285D001211E2001F06AFB87F31088E36819075E
S315020285E00DD0EFF31081012383F31088974AE068D6
S315020285F053889BB223EA0003538081F310884FF417
S3150202860025400022A3684FF000411860A368DA628F
S31502028610A368DA63A3689A64337A3078DB0503289F
S3150202862043F4803008BF0346A7687068FB62A368FA
S3150202863001381961A3685961A3689961A1684A62FE
S31502028640A1688A62A168AB69CB61A168EB690B6218
S31502028650A1688866A16848664FF0FF300021CDE91D
S31502028660020130782F6D002840F0F08101204FF090
S31502028670030E7368D4F808805B08013B0293C8F8BC
S315020286805430A26893653278032A03D9A268D36565
S31502028690A26813662B6DD3B92B78A3B133786A78A5
S315020286A0022B4FEA821C4FEA021100F00282032BCE
S315020286B003D0002A0CBF062309233B4343EA0C03D9
S315020286C00B4343F48077AB78002B40F0DA81002328
S315020286D06268D16991F8482001F1300CDA40D2077A
S315020286E00ED5032B5CF8232016D0042B21D002F1DF
S315020286F0FF38A26803F1120902EB8902C2F804806A
S315020287000133062B1DD091F84820DA40D207F7D55D
S31502028710032B5CF82320E8D1A368013ADA6591F8C3
S315020287204820D30640F1A7810423042BDCF810204B
S31502028730DDD1A368013A9A6591F848309B0600F1A9
S315020287409C810123327C9340C3F30D0313B10022B1
S31502028750A3685A640023A2689363A268C2F88830A7
S315020287602B6D3BB995F8213095F820205B0743EA39
S3150202877042331F4395F84830002B14BF4FF4A00230
S315020287804FF4AA02A3681A643378012B04D1002398
S31502028790A268D364A2681365A3685F63A26895F8A8
S315020287A05410D36A43EA011395F8551043EA41136A
S315020287B0D362A368C3F830E0A3681863D4E902322D
S315020287C0DA6096F91230002B26DB727C03F16041E5
S315020287D012011F48D2B201F5614181F800231D4AF6
S315020287E040F8234003F5C65152F8210020F48030A6
S315020287F042F8210052F82120BFF35F8F01215A0964
S31502028800920003F01F0302F1604202F5614201FA8D
S3150202881003F3C2F88031136095F92830002B33DB5B
S3150202882095F8222003F1604112010948D2B201F5FC
S31502028830614181F80023074A40F8234003F5C651F5
S315020288400AE000BF203240000030204000403240A1
S31502028850A8B209220060004052F8210020F48030BA
S3150202886042F8210052F82120BFF35F8F01215A09F3
S31502028870920003F01F0302F1604202F5614201FA1D
S3150202888003F3C2F88031136095F92930002B27DBF6
S3150202889095F8232003F1604112018848D2B201F50C
S315020288A0614181F80023864A40F8234003F5C65106
S315020288B052F8210020F4803042F8210052F8212099
S315020288C0BFF35F8F01215A09920003F01F0302F1DF
S315020288D0604202F5614201FA03F3C2F88031136083
S315020288E095F92A30002B27DB95F8242003F1604103
S315020288F012017248D2B201F5614181F80023704A2F
S3150202890040F8234003F5C65152F8210020F4803084
S3150202891042F8210052F82120BFF35F8F01215A0942
S31502028920920003F01F0302F1604202F5614201FA6C
S3150202893003F3C2F88031136095F92B30002B27DB43
S3150202894095F8252003F1604112015C48D2B201F585
S31502028950614181F800235A4A40F8234003F5C65181
S3150202896052F8210020F4803042F8210052F82120E8
S31502028970BFF35F8F01215A09920003F01F0302F12E
S31502028980604202F5614201FA03F3C2F880311360D2
S3150202899095F92C30002B27DB95F8262003F160414E
S315020289A012014648D2B201F5614181F80023444AD6
S315020289B040F8234003F5C65152F8210020F48030D4
S315020289C042F8210052F82120BFF35F8F01215A0992
S315020289D0920003F01F0302F1604202F5614201FABC
S315020289E003F3C2F88031136095F92D30002B27DB91
S315020289F095F8272003F16040304D12013049D2B278
S31502028A0000F5614080F8002303F5C65245F823407B
S31502028A1051F8220020F4803041F8220051F8222037
S31502028A20BFF35F8F01215A09920003F01F0302F17D
S31502028A30604202F5614201FA03F3C2F88031136021
S31502028A400020204B236005B0BDE8F0830128D4F84C
S31502028A50088029D00092F268606802AB4146FFF7AD
S31502028A6053FDDDE90232100440EA026040F0030ED1
S31502028A7040F0010003E6052330E60523DCF8142064
S31502028A8035E6E97832780B01022A43EA811312D0DB
S31502028A90032A03D000290CBF06220922134347EAFE
S31502028AA0034343F0807712E64FF0030E4FF0FF3393
S31502028AB0E5E5092301E60922F0E700BFA8B2092289
S31502028AC0006000405450470001464FF0020C094B29
S31502028AD000201A6842F480721A601A6842F0010291
S31502028AE01A60D3F8402442F00102C3F8402481F806
S31502028AF000C0704700303440F0B502F11103144D44
S31502028B001B02E858C60720D412480468C4F30020A0
S31502028B10E4051AD4002915BF4FF0030E4FF0010ED9
S31502028B200127002741F20C1C05EB022202F58954A9
S31502028B3026686EF301062660EC18676042F80C108E
S31502028B40EA5842F00102EA50F0BD40F2EE30F0BDC0
S31502028B5000203440003034402DE9F04F9246AC4CAE
S31502028B60037B026834F81360876885B0002A00F036
S31502028B70EC8041F21C15A74A4FEA0A2CD25CA64B9C
S31502028B80120763445A5190F80CE0B1F9003034F8F6
S31502028B901EB0A24C8568A4881A469C42039580F2AE
S31502028BA09C809E4A837BB2F900200468B1F902E0F6
S31502028BB00192002B40F0D880984D1A46B5F80690DD
S31502028BC00293F145C0F2B480BEF1000FB0F80680FE
S31502028BD0C0F2D280A9EB0E09C1451FFA89F9B8BFC4
S31502028BE0C84641F20C1907FB06F68B4FF608674494
S31502028BF047F80940447B002C847B56EA06B6002CD1
S31502028C0000F09C8041F210140026B0F810B03E51DA
S31502028C10048A08FB04F4019841F228191044024618
S31502028C2041F2301841F2181541F2241741F22C167C
S31502028C307B489B090BF1FF3B013B9BB200EA0B4BC4
S31502028C404BEA030B029B00EA02421A43724BC4F33B
S31502028C500A04634443F805B043F8092043F808209E
S31502028C606E4AB2F90220724400EA02402043D85107
S31502028C7098510A7A002A5FD0012A41F234104B7ABD
S31502028C8014BF4FF47F04002441F2381141F2030665
S31502028C90614A4FEA0343624418BF43F0807313509A
S31502028CA0604B54501B68604A023342F82A30012153
S31502028CB041F250100024584A0AF11103944402EB7D
S31502028CC003225A4B0CF589552E6051604CF800402E
S31502028CD01970597005B0BDE8F08F002BB0F804E0A8
S31502028CE05ADBE41A7445A4B2B8BFA6464B4BCEF37E
S31502028CF00A05B3F90030046801930BFB0EF30295E1
S31502028D00DB0890F80E80B1F902E0B8F1000F03D049
S31502028D10B0F8068008FB03F39D06404D18BF23F008
S31502028D203F03B5F8069018BF4033F145BFF64CAF84
S31502028D304FF0000EF04654E70326B8E741F2101050
S31502028D403604C34644463E5065E70120324B0AF1D9
S31502028D50110403EB0A2101F5895103EB042308608E
S31502028D605A6005B0BDE8F08F0023B0F806801A46B5
S31502028D70029308FB03F3CFE7F044B8F1000FD7DD05
S31502028D80039D1FFA88F80BFB05F94FEAD9090EFB78
S31502028D9019444FF0000E24E703EB0E04002C7FF772
S31502028DA000AFBBF1070F20D84FF0010842461B4D18
S31502028DB05B42B5F90050954201951EDAB3FBF8F80B
S31502028DC018FB02F80022AEEB080E1FFA8EF403FB22
S31502028DD00BFE0BFB04F3C4F30A0402940468DB08D9
S31502028DE004EBEE0424F03F048BE740224FEADB0851
S31502028DF0B2FBF8F2904612B2D9E7B3FBF8F208FBDD
S31502028E00123292B214445242A4B212B2DFE700BF45
S31502028E10D8360302E83603020020344038B2092269
S31502028E200000FF072CB2092230B2092200000022FA
S31502028E30F8B5002305460C460370EFF310860121AE
S31502028E4081F31088C14B9A6822F010029A609B68DD
S31502028E501E2000F02BFF86F31088BD490B6843F4EF
S31502028E6080330B60D4F8842094F83C005379A0F145
S31502028E7003001279B0FA80F0B2FA82F2400903F0E4
S31502028E803F03520943EA003343EA022343F0400313
S31502028E90C1F8503494F84020D4F884300AB14FF421
S31502028EA0BC72C1F8E4230022A94EC6F8042493F93F
S31502028EB0000093F90110471C93F9022040F07081D9
S31502028EC0481C40F05781531C40F01C814FF0011C94
S31502028ED0628E218D9F4B9E4FC1F30A0103EA024223
S31502028EE00A437A60C7F808C0A18DB4F82AC00131D4
S31502028EF0CCF30A0C03EA014141EA0C013961E18E23
S31502028F00954E013103EA0143A18E0022C1F30A0101
S31502028F100B43FB6094F8453094F846101B0203EBB0
S31502028F20014394F8441020460B447B61A38D04F15D
S31502028F305C013380E38E7380638DB380A38EF380EC
S31502028F40FFF70AFE012204F1680104F11400FFF799
S31502028F5003FE94F83C20814B94F83D009B5C012869
S31502028F604FEA033343F0805008BF034694F83E00AB
S31502028F7043F0807C012808BF6346794994F8587009
S31502028F80895C032A43F4007208BF1346D4F88400AC
S31502028F9009042FB18279022A00F0198141F4801163
S31502028FA04FF4007C4FF00227B56007200626684A76
S31502028FB0C2F8C4336B4BC2F8D413C2F8C8C3C2F8A0
S31502028FC0CC73C2F8D033E36F6B60D4F88030C5E954
S31502028FD00234A18EE38E0B44D2F85012013363F3AC
S31502028FE00A01C2F85012C2F84064C2F84404EB689D
S31502028FF093F97720002A28DB93F874305A4C02F14F
S3150202900060401B015949DBB200F5614080F800332A
S3150202901002F5C65344F8225051F8230020F4803058
S3150202902041F8230051F82330BFF35F8F0121530920
S315020290309B0002F01F0203F1604303F5614301FA4A
S3150202904002F2C3F880211A60EB6893F97820002AAB
S3150202905028DB93F87530444C02F160401B01434908
S31502029060DBB200F5614080F8003302F5C65344F8DC
S31502029070225051F8230020F4803041F8230051F89F
S315020290802330BFF35F8F012153099B0002F01F02B7
S3150202909003F1604303F5614301FA02F2C3F8802148
S315020290A01A60EB6893F97920002A27DB93F8763067
S315020290B02D4C02F160401B012C49DBB200F56140E6
S315020290C080F8003302F5C65344F8225051F82300C1
S315020290D020F4803041F8230051F82330BFF35F8F2A
S315020290E0012153099B0002F01F0203F1604303F5BB
S315020290F0614301FA02F2C3F880211A6001232B703E
S315020291000020F8BD94F83F301BB90121104BC3F879
S31502029110281417490F4B51F822100D480A6842F0DB
S3150202912007020A60A28D618D03EA0242C1F30A01B5
S315020291300A43C0F82024E18EA28E03EA0143C2F357
S315020291400A021343C0F81034C0E600BF00302040C2
S31502029150003034400000FF0738B20922D03603023B
S31502029160CC36030280808000A8B209220060004049
S31502029170F036030294F83A3033B91C48D0F80C346C
S3150202918043F01003C0F80C34194B184853F8213037
S3150202919019681960238FC3F30A03C0F8083492E6EA
S315020291A094F830302BB9D6F81C3443F01003C6F8C3
S315020291B01C340F4B53F82000036843F0020303608A
S315020291C0E38D0A48C3F30A03C0F8183478E6427AF2
S315020291D0C779120142EA0732877A007A3A4342EAA9
S315020291E0002242F400121143DAE600BF0030344094
S315020291F0F036030230B51A4B1A491A6889680132E7
S315020292001A601B6883B023B900240025164BC3E9F2
S3150202921000450122154B48681A705A7038B103226A
S315020292208B68684601934B688DF800209847104A6E
S31502029230D2F8483443F00103C2F84834EFF3038309
S31502029240103B0C4A5BB203F5C65352F8231021F4C3
S31502029250803142F8231052F8233003B030BD00BFEA
S315020292602CB2092238B2092230B2092200000022A7
S315020292700030344000600040F8B50126154C6660A5
S31502029280EFF3108786F31088134DAB6823F0400381
S31502029290AB60AB681E20314600F008FD87F31088EA
S315020292A0204600F04FF808B12046F8BD0746EFF314
S315020292B0108486F31088AB6843F04003AB60AB6858
S315020292C01E20314600F0F2FC84F310883C4620460A
S315020292D0F8BD00BF44B2092200302040012904D061
S315020292E00A2900D0704743607047322A06D092009C
S315020292F002F1402202F58802136070474168002992
S31502029300F5D053F8041B024AC2F8C810036070472C
S3150202931000404440012904D00A290CBF40680020BB
S315020293207047920002F1402202F5880210687047E5
S3150202933001291DBFA1F10A00B0FA80F040090846D0
S31502029340704700BF70B42E260E4B0F4D1B780F4A84
S315020293501B010F49DBB2C5F8C06082F80533D1F8AA
S3150202936014330C4C23F480336061C1F81433D1F800
S315020293701433BFF35F8F2023C2F8803113600120BA
S3150202938070BC7047443003020040444000E100E0F2
S3150202939000C00040A8B20922124B196861B95AB13B
S315020293A0511C02D10FE0013A06D0BFF34F8FBFF331
S315020293B06F8F19680029F6D0002218681A60801A7F
S315020293C018BF01207047BFF34F8FBFF36F8F1A6822
S315020293D0002AF1D1BFF34F8FBFF36F8F1A68002AAB
S315020293E0F1D0E9E74CB2092210B4EFF303832E203F
S315020293F0144A103B11685BB28906C2F8C0000DD549
S31502029400114951F823104868B0B1086804689CB142
S315020294100068C2F8C8000A6804320A600B4A03F5F9
S31502029420C65352F8231021F4803142F8231052F81F
S3150202943023305DF8044B704705490A6801320A6017
S31502029440ECE700BF00404440A8B209220060004097
S315020294504CB2092238B5054609F074F8044608B139
S31502029460204638BD2946024804F016FDF8E700BF39
S315020294700037030209F06EB80120704738B510466C
S31502029480154609F05FF8044608B1204638BD29465A
S31502029490014804F001FDF8E700370302104609F01D
S315020294A059B800BF01207047084670470846704700
S315020294B008B5084611461A4609F0DAF9012008BD2E
S315020294C01D4A92F82630928CDBB202F00F02A2F10A
S315020294D0080103292BD8DFE801F020160C021749EE
S315020294E0174A51F82330A2FB03231B09154A1360BC
S315020294F070471249124A51F82330A2FB0323114A3A
S31502029500DB08136070470D490D4A51F82330A2FB5E
S3150202951003230C4A9B08136070470849084A51F80C
S315020295202330A2FB0323074A5B08136070470349F1
S3150202953051F82330D340D9E700E0014000850222E8
S31502029540ABAAAAAAECB20922704700BF4AF2035199
S31502029550F8B5594B594AB3F8FA43A3F8FA135368C2
S315020295600746D903A4B21AD5544B00255A68920368
S3150202957029D50026504A524992F8753092F86D2042
S3150202958003F00F0302F00F0251F82330072A00F20A
S315020295908E80DFE802F0292929888A828486EFF3FF
S315020295A01086012585F31088536843F4803353608D
S315020295B053681E20294600F079FB86F310883F4B3A
S315020295C05A689203D5D4EFF31086012181F31088EB
S315020295D05A6842F400325A605B681E2000F066FB4B
S315020295E086F310880226C5E7012101FA02F2B3FBCD
S315020295F0F2F30121334AA2FB03239B0C03FA01F085
S3150202960000F054FB2C4A92F8753043F0400382F87C
S31502029610753092F87530DB09FBD07B78264982F8E1
S315020296206D303B7843F0400382F875303B7882F81E
S31502029630753091F87530DB09FBD135B9BEB91E4BCF
S3150202964044F42544A3F8FA43F8BDEFF31085012149
S3150202965081F31088194B5A6822F480325A605B6889
S315020296601E2000F023FB85F31088002EE7D0EFF3CD
S315020296701085012181F31088104B5A6822F40032B8
S315020296805A605B681E2000F011FB85F310880A4BB4
S3150202969044F42544A3F8FA43F8BD0322A7E70522B8
S315020296A0A5E70A22A3E70622A1E708229FE71021DD
S315020296B0083A01FA02F29AE700E00140003020403D
S315020296C00085022283DE1B434AF203529FEDBC4B04
S315020296D09FEDBD5BC24BC348C34930B5C3E908011E
S315020296E0C24CC3499FEDBA6B9FEDBB7B9962A4F84C
S315020296F0FA23A3EC045F83B083ED007FFFF7E0FE5B
S3150202970009230A2284F8502A84F8A23094F8003CEB
S3150202971023B994F8013C9C0700F06282B34C94F898
S31502029720003C002B00F051820022B04B83F8012C40
S3150202973083F8002C0022AD4B83F8362083F83220C0
S3150202974093F83C201007FBD549F2025540F25344E6
S3150202975000204FF6021140F25142C3F8C850A3F854
S315020297604E4083F84A00C3F8AC10A3F84C20BFF36C
S315020297704F8FBFF36F8F9F4A516921F400315161B6
S31502029780C2F85002BFF34F8FBFF36F8F9A490A682E
S3150202979022F440520A60BFF34F8FBFF36F8F01204C
S315020297A0197D924A60F302011975137DD906FCD41A
S315020297B0914A136843F440531360BFF34F8FBFF3CA
S315020297C06F8FA2F57342536913F4003311D1BFF3BB
S315020297D04F8FBFF36F8FC2F85032BFF34F8FBFF373
S315020297E06F8F536943F400335361BFF34F8FBFF355
S315020297F06F8F00237D4A82F82A3092F83C309B060C
S31502029800FBD500227D4B1A701A781A781A785A6892
S31502029810FA2A04D07A4959605A68FA2AFBD1774B56
S315020298209A687D2A04D0774999609A687D2AFBD183
S31502029830052242F220116D4B73481862998483F80D
S315020298402620FFF73DFE01211E2000F02FFA6B4A69
S315020298505368C3F30903642B84BF01231370FFF712
S315020298602FFE4AF20152694B1A80BFF35F8F012221
S315020298701A72BFF35F8F4FF425415C4A198092F840
S31502029880DA3043F0400382F8DA3092F8DA30DB0952
S31502029890FBD0C923032082F8D40082F8DA3092F888
S315020298A0DA30524903F0BF0382F8DA3091F8DA303D
S315020298B0DB09FBD10124802081F8534081F83E3036
S315020298C081F83E0091F87430484A43F0400381F829
S315020298D0743092F87430DB09FBD007204A210A233E
S315020298E0424C82F86C0082F8741082F8743094F852
S315020298F07430DB09FBD14FF0090301A8ADF804303D
S31502029900FFF724FE94F87630384A43F0400384F88F
S31502029910763092F87630DB09FBD0CA23032082F82E
S315020299206E0082F8763092F87630304903F0BF0341
S3150202993082F8763091F87630DB09FBD191F8553010
S315020299402A4A43F0400381F8553092F85530DB0932
S31502029950FBD0CA23022082F8540082F8553092F8CC
S315020299605530224903F0BF0382F8553091F855303B
S31502029970DB09FBD191F857301C4A43F0400381F8C8
S31502029980573092F85730DB09FBD0C723002082F802
S31502029990560082F8573092F85730144903F0BF0343
S315020299A082F8573091F85730DB09FBD191F85D30D6
S315020299B00E4A43F0400381F85D3029E0AFF300809E
S315020299C0006CDC0200127A000080000000366E0192
S315020299D00080000000CA9A3B00A3E1115543DE1340
S315020299E0008502220084D71700C2EB0B00E0014079
S315020299F0001C4E0E00ED00E000E001E000C0134044
S31502029A00FA00001E7D0000E13234233200200040BB
S31502029A1092F85D30DB09FBD0CA23002082F85C0093
S31502029A2082F85D3092F85D30704903F0BF0382F826
S31502029A305D3091F85D30DB09FBD191F878306B4AE3
S31502029A4043F0400381F8783092F87830DB09FBD094
S31502029A50C923022082F8700082F8783092F87830B0
S31502029A60624903F0BF0382F8783091F87830DB0955
S31502029A70FBD191F85F305D4A43F0400381F85F30D3
S31502029A8092F85F30DB09FBD0CA2082F85E3082F898
S31502029A905F0092F85F30554903F0BF0382F85F30E8
S31502029AA091F85F30DB09FBD191F877304F4A43F0E8
S31502029AB0400381F8773092F87730DB09FBD0CA236C
S31502029AC0042082F86F0082F8773092F8773047499D
S31502029AD003F0BF0382F8773091F87730DB09FBD1C6
S31502029AE091F85B30414A43F0400381F85B3092F8C9
S31502029AF05B30DB09FBD0CA23022082F85A0082F8C5
S31502029B005B3092F85B30394903F0BF0382F85B306F
S31502029B1091F85B30DB09FBD191F8DB30334A43F033
S31502029B20400381F8DB3092F8DB30DB09FBD0C52338
S31502029B30022082F8D50082F8DB3092F8DB302B491C
S31502029B4003F0BF0382F8DB3091F8DB30DB09FBD18D
S31502029B5091F8DC30254A43F0400381F8DC3092F872
S31502029B60DC30DB09FBD0C52082F8D63082F8DC0075
S31502029B7092F8DC301D4903F0BF0382F8DC3091F81B
S31502029B80DC30DB09FBD191F8DE30184A43F04003A0
S31502029B9081F8DE3092F8DE30DB09FBD0C9230920D8
S31502029BA082F8D80082F8DE3092F8DE300F4903F0EE
S31502029BB0BF0382F8DE3091F8DE30DB09FBD14FF4C7
S31502029BC02543A1F8FA3303B030BD0121C82084F837
S31502029BD0001C00F06BF894F8003C012BFBD1A3E5C4
S31502029BE04FF47A70FFF7B0FCA4E500BF00E0014033
S31502029BF038B50025284C0121C82084F8285000F0E7
S31502029C0055F884F8245094F82430002BFBD194F8AA
S31502029C102430214943F0020384F8243091F8243097
S31502029C20C3F340009B07F9D41B4A81F8220092F83B
S31502029C30223003F0FF00002BF9D192F84030164988
S31502029C4060F3C71382F8403091F84030DB09FBD14A
S31502029C5091F84200104A63F3C71081F8420092F863
S31502029C604230DB09FBD192F844000B4963F3C71079
S31502029C7082F8440091F84430C3F3C014DB09F9D1E7
S31502029C80012000F0BFF8054B012083F84C4CBDE8D9
S31502029C90384000F087B800BF0020204000E00140B3
S31502029CA0A0F101000028FBD1704700BF1E4B1F4ADC
S31502029CB01B6800FB01F1934213D302F1854202F5BE
S31502029CC0071203F5742302F6834203F23F23A2FB31
S31502029CD003239B0CA3FB01314FF0FF30E1B1FFF7E7
S31502029CE0DFBF4FF47A7210B4114C4FF0FF30B4FB5F
S31502029CF0F3F3A1FB02C434B9BCFBF3F080B15DF805
S31502029D00044BFFF7CDBFB1FBF3F1A1FB0212002A0E
S31502029D10F5D1084620B1F2E71846002BDFD170478B
S31502029D205DF8044B704700BFECB2092200127A00BA
S31502029D3000CA9A3BF8B5002401260D4B0D4FD3F803
S31502029D400021D3F82051154006FA04F32B4204D01F
S31502029D5057F82430E0B203B198470134152CF3D1F7
S31502029D60034AC2F81051D2F820312B42FBD1F8BD78
S31502029D7000C0004050B2092200220D2310B4074847
S31502029D80074C30F8021B02F5C65C013209B144F8EF
S31502029D902C10013BF5D15DF8044B704738360302AD
S31502029DA000600040EFF31081012383F31088124B07
S31502029DB033F8102092B22AB133F81020013A92B245
S31502029DC023F8102033F810309BB293B910B40B4A21
S31502029DD00B4CB2F8FA3334F810009BB243F4254323
S31502029DE023EA0003A2F8FA3381F310885DF8044BE2
S31502029DF0704781F310887047DCB2092200E0014005
S31502029E007845030230B4EFF31081012383F31088FD
S31502029E100E4A32F810309BB26BB90D4C0D4DB4F8A6
S31502029E20FA3335F810C09BB243EA0C0343F42543D6
S31502029E309BB2A4F8FA3332F8103001339BB222F8FD
S31502029E40103081F3108830BC704700BFDCB20922A1
S31502029E5000E001407845030208B509490A688318F9
S31502029E60B3F5004F03D807480B60104408BD08F04B
S31502029E70F7FC0C2203461A604FF0FF3008BD00BF02
S31502029E80E8B2092200010222F8B506462F4C94F8DE
S31502029E90503C03F0FF05002BF9D187221023A4F8C8
S31502029EA0242C84F8003C002E3DD1012200232749AE
S31502029EB081F8022C81F8013C91F8503C002BFBD12F
S31502029EC0C6B14FF40C73214AA1F8483C92F8503CB1
S31502029ED0D907FBD4012347F2A83011211C4CC2F840
S31502029EE0444C82F8403CA2F8140C82F8163C82F8E2
S31502029EF0001CF8BD012347F2A830154C134AC1F8DB
S31502029F00444C81F8403CA1F8140C81F8163C92F8B4
S31502029F10003CDB07FBD492F8503C002BF7D101231D
S31502029F2082F8103CF8BD01272846FFF76BFF094B62
S31502029F30284683F85370FFF735FF044A84F8207CDB
S31502029F4092F8503C1807FBD4AFE700BF003000403E
S31502029F500325050000E0014000BE704708B500F087
S31502029F6037F8F6F76DF9FEE7F8B5174F05463E687C
S31502029F70A6B17C6806EB460604EB860602E00C34C2
S31502029F80B4420BD0637AAB42F9D1D4E90002002182
S31502029F90121A0C3408F008FCB442F3D1BE6896B128
S31502029FA0FC6804EB061602E01034A6420BD0637B71
S31502029FB0AB42F9D1D4E90002A168121A103408F0B0
S31502029FC057FCA642F3D1F8BD484303020000000043
S31502029FD0F8B5844A844B5A61BFF34F8FBFF36F8F32
S31502029FE01B6803F47002B2F5801F00F0D48013F4EA
S31502029FF0600F00F0BC807D4A136823F004031360ED
S3150202A000BFF34F8FBFF36F8F4FF47002784B764CCC
S3150202A0100020C4F88820A360F6F7FCF80025FFF7B3
S3150202A02053FB4AF202514FF42542724B0120A3F826
S3150202A030FA1383F8B05AA3F8FA23F6F7EBF86E4B43
S3150202A04083F30A88694B1A68910704D5A268B2F1AA
S3150202A050007F00F0A4800020FFF786FFFFF730FAA8
S3150202A060FFF7C6FD0320FFF7CDFE00234FF00E0ECB
S3150202A0701C464EF001E0614903F10C0221F822402E
S3150202A08001330FF007C80320FFF78CFE0320FFF708
S3150202A090B9FE5B4B03205C609C60DC601C61554C24
S3150202A0A0FFF780FED4F8D8339A0747D5D4F8D833C7
S3150202A0B0504CD4F8D8335B0727D5D4F8D8330220CC
S3150202A0C0F6F7A8F80120FFF74FFFBFF34F8FBFF352
S3150202A0D06F8F0024444BC3F85042BFF34F8FBFF336
S3150202A0E06F8F484B484D5B1BA3424FEAA30605DD21
S3150202A0F055F8043B01349847A642F9DCFFF73CFEC9
S3150202A100BDE8F840002000F081B894F81431002B23
S3150202A110D5D00120FFF776FE94F8143103F0C0037E
S3150202A120802BF9D10023334A84F8143192F8143180
S3150202A1303F2BFBD80120FFF735FEC0E794F810311A
S3150202A140002BB5D00120FFF75DFE94F8103103F023
S3150202A150C003802BF9D10023264A84F8103192F8E3
S3150202A16010313F2BFBD80120FFF71CFEA0E71F4A46
S3150202A170136843F004031360BFF34F8FBFF36F8F6D
S3150202A1804FF0E022936843F480339360BFF34F8F1C
S3150202A190BFF36F8F38E718077FF42DAF27E7012148
S3150202A1A01A695869C2F3C302093201FA02F3002696
S3150202A1B00027DB0843F005C0E5E802670FF005C099
S3150202A1C0C0F3C303093301FA03F34FF00052DB086B
S3150202A1D043F007C0AFF30080E2E802670FF005C062
S3150202A1E039E700BF01020E0000ED00E000E001E0E7
S3150202A1F00000000200E0014000810222000D404000
S3150202A20000402040E0A40402DCA40402704700BF1E
S3150202A2102DE9F04F1646002491B01A9D9846D5E9CB
S3150202A22000C7D6E901E53368BCF1010F02468B4647
S3150202A230CDE90C44CDE90E44F668069300F0A880F7
S3150202A240BCF1020F00F0AF8005FB0EF3BCF1030F67
S3150202A2503968009300F08F80032900F29480D7F8C0
S3150202A26004C0BCF1030F00F28E80BC68032C00F21C
S3150202A2708A80F868032800F286804FF0010910AB43
S3150202A28003EB840403EB8000009B0DF1400A06FBFC
S3150202A29003F30793D8E9013707FB03F3D8F80C80D7
S3150202A2A00AEB810A08FB03F308FB07F74AF8103C9C
S3150202A2B010AB03EB8C0343F8107C06FB05F344F860
S3150202A2C0108C039340F8109C11B9CC4500F0F18032
S3150202A2D0069B002B4BDDDDE90E890020044607466C
S3150202A2E00D9B0C99059393190193BEF1000F37DD6D
S3150202A2F08246A4460023CDE90874CDE90A01CDF8C7
S3150202A30010E0CDF800B0002D1ADD57466446002053
S3150202A3100293002E0EDD019BA118A3EB020E4EF054
S3150202A32001E0009B3B4411F901BB83F800B04B44A8
S3150202A3300FF007C80130854234444744E9D1029BF3
S3150202A340039901338C4405998A4404999942DAD1D4
S3150202A350DDE90874DDE90A01DDF810E0DDF800B096
S3150202A360079B01371C44069B0844BB42BDD1002011
S3150202A37011B0BDE8F08F022905D87868022802D802
S3150202A380BB68022B4BD94FF0FF3011B0BDE8F08FFC
S3150202A3900B46069901F007C0B2EC101EA3EC101E82
S3150202A3A01FF007C0E3E715EE6E4FA6EE30EB1FFA7B
S3150202A3B08EF016EF54690028D9D0BDF81830C700BE
S3150202A3C09B44161833B35C1EA3F1080024F007045B
S3150202A3D0001BA3EB000EAEF1080E4FEADE0E0EF1E3
S3150202A3E0010E144619464EF001E011F001E871FE23
S3150202A3F04D0F94FC864EABEB010571FE4D0F85EDBA
S3150202A400804E3C4408390FF011C0013296429B44F9
S3150202A410DFD1ACE70138AAD00138FBD1A7E710AEEB
S3150202A42006EB810C012106EB830306EB8000D8E9D9
S3150202A430016707FB06F64CF80C6C40F80C7C43F8F5
S3150202A4400C1C069B002B92DDDDE90E8C0D9E7346DB
S3150202A4502746A2462146B64602EB0509002B1FDD18
S3150202A4600E463C460020CDE9017ACDE9031E002DB7
S3150202A4700DDDA9EB020E4EF001E00BEB0601A71869
S3150202A48017F901AB81F800A061440FF007C8013049
S3150202A49083422C444644EAD1DDE9017ADDE9031E10
S3150202A4A000980AF1010A0744069871445045D5D12B
S3150202A4B05DE70846A4EE306B11EE6E6F069B14EF53
S3150202A4C05649002B7FF753AFADB20C9C6B1EB0B24E
S3150202A4D023F00703A5F10801A1EB030A01904FEA53
S3150202A4E0C009002173462046002B47DD002600964E
S3150202A4F00D9ED8460296019E144602EB060C0E46A5
S3150202A50001463046019E5EB3264608EB0507ACEBD2
S3150202A510040E002D3AD0CDE904310890A5EB0A0EBD
S3150202A520AEF1080E4FEADE0E0EF1010E4EF001E01A
S3150202A5303046294611F001E871FE4D0F90FC846EF9
S3150202A5407B1A71FE4D0F83ED806E083948440FF077
S3150202A5500FC8013666452F44E0D1DDE90431089879
S3150202A560009E039F01360096029E3C44B044009E22
S3150202A570BC44B342C6D1044608462146079C013171
S3150202A5802244069C83448C42AED1F0E6BEF1010E11
S3150202A590E6D0BEF1010EF9D1E2E700BF2DE9F04F96
S3150202A5A0BC4B2DED108BA6EE103BBB4B6FF07F42E0
S3150202A5B0A8EE103B002321FE430FA2EE102BFDEE66
S3150202A5C0102AC9B0ADF81021B44AB54CAAEE102B26
S3150202A5D0B44AAEEE104BACEE102B4FF0F20C6FF00B
S3150202A5E000408DED24DF8DED0CFFACEE10CBAEEE0E
S3150202A5F0100B4FF080708DED04DF00EF5221ACEEAE
S3150202A600100B22FF4C284FF0806A22FF4008A6490F
S3150202A6108DED2CBFA4EE101B0CEF50C14FF000685B
S3150202A620AAEE10ABA14E8DED3C9F8DED345F2DFE51
S3150202A630C30FA4EE106B0AEF50A14FF00055A8EE1D
S3150202A640108B9B4F8DED407F8DED145FA6EE107B36
S3150202A650FDEE10CA08EF50812BFEC30FA4EE105B6B
S3150202A6604FF080428DED1C7FFDEE106A04EF5041E1
S3150202A67029FEC30FA6EE102BFDEE105A06EF50610D
S3150202A68025FEC30F4FF00071FDEE104A27FEC30FDF
S3150202A690A6EE101B4FF0805E06EF5061FDEE100A29
S3150202A6A027FEC30FA6EE10EB06EF5061A4EE103B97
S3150202A6B0FDEE107A27FEC30F24EF54A1FDEE101A07
S3150202A6C0EDEE10CA24EF546171FE4D0FB0FFC4A520
S3150202A6D0EDEE107A24EF540171FE4D0FB0FFC46500
S3150202A6E0EDEE106A8DED38BF71FE4D0FB0FFC40557
S3150202A6F024EF54A1EDEE105A71FE4D0FB0FFC4A520
S3150202A700EDEE101A8DED20BF24EF54A171FE4D0F0E
S3150202A710B0FFC4A5EDEE104A8DED18BF24EF54A189
S3150202A72071FE4D0FB0FFC4A5A5EF52258DED10BFE8
S3150202A730EDEE100A24EF54A1BDF8102123EE4E2F9E
S3150202A74071FE4D0FB0FFC4A5EDEE102A8DED00FF8E
S3150202A75022FF428B8DED08BF71FE4D0FB0FFC4453D
S3150202A7609DED00BF6FF0010B8DED281FAEEE10BB03
S3150202A77028FF480B8DED005F0AEF54418DED445FD1
S3150202A78000EF5E41A1EF544020EF54008DED307F81
S3150202A7902EEF400528FF426B9DED40FF26EF4068F3
S3150202A7A04FF0FF3926FF4E6BACEE109B26EF486840
S3150202A7B006EF5C41A1EF544026EF54602CEF46654A
S3150202A7C09DED3C9F26EF426828FF466B26EF4868BE
S3150202A7D09DED349F9DED383F26FF484B16EF5261A1
S3150202A7E004EF52419DED2C9F04FF56419DED303FF1
S3150202A7F024FF486B14EF524106EF52619DED24DFAE
S3150202A80006FF54619DED281F26FF4C4B16EF506141
S3150202A81004EF504104FF56419DED1C7F9DED20BF82
S3150202A82024FF466B14EF5A4106EF5A619DED143F1F
S3150202A83006FF54619DED18BF26FF424B16EF5A6181
S3150202A84004EF5A419DED0CFF04FF56419DED10BFE8
S3150202A85024FF4E6B14EF5A4106EF5A619DED04DF57
S3150202A86006FF54619DED08BF26FF4C0B16EF5A6197
S3150202A87000EF5A019DED005F00FF560110EF5401F1
S3150202A8809DED445F04FF500149B0BDEC108BBDE85B
S3150202A890F08F00BFABAAAA2A94A8F570F2CBA24DFA
S3150202A8A011FE0A006CAC162F7BBEAF63B72A5802A2
S3150202A8B0A4AA52112DE9F04F2DED108B0124A3B05B
S3150202A8C004933C9B199204FA03F50B1E209340F360
S3150202A8D0478511460F3201F11E0348BF1A4600246C
S3150202A8E0002901F10303A8BF0B4601EB000BD9466F
S3150202A8F0AA461A9421F003049B101B94041901F030
S3150202A9000301121118936342089406912192079346
S3150202A910089B1B9A9E1A199B002B40F30886219AC2
S3150202A9206FF07F0B012AB8BF012242F001E003F069
S3150202A93001E8A9EB030271FE4D0F92ED007E71FE54
S3150202A9404D0FE2EE06BF103B4FFA8BFB0FF011C81A
S3150202A950189D002D00F0F185049B0022AAEE103B01
S3150202A9606FF00B0337460096ACEE103BA8EE102BA7
S3150202A97090463D9E03E0013D07F1040723D097ED81
S3150202A980000F21EE4B1F21FE461FFDEE104AA4B216
S3150202A990002CF0D021EE6A1E20FF4A0BFFF7FEFDC5
S3150202A9A000EF5C61A1EF566020EF5600EDEE104A11
S3150202A9B02CEF400531FE090FF9EE002F013D9044BE
S3150202A9C007F10407DBD1069B009ECDF80880002B17
S3150202A9D000F08881CDE9146ADA46089FCDF85890CC
S3150202A9E017F9011B3D9BA1EB0A018B4200F3708111
S3150202A9F03C9B049A994082EA0103002BCF4BADBFDE
S3150202AA004FF0804018464FF0FF340024C2FB010487
S3150202AA10002C05DA6FF00043C318184644F100040D
S3150202AA200246234652EAEF73049B16468B4200F015
S3150202AA30DB844FF08043002546F07F42540104F145
S3150202AA408054C4FB0435921BC2F34071C2F3807078
S3150202AA50099101391191002D00F1FF3112901391E2
S3150202AA6005DA6FF0004159180B4645F10005184602
S3150202AA70294650EAEF71A0FB00C801FB00F91CF15E
S3150202AA80804C48EB4908B8F1000F05468E4603464C
S3150202AA9006DA6FF000411CEB01018C4648F1000810
S3150202AAA0CDF800C0CDF80480DDE9008958EAEF79D5
S3150202AAB004FB0EFE4FEAE47C05FB0CEEA4FB051535
S3150202AAC00591C2F30071C2F38060C2F3C06BC2F396
S3150202AAD0406C7544C2F3006E4A1E0B920BF1FF32B2
S3150202AAE00C92421E0E920EF1FF32CDE900890F92AE
S3150202AAF00CF1FF320A910D901092DDE90001C20FAC
S3150202AB00013200F0030883EA040900928010009AD7
S3150202AB108A49424550EAA090B9F1000FAABF4FF006
S3150202AB2080414FF0FF394FF00009059A891845EB2B
S3150202AB300905002D06DA6FF0004811EB08084146B6
S3150202AB4045F10005A946884658EAEF797C49404410
S3150202AB507A4A41400029B5BF15464FF080454FF06B
S3150202AB60FF384FF00008764AC0FB0258B8F1000FD0
S3150202AB7005DA6FF0004169180D4648F100082846C9
S3150202AB80414650EAEF710344591005D413F0010FFE
S3150202AB9001F1010318BF19466A4B21444B40002BAF
S3150202ABA0B8BF4FF0FF34654BA4BF00244FF0804379
S3150202ABB0002E00F0DD83634AC1FB0234002C05DA63
S3150202ABC06FF0004159180B4644F10004184621461B
S3150202ABD04FF08043002650EAEF719946B04600F1E3
S3150202ABE0E240594AA0F52520A0F26C70C0FB0298F9
S3150202ABF045464C4654EAEF759846354604FB0EFE28
S3150202AC000F99109A01408EEA010E02EA0E044F4A89
S3150202AC10CEFB02852946404650EAEF719E463546EC
S3150202AC2000FB0CFC0E9A8CEA040C0CEA0204484A5B
S3150202AC30CCFB02E57046294650EAEF719C46B646BF
S3150202AC400D9A444D00FB02F26240C2FB05CE6046FB
S3150202AC50714650EAEF7100FB0BFB0C9C9C461440BA
S3150202AC608BEA040B34463C4DB646CBFB05C4604622
S3150202AC70214650EAEF719C460A9C0B9A00FB04F4A9
S3150202AC80364D0BEA02026240C2FB05CE60467146AF
S3150202AC9050EAEF71119C1440099A00FB02F26240DB
S3150202ACA0F224C2FB04361846314650EAEF71139B70
S3150202ACB01A40129B00FB03F3534013F4006F4FEA50
S3150202ACC0233303F1010218BF1346029A1A4402926F
S3150202ACD0079B069A3B449342FFF682AE149ED346E4
S3150202ACE0DDE915A9029B002B00F04583B3FA83FC2A
S3150202ACF0CCF123020F9240F3158403FA0CF303F10B
S3150202AD00004313F100424FEAE37343F10003019356
S3150202AD100092DDE9000150EA6F01114C434204FB45
S3150202AD200133A0FB04541C44044B0746ED1864F19C
S3150202AD300004002CCDE900011ADA13E0010000C07A
S3150202AD40ABAAAA2A94A8F5707BBEAF63F2CBA24D38
S3150202AD506CAC162FA4AA5211B72A580211FE0A0087
S3150202AD60C4C3C3C36FF00043EB181D4644F100048B
S3150202AD702A462346DDE9004552EAEF7302F15A32C8
S3150202AD8002FB05FED31703FB04EEA2FB043813F102
S3150202AD9080431C464EEB080554EAEF75C4F1005493
S3150202ADA092EA040F82FB048540F1F6824FF0FF3EDF
S3150202ADB05A4B13EB08034EEB050EBEF1000F05DAF2
S3150202ADC06FF000441C1923464EF1000E7546DDE96A
S3150202ADD000011C4654EAEF7502EB840282EA07037B
S3150202ADE0002B4E4BADBF4FF0804E9E464FF0FF38C2
S3150202ADF04FF0000802FB01F5D31703FB0055009B37
S3150202AE00A2FB033413EB0E032C4444EB080EBEF1F1
S3150202AE10000FC0F2678375461C4654EAEF75C4F109
S3150202AE20005482EA0403002BB4BF4FF0FF3E4FF0F8
S3150202AE30000E3A4BA8BF4FF08043C2FB043EBEF15E
S3150202AE40000F05DA6FF000441C1923464EF1000E7C
S3150202AE501C46754654EAEF75B4F1005F80F2EE8243
S3150202AE60B4F1604F00F3818302F1004292EA070FC6
S3150202AE7000F13F83DDE9004502FB05F1D31703FB2F
S3150202AE800411A2FB040410F1804041EB04010029E3
S3150202AE90C0F2418304460D4654EAEF75C4F10054EA
S3150202AEA004FB03F3E11702FB0131A4FB02040B19B3
S3150202AEB01A49441863F10003002B05DA6FF00041C8
S3150202AEC061180C4643F100032046194650EAEF7117
S3150202AED0B0F1604F00F34B8302F1004352000C9231
S3150202AEE0B3F1404F0C9BD8BF4FF000430C93189B13
S3150202AEF03E9D1C46002B49D0ACF12303AEEE103B1D
S3150202AF00049BDDF8F480AAEE103B0C9BA8EE103BE4
S3150202AF106FF07F03ACEE103B08E000BF010000C0F9
S3150202AF20013CA5EC046F06F104062FD096ED000F44
S3150202AF3021EE4B1F21FE481FFDEE107ABFB22CEF07
S3150202AF405C61002FECD021EE6A1E20FF4A0BFFF74E
S3150202AF5025FB28FF400B00EF5E61A1EF566020EF52
S3150202AF6056602EEF46657F232CEF4668A4EE103B11
S3150202AF7026EF4C66EDEE107A26EF546637FE0D6F1B
S3150202AF80013CA5EC046F06F10406CFD1069B002B09
S3150202AF9000F0D48101233E991B98089A0144059137
S3150202AFA0069900928A180D920F9ACDF838B09340FC
S3150202AFB0013B1C935B10CDE91D3ACDF87C90009BB8
S3150202AFC013F9011B00930E9BC91A3D9B8B4200F398
S3150202AFD0CC813C9B049A994082EA0103002BCE4B18
S3150202AFE0ADBF4FF0804018464FF0FF340024C2FB3B
S3150202AFF00104002C05DA6FF00043C318184644F127
S3150202B00000040246234652EAEF731346049A8A4220
S3150202B01000F0C7814FF080420026B3FA83F943F06B
S3150202B0207F48A8EB03034FEA481808F18058C8FB89
S3150202B0300826C3F38071C3F3006416910139601EB8
S3150202B04015914FEA5919C3F300711790C3F340657C
S3150202B050C3F340700A91C3F3C06B09F1FF31C3F324
S3150202B0608063002E0B901491099305DA6FF000416A
S3150202B07051180A4646F100061046314650EAEF7169
S3150202B080A0FB007E01FB00FA17F180474EEB4A0E47
S3150202B090BEF1000F06468C46024605DA6FF0004103
S3150202B0A079180F464EF1000EB9F1000F14BF6FF078
S3150202B0B0004300230297CDF80CE0DDE9020150EAD3
S3150202B0C0EF7108FB0CFC4FEAE87706FB07CCA8FBFC
S3150202B0D006761093099B664403F1FF3C0BF1FF339C
S3150202B0E011930A9BCDE90201013B12930B9BC10FFD
S3150202B0F0013B1393029B82EA080905F1FF3E0131E5
S3150202B10003F0030A9810514550EAA090B9F1000FD4
S3150202B1108149AABF4FF080414FF0FF394FF0000933
S3150202B120C91946EB0909B9F1000F05DA6FF00046B3
S3150202B1308E19314649F100090E464F4656EAEF7715
S3150202B14076493044414000297349ADBF4FF08046EB
S3150202B1500E464FF0FF3700277049C0FB0167002FEA
S3150202B16005DA6FF0004171180E4647F100073046C4
S3150202B170394650EAEF710244511005D412F0010F1A
S3150202B18001F1010218BF1146654A41444A40002AAA
S3150202B190B4BF4FF0FF3600265F4AA8BF4FF0804287
S3150202B1A05F48C1FB0026002E05DA6FF000415118F6
S3150202B1B00A4646F10006104631464FF080424FF0EB
S3150202B1C0000850EAEF719146C24600F1E240554B41
S3150202B1D0A0F52520A0F26C70C0FB039A4E46574694
S3150202B1E056EAEF77174606FB04F4464617994E4B84
S3150202B1F001404C40C4FB03763846314650EAEF71B1
S3150202B20016460EEA040E444600FB05F5474B8EEA45
S3150202B2100505C5FB03643046214650EAEF7117461F
S3150202B22005EA0C0C4546099B414E00FB03F38CEAE8
S3150202B2300303C3FB06753846294650EAEF7100FB43
S3150202B2400BFB119C16461C4084EA0B0B4446394DF5
S3150202B2501746CBFB05643046214650EAEF71454656
S3150202B2600A9C129B00FB04F4334E03EA0B0363406F
S3150202B270C3FB06753846294650EAEF71139C1C40F9
S3150202B2800B9B00FB03F36340F224C3FB0428104624
S3150202B290414650EAEF71159A0C9C1340169A00FB2E
S3150202B2A002F25340149A1340109A534083EA04025C
S3150202B2B0002A194AADBF4FF0804111464FF0FF30C6
S3150202B2C00020C3FB0410002805DA6FF00043CB18F6
S3150202B2D0194640F100000A46034652EAEF730F99F5
S3150202B2E052FA01F141D41C981D9B0240934280F20C
S3150202B2F0F380A1F17F037F2B5BB2A8BF7F23059A5E
S3150202B30002F8013B0592009B0D9A93427FF457AED7
S3150202B310DDE91EA912E000BF010000C0ABAAAA2AFB
S3150202B32094A8F5707BBEAF63F2CBA24D6CAC162F1E
S3150202B330A4AA5211B72A580211FE0A00199B3E9973
S3150202B3401A9A19443E9108999944194408910799FF
S3150202B3500132CB1A0793209B1A9293427FF4D8AA00
S3150202B36023B0BDEC108BBDE8F08F6FF07F03C6E70A
S3150202B3704FF40023A9E403234FF0200C0F934FF05E
S3150202B380FF304FF0FF314FF0FF374FF05A32CDE91F
S3150202B3900001DFF8FC81784D4FF080434FF0000E3A
S3150202B3A007E5049AB2F1004F7FF434AE00244FF05F
S3150202B3B0FF334FF4003001212546A346A2469E469C
S3150202B3C09C46CDE91534CDE91133DFF8BC816B4ACF
S3150202B3D0DFF8C0916A4F6B4E17930B9414930A943B
S3150202B3E00994109413938EE6049BB3F1004F7FF4F3
S3150202B3F020AB4FF0FF32002311464FF0000C0993A7
S3150202B4001192012300225E4D009305956FF00046CC
S3150202B4104FF40030E046E346E646CDE90DC1CDE9FA
S3150202B4200F11594C554BDFF86C91564D12921391EE
S3150202B430CDF828C00B910C91FFF769BB6FF0004360
S3150202B4401A445740002F514BAABF4FF080434FF088
S3150202B450FF3400240199009802FB01F1D51705FB7E
S3150202B4600011A2FB0005C0180D4445EB0403002B94
S3150202B47005DA6FF000414118084643F100031D4602
S3150202B480044654EAEF75C4F1005482EA0403002B1F
S3150202B490B4BF4FF0FF3500253C4BA8BF4FF08043A7
S3150202B4A0C2FB0435002D05DA6FF0004159180B462E
S3150202B4B045F100051846294650EAEF71B0F1005FE0
S3150202B4C043DB6FF000431A44B2F1804F4FEA420265
S3150202B4D0B8BF13460C930AE5A1F1800300297FF453
S3150202B4E00AAF0CE76FF000441C1923464EF1000E18
S3150202B4F091E40099D31703FB01F4019902FB01447B
S3150202B5000099A1FB02012144204C001961F10001BC
S3150202B5100029BFF6BFAC6FF000440419204641F180
S3150202B5200001B7E423234FF0000C0F9327E7189D7F
S3150202B5306FF07F0B002D7FF40FAA069B002B3FF4C0
S3150202B5401AAF189B0293FFF745BAB0F1604F7FF725
S3150202B550C3AC02EB80035A00B3F1804F0C92FFF6A2
S3150202B560BFAC6FF000430C93C1E4A30068E702EBA1
S3150202B57080035A000C92B3E44B4B4B0BF8FFFF01CC
S3150202B58000010040FFFF1F00E0FFFF0F010000C0A5
S3150202B5905A5A5A9A1800000E2DE9F04F2DED108BC9
S3150202B5A095B01F4606929A1D033348BF1346002FD3
S3150202B5B04FEAA3032E9DDDF8C490BDF8D0E0369E75
S3150202B5C0059340F3F880329B4FF0000AAEEE103B31
S3150202B5D0339BD346A6EE103B8DED0E7FA6EE10AB45
S3150202B5E04FF4BA738DED087F03FB0EF3CEEB4E12C8
S3150202B5F006EB450884469000D20046460D92B846AE
S3150202B600CA19369F0C9012920793CDF84CE0359BDD
S3150202B610A4EE10BB23B11A4692ED005F10333593A6
S3150202B620129BA8EE10BBA3EB080300930C9B624687
S3150202B63003EB0C010D9B24EF54C103EB0C00079B99
S3150202B64024EF54A103EB0C04139B002B00F0B980E8
S3150202B65024EF542143F001E0009B93ED006FB2EC1C
S3150202B6607C0F20EF560924EF4048B1EC7C0F20EF05
S3150202B670560922EF4028B0EC7C0F20EF56092AEF3A
S3150202B68040A8B4EC7C0F28EF468820EF56692B447B
S3150202B6902CEF46C80FF01FC82F99069B084629EEC3
S3150202B6A0639E90ED007F28EF444827FE6B1F8DEDC7
S3150202B6B0005F9DED085F10312F91309928EF4228E5
S3150202B6C028EF4AA8084628EF4C8837FE05CF35FEF2
S3150202B6D0076F9DED005F90ED001F2CEF44442CEFA7
S3150202B6E042242CEF4AA42CEF488424FF404B22FF2B
S3150202B6F0402B2AFF40AB28FF408B04EF5601A1EFF5
S3150202B700500024EF504026EF444525EE494F9DED69
S3150202B7100EDF24EF4E4628F001E824EF5C4671FE66
S3150202B7204D0F87ED004F02EF56410AEF5601A1EF88
S3150202B7305440A1EF500022EF542008EF564126EF63
S3150202B74042252AEF5000A1EF544026EF400523EE90
S3150202B750492F28EF544022EF4E2621EE490F26EFBB
S3150202B760446522EF5C2620EF4E0627EE496F7A19D0
S3150202B77071FE4D0F82ED002F20EF5C0626EF4E661C
S3150202B78071FE4D0F86ED000F26EF5C66AB1971FE58
S3150202B7904D0F83ED006F059B0AF1010A10315345E5
S3150202B7A00CF1040C3091A8F1040807F1040706F122
S3150202B7B004063FF72CAF002015B0BDEC108BBDE896
S3150202B7C0F08F24EF542167E72DE9F04F2DED108B10
S3150202B7D09DB09946DDE939A8389B3F9D032B0F9010
S3150202B7E00C91079240F39F810646D81E3D9B6A0042
S3150202B7F0AEEE103B3E9B1692ACEE103B002305EBDF
S3150202B8004502B6461792159514939DED14BF409FB5
S3150202B810409AC846CAEB850106EB4706DDF8E89070
S3150202B820920004960D91CDF814E00E90BAF1000F33
S3150202B830D8BFC64640F38F800498409908EB0A0E99
S3150202B8400144089140980599CDF8E4A00144099172
S3150202B8503699CA46A1F1040C3799079FA1F1040B46
S3150202B860D9460C9DCDF818E00A93CDF808C0009788
S3150202B8700B92CDF80C80049A2B461746DDF814B0CB
S3150202B8800999089C0AF023C04FF000064FF0000CFB
S3150202B8904FF000084FF000024FF00000B3EC101E0A
S3150202B8A0F1EE206FBBEC103EF0EE22CFB1EC105E51
S3150202B8B0F0EE248FB7EC107EF0EE262FB4EC109E3B
S3150202B8C0F0EE280FB3EC101E1FF017C03B9BCDE91A
S3150202B8D010C8CDE9122003FB06F6079B9DED107FE9
S3150202B8E0554413B1009B1B681E44009B0299043304
S3150202B8F051F8042F009359F8043F029123EAE371A7
S3150202B900A2EE101B27EE466F22EF46645B4223EA43
S3150202B910E3735B42A4EE103B27FE626E06EF5421EE
S3150202B920A1EF522026EF526024EF46653C9B039A12
S3150202B93027EE436F26EF4E6626EF5C6682EC0A6FAF
S3150202B940069B01329342039295D1D146DDF8E4A0D9
S3150202B9509E46DDE90A3205990433114405910D9991
S3150202B9600EEB01080499114404910E998B42FFF6DB
S3150202B9705DAF389B0F99043B9B0803FB0222CDF86D
S3150202B980E8901144C14601333F9DDDF8E8800F91EC
S3150202B9909800389B834240F3BB804FF0000B4A4625
S3150202B9A0A4EE10BB56463D9B0F9FACEE103B3E9B50
S3150202B9B00290AAEE103BA5EB0A0304930AF00303D4
S3150202B9C00593002E40F3AC80DDE93659002400923D
S3150202B9D0DDF830C0079A6346394600BF08F011C047
S3150202B9E04FF0000A4FF00000B3EC101EF1EE20AF4A
S3150202B9F0B1EC103EF0EE220FB3EC101E1FF00BC09C
S3150202BA003B9B04F0030103FB0A00C44412B152F841
S3150202BA10243018441CAB03EB8103032904F101040D
S3150202BA2043F8100C24D1B9EC043F23FE6B1F9DEDA3
S3150202BA30187F33FE05EFB5EC041F2EEF466435FE82
S3150202BA40032F26FF406B06EF5201A1EF500026EFAD
S3150202BA50506022EF46653C9B27EE436F26EF4C660B
S3150202BA60009B26EF5A66194681ED006F0433009356
S3150202BA70A642B0D1009A409B1F44059B002B4DD093
S3150202BA80A9F1040A043D0DF1600C02EB03090397C6
S3150202BA905AF8043F5CF8044B23EAE3718C40DE4613
S3150202BAA04FF0804155F8047F5B42C7FB041ECDE985
S3150202BAB0001E012123EAE37301FA03F4DDE9000120
S3150202BAC050EAEF71CDE90001009940FA03F30098BA
S3150202BAD0013CC90F01EB64012040814253EAA39360
S3150202BAE03C990B443D998B42B8BF0B463E998B4219
S3150202BAF0A8BF0B4602F8013B4A45C9D1039F029BE6
S3150202BB0038990133049A994202934A447FF459AF0F
S3150202BB1000201DB0BDEC108BBDE8F08F9146EEE71A
S3150202BB20DDE93659A7E7002033E700BF2DE9F04FDA
S3150202BB309B465B689FB0012BDDF8A080DDF8B890CA
S3150202BB40189240F052818B690C46012B40F04D81CE
S3150202BB5003688246002B00F048818968002900F0BA
S3150202BB604481DBF80CE00EFB01F20E9212F00302A4
S3150202BB701D9240F03A812D9A299892688068561E43
S3150202BB8001FB06060F92DBF80820D4F810C0B61A9B
S3150202BB9006F00107139257EA57B202EB4C02B2427F
S3150202BBA00D9040F0F780B2EB0C0206D00A44013A3D
S3150202BBB092FBF1F2012AB8BF0122BCF1000F40F05A
S3150202BBC0EE80164660460F9DAE1B26EAE6750CFB14
S3150202BBD00EF61095CDE9116617B102FB0EF5119517
S3150202BBE0109D2A442D9D0244EE680F9DAA4240F002
S3150202BBF0E0800D9A02FB0EF5DBF800200D95002A75
S3150202BC00A5EB0E05199540F3EC80139A0F9F0EFBD6
S3150202BC1002F21A92109A06FB00F58218BF1A01FB6B
S3150202BC2002F200FB01F1A2EB0C02A1EB0C010EFBEC
S3150202BC3002FC109A15910EFB01F106FB025E07FB4E
S3150202BC4006E21395CDF870B0189DDDF874B00F9721
S3150202BC50CDF85CC014911B921690CDF860E05DE0BF
S3150202BC600D99CDE90967CDE9036110990E97029103
S3150202BC70626A2A990892226A079262680692226880
S3150202BC8005926A6801922A6800922C9AFFF79CFD35
S3150202BC901898179909EB00030F984144002879DB9B
S3150202BCA0DAF80020199F104607F007C0B1EC101E01
S3150202BCB0A0EC101E1FF007C021683A444942119FA8
S3150202BCC0E0EE101B07F005C0A2EC101E1FF005C025
S3150202BCD00E9A0D99CDE90962CDE903610F982A9967
S3150202BCE00290626A0BF1010B0892226A079262685B
S3150202BCF00692226805926A6801922A680092DAF826
S3150202BD0000002C9AFFF760FD1B9B99441A9B9844EC
S3150202BD101C9B1B685B4564DDDAF800302268194613
S3150202BD2012985242E0EE102B00F005C0A1EC101E52
S3150202BD301FF005C042460D99034401F007C0B2EC5A
S3150202BD40101EA3EC101E1FF007C00E9FCDE9036161
S3150202BD50CDE909670D9116992C9A0291636A2A997D
S3150202BD600893236A079363680693236805936B68AD
S3150202BD7001932B680093DAF800004B46FFF724FD85
S3150202BD80149908EB0100139901EB0903159900298D
S3150202BD90BFF666AF6FF002001FB0BDE8F08F01EB8F
S3150202BDA00C06013E96FBF1F00128B8BF01201618D7
S3150202BDB009E721462B9C2D9B0394299C0693CDE9E8
S3150202BDC0008400242C9B504604932A9B189A0293C1
S3150202BDD0CDF81C905B46059400F03EF91FB0BDE813
S3150202BDE0F08F00201FB0BDE8F08F4FF0FF30D3E78F
S3150202BDF02DE9F04F9E460B6995B0DDE92306002B2D
S3150202BE0072D10C46496900296ED1DEF80850E36800
S3150202BE109046D0E9022905FB03F3D0F804A0DEF826
S3150202BE200C00DEF800C000FB03F3BCF1000F0C901D
S3150202BE3009FB02FBA0680D9352DD0B460C99CDF865
S3150202BE404CC001FB00F19C460E91194624964E46C1
S3150202BE50DDF890900F9201FB05F5DEF804001E9BB9
S3150202BE60BAF1000F00FB053530DD0027CDE9101CC3
S3150202BE70CDF848E001E0BA4524D00E9B626ACDE9CC
S3150202BE8009630892226A0C9B0792049362680396DC
S3150202BE90069222680F9B05920293D8F804204B461B
S3150202BEA00192D8F80020284600922099229AFFF79A
S3150202BEB08BFC0D9B01371D44D9440028DBD015B0FB
S3150202BEC0BDE8F08FDDF848E0DDE9101C0C9B0CF1B1
S3150202BED0010C1944139B634502D0DEF80850BAE7F7
S3150202BEE0002015B0BDE8F08F4FF0FF30E7E700BF44
S3150202BEF00869002830D170B54D698CB04DBB88688F
S3150202BF00012826D1C868012823D1159CD868E4687D
S3150202BF100490099403949C680A90486A0890086AF5
S3150202BF200790D1E900600690D3E9003104FB01F1E2
S3150202BF30D2E9000403FB01F10090CDE90141169B0F
S3150202BF40149A129910980596FFF73EFC28460CB0F1
S3150202BF5070BD4FF0FF30FAE74FF0FF30704700BF77
S3150202BF60F0B406698446D2E901451EB9406908B9A8
S3150202BF70012D4FD04868CA68012805D1DCF818009D
S3150202BF80012801D1012C14D005FB02F004FB00F0BA
S3150202BF9000F11E030F3048BF184600118001F0BCA3
S3150202BFA07047DCF81C20012AF9D04A68012A37D1E7
S3150202BFB0CA68DCF8080002FB00F7BF07E4D19F68F3
S3150202BFC089687B1E00FB03535B1A03F0010353EAE3
S3150202BFD053B1891906D00144013991FBF0F10129C5
S3150202BFE0B8BF0121F6B98C463046A7EB0C0CBCF160
S3150202BFF0000FACBF01EB0C040C1C2044874202FB6F
S3150202C00005F519D005F11E030F3548BF1D462D1140
S3150202C010A801C4E7012CADD1DCF81820012AC0D050
S3150202C020CA68B1E73418013C94FBF0F00128B8BFA4
S3150202C030012000EB010CD8E702FB06F634460BB1EF
S3150202C04002FB01F4A81A20442E44B042B8BF30467D
S3150202C050A5E700BFFFF784BF2DE9F04F0068C9B01C
S3150202C060539F2E90DDE95786002800F05C82F8681D
S3150202C070DC683D891FFA84FC84B2BCFBF4F4389472
S3150202C08084B2B888CDF864C0119000FB05F004FBB7
S3150202C09000FE1868B7893D90D3E901B00B69D6E96B
S3150202C0A001693A934B693B93D1E902C33C93D1E9C5
S3150202C0B006A312934B6830930B6A31934B6A3293FF
S3150202C0C00B682F931368199940935368389A4193D0
S3150202C0D0B1FBF2F32797B7FBF2F702FB1313299789
S3150202C0E0002B40F02082279B02FB1733002B40F0E5
S3150202C0F01A82B8F1000F00F01182D8E90132A3F1D7
S3150202C1000203B3FA83F35B091793A2F10203B3FAAA
S3150202C11083F35B091593159A83B20F931341249302
S3150202C120179B1FFA8BF81EF00302CDF8A0E048FA1D
S3150202C13003F340F0EE813D9A002A40F34D81249AA0
S3150202C140199802FB03F300FB03F704FB05F31493AE
S3150202C150279B1FFA89F103FB01F3B6B21A913596B0
S3150202C16006FB03F10F9E1FFA8CF206FB00F3129EE8
S3150202C1701B9206FB03F6149B1396119E0AFB00FB07
S3150202C18003FB06F62696299E1B9B06FB0EFCCDF8A2
S3150202C190FCC003FB00FC279B4FEA86099B003493F3
S3150202C1A0289BCDF80891A3EB0E031E932F9BB9464B
S3150202C1B05E422746CDE943B600222E4644460D4646
S3150202C1C0CDF87CC0CDF8CCE0389B002B00F0F9808C
S3150202C1D0DDF8648100234595CDF8DC805546A046FC
S3150202C1E0344641993E932D91409936932C91569914
S3150202C1F046922B9154992A912E990C91379B25930B
S3150202C200359B002B00F07C81DDE943CA0020CDF884
S3150202C2101C91034681461A9A002A00F08780002260
S3150202C2201892BDF8F020BDF8EC1009FB02F2521A80
S3150202C2300F99209202FB01F2BDF8E810199E369878
S3150202C240521A06FB02026646494210915299CDF8EB
S3150202C250E4908A181692179A002A40F0C180159A1B
S3150202C260002A40F0BD80119A002A46D0DDF858B065
S3150202C2704FF0000E1C935B46F3469E46DDF880C0E5
S3150202C280DDF830906CB300234A46CDE90CE91099E9
S3150202C290CDF838E015E00F98884214D9DDF83090CF
S3150202C2A0104607F007C0B9EC101EA0EC101E1FF0D4
S3150202C2B007C00C98013330449C423A440C902944FC
S3150202C2C00BD0E045E7D89146E0EE10AB07F005C089
S3150202C2D0A9EC101E1FF005C0EBE7149BDDE90D9ECB
S3150202C2E09944139B0BF1010B9E44129B9C44119B96
S3150202C2F05B45C7D11C9BCDF830900C9A1E9901332F
S3150202C3000A44042B0C9200F0D48016991F98189AAC
S3150202C310014416911B9810990132014410911A99FF
S3150202C3201892914297D1B446DDF8E490359A09F112
S3150202C33001094A453FF76FAF259ADDF81C91002A9B
S3150202C34000F0E280E3B102931346289A2E9E0A92E5
S3150202C350279A30460992329A0892319A0792309A6D
S3150202C36006922F9A0592339A0492299A03922D9A49
S3150202C37001922C9A0092DDE92A12FFF725FA0C960F
S3150202C3802A9A3F993E9B0A442A922B99429A013350
S3150202C39011442B912C993E9311442C912D991144BF
S3150202C3A02D91379A29990A443792369A3A44369205
S3150202C3B0389A9A427FF422AF26464446AA46469ABB
S3150202C3C0459D529B01324B445293599B2B4459939E
S3150202C3D03D9B93427FF4F8AE002049B0BDE8F08F50
S3150202C3E0DDF830C026996246E0EE10AB01F005C0D8
S3150202C3F0A2EC101E1FF005C0119800283FF47DAF73
S3150202C4004FF000098646C3462296CDF88CA02099A3
S3150202C410DDF85080129EDDF83CA021938B4503D9AC
S3150202C420C8070FD5179B6BB1C44409F10109CE4562
S3150202C4303144F3D1D846219B229EDDF88CA0CDF859
S3150202C44030C05AE7179B41FA03F3002CEDD0249A27
S3150202C450CDF8388002FB03F360460022F046CDE9AE
S3150202C4601C160D93109B0C949A4515D9D90701D522
S3150202C470159989B915990D9E43FA01F1199C314410
S3150202C480529E04FB0161064607F007C0B1EC101E7C
S3150202C490A6EC101E1FF007C00C99013291423844D5
S3150202C4A02B44E1D1DDE91C16C6460C9CDDF8388028
S3150202C4B0BAE70293289BDDF894B00A93279BDDF82C
S3150202C4C0B8900993329BDDE92A120893319B4846BA
S3150202C4D00793309B06932F9B0593339B0493299BC9
S3150202C4E003932D9B01932C9B00935B46FFF76CF9FA
S3150202C4F05A46349900230A442592CDF8309004E72D
S3150202C500379B002B7FF43CAF6FF0010049B0BDE8C8
S3150202C510F08F0EF104018A1A28920CE6CDF85480A5
S3150202C520CDF85C80F7E54FF0FF30EFE72DE9F04FEB
S3150202C5308DB0169C8C46DDE9176BDDE919A9DDE99A
S3150202C5401B870B940C699E46CDE909020CB94C690C
S3150202C550F4B1DEF80430012B06D1DCF81830012BD7
S3150202C56002D17368012B23D00B9C734600940024DC
S3150202C5706146CDE90687CDE903A90A9A0998CDF85B
S3150202C58008B001960594FFF767FD0DB0BDE8F08F7E
S3150202C590B468012CDDD17468012CDAD18C69012CC4
S3150202C5A0E2D1CC69012C20D0DEF80430012BDBD19A
S3150202C5B0DEF80C20DCF8083002FB03F39B07D3D12A
S3150202C5C0F3689A42D0D1734661460B9C0A9A09983D
S3150202C5D0CDE91B87CDE919A9CDF860B01796169455
S3150202C5E00DB0BDE8F04FFFF7A1BADC68F568AC42C0
S3150202C5F0DAD18C68012C02D1CC68012C11D0734697
S3150202C60061460B9C0A9A0998CDE91B87CDE919A9BD
S3150202C610CDF860B0179616940DB0BDE8F04FFFF74D
S3150202C620E7BB0DB0BDE8F04FFFF762BCD1E90130BE
S3150202C63003FB00F0C0EB4010000170472DE9F04FFA
S3150202C6402DED0C8BA9B089464C991D4600293F9BBC
S3150202C650449CDDF838A1199040F35D81AB46002077
S3150202C6604399C4F1000C494205FB01F7419DCDF8FD
S3150202C67048C003FB05F5CC460395A4EE100B0BFB53
S3150202C68009F5D1469A460495459D409905FB0BF557
S3150202C69001398908013118958D00090117951691FC
S3150202C6A004EB02084B9B24EAE475002B0D9540F33A
S3150202C6B02681429B049E4345A8BF43460293129B90
S3150202C6C04FF0000E2B4406FB03F33A463E46149302
S3150202C6D0039B439903FB05F3CDF8FCA01593DA46B7
S3150202C6E00CEB0103DDF8FCB011931B90CDF84CE084
S3150202C6F01C9421EAE173BBF1000F059340F3E88033
S3150202C700119C419D4A98AC42A8BF2C46109049986A
S3150202C710199D0F9000201A94159CCDF8389103FBAF
S3150202C7200B440AFB03530693149BCDE91D12D14611
S3150202C7301344DDF81CE1DDF838A10C93409B002B73
S3150202C74040F3B48000224F9BCDE91F40A0EE103B7E
S3150202C750509BCDE92168A2EE103B109B1A9F0793CC
S3150202C7600F9BCDF88CC008933E9B23440E93002365
S3150202C770CDE92433CDE92633489B13440993BEF10E
S3150202C780000F03D0BEEC047F8DED247F0D99029B30
S3150202C79099424ADADDE92404DDE9265688460C9BEB
S3150202C7A0002101930E9B0B9203EB020C4246B84602
S3150202C7B0019BCDF828E0009105996746414522DAA8
S3150202C7C0A8EB010E4EF001E00699CDE900231944C9
S3150202C7D091F9003097F90020534403FB020097F9BE
S3150202C7E00120494403FB024497F9022003FB025546
S3150202C7F097F903205F4403FB02660FF017C8DDE9CF
S3150202C800002301210091039901328C4404990B44BD
S3150202C81002998A42D0D100994746DDF828E00B9A5E
S3150202C82019B1CDE92656CDE92404089B9DED247F54
S3150202C830194610330893079B91ED009F1946103350
S3150202C8400793002329FE631F39FE05CF91ED00BF30
S3150202C8502CEF466435FE098F26FF4A6B06EF58A176
S3150202C860A1EF5AA026EF5A6028EF46654D9B043285
S3150202C87027EE436F26EF406626EF5266099B83ED4B
S3150202C880006F409B93423FF772AFDDE91F40DDE93D
S3150202C8902168489B179ADDF88CC013444893169A6E
S3150202C8A00F9B13440F93109B13441093409B1844FF
S3150202C8B00C9B834503F101030C93409B1C443FF7F7
S3150202C8C03DAFDDE91D12CDF838A1CA46DDF8389131
S3150202C8D04598459C091A1898139B024411980133EC
S3150202C8E0001B11904B98139398427FF402AFDDE935
S3150202C8F01B043746CDF8FCB0D346DDF8FCA0469AB7
S3150202C900129B0130134412934C9BA41A8342A8EB46
S3150202C91002087FF4C7AE29B0BDEC0C8BBDE8F08FDE
S3150202C9202DE9F04F9146D1E907458846CBB0DDF8AD
S3150202C93064E15598D8F81460D0E9010A1490DEF839
S3150202C940080019962390DEF80400D8F818601A90A7
S3150202C950D9F804008F682190D9F80000D3F800C0F4
S3150202C9602290D8F8040020962490D8F80000D3E941
S3150202C97001212590D8F82400DB68D8E903B626906F
S3150202C980D8F828002790A0B22B90A8B22C90B8070C
S3150202C99003D1BCF1010F00F0AC811FFA8CFC1FFA25
S3150202C9A08BFBB6B2BCF1000F00F093811FFA87F936
S3150202C9B01FFA8AF74FF0000A9BB2199816931FFACA
S3150202C9C082F8169A434298B209FB02F389B2199384
S3150202C9D001FB08F3189702FB03F701FB02F33C90F3
S3150202C9E0BDF85000ADB21E91289005FB03F0DDE9B9
S3150202C9F0183103FB01F3A4B2319304FB02F3BDF82F
S3150202CA0068E02E934FEA890332903393CDF8F4B05D
S3150202CA1073465146B34662464046A6461795002BD2
S3150202CA2000F050814FF00008CDE93E2149461A46F0
S3150202CA30F1464346209C6442A4B21A94BDF88C4045
S3150202CA401F94BDF968601F9C2D96002C00F02D8163
S3150202CA50002E5FEAC6B53095289D841BA542A8BF63
S3150202CA6025463994179CDDF8F080A4EB060E0EF1EA
S3150202CA70FF344FF0000CCDE940B33B944492534647
S3150202CA800A46CE464446CDE942703A95CDF8A4C04E
S3150202CA90169926B2002900F0F58000211E98189FE9
S3150202CAA0851BAEEB0600002E00F1FF30389051EAEC
S3150202CAB0C6B0AF42A8BF2F462F908B466FF0030037
S3150202CAC0B246F446884636953797002A00F0D18058
S3150202CAD05A99C14603F1FF3841441D913699399D4F
S3150202CAE00CEB010808F1FF313491229926460144E2
S3150202CAF01C912199CDE9452301441B91179902EB19
S3150202CB000908294405463591CDF8A8802B9B012BAD
S3150202CB1040F2E580389B93FBFCF2349B22EAE272F6
S3150202CB2093FBFCF1189B9942A8BF19462C9B1491C0
S3150202CB30012B40F2DB80359B3B9C581E179B90FBD8
S3150202CB40F3F094FBF3F3289C23EAE373A042A8BF13
S3150202CB502046589C002C00F0C08054F82940984286
S3150202CB6042DD2D9F1799CDE947AB01FB037E0CFBF4
S3150202CB7002A71E99E24601FB0E77169901FB07B739
S3150202CB80AB4654990F44189901FB032E199901FBDE
S3150202CB900E9E569901EB0E081499914217DDA1EBEE
S3150202CBA0020E4EF001E0C4463D46149349922E9A75
S3150202CBB095F900301544259A13449CF9002002FB8C
S3150202CBC00344199B9C440FF00FC0149B499A329D51
S3150202CBD001332F44319D8342A844DED1D4465D46B9
S3150202CBE0DDF81CA1DDF820B11B9B09F1010953F8FE
S3150202CBF0041F1B931C9B21EAE17053F8047F04FA7B
S3150202CC0000F01C9300244FF08043C0FB0734CDE9A9
S3150202CC1014340123494221EAE17103FA01F0DDE902
S3150202CC20142352EAEF73CDE914231346149A0138F8
S3150202CC300B41D10F01EB600102408A4253EAD393C0
S3150202CC40249A1344269A9342B8BF1346279A9342CA
S3150202CC50A8BF13461D9A02F8013F2A9B1D924B4515
S3150202CC607FF454AFDDE9452328463446DDF8A88031
S3150202CC70134433990BF1010B0844169959457FF473
S3150202CC8024AFE6463D99299821448CB21F99013078
S3150202CC90884229907FF4FCAEDDE94270F1461146E4
S3150202CCA09A46DDF800B1419B449A1A9C01335C44D0
S3150202CCB0A4B293421A947FF4C4AE1346CE463E9A67
S3150202CCC089463F99549C01313C44914254947FF4E3
S3150202CCD0A6AE00204BB0BDE8F08F589C3FE7379BCB
S3150202CCE02F9A14932C9B012B3FF625AF3A98309B31
S3150202CCF02FE7012C03D01FFA8BFBB6B256E6012DA3
S3150202CD00F9D12198CDF81CB00B905A9802970A9045
S3150202CD105898CDE9086020980690199805901498BB
S3150202CD20CDE903A056980090279812902698119062
S3150202CD302598109024980F901A980E9023980D9089
S3150202CD40DEF80C4054980194229C0C94FFF776FC70
S3150202CD50BFE700BF2DE9F04F2DED0C8BB7B0DDF822
S3150202CD6044A1D3F80CB0DAF80C804D9FC34540F0CB
S3150202CD70F4811E46036881460D4614461C93002B17
S3150202CD8000F0E181644A0BF17B0382FB03121A442F
S3150202CD90DB17C3EBA2132C937A68BB6847460D9343
S3150202CDA01A9202FB03F3EA68209314922A69B36881
S3150202CDB0289262687C2F1592226819931692DAF8E3
S3150202CDC008206B691792DAF80420A8BF7C272992F9
S3150202CDD06A68BBF1000F13922A6827931F926A6A46
S3150202CDE076682192AA6AAB69229240F384814FF055
S3150202CDF0000E219AC3F1000AACEE102B229AA8F178
S3150202CE007C03AAEE102B199A3093CDF8C4A002FB2A
S3150202CE100AF3A8EE10EBB246D846764627994C9804
S3150202CE205B1A0BFB0304149B02FB0BF203FB0BF3D1
S3150202CE301B93209B0E92C3EB43139B002F93289BBB
S3150202CE401E9702FB03F32E934FEA8B032A934B425E
S3150202CE502B933294309BA3EB0E032D93529B734476
S3150202CE601D93299B002B40F33A814FF00009319B17
S3150202CE70DDF870C01893159B4C4603EB8E03249380
S3150202CE80169B474603EB8E032593509BDDF878806B
S3150202CE9003EB8E032693329B33960EEB03021F9B02
S3150202CEA093465D424A4663461799002940F38280B9
S3150202CEB00020CDF88CE081469E462B990D9E0A9162
S3150202CEC02799CDF840B0CDF8D4B0DDF828B0761A5D
S3150202CED034941A9B002B57DDA6EB0B01B345C1EB2B
S3150202CEE041114FEA8101A8BF7C210F911899CDF811
S3150202CEF048900C46F1460B44CDF830B0DDF840C0FE
S3150202CF00DDF864B011920B930D9B002B30DD614666
S3150202CF104A460C9B0A9516E04308218454EA03000A
S3150202CF2013D49B4511DD0846154608F007C0B0EC3E
S3150202CF30101EA5EC101E1FF007C00133B34202F108
S3150202CF407C02394411DAA245E8DC10460A9DE0EE7B
S3150202CF50105B08F005C0A0EC101E1FF005C00133DD
S3150202CF60B34202F17C023944EDDB0F9B0A9D9944DE
S3150202CF700E9B01349C440B9B9C42C5DBCE46119A06
S3150202CF80DDF830B0DDF848900132042A00F0B980AB
S3150202CF90149B1B999B441E44109B09F101090B44E5
S3150202CFA01093179B4B4594D17346349CDDF8D4B04B
S3150202CFB0DDF88CE0189928980134014418912E99CB
S3150202CFC08B442999A1427FF46FAF002A1146B846D3
S3150202CFD0339E40F38480DDE91D231A44981D94464C
S3150202CFE0DA1C48BF024600200B90C6EB461000012F
S3150202CFF00C904E98CDF83CA07044184482461C9C74
S3150202D000DDF840B104EB0309CDF840E093100A9330
S3150202D010DDE91F371E9A002A57DD0025CDE91116D2
S3150202D0200C9C1E980022ACEB0006A4EE102BA9EB78
S3150202D0300001AAEB0002BBF1000F03D00BEB040EB8
S3150202D0409EED005F002F0EDD47F001E0B1EC7C6F32
S3150202D05092ED002F27EE436F26EF5269424424EFE8
S3150202D06046480FF00DC8159A0135224492ED003F4B
S3150202D070169A224492ED001F002223FE621F33FEFD
S3150202D080096F26EF446439FE032F26FF406B06EF33
S3150202D0905241A1EF544026EF546022EF4665139A9D
S3150202D0A020F001E827EE426F26EF4C6626EF5A661B
S3150202D0B00A9A71FE4D0F86ED006FAA4204F1100420
S3150202D0C0A0F10400AEDCDDE911160B9A2F980132AB
S3150202D0D08A420B92C44481449CD1DDE90FAE2D9B58
S3150202D0E001367C2BA8BF7C231E932C9B0EF17C0E51
S3150202D0F0B3423FF7AFAE002037B0BDEC0C8BBDE8B2
S3150202D100F08F269B1D9C0793229B4E990593219B8A
S3150202D11008940493139B239C0393259B1F9A0293C1
S3150202D120249B2144CDE90073BDF880301C980693F6
S3150202D1304346FEF731FA1D9C2A9B0022E318DDF8CC
S3150202D14070E01D9324E739463046FFF76FFA00284E
S3150202D15003DCD9F800301C9314E64FF0FF30CBE71C
S3150202D1602DE9F04FA5B0329CCDE90902DDE92EB8D0
S3150202D170DDE930960B941C46DDE9337ADB68012B36
S3150202D18016D08B68012B02D12368012B63D0DDE90D
S3150202D19009020B9BCDE9337ACDE931632346CDE908
S3150202D1A02EB8CDF8C09025B0BDE8F04FFFF7B8BB58
S3150202D1B0FB68012BE5DDD8F80C300DF1700E0C93ED
S3150202D1C0D8F8043001F10C000D93D8F8083001F1B9
S3150202D1D0240C0E93D8F8003001F11C020F930B684F
S3150202D1E024AD1A934B681B9301F1140303C88EE80C
S3150202D1F0030093E803009DED0C7F1EAB83E8030058
S3150202D20092E8030020AA82E803009CE8030005E9EB
S3150202D2100300099D3B46214612AA1AA82D688DEDE6
S3150202D220127FFEF717FF2B181D46042310931D4B80
S3150202D2300DF1580C10AA00920FCB8CE80F00424651
S3150202D2404846294612ABCDF844C0FCF7E1FFC8B105
S3150202D25025B0BDE8F08FCB69012B98D10B6A012B61
S3150202D26095D1DDE909020B9BCDE9337ACDE931632A
S3150202D2702346CDE92EB8CDF8C09025B0BDE8F04FD1
S3150202D280FFF768BD0B9BCDE9057ACDE90363234619
S3150202D29012ACCDE900B40A9A099802951AA9FFF7C7
S3150202D2A045F9D5E7844503022DE9F04F2DED108BA2
S3150202D2B095B0DDF8E4C0DDF8B8B0BCF1000FDDF8D8
S3150202D2C0C490DDF8D880DDE9346740F3A9802F9C4B
S3150202D2D0CBF1000EA6EE104B2BEAEB7B8DED087F0F
S3150202D2E0A6EE10BBACEE102B6246C8F1000C2CEA7D
S3150202D2F0EC7CCCF10004C9F1000C29EAE9798DED46
S3150202D300107FA6EE109B28EAE8784FF0010A8DED0F
S3150202D310007FA6EE108B2EEAEE7ECEF1000EA2F171
S3150202D320040BA8EE10EBA2EE104B02F1FF3E379C65
S3150202D3301BF1040F4FEA9E0ED6448DED047FD8BF31
S3150202D340D646A6EE104B2CEAEC7CCCF1000C4EF043
S3150202D35001E0A0EE10CB8DED0C7F9B46339D389CEF
S3150202D36005EB020AAAEE104B309D329C1144104480
S3150202D370A0EB020922F001E84B4671FE4D0F93ED36
S3150202D380004F2CEF4448A1EB02089DED107F434665
S3150202D39039EE645E9DED08FF26EF444471FE4D0FA1
S3150202D3A093ED006F2EEF466825FE6B4E9DED00FF54
S3150202D3B039EE647E2EEF466404EF58E127FE656E6F
S3150202D3C0A1EF5EE024EF5E4006EF50E1A1EF5EE0E0
S3150202D3D026EF5E6028EF444520EF466526EF446855
S3150202D3E09DED045F24EF466427FE676E06EF524107
S3150202D3F0A1EF544026EF546022EF46659DED0C5F85
S3150202D40027EE466F26EF4466AAEB020C26EF5A6611
S3150202D4106346043A71FE4D0F83ED006F0FF059C059
S3150202D420002015B0BDEC108BBDE8F08F00290FDD90
S3150202D43010B4084A084C0144D2F848389B00FBD57E
S3150202D44010F8013B81422371F6D15DF8044B704715
S3150202D450704700BF008035400088354030B4112045
S3150202D460002510240849094B4A6822F400024A6040
S3150202D470074AC3F80858C3F80C48C3F81028C3F879
S3150202D480080830BC704700BF00302040008035409B
S3150202D4901020008080F31188BFF36F8F704700BFA0
S3150202D4A0EFF31180704700BFEFF31180102383F36D
S3150202D4B01188704730B4002001244FF0E0234FF068
S3150202D4C08052044D044928600C60C3F8042D30BC16
S3150202D4D0FFF7E0BF68AF09226CAF09224FF0E023E3
S3150202D4E04FF08052C3F8042D704700BF30484FF008
S3150202D4F0010101602F480168002909D14FF0085243
S3150202D50082F30A88DFF8B0D02C4A82F30A8811E045
S3150202D5102DE9F00F00B50A6912F4805205D01EF009
S3150202D520100302D12DED108A08B4C1F818D04FF0BB
S3150202D530000202601F4C224D224E4FF0100282F36D
S3150202D5401188D5F80080B8F1000F0DD1D6F800C0C7
S3150202D550BCF1000F08BF00F047F94FF0000282F358
S3150202D5601188BFF36F8FE8E7C4F800804FF00852C4
S3150202D57082F30A88D8F818D0D8F81C2082F30A88CF
S3150202D580D8F8100010F4805006D0009B13F0100356
S3150202D59002D108BCBDEC108A5DF804EBBDE8F00FBF
S3150202D5A003484FF00001016081F3118870470000C1
S3150202D5B06CAF092268AF0922F8B30922F8B209222E
S3150202D5C064AF092210B4092208B5024800F02EF906
S3150202D5D0FEE700BF3437030208B54FF0E0230A4ADA
S3150202D5E01168D3F82C2D01B18968530007D54FF083
S3150202D5F0E0230648D3F8283D00F04EFCFEE7044835
S3150202D60000F04AFCFAE700BF68AF09223C37030280
S3150202D6107037030208B5024800F008F9FEE700BFB8
S3150202D6209C37030208B5024800F000F9FEE700BF84
S3150202D630A837030208B5024800F0F8F8FEE700BF71
S3150202D640B437030208B5024800F0F0F8FEE700BF5D
S3150202D650C437030208B5024800F0E8F8FEE700BF45
S3150202D660CC37030210B5054C23680133236001F05F
S3150202D67067FF2368013B236010BD00BFF0B2092297
S3150202D68070B40E480E490F4A0F4B85B0CDE9000120
S3150202D690CDE902230D480E4B0E499DED007FC3E9EB
S3150202D6A00E0100200C4E0D4D0D4C83ED027FC3E997
S3150202D6B00B549E6105B070BC704700BFC9D5020209
S3150202D6C0D9D5020215D6020225D60202EDD40202EB
S3150202D6D000880E2265D6020235D6020245D602021B
S3150202D6E055D602022DE9F84FFFF7DEFE00F058F892
S3150202D6F04FF0700E4FF0E0211E484EF001E0034655
S3150202D700D1F8081D1C4A1160091A5A5843F8042B0B
S3150202D7100FF005C84FF0E0224FF6FF4B4FF4E02A16
S3150202D7204FF00009C2F8080DD2F80C3D134903EA7C
S3150202D7300B03DFF85880124F124E134DDFF850E0FA
S3150202D74043F0BF6301F5003443F40033C2F80C3DE3
S3150202D7504FF0085CC2F824ADC2F81C9DC2F8208DB7
S3150202D760396034602960CEF800408CF30A8802F0F0
S3150202D77075F8FEE700880E2208B40922A4000022E8
S3150202D78004B4092200B40922FCB309220000F010F3
S3150202D790F8B3092200207047002070470020704724
S3150202D7A0704700BF08B5FFF77FFEFEE7821C08B589
S3150202D7B010D0431C04D0033008D06FF0100008BD0D
S3150202D7C0064800F033F86FF0080008BD044800F07E
S3150202D7D02DF8F8E7034800F029F8F4E7DC370302EC
S3150202D7E018380302FC370302704700BFFFF736BE42
S3150202D7F010B582B08DF80700FFF756FE9DF8073086
S3150202D80004460A2B0AD001210DF10700FFF70EFE8C
S3150202D8102046FFF73FFE002002B010BD012102485A
S3150202D820FFF704FEEFE700BF94450302F0B5054693
S3150202D83083B0FFF739FE2B780646D3B1104F0AE0C2
S3150202D84001210DF10700FFF7F1FD2046FFF722FE47
S3150202D85015F8013F6BB18DF80730FFF725FE9DF8EB
S3150202D860073004460A2BEBD101213846FFF7DEFDCB
S3150202D870E6E73046FFF70EFE002003B0F0BD00BF1A
S3150202D8809445030238B5138800290B44138007DD39
S3150202D8900446451814F8010BFFF7AAFFA542F9D16F
S3150202D8A038BD00BF2DE9F04F17468BB0009317F82B
S3150202D8B0013BA3B182468B4600201646194625290C
S3150202D8C007F101040ED03978002866D03E46274673
S3150202D8D00029F4D118B1391A5A460139D0470BB088
S3150202D8E0BDE8F08F18B1391A5A460139D0474FF0BE
S3150202D8F0000814F8012C2046A2F12003102B0AD8A4
S3150202D900DFE803F048090945090909090909094233
S3150202D910093F09093A002A2A62D1009A52F8040BEF
S3150202D92001B2002903DA404201B248F0010800922C
S3150202D9302278B81C2E2A68D04FF0FF3402F0FB037D
S3150202D940682B4FF000038DF8173028D0782A10D8AA
S3150202D950632A73D90123A2F16407FDB2AB40974D44
S3150202D9602B4240F0F381732A00F0D380702A00F032
S3150202D9702F81064601382CE048F01008274601346A
S3150202D980B7E748F00108F9E748F00208F6E748F077
S3150202D9900808F3E748F00408F0E7304696E7064639
S3150202D9A016F8015B782D14D8632D3DD90123A5F112
S3150202D9B064075FFA87FC03FA0CF3DFF800C213EA84
S3150202D9C00C0F40F04981732D00F0A480702D00F0F7
S3150202D9D00081374617F8011B00297FF470AF79E7F9
S3150202D9E0A2F13003DCB2092C4FF00001A2D810F8E2
S3150202D9F0012B01EB810103EB4101A2F13003DCB2FF
S3150202DA00092C09B2F3D92E2A96D102782A2A25D1CD
S3150202DA10009B427853F8044B023024B2009324EA64
S3150202DA20E47408F0EF0889E7582D00F0E281632DCD
S3150202DA302BD0002DCDD10BB0BDE8F08F582A00F0C5
S3150202DA40F081632A20D0002A93D110F8011C0746DE
S3150202DA50461E104600297FF432AF3BE7A2F130039D
S3150202DA60DDB2092D4FF0000400F10100D9D804EB12
S3150202DA70840410F8012B03EB44031CB2A2F1300317
S3150202DA80DDB2092DF3D9CCE70646012201398DB260
S3150202DA900A214FF0FF34009B029253F8042B0191A4
S3150202DAA00DF125098DF825200093039118F011082E
S3150202DAB072D09DF8173023B15A4601210DF1170093
S3150202DAC0D047019B002B48DB013D002C2DB206F10B
S3150202DAD0010758DD013C24B2013C01215A4638486D
S3150202DAE024B2D047611CF7D148465A460299D0471A
S3150202DAF0002DC0F2AB80013D5A46012131482DB2BA
S3150202DB00D0476B1CF7D13178002000297FF4D7AEBB
S3150202DB10E0E606460098002C50F8049B8DB2A3B2AA
S3150202DB20C0F2F780013B1CB2621C00F09881A1B2DE
S3150202DB304A468446013102E0013900F0FD80174669
S3150202DB40A3B212F8010B5C1E24B20028F4D160467D
S3150202DB500A2200900192039261E019485A46012173
S3150202DB60D047039BD806AFD513F0400F164B174882
S3150202DB705A4618BF18460121D047013D002C2DB244
S3150202DB8006F10107A6DCB8F1100F55D0013C2204BA
S3150202DB90AAD447F6FF749FE7013D2FB2002FADB21A
S3150202DBA087DB084D013F5A46012128463FB2D0473C
S3150202DBB07B1CF7D14FF6FF757BE700BF21081200E7
S3150202DBC038380302B039030230380302343803020A
S3150202DBD00646009A8DB252F8043B002B00F0A4804E
S3150202DBE0023D0F2BADB20DF1260740F24B81B9462B
S3150202DBF09E4803F00F0C10F80CC0FF2B09F801CD5A
S3150202DC004FEA1313F5D86FF06F0101919021039138
S3150202DC10C35C009209F8013C09F1FF39A3B2A7EBF2
S3150202DC200902029292B29C1A24B2002CD5BFAA1AF7
S3150202DC30EB1A95B29DB239E7002D03DB2C464FF063
S3150202DC40FF3549E748465A460299D04731780020BD
S3150202DC5000297FF434AE3DE66C2A2CD1009A52F8A2
S3150202DC60043B009289B20D46142F0CD8DFE807F066
S3150202DC702D0B0B0B0B2D0B0B0B0B0B420B0B0B0B6F
S3150202DC800B0B0B0B80000A2201920392002B79D115
S3150202DC90002C3AD00DF12607B946039B73484FEA88
S3150202DCA0A30E0EF0100E10F80E3009F1FF3989F8A4
S3150202DCB00030A3B2B3E70098682A50F8043B0090FA
S3150202DCC0D0D1692D48D11BB289B2002B0D46C0F2C2
S3150202DCD0828018F0020F49D118F0040FD3D0202205
S3150202DCE08DF817200A2201398DB201920392002B76
S3150202DCF0CED047E018F0080F32D0002B40F09A80BF
S3150202DD00082301930393002CC4D102940DF1260930
S3150202DD10CCE699F80070002F00F086804F4617F87D
S3150202DD20012F002AFBD113E70A210DF12607B94674
S3150202DD304E48019103916BE70A2317461A4601934D
S3150202DD40CDF800C04FF6FF73039268E7009A0646C3
S3150202DD5052F8043B009285E7642DB4D09BB281E768
S3150202DD60082201920392002B92D00BE02B22B7E7F4
S3150202DD701022039218F0080F28D19DF90C20019265
S3150202DD80002B85D003998A1002F0100E01F03F0291
S3150202DD90934271D30DF12607B9463448029400EB39
S3150202DDA00E0CB3FBF2F102FB11340B461CF8041003
S3150202DDB0934209F8011DF4D29E4410F80E30029CD9
S3150202DDC009F8013C09F1FF39A3B228E7DBB99DF94B
S3150202DDD00C3001935CE70A224D1E019211462D2256
S3150202DDE04FF0000E8DF817205B420A46ADB2039140
S3150202DDF0CEE76C2A28D1009A5023039352F8043BA9
S3150202DE008DB20092B6E7039A022142F08000821096
S3150202DE1002F0100E1022039040B20190691A8DB2DE
S3150202DE20B6E70646009AE7E70A23009002970193AD
S3150202DE3003933BE66FF077028821019203914FF03A
S3150202DE40000E08220121E9E70098682A50F8043BED
S3150202DE5000900DD150229BB28DB203928AE70A2319
S3150202DE6000220090CDE9013203931FE69845030290
S3150202DE7050228DB203927DE70DF12607B946054877
S3150202DE809E4410E76FF06F0101919021B946014855
S3150202DE900391BDE6984503024FF0000C0FB400B59C
S3150202DEA083B004AB53F8042B07480DF10201ADF817
S3150202DEB002C00193FFF7F6FCBDF9020003B05DF85A
S3150202DEC004EB04B0704700BF85D80202F0B50546DE
S3150202DED0012685B017468E40FFF7E6FA6B680133D4
S3150202DEE06B60FFF7D7FA08E0A8682122314603AB36
S3150202DEF0009700F0B7FB041E0ADBFFF7D5FA2C687F
S3150202DF0046EA040129603440FFF7C4FA002CEBD139
S3150202DF10FFF7CAFA6B68013B6B60FFF7BBFA204652
S3150202DF2005B0F0BD4FF0FF32FFF7D0BF38B5044659
S3150202DF3001258D40FFF7B8FA236823EA0503236019
S3150202DF40FFF7A8FA606800B938BD2946A068BDE89D
S3150202DF50384000F01FBB00BF70B50923002584B00C
S3150202DF60084A044668460E46CDE90135009200F09B
S3150202DF708DFAA842A06003DB2846C4E90055E66092
S3150202DF8004B070BD4D4C4F4310B50446806800285C
S3150202DF9007DD00F0C1FA002802DB00231846A3605F
S3150202DFA010BD6FF0100010BD072A38B58C46144614
S3150202DFB0054635DD83073ED00346C9B21A4603F843
S3150202DFC0011B9807FAD1013C2C44A41A4FEA0C42CF
S3150202DFD002F47F0201EB01200243032C42EA0C62A5
S3150202DFE025DD043C4FEA940C0CF101004FEA800E47
S3150202DFF0AEF1040E4FEA9E0E0EF1010E4EF001E054
S3150202E00003EB800043F8042B0FF005C0CCEB8C7CAB
S3150202E01004EB8C0414B1224604F0C6FB284638BD32
S3150202E020002AFBDDC9B204F0BFFB284638BD1846FA
S3150202E030002CF0D1F2E7C9B24FEA0C4201EB0123FE
S3150202E04002F47F021A4342EA0C620346C9E700BFA0
S3150202E05038B517491748FFF77FFF041E1FDB164C18
S3150202E0601648002521460822C0E90000144B246006
S3150202E07000E00346013AC3E9004103F148000B609E
S3150202E08019461D72F5D1636000F0A6F9041E06DB7D
S3150202E09000240C4B1D6000F059F9204638BD00F0F1
S3150202E0A069F900F0CBF90348FFF76EFF204638BD47
S3150202E0B03C380302D48F0922808D0922888D0922D7
S3150202E0C0908D0922D08F09222DE9F04F0B46054683
S3150202E0D085B0002197480393FFF724FF6B6900245A
S3150202E0E0D3E90D26D3F814A0029201F027F82B6B7E
S3150202E0F0C5E90D04A34200F3FB80A94659F8204F55
S3150202E1004C4524D08C4FE368F3B1237F43F01003CE
S3150202E1102377FFF7C9F93A680020538D01335385F5
S3150202E120FFF7B8F95346012204F11001E068B0473D
S3150202E130FFF7BAF93A680020538D013B5385FFF780
S3150202E140A9F9AB6B0133AB6324684C45DBD10021E1
S3150202E1507848FFF7EBFEAB6B002B05DD4FF0FF3283
S3150202E1600121E86B00F078FD4FF0000B7148594629
S3150202E170C5F834B0FFF7D6FE2C6A4C453ED06E4F38
S3150202E1806E4EDFF8B0810195237F002143F0100322
S3150202E19023774046FFF7CAFEFFF786F93A68002060
S3150202E1A0538D01335385FFF775F9012153464FF01B
S3150202E1B0FF32029D04F11000A847FFF775F93A688B
S3150202E1C00020538D013B5385FFF764F90021404637
S3150202E1D0FFF7A8FE23689C4203D062681360626856
S3150202E1E05A607368C4E9006373681C60019BC4F8D1
S3150202E1F008B074601C6AA145C6D11D4600214D486D
S3150202E200FFF794FE00214B48FFF78CFED5E90594F1
S3150202E210E86BD9F82C60D9F8147000F0DFFC2B6891
S3150202E2209D4203D06A6813606A685A602B4653F8A5
S3150202E230082F9A4203D0EB681A60EB6853600023F8
S3150202E24049462B6151F8403F994203D113E01B68BC
S3150202E250994210D09A699442F9D1D9F8181011F05C
S3150202E260010104D13348FFF761FE00242DE0039B2E
S3150202E27023F00103039300212E48FFF757FE002ED7
S3150202E280F3D0DFF8B480FFF70FF9D8F800200020A8
S3150202E290538D01335385FFF7FDF82948294BA9EB24
S3150202E2A00000C01003FB00F001303A46039904EB6A
S3150202E2B00020B0470446FFF7F7F8D8F800200020FE
S3150202E2C0538D013B5385FFF7E5F800211948FFF705
S3150202E2D029FE1D4B00215A681648C5E900325A68C2
S3150202E2E015605D60FFF722FE204605B0BDE8F08F9D
S3150202E2F0114FD5F82C80FFF7D7F83A682046538D8E
S3150202E30005F1200901335385FFF7C4F8D5E90B124B
S3150202E310534658F8040CB047FFF7C6F83A68204647
S3150202E320538D013B5385FFF7B5F8AB6B0133AB63F4
S3150202E3300DE700BFD48F092268AF0922F08F0922A6
S3150202E340908D0922398EE3383893092238B5074D62
S3150202E35000212846FFF7E6FD0021054C2846C4E9BE
S3150202E3600044A160BDE83840FFF7E0BDD48F092220
S3150202E370E48F0922F8B5154D2B682BB3002700212D
S3150202E3801348FFF7CFFD134AA96813682C685B1A74
S3150202E390AC421360AF6011D00D4E0021A760304629
S3150202E3A0FFF7C4FD0021A4F10800FFF78DFE00214C
S3150202E3B03046FFF7B7FD2C68AC42EED1BDE8F84015
S3150202E3C000210348FFF7B2BDF8BD00BFE48F092260
S3150202E3D0D48F09220CB4092230B54FF0100E134D18
S3150202E3E0002128464EF001E0114B2D6002461961CA
S3150202E3F01D605A601846136040330FF009C84FF089
S3150202E400100E0C4C6860214600204EF001E00A4BC9
S3150202E41024600A4698601C605A60194613603433B7
S3150202E4200FF009C86160002030BD00BF389309228F
S3150202E43040930922F08F0922F88F092200207047A1
S3150202E440836B044A013B03EB4303014602EBC3001F
S3150202E45001F0D6B94897092230B40A4C0025214662
S3150202E4601022094B246000E00346013AC3E9011572
S3150202E4701C6003F118000B601946F5D16360002097
S3150202E48030BC7047409709224897092230B5436843
S3150202E49083B033F0090330D10546FFF705F8184A6F
S3150202E4A01368934226D0174C17491C1BE41001FB32
S3150202E4B004F4196801344A60C3E9013411601B602D
S3150202E4C02A68DA606A681A61AA685A610F4A104BA8
S3150202E4D012681B689A4203D00E4B1B68034304D090
S3150202E4E0FEF7D8FF204603B030BD0190FEF7F6FFD5
S3150202E4F00198F5E76FF02104E8E76FF00A04F1E705
S3150202E5004097092248970922ABAAAAAA68AF09220A
S3150202E51064AF09226CAF0922F8B5441E0F2C2BD820
S3150202E520FEF7C2FF164F04EB440407EBC406B368B8
S3150202E5300546E40083B96FF02904124A124B1268A7
S3150202E5401B689A4203D0114B1B682B4311D02846F3
S3150202E550FEF7A0FF2046F8BD304601F0EFF8002292
S3150202E5600B4B59683B51716014460E605E60B26095
S3150202E570E3E7FEF7B3FFEAE76FF01104EAE700BF4B
S3150202E5804897092268AF092264AF09226CAF0922B1
S3150202E590409709222DE9F84F451E0F2D56D80C46F3
S3150202E5A0FEF782FF2B4F05EB450307EBC30BDBF8A6
S3150202E5B0082081464FEA4508DB008AB3F858DBF8A1
S3150202E5C01430584544EA0301CBF8141006D125E06B
S3150202E5D073B95C4522D02046DBF81410D0E9126AE0
S3150202E5E01AF0010F046806EA0103F1D19E42F0D144
S3150202E5F0036D196001F03AF81AF0200F06D0DBF823
S3150202E600143023EA0603CBF814303BB11AF0100F8A
S3150202E610DFD00023A84407EBC8077B61002401E090
S3150202E6206FF029040C4A0D4B12681B689A4204D0F9
S3150202E6300B4B1B6859EA030305D04846FEF72AFF2D
S3150202E6402046BDE8F88FFEF749FFF6E76FF01104A0
S3150202E650F6E700BF4897092268AF092264AF09228A
S3150202E6606CAF09222DE9F04B0027441E82B00F2C13
S3150202E670019700F288800E46002900F081809946B1
S3150202E68032F0310315467BD10A9B013378DB3F4FC9
S3150202E6903B68002B71D13E4B1B68002B6DDCDFF809
S3150202E6A004B1DBF80030002B67D0FEF7F9FE002832
S3150202E6B063D1FEF7F9FE3749804604EB440001EBCB
S3150202E6C0C00083686200002B50D0D0F810C01CF044
S3150202E6D0080F2ED0131901EBC3035B6915F0010F64
S3150202E6E006EA030E2ED0BEF1000F2DD12A4B1CF0E4
S3150202E6F0010F2A4A18BF1A46DBF800300A995A63F2
S3150202E70001AAC3E91265C3F850905A6401F044F8AB
S3150202E710234BDBF800201B689A4203D03B6858EA77
S3150202E720030327D04046FEF7B5FE019802B0BDE8C4
S3150202E730F08B131951F833309842CBD06FF028037D
S3150202E7400193E5E77645D1D1A806C9F8003005D589
S3150202E750101923EA060301EBC0004361EB06D7D583
S3150202E7600020224401EBC2035861D1E76FF029036C
S3150202E7700193CDE7FEF7B2FED4E76FF01800D5E7B4
S3150202E7806FF01000D2E76FF01100CFE76CAF0922EB
S3150202E790F0B2092248970922B8450302C445030288
S3150202E7A064AF092268AF092230B40A4C0025214619
S3150202E7B00822094B246000E00346013AC3E9011527
S3150202E7C01C6003F11C000B601946F5D16360002040
S3150202E7D030BC7047C8980922D0980922034653F8DA
S3150202E7E00C2BD01C002AB8BF0246B1EBA20F184668
S3150202E7F00EDD002202E0C26891420DDA40688342CF
S3150202E800F9D18A4207DB00687047C2688A4202DA95
S3150202E81000688342F9D17047FDDD0068704700BF88
S3150202E82070B50E460C4656F8081B0546891BFFF7BD
S3150202E830D5FF63680C3523F00103A842636002D058
S3150202E840C3688B4209D000234268C4E902024268C5
S3150202E85016604660C4E9043170BD234602468168E9
S3150202E86043F8101F42F8083F2169626101B14B6009
S3150202E8700023A36070BD00BF0268836892B153B1E0
S3150202E880426843E902024268083B1360D0E9022168
S3150202E890436051600268904203D043681A6043683B
S3150202E8A053607047C2681360002BFAD0C2685A607E
S3150202E8B0704700BF00282DE9F0413BDD0F288ABFD1
S3150202E8C00730102520F00705FEF7EEFDDFF86C8013
S3150202E8D00746D8F8006029463046FFF77FFF0C3616
S3150202E8E0B042044611D0FFF7C7FFC3685B1B172B62
S3150202E8F00DD854F8043C43F0010344F8043C38466C
S3150202E900FEF7C8FD2046BDE8F0810024F7E741196B
S3150202E910A0F108034B6050F8082C4251536803F0E9
S3150202E92001030B43536040F8081CD8F80000FFF7B6
S3150202E93077FFDEE700242046BDE8F081B09909227E
S3150202E94070B50546FEF7B0FD55E9023424F001041E
S3150202E95045F8044C5A680646D2070ED56368DB07A9
S3150202E96020D5A5F10804174B21461868FFF758FF70
S3150202E9703046BDE87040FEF78DBD03F10800FFF791
S3150202E9807BFF55F8082CD2E9003121F001010B6018
S3150202E9905968526861F300025A6055F8044C63687A
S3150202E9A0DB07DED404F10800FFF766FF2268D2E92C
S3150202E9B0003121F001010B605968526861F30002CD
S3150202E9C05A60D0E7B099092270B52248224D0368EF
S3150202E9D02A68033323F0030303F11B0121F0070123
S3150202E9E01E4C103A521A23601A6022682B6884B0AF
S3150202E9F0151DCDE90055036002F10C03CDE9023380
S3150202EA009DED007F82ED017F106808300B185D6074
S3150202EA1055680D50686800F0010018436860256861
S3150202EA2053602A1D4A606E680E607268206802F0A0
S3150202EA3001020A43726069605A6842F001025A6030
S3150202EA40836843F001038360FFF7EAFE002004B005
S3150202EA5070BD00BF04B4092200B40922B09909228A
S3150202EA6010B40B4C0020214608220A4B246000E017
S3150202EA706346013AC3E9011018631C6003F1380CBC
S3150202EA800B601946F4D1636000205DF8044B7047AF
S3150202EA90B4990922BC9909220B4810B401460024F2
S3150202EAA004220A4B0060013AC3E90114186003F119
S3150202EAB0340C0B60194601D06346F4E743605DF8F5
S3150202EAC0044B0020704700BF7C9B0922849B0922CB
S3150202EAD030B40A4C002521460822094B246000E084
S3150202EAE00346013AC3E901151C6003F134000B60C7
S3150202EAF01946F5D16360002030BC7047549C092246
S3150202EB005C9C09220B4810B40146002404220A4BDB
S3150202EB100060013AC3E90114186003F1200C0B608C
S3150202EB20194601D06346F4E743605DF8044B0020C0
S3150202EB30704700BFFC9D0922049E09222DE9F0417D
S3150202EB40846BDFF85880013CC4EBC40700294FEA04
S3150202EB50C40508EB870703DB0146384600F050FE80
S3150202EB602B1B08EB830632699B00920714D458F8D2
S3150202EB700340A74210D0736909E0284600F076FDE9
S3150202EB807369AA6CA742A3EB0203736104D02546FA
S3150202EB90AA6C24689A42F0DDBDE8F0818C9E0922B5
S3150202EBA04FF0FF31FFF7CABF30B40A4C00252146A7
S3150202EBB01022094B246000E00346013AC3E901151B
S3150202EBC01C6003F11C000B601946F5D1636000203C
S3150202EBD030BC7047849E09228C9E0922F8B5441ED7
S3150202EBE00F2C2BD8FEF760FC164FC4EBC40407EBBE
S3150202EBF08406B3680546A40083B96FF02904124A53
S3150202EC00124B12681B689A4203D0114B1B682B43A4
S3150202EC1011D02846FEF73EFC2046F8BD304600F0EB
S3150202EC208DFD00220B4B59683B51716014460E60F2
S3150202EC305E60B260E3E7FEF751FCEAE76FF01104A9
S3150202EC40EAE700BF8C9E092268AF092264AF092255
S3150202EC506CAF0922849E092200232DE9F04F441E3D
S3150202EC6085B00F2C039379D899420D4673DD501C59
S3150202EC70174670DBDFF8FCA0DAF80030002B67D10A
S3150202EC80384B1B68002B63DCDFF8EC90D9F80030B6
S3150202EC90002B5DD0FEF704FC002859D1FEF704FCD6
S3150202ECA0DFF8D8B0C4EBC4060BEB8606B36880461F
S3150202ECB0E200002B43D0B169D9F80030A9420BDB3E
S3150202ECC0316989071BD5111B0BEB81014869A842E1
S3150202ECD01FDB401B486102E06FF010020392224AD8
S3150202ECE012689A4204D0DAF8003058EA03032CD0AA
S3150202ECF04046FEF7CFFB039805B0BDE8F08F1946F2
S3150202ED003046019200F098FDD9F80030019A83420A
S3150202ED10D9D0121B0BEB820BDBF81020134C12F02C
S3150202ED20010F134A18BF22465A6303AA9D645A6404
S3150202ED303946304600F030FDD9F80030CFE76FF0A1
S3150202ED402902D9F800300392C9E7FEF7C7FBCFE7DB
S3150202ED506FF01800D0E76FF01000CDE76FF01100E8
S3150202ED60CAE700BFF0B2092264AF0922D045030204
S3150202ED70DC4503026CAF092268AF09228C9E092286
S3150202ED80202270B5194C0021234642F001E0184DAB
S3150202ED9018482960016043F8042BC3E9003308339B
S3150202EDA00FF005C80026042231461348134DC4F853
S3150202EDB00461C4F80C61FFF7F7F811492C462020CA
S3150202EDC03246B4460F4B2D600E6000E00B4601320E
S3150202EDD00138C3E9014283F82FC01D6003F17001B5
S3150202EDE023601C46F2D16B60002070BD54AE09222C
S3150202EDF064AF092268AF09225CAF09224CA009223C
S3150202EE006CAF092254A0092230B400226FF0060523
S3150202EE104FF080744FF0080C90F8303090F82C10B6
S3150202EE2023F0030380F82D1080F82E1080F830307C
S3150202EE3090F92810836EC263418502644264C266F7
S3150202EE4080F82FC043F8044C43F8445C43F80C2C78
S3150202EE504269A3F1440422F0010243F8082C836EAC
S3150202EE600269456AD91C42F480525B1BC0E9064319
S3150202EE7030BC016202617047012330B490F82E5011
S3150202EE80104C80F82F3004EBC5018A68AB40426011
S3150202EE900A46043202608A681060D4F80821886041
S3150202EEA01A43C4F8082190F830309B07236848BFFA
S3150202EEB0C4F80C019D4202DA034B2560186030BC8D
S3150202EEC0704700BF54AE092264AF092210B52D4B1A
S3150202EED090F82E10D3F80C21904204BF0022C3F8F8
S3150202EEE00C210268904203D044682260446854604E
S3150202EEF090F83020D40734D403EBC10C6246DCF816
S3150202EF0004400432944209D01F4A1168814200D059
S3150202EF1010BDD3F80C1169B3116010BD4FF0010E8A
S3150202EF20D3F808411A680EFA01FC24EA0C0491424B
S3150202EF30C3F80841E8D11F2A22DC1CEA040F0AD1CF
S3150202EF40C2F1200102E01CEA040F04D101320139A6
S3150202EF500EFA02FCF7D11A600B4A11688142D7D126
S3150202EF60D7E722F0010280F83020074A116881426F
S3150202EF70CED1CEE7196803EBC10359681160CCE71B
S3150202EF802022E8E754AE092264AF09222DE9F041B4
S3150202EF90426822F4995323F00103002B6ED10669CB
S3150202EFA00546002E67DBC368013B1F2B63D8920618
S3150202EFB042D57F2E5FDDD0F81480FEF775FA314B0B
S3150202EFC007461C689C4229D00122216820464B60D2
S3150202EFD019602B68E3606B682361AB686361EB6857
S3150202EFE06662013B464484F82C3084F82820628506
S3150202EFF0A666FFF709FF244A244B12681B68A46817
S3150202F0009A4203D0224B1B683B4321D03846FEF775
S3150202F01041FA002C07DB2046BDE8F081D8B1FEF7A3
S3150202F02039FA6FF021046B689B06F4D44046FFF767
S3150202F03087FC2046BDE8F081873626F00706304671
S3150202F040FFF738FC80460028B7D16FF02004E2E7CA
S3150202F050FEF744FADAE70D4A0B4B12681B689A422C
S3150202F060DDD00B4B1C68002CD9D1FEF737FA2046AD
S3150202F070FEF710FAD5E76FF01004CCE76FF00A0438
S3150202F080C9E700BF4CA0092268AF092264AF092270
S3150202F0906CAF092270B5244B0D461B68002B23DD8B
S3150202F0A0441E1F2C3CD8214EFEF7FEF9204BC4EB20
S3150202F0B0C40403EB041393F82F200446082A23D030
S3150202F0C0002A14BF6FF028056FF02905194B326822
S3150202F0D01B689A4203D0184B1B68234311D0204661
S3150202F0E0FEF7D8F9284670BD104E3368ABB128B187
S3150202F0F0441E1F2C14D89B688342D5D16FF0280573
S3150202F100F0E7FEF7EBF9EAE79A6918465562DB6819
S3150202F11000259362FFF7B0FED8E7441E1F2CC3D91F
S3150202F1206FF01105DEE700BFF0B2092268AF0922CD
S3150202F13054A0092264AF09226CAF0922024B186855
S3150202F14000B18068704700BF68AF092200232DE92B
S3150202F150F04182B00193431C43DB234F3B68002BF1
S3150202F1603CD1224B1B68002B38DCDFF88C80D8F8A6
S3150202F1700030002B32D00446FEF792F9054668BBF0
S3150202F180FEF792F9D8F800300646DA6B002A0FDD4E
S3150202F190013ADA63164A12689A4202D03B6833434C
S3150202F1A019D03046FEF776F9019802B0BDE8F08131
S3150202F1B06FF031020192002CECD00E4A9D635A6323
S3150202F1C001AA5A642046294600F074FAD8F8003099
S3150202F1D0C3E90033DEE7FEF781F9E2E76FF01800D2
S3150202F1E0E3E76FF01000E0E76CAF0922F0B2092202
S3150202F1F064AF0922F445030268AF0922F8B52C4B23
S3150202F2001B68002B37DD441E1F2C47D8294EFEF7FA
S3150202F2104BF9294AC4EBC40302EB031393F82F10EA
S3150202F22005464F074FEAC4001ED0890703D5234974
S3150202F2305F6B8F4238D06FF00041001B02EB001267
S3150202F240D36B8B4224D00133D36300241C4B326826
S3150202F2501B689A4203D01B4B1B682B4321D02846BC
S3150202F260FEF718F92046F8BD002914BF6FF02804EC
S3150202F2706FF02904EAE70F4E336863B128B1441EE0
S3150202F2801F2C0BD89B688342C1D16FF02804E9E791
S3150202F2906FF02A04DAE7441E1F2CB8D96FF0110464
S3150202F2A0E0E7FEF71BF9DAE7184600F0DFF9CCE7EA
S3150202F2B0F0B2092268AF092254A00922F4450302D8
S3150202F2C064AF09226CAF092270B5204B82B01B686B
S3150202F2D0002B23DD01381F2834D81D4CC0EBC00099
S3150202F2E004EB0014FEF7E0F894F82F30194D0BB335
S3150202F2F0082B0FD16FF02806174B2A681B689A4211
S3150202F30003D0164B1B68034317D0FEF7C3F83046E9
S3150202F31002B070BD0023E66BE363EDE70D4D2C6888
S3150202F320002CD7D00028D5D1FEF7BEF894F82F309C
S3150202F330002BDDD16FF02906DEE70190FEF7CEF84B
S3150202F3400198E2E76FF01106E1E700BFF0B2092287
S3150202F35054A0092268AF092264AF09226CAF0922BE
S3150202F3600023F0B5051E83B0019333DB1B4F3B68C6
S3150202F3706BBB1B4B1B68002B29DC1A4E336833B35B
S3150202F380FEF78EF8044610BB15B9019803B0F0BD1C
S3150202F390FEF78AF80246336813499C63596321468B
S3150202F3A0144601AA5A64284600F0A6F933680F4A9F
S3150202F3B01B6012685B60934202D03B68234303D010
S3150202F3C02046FEF767F8E0E7FEF788F8F8E76FF0FF
S3150202F3D01800DBE76FF01000D8E700BF6CAF092216
S3150202F3E0F0B2092268AF0922E845030264AF092294
S3150202F3F00B4810B40146002404220A4B0060013A6B
S3150202F400C3E90114186003F1280C0B60194601D0F6
S3150202F4106346F4E743605DF8044B0020704700BF81
S3150202F42098B00922A0B0092230B40A4C002521461E
S3150202F4300822094B246000E00346013AC3E901159A
S3150202F4401C6003F124000B601946F5D163600020AB
S3150202F45030BC704770AF092278AF092210B40E4B46
S3150202F4600E4C19682368A3420DD0826801F100414D
S3150202F4700131A2EB010C02E01B68A34203D09A6897
S3150202F480521A9445F8D25A68C0E900325A68106094
S3150202F49058605DF8044B704750B1092240B1092207
S3150202F4A00021002038B50C4A0C4B0D4CC2E9000172
S3150202F4B0C4E9000106250024C3E90033FDF7F4FF7F
S3150202F4C04FF0E023072207491D6159619C611A61C7
S3150202F4D0FDF7E0FF204638BD50B1092240B10922AC
S3150202F4E048B109227F9698004FF0E02300221A6162
S3150202F4F0704700BFC0E903234B1C10B404D1C0E914
S3150202F50000005DF8044B7047044B5DF8044B1B6820
S3150202F5100A330B448360FFF7A1BF00BF50B1092231
S3150202F52010B5064CC0E90323246804F10A0E71449D
S3150202F5308160BDE81040FFF791BF00BF50B10922BA
S3150202F5404FF0E0234FF0007270B51969C3F8042D2B
S3150202F550FDF7AAFF194B0646D3E900520A3542F1D4
S3150202F5600002C3E90052164C0CE09A68AA1A002A53
S3150202F5700BDB1A68934203D059680A6059685160D4
S3150202F580DA688AB92368A342EFD10E4A0E4B126891
S3150202F5901B689A4203D00D4B1B68334307D0304691
S3150202F5A0BDE87040FDF776BF18699047EAE7FDF7B6
S3150202F5B095FF3046BDE87040FDF76CBF50B1092297
S3150202F5C040B1092268AF092264AF09226CAF09224F
S3150202F5D008B5FFF7D5FB002823DBFFF7E5FA00287B
S3150202F5E01FDBFEF739FF00281BDBFFF7DDF80028D9
S3150202F5F017DBFFF76DFA002813DBFFF783FA002801
S3150202F6000FDBFFF749FA00280BDBFFF729FA00287E
S3150202F61007DBFFF7EDFE002803DBFFF705FF00EA33
S3150202F620E07008BD0368984203D0426813604268DC
S3150202F6305A6090F82F30022B07D0042380F82F301D
S3150202F640436B9B6803B11847704700B583B00190BC
S3150202F650FFF712FC0198436B9B681BB103B05DF87E
S3150202F66004EB184703B05DF804FB00BF034610B56E
S3150202F67053F8542F04469A4203D0836D1A60836D5F
S3150202F680536023689C4203D06268136062685A60C0
S3150202F69094F82F30022B06D00423002284F82F304E
S3150202F6A0636C1A6010BD2046FFF7E6FB0022636C0C
S3150202F6B01A6010BD70B50E4D04462B6893F82F20C2
S3150202F6C0012A0DD0042A07D02146BDE87040094A14
S3150202F6D003F15400FFF70EBF062283F82F20F3E749
S3150202F6E01846FFF7F3FB02222B6883F82F20EBE77B
S3150202F6F068AF092225F6020270B50E4D04462B6842
S3150202F70093F82F20012A0DD0042A07D02146BDE8FC
S3150202F7107040094A03F15400FFF702BF062283F83A
S3150202F7202F20F3E71846FFF7D1FB02222B6883F854
S3150202F7302F20EBE768AF092225F60202F8B5046824
S3150202F740A04227D0054604276FF0320606E0636C14
S3150202F75084F82F701E602C68A5421BD0234653F8EC
S3150202F760542F9A4203D0A36D1A60A36D5360236885
S3150202F7709C4203D06268136062685A6094F82F3022
S3150202F780022BE4D12046FFF777FB636C1E602C68DE
S3150202F790A542E3D1F8BD00BF6FF0310238B5174D6D
S3150202F7A02B685B6C1A6001B938BD044682682B6805
S3150202F7B008469A632169FFF77DFF2369DB0707D4AF
S3150202F7C062682B68C3E9004262681360636038BDEF
S3150202F7D0236828689C4290F82E1003D106E01B6823
S3150202F7E09C4203D093F82E208A42F8D95A68C0E97D
S3150202F7F000325A681060586038BD00BF68AF0922ED
S3150202F8000B68994203D04A6813604A685A600368D1
S3150202F81091F82EC0984203D106E01B68984203D0A3
S3150202F82093F82E206245F8D95A68C1E900325A681D
S3150202F83011605960704700BF0346006883420AD0CE
S3150202F8401B69DB0708D590F82E3091F82E209A42D2
S3150202F85038BF084670470846704700BF08B5FDF72D
S3150202F86023FEFDF7C3FFFFF7AFF8002820DBFDF703
S3150202F87091FF002828DBFDF703FF00281CDBFFF7B8
S3150202F880A7FE002824DBFFF70BFE002824DB16481E
S3150202F890FFF77CFB002813DB0021FFF7FBFB0028A6
S3150202F8A01EDBFDF707FEFFF71FFEFDF77BFFFEE7F6
S3150202F8B00E48FDF7BBFFFAE70D48FDF7B7FFF6E77D
S3150202F8C00C48FDF7B3FFEEE70B48FDF7AFFFEEE795
S3150202F8D00A48FDF7ABFFE8E70948FDF7A7FFE4E7A9
S3150202F8E00848FDF7A3FFDEE7004603024438030297
S3150202F8F074380302F83803025C38030290380302B2
S3150202F900B4380302D438030208B5FFF7EDFDFDF75A
S3150202F91049FFFEE710B5FEF79BFB002816DBFDF753
S3150202F9203BFF002812DB002203210E48FEF7B4FA3F
S3150202F93002F0C8FB0446FDF731FF002C0BDA204623
S3150202F940FDF734FFBDE81040FFF7DEBF0648FDF7BC
S3150202F9506DFFFDF723FF0548FDF768FFBDE810407E
S3150202F960FFF7D2BF1C390302403903025C39030294
S3150202F9700020094A094B0A49C2F8B03FD1F8FC30C5
S3150202F98043F0807343F48033C1F8FC30506013684D
S3150202F99043F0010313607047001000E055CEACC578
S3150202F9A000ED00E0014B5868704700BF001000E00E
S3150202F9B041F270132DE9F04FADF57B7D1C930346A0
S3150202F9C000F5FC300D90184603F519331B930346D6
S3150202F9D0D04D0DF1E80AA84657461991189203F539
S3150202F9E0FC4103F5105213920F9103F5585203F597
S3150202F9F0905100F5904012901091159203F5D8504D
S3150202FA0003F5106103F5B4420E930DF1BC0E03F534
S3150202FA1010431190149116921793B8E80F00AEE8AC
S3150202FA200F00B8E80F00AEE80F0098E8030005F1F0
S3150202FA30280C8EE80300BCE80F000FC7BCE80F00D3
S3150202FA400FC7BCE80F000FC79CE80F009AAC05F17E
S3150202FA50680687E80F000FCE0FC40FCE0FC40FCE73
S3150202FA600FC49AAF1E9705F1A8070DF17C0CCDF8CB
S3150202FA7074A096E80F0084E80F0097E80F0010378B
S3150202FA808CE80F0097E80F00199F0DF18C0989E89F
S3150202FA900F000097A04F0E9B0497A04F0DF1AC0BDF
S3150202FAA0029705F1C80127AF0397CDE905B3CDF851
S3150202FAB004900FC987E80F0005F1D80797E80F00EF
S3150202FAC057460DF17C0C8BE80F0063460DF1740C60
S3150202FAD062460DF1BC0C61460DF16C0C6046FCF7F8
S3150202FAE025FD0DF51A7C64460DF1BC0E05F1E808FA
S3150202FAF0B8E80F00AEE80F00B8E80F00AEE80F0054
S3150202FB0098E8070005F58A7C8EE80700BCE80F0034
S3150202FB100FC7BCE80F000FC7BCE80F000FC79CE86F
S3150202FB200F0005F5AA7687E80F000FCE0FC40FCE97
S3150202FB300FC40FCE0FC496E80F009AAF84E80F00E7
S3150202FB4005F1D8041E970DF17C0C04F1BC0794E86A
S3150202FB500F00CDF874A08CE80F0097E80F00704FE3
S3150202FB6089E80F0004976F4F0E9B0297179F0DF1BC
S3150202FB707C0CCDE905B7A4F1100127AF00930397D8
S3150202FB80CDF804900FC987E80F0094E80F008BE8BE
S3150202FB900F0063460DF1740C62460DF1BC0C614610
S3150202FBA00DF16C0C6046FDF7DBFA0DF51A7C644624
S3150202FBB0574605F5D2760FCE0FC40FCE0FC496E87E
S3150202FBC003000DF1BC0E05F5E67884E80300B8E8F9
S3150202FBD00F00AEE80F0098E80F0005F5F67C8EE8F6
S3150202FBE00F00BCE80F000FC79CE80F0005F1D8040E
S3150202FBF02FAE87E80F0094E80F000DF17C0C04F596
S3150202FC009A74CDE91D6A8CE80F0094E80F00179FDB
S3150202FC1089E80F00444C0097444F0E9B02940497C6
S3150202FC2005F5077427AFCDE905B394E80F000397EC
S3150202FC30CDF8049087E80F0004F11007344697E8DE
S3150202FC400F000DF17C0C8BE80F0063460DF1740C6C
S3150202FC5062460DF51A7C61460DF16C0C604605F59D
S3150202FC600F76FCF763FC0FCE0FC40FCE0FC496E8D5
S3150202FC700300C02284E8030005F51971504602F01A
S3150202FC80F7FD0DF51A7C05F54971C022604602F0B0
S3150202FC90EFFD0DF17C0C05F50B730FCB9AAC8CE8DC
S3150202FCA00F0005F579720DF19C0C0FCA1E9489E8B4
S3150202FCB00F0005F2044405F57D710FC91C4F8CE84D
S3150202FCC00F0094E80F00CDF874A08BE80F00CDF870
S3150202FCD00CC00DF17C0C63460DF1740C129862464F
S3150202FCE004970DF1BC0C0E9F124E61460DF16C0C7F
S3150202FCF0CDE905B0029600976046CDF80490FCF76E
S3150202FD0015FC0DF1BC0C664605F214470FCF0FC661
S3150202FD100FCF11E0009803021096030250960302D7
S3150202FD204095030280950302C0940302A094030243
S3150202FD3060920302209303020FC697E8070086E841
S3150202FD40070005F58861C022504602F091FD0DF5C5
S3150202FD501A7C05F5A061C022604602F089FD9AABC3
S3150202FD601E930DF17C0C94E80F0004F5DE748CE808
S3150202FD700F0094E80F000DF19C0C89E80F00A4F520
S3150202FD80E6710FC98CE80F0004F110010FC9D64EB5
S3150202FD90CDF874A08BE80F00CDF80CC00DF17C0CE7
S3150202FDA063460DF1740C1298624602960DF1BC0C72
S3150202FDB00D9ECE4F61460DF16C0CCDE905B6049748
S3150202FDC00090CDF804906046FDF7CAF90DF51A7C4B
S3150202FDD06446574605F5BC660FCE0FC40FCE0FC456
S3150202FDE096E803000DF1BC0E05F5C16884E803002E
S3150202FDF0B8E80F00AEE80F0098E80F0005F5C56CEB
S3150202FE008EE80F002FA8CDE91D0ABCE80F000FC726
S3150202FE109CE80F000DF17C0C87E80F0005F5C96717
S3150202FE2005F5BA610FC98CE80F0097E80F000D9E1F
S3150202FE30AF4F89E80F000096AE4E029705F507749A
S3150202FE400E9F049694E80F0027AE0DF17C0C04F285
S3150202FE503C44CDE905B70396CDF8049086E80F0037
S3150202FE6094E80F008BE80F0063460DF1740C6246AC
S3150202FE700DF51A7C61460DF16C0C6046FCF756FBD9
S3150202FE800DF1BC0C644605F5CD660FCE0FC40FCE3E
S3150202FE900FC496E80300C02284E8030005F5D26186
S3150202FEA0504602F0E5FC0DF51A7C05F5EA61C02220
S3150202FEB0604602F0DDFC9AAB0DF17C0C05F5CB60D7
S3150202FEC01E930FC88CE80F0005F579730DF19C0C91
S3150202FED00FCB89E80F0005F57D730FCB8CE80F0077
S3150202FEE005F5BA610FC9844ECDF874A08BE80F00EE
S3150202FEF0CDF80CC00DF17C0C63460DF1740C624612
S3150202FF0004960DF1BC0C109E7C4C61460DF16C0CF4
S3150202FF10CDE905B6029400976046CDF804900E9795
S3150202FF20FCF704FB0DF1BC0C644605F1E8060FCEA4
S3150202FF300FC40FCE0FC496E8070084E8070005F542
S3150202FF400161C022504602F093FC0DF51A7C05F5BA
S3150202FF500D61C022604602F08BFC9AAF05F5BA61CA
S3150202FF601E970F460FC90DF17C0C8CE80F00644EEA
S3150202FF7005F5B8610DF19C0C0FC989E80F0005F56C
S3150202FF807D730FCBCDF874A08CE80F0097E80F00B3
S3150202FF908BE80F000496CDF80CC00F9E0DF17C0C77
S3150202FFA063460DF1740C6246CDE905B60DF1BC0C41
S3150202FFB0109E544C61460DF16C0C029400966046FA
S3150202FFC0CDF80490FDF7CCF80DF51A7C6446574637
S3150202FFD005F519660FCE0FC40FCE0FC496E80300BD
S3150202FFE00DF1BC0E05F6B81884E80300B8E80F0056
S3150202FFF0AEE80F0098E80F0005F6D81C8EE80F004F
S315020300002FA9CDE91D1ABCE80F000FC79CE80F0004
S315020300100DF17C0C87E80F0005F5BA631F460FCB7B
S315020300208CE80F0005F5C9600FC80F9E89E80F001B
S315020300300096354E3548049627AE0396109E05F56F
S3150203004007740DF19C0CCDE905B60290CDF8049028
S3150203005094E80F0004F23C448CE80F0094E80F0086
S315020300600DF17C0C8BE80F0063460DF1740C6246AE
S315020300700DF51A7C61460DF16C0C6046FCF756FAD7
S315020300804FF0804CCDF81CC0CDF808C04FF07F0C62
S31502030090CDF828C06FF07F0CCDF824C06FF0110C99
S315020300A04FF49053CDF820C04FF0140C0B93CDF8B8
S315020300B010C003234FF0000C0693CDF80CC06FF06B
S315020300C002034FF0FF3CDDF83880139C314605945A
S315020300D00193CDF800C06FF0090240460C4B10960F
S315020300E0FDF7E2F816E000BFB0900302F08F0302B9
S315020300F0708E0302508E0302108C0302D08C03020D
S31502030100A0890302608A030200880302208803028D
S31502030110E315AB520DF1BC0C644605F6F8160FCE89
S315020301200FC40FCE0FC496E80300C02284E803006F
S3150203013005F52261504602F09BFB0DF51A7C05F587
S315020301402E61C022604602F093FB9AAB0DF17C0C42
S3150203015005F5CB621E93C94C0FCA8CE80F0005F551
S3150203016079720DF19C0C0FCA89E80F0005F57D73B0
S315020301700FCBCDF874A08CE80F0097E80F008BE83D
S315020301800F000294CDF80CC0159C0DF17C0C63464E
S315020301900DF1740C6246CDE905B40DF1BC0C139C4A
S315020301A0B74E61460DF16C0C049600946046CDF889
S315020301B00490FCF7BBF90DF1BC0C644605F2144638
S315020301C00FCE0FC40FCE0FC496E8070084E80700CC
S315020301D005F53A61C022504602F04AFB0DF51A7C38
S315020301E005F546619AAFC022604602F041FB1E97AF
S315020301F01FAF0F9727AF0D970F9F05F5BA630FCB67
S3150203020087E80F000D9F05F5B8620FCA89E80F004C
S3150203021005F57D730FCB87E80F0005F55263CDF81D
S3150203022074A00FCB8BE80F00039757460DF1740C9E
S31502030230159B6246934E0DF1BC0C934C61460DF130
S315020302406C0CCDE905B804960294009360460F9BA5
S31502030250CDF80490CDF83880FCF782FF0DF51A7CB1
S3150203026064460DF1BC0E05F55368B8E80F00AEE817
S315020302700F00B8E80F00AEE80F0098E8030005F692
S31502030280585C8EE80300BCE80F000FC7BCE80F00FA
S315020302900FC7BCE80F000FC79CE80F0005F6985678
S315020302A087E80F000FCE0FC40FCE0FC49AAA1E9271
S315020302B00FCE0FC496E80F0084E80F0005F55264CB
S315020302C094E80F000F9CCDF874A084E80F0005F69E
S315020302D0D8530FCB89E80F006C4B0D9F04936C4BDD
S315020302E0119A02930E9B0397009305F1C803069294
S315020302F0CDF814B0CDF804900FCB0DF1740C87E84A
S315020303000F0005F6E8530FCB8BE80F0062460DF19B
S31502030310BC0C61460DF16C0C23466046FCF706F9EC
S315020303200DF1BC0CA046644605F6F8560FCE0FC473
S315020303300FCE0FC496E803004FF4C07284E803009D
S3150203034005F56261504602F093FA0DF51A7C05F53E
S315020303507A614FF4C072604602F08AFA9AA905F6E8
S31502030360E8501E910FC888E80F004A4A0D9C0FCA2F
S3150203037089E80F00484A494F0FCA84E80F00484BE1
S31502030380484E1C460FCB0DF1740CCDF874A08BE8C6
S315020303900F0011996246049702960D9F139E0DF163
S315020303A0BC0C009161460DF16C0C4346CDE905B6D2
S315020303B003976046CDF80490FCF7B8F80DF1BC0C30
S315020303C0664605F1E8070FCF0FC60FCF0FC697E8AC
S315020303D0070086E8070004F110014FF4C072504685
S315020303E002F046FA0DF51A7C04F5C8714FF4C07291
S315020303F0604602F03DFA9AA91E9194E80F0088E836
S315020304000F00294B0D9C0FCB89E80F00224A274F79
S315020304100FCA274E84E80F00214C0DF1740C94E8A1
S315020304200F00CDF874A08BE80F00169C6246049762
S3150203043002960D9F139E0DF1BC0C61460DF16C0CD9
S315020304404346CDE905B4009603976046CDF804907A
S31502030450CDF83C80FCF784FE16490DF51A7E7646E6
S3150203046001F55A7E7446D4460DF1BC0801F5647E45
S3150203047001F574770FCCA8E80F001DE0808603020E
S31502030480C085030250830302108403021080030211
S315020304905080030220A9030230A9030290780302C3
S315020304A040A90302107A030250AC0302B07303029B
S315020304B030750302F8A803020FCCA8E80F0094E8EC
S315020304C0030088E80300BEE80F00ACE80F00BEE8AD
S315020304D00F00ACE80F00BEE80F00ACE80F009EE881
S315020304E00F008CE80F000FCF0FC60FCF0FC60FCF2B
S315020304F00FC697E80F009AAC86E80F000F9E1E946C
S31502030500A7F56E74103794E80F00CDF874A086E849
S315020305100F0097E80F00169F89E80F00CD490E9E3C
S3150203052004910097CC490D9F05F1C80302910397E5
S315020305300696CDF814B0CDF804900FCB0DF1740CDA
S3150203054087E80F0005F6E850DDF83C8004460FC83D
S315020305508BE80F0062460DF1BC0C61460DF16C0C83
S3150203056043466046FBF7E2FF4FF4106CCDF82CC00E
S315020305704FF07F0CCDF828C06FF07F0CCDF824C066
S315020305806FF0110CCDF820C04FF0804CCDF81CC093
S315020305904FF0140CCDF810C04FF0000CCDF80CC080
S315020305A04FF0804C0123CDF808C04FF0FF3C14985E
S315020305B03146CDE900CC069305906FF015021198EA
S315020305C0A64B0E96FCF770FE0DF1BC0C6646A449CB
S315020305D0E83501F584670FCF0FC60FCF0FC697E82D
S315020305E003004FF4C07286E8030007F10801504680
S315020305F002F03EF90DF51A7C07F5C4714FF4C07289
S31502030600604602F035F99AA81E9094E80F0088E82E
S315020306100F00944A0D9C0FCA89E80F00924A934F22
S315020306200FCA84E80F00924C924E94E80F000DF124
S31502030630740CCDF874A08BE80F00149962460497E4
S3150203064002960D9F109E0DF1BC0C009161460DF1B1
S315020306506C0C4346CDE905B603976046CDF8049084
S31502030660FBF764FF0FCD0DF1BC0C66460FC60FCD2B
S315020306700FC695E8070086E8070004F5E0614FF424
S31502030680C072504602F0F4F80DF51A7C04F50861BF
S315020306904FF4C072604602F0EBF894E80F0088E864
S315020306A00F0004F544730FCB9AAD89E80F00A4F14A
S315020306B010021E950FCACDF874A087E80F0094E8BE
S315020306C00F008BE80F000D9703975746DFF8C0C15B
S315020306D0694ECDF808C00DF1740C129D624604965C
S315020306E00DF1BC0C109E61460DF16C0C4346CDE92F
S315020306F005B500966046CDF80490CDF83C80FCF72C
S315020307002FFD0DF51A7C65460DF1BC0E04F5206826
S31502030710B8E80F00AEE80F00B8E80F00AEE80F0026
S3150203072098E8030004F6282C8EE80300BCE80F00C1
S315020307300FC7BCE80F000FC7BCE80F000FC79CE842
S315020307400F0004F6682687E80F000FCE0FC50FCEFB
S315020307500FC59AA81E900FCE0FC596E80F000F9EDF
S3150203076085E80F0094E80F0004F5727586E80F001A
S31502030770424CCDF874A095E80F00129D89E80F004C
S315020307800D9F049400953E4C0E9D3E490294039799
S315020307900695CDF814B0CDF804900FC987E80F007B
S315020307A0394B0DF1740C0FCB8BE80F0062460DF13A
S315020307B0BC0C61460DF16C0C33466046FBF7B6FE84
S315020307C07F244FF410636FF07F02CDE90A436FF083
S315020307D011041421CDE9084200240E23CDE9034175
S315020307E04FF080440693079402946FF00D034FF083
S315020307F0FF34B046109E224629460596009401937D
S315020308001498224B0E95FCF74FFD0DF1BC0C654671
S31502030810134C04F52F660FCE0FC50FCE0FC596E800
S3150203082003004FF4C07285E8030004F618315046FC
S3150203083002F01EF80DF51A7C604604F698414FF451
S31502030840C07202F015F8104B9AAC0FCB88E80F0072
S3150203085020E000BF706D0302B06D0302DD8B1574D9
S31502030860F8A8030220A9030230A90302F0650302D2
S3150203087040A903027067030210610302D05A0302FE
S31502030880105B0302C8980302E8A50302CC2AAF72DF
S3150203089090620302674B1E940FCB674C89E80F00E5
S315020308A0664E674B674D0FCBCDF874A087E80F00F2
S315020308B094E80F008BE80F00119B0496109E2FA855
S315020308C00146CDE905B302954346039700961DAA51
S315020308D0CDF804901BA80D97FBF728FE2FA8064612
S315020308E0802504F55D670FCF0FC60FCF0FC697E8B6
S315020308F003002A4686E8030004F6F851504601F03F
S31502030900B7FFA4F148062A4604F678619AA801F0CD
S31502030910AFFF06F574679AA81E9094E80F0088E85D
S315020309200F0097E80F000D9F06F5756689E80F001D
S3150203093096E80F0087E80F0006F1100056460FC827
S31502030940414DDFF818E1CDF874A08BE80F00119B37
S3150203095002950E9D0DF16C0CCDE905B5CDF810E0AF
S315020309600093039743461DAA2FA96046CDF8049028
S31502030970CDF83C80FBF7DAFD344B0DF51A7C03F513
S31502030980776E03F57E6403F6987503F6AC77BEE8D5
S315020309900F00ACE80F00BEE80F00ACE80F009EE8BC
S315020309A003000DF1BC088CE803000FCDA8E80F0085
S315020309B02B68C8F800300FCF0FC60F9D3B682FA9CF
S315020309C0A4F18000CDE91D1A0D9F33600FC885E897
S315020309D00F00A4F120010FC989E80F00A4F1100149
S315020309E00FC987E80F001A490E9DCDE9037119490C
S315020309F00095CDE9019194E80F006FF0F7051724EE
S31502030A00109ECDF814B006968BE80F000F9B1DAA15
S31502030A109AA91BA8FBF78AFD3046189E0522902148
S31502030A20CDE901560C4B0094F9F744FF0DF57B7D96
S31502030A30BDE8F08F20A9030240A903025053030223
S31502030A4030A90302D054030250470302F8A8030253
S31502030A5018460302304603020066C15BD046030210
S31502030A6080ED020AC0E90012704700BF2DE9F04F7C
S31502030A706FF07C49D0E900489246A8EB0402B9EB31
S31502030A80621F83B07FD0444506460F464FEA621380
S31502030A90A1EB040B6AD0B3EB430F4FEA430C4DD8D9
S31502030AA0BCF1000F69D15546DE460FCDAEE80F0005
S31502030AB095E80F00A742E14608BF20258EE80F00FE
S31502030AC0CDF800C025D0A7EB040EAEF1200E4FEAF7
S31502030AD05E1E0EF1010E4EF001E0A24609F120055B
S31502030AE0CDF80490D146A5F1200CB9E80F00ACE885
S31502030AF00F0099E80F000AF1200A8CE80F0020354F
S31502030B000FF011C0DDF804900BF120054D44474563
S31502030B1007D0A8EB070828463946424601F0A8FE45
S31502030B20454424B1B1682046091B01F0FBFA009B38
S31502030B30C6E90095B36003B0BDE8F08F134D2846AE
S31502030B4001F0F2FAD6468146431900EB0B0C0093E9
S31502030B50BEE80F00ACE80F009EE80F00A7428CE840
S31502030B600F0008BF09F12005ADD1D0E70133E5D265
S31502030B704B4528BF4B465D01E1E7E14528BFE14608
S31502030B804FEA4915DBE7024801F0DFFAE0FFFF7F90
S31502030B9074390302000000002DE9F04F2DED028B9C
S31502030BA043689FED477AD3E900218A4218BF5A6008
S31502030BB0D0ED026ADFED437AE6EE877AFDEEE77A57
S31502030BC08FB0CDED017A06464FF0000B6FF0030AA4
S31502030BD09FED398B9DF904700AF104032AEAEA7838
S31502030BE0542BC8F16002CCBF134610236FF00305E2
S31502030BF001930BEB8B0401214FF0FF3E6FF07F0352
S31502030C000422306810F90490204410F901CF9C4560
S31502030C10C4BF8E466346013A01F10101F5D19945F6
S31502030C2033DA9F4231DC803307EE103A291D25EA77
S31502030C30E5735429C3F16002D8BF1022B8EEC77B0D
S31502030C40D6F80490CDE90238019B0492059327EE68
S31502030C50087BD9E901139DED025F99428DED085F89
S31502030C608DED067BCDF830E021D08C460DF1180EC2
S31502030C70BEE80F00ACE80F009EE80F008CE80F00F9
S31502030C80D9F804302033C9F8043008355C2D04F151
S31502030C900504B0D10AF1080ABAF15C0F0BF10C0B89
S31502030CA09AD101200FB0BDEC028BBDE8F08F484606
S31502030CB006AAFFF7DBFEE8E7000000000000703F2C
S31502030CC000008043000000C32DE9F04F2DED028B97
S31502030CD0A5489BB000F076F9A44CA54E04F10A058B
S31502030CE014F9011B304600F06DF9A542F8D1A1486B
S31502030CF000F068F9FEF756FE03469F4A9B499F4852
S31502030D001393FEF755FE9E4800F05CF9FEF74AFE82
S31502030D100446139B9B48E41A214600F053F98EA31B
S31502030D20D3E900234FF47A70A4FB000101F068FAB9
S31502030D306FF07F067F214FF0000C02464FF0900EB4
S31502030D40DFF86482904FC8F810203A604EF001E053
S31502030D50654664466046E1468A46B34688460F467A
S31502030D60CDE90E61CDE91061834B0D9693F900200F
S31502030D70109991449142B8BF114610910F990533C8
S31502030D809142A8BF114613F9042C0F910E991044F0
S31502030D909142B8BF11469742A8BF17460E9113F95F
S31502030DA0032C0D9914449142B8BF11469045A8BF2E
S31502030DB0904613F9022C0D919345B8BF934692457B
S31502030DC0A8BF9246154413F9012C11999642B8BF4E
S31502030DD016469142A8BF1146944411910FF03BC0A7
S31502030DE00D9BCDE90916DDE90F12684ECDE90383A2
S31502030DF00E9BCDE906ABCDE900734FEAEC7386FB96
S31502030E000C7CC3EB6C130B9386FB0537EB17C3EB17
S31502030E106713089386FB0435E317C3EB6513059340
S31502030E2086FB004386FB0946C017C0EB63144FEAF1
S31502030E30E973C3EB66130294002600270024544881
S31502030E4000F0C0F89FED530A4B4914AA17A8CDE93F
S31502030E5014671694FFF704FE17A8FFF79DFE0646CE
S31502030E60002874D0DDE914239B1A4B48591100F06C
S31502030E70A9F825460023A0B21A461946CDE901551B
S31502030E800095013400F0B2F8142CF3D1DDE9140312
S31502030E90191A83424FEA61114ED0404800F092F884
S31502030EA0DDE91403834247D000249FED2D8BB1461F
S31502030EB0DFF8F8803A4F01E0142C3CD000EB441CD7
S31502030EC09CED007B27EE087BBDEEC77BDCF8181092
S31502030ED0DCF808308DED037ADCF8146022460296BC
S31502030EE0DCF8106058F821100196DCF80C603846DD
S31502030EF0009600F067F8149B65011D44AE69B5F9C7
S31502030F001030B5F90C20B5F90810029695ED007B61
S31502030F1027EE087BBDEEC77B8DED017AB5F914503A
S31502030F20A0B2009500F062F8DDE9140301341B1A3E
S31502030F30B4EB631FC0D34E4618B11699091A01F0D2
S31502030F40F1F830461BB0BDEC028BBDE8F08F1548B5
S31502030F5000F038F81498EFE700389C1C00000000F4
S31502030F600000000000005940903903020080256802
S31502030F70B43903023C39030220B4092200B7092219
S31502030F80B8390302D03903028C2C0C22398EE3388A
S31502030F90F03903029A99993E983A0302C43A030234
S31502030FA0F03A0302703A0302742C0C22E8B80302E5
S31502030FB008B5FFF789FE80F00100400000F0FE004D
S31502030FC008BD00BF0FB400B5ABB02CAB53F8042B6E
S31502030FD0A02102A8019301F0BFFB02A8FCF726FC9D
S31502030FE000202BB05DF804EB04B070472DE9F04303
S31502030FF0132885B0BDF930701BD8002B04468846EA
S3150203100091461D4601DD002F16DC00200646114BD4
S3150203101068F30F00220169F31F4003EB041498508F
S315020310200D9B65F30F06A3600E9B67F31F46E360F2
S31502031030666005B0BDE8F08313460E9A00950392E7
S315020310400D9ACDE901720A4601460348FCF724FFCD
S31502031050DBE700BF902C0C22503B03022DE9F04F35
S315020310605548CDB0FCF718FF4FF4FA60FEF778F94E
S31502031070524DFEF77DFC524E524F534C01E0002374
S315020310802B704FF0FF30FEF761F8012233682A70A6
S31502031090002BF4D003F01F01BFF34F8F6FEA030E49
S315020310A003F516320A4496444FEA5E1E0EF1010E0A
S315020310B04EF001E0C4F85C3220330FF005C8BFF3EB
S315020310C04F8FBFF36F8F4FF0600CF0234FF4A07274
S315020310D03946CDE900CC306800F010FB002856D122
S315020310E003464FF4963E4FF6FF724EF001E0194661
S315020310F03068023830F802CF624528BF624663453C
S3150203110038BF634661440FF00BC83048A0FB0101A8
S315020311102F48490BD0F80090B9F1000F45D0DFF8FC
S31502031120A4B007EB090EAEEB0B0E4EF001E06FF027
S315020311307F0A4FF07F084FF0000C1BF9010B804525
S31502031140A8BF80468245B8BF824684440FF00BC8C7
S315020311509CFBF9F0009103901E49CDE9018A24A86C
S3150203116001F0AEFA24A8FCF797FEFFF721FF024629
S3150203117090B90123184A19491370194B04A81A681E
S3150203118001F09EFA04A91748FCF786FE77E70146A3
S315020311901548FCF781FE72E7144904A801F090FA98
S315020311A004A91048FCF778FE69E76FF07F0A4FF04F
S315020311B07F08CC46CCE700BFA03B0302882C0C2257
S315020311C0D82D0C220080256800ED00E0B5814E1B68
S315020311D004000022043C0302892C0C22603C030215
S315020311E08C2C0C22983C0302D83B03029C3C030240
S315020311F0014B02791A70704708000022844600B533
S315020312008E4683B09CFA9CFC00230322104801A954
S31502031210ADF804C08DF806E0F6F76CFD18B10120AF
S3150203122003B05DF804FB4FF6FF730A490870013BEE
S31502031230F5D00A78002AFAD00B78012B4FF0000377
S3150203124004D018460B7003B05DF804FB0B70E6E797
S31502031250C8B109220800002230B5044683B00D4600
S3150203126064BA01230222194801A9ADF80440F6F72C
S3150203127041FD10B1012003B030BD4FF6FF73144C8C
S315020312802070013BF6D02278002AFAD02378012B6C
S315020312904FF0000318D0012229460C482370F6F7B3
S315020312A041FD0028E6D14FF6FF732070013BE1D0E2
S315020312B02278002AFAD02378012B4FF0000303D0B9
S315020312C01846237003B030BD2370D3E7C8B1092291
S315020312D0080000222DE9F04F2DED028B804689B0DE
S315020312E018461E460C461546F0EE408A01F0CDFA24
S315020312F0002858D04FF4567B2A01013E13B2DFF879
S31502031300B090079306EB000A0021452216F9015F06
S31502031310274B03E0013A01F1010142D0187803F5A4
S315020313205673A842F6D101230BFB01F1019309EB94
S3150203133001031031D3E9015749442B462A46009744
S315020313404046EEF783FF07EE905AB8EE678A07EE3A
S31502031350907AF8EE677A28EE288A67EEA87A0C2145
S31502031360BCEEC87AFCEEE77A22010591079912B21E
S31502031370CDE903213AB229B217EE107A17EE905A43
S3150203138000232D013F012DB23FB200934046029541
S315020313900197EEF789FFBDEEC88A18EE103A234489
S315020313A01CB25645B0D109B0BDEC028BBDE8F08F35
S315020313B000B903024FF6FF7370B50446008882B084
S315020313C0984227D04AF6AA2543F2080614E019469C
S315020313D0FFF714FF20880DF10701B04206D0FFF78D
S315020313E03BFFA2789DF807309A4216D14FF6FF7358
S315020313F034F8040F98420DD0A842A378E7D11846D1
S315020314004FF47A71F8F752FC4FF6FF7334F8040F70
S315020314109842F1D1002002B070BD21880248FCF740
S315020314203BFD252002B070BDD43C0302002230B539
S3150203143040F2097183B0054680488DF805208DF880
S315020314400620F6F7A7FA4FF47A716420F8F72EFC12
S31502031450012240F209717948F6F79CFA78497948EC
S31502031460F7F784F87748F7F749F84FF47A710A20C1
S31502031470F8F71CFC744801A9F6F782FB9DF80430C1
S3150203148033B972497048F6F783FD002840F0C380EA
S3150203149001223C216C48F6F76DFB0DF1050143F27F
S315020314A00A00FFF7D9FE0DF1060143F20B00FFF71F
S315020314B0D3FE9DF8062066489DF80510FCF7ECFC62
S315020314C09DF80630A3F14002012A02D94C2B40F0C3
S315020314D0A6806048FFF76EFF044610B1204603B0AC
S315020314E030BD122143F23500FFF788FE43F2350081
S315020314F00DF10701FFF7B0FE9DF80720122A40F00F
S3150203150084808C2143F23600FFF778FE43F23600DD
S315020315100DF10701FFF7A0FE9DF807208C2A6ED175
S31502031520132143F23700FFF769FE43F237000DF149
S315020315300701FFF791FE9DF80720132A46D10121E1
S3150203154043F20810FFF75AFE43F208100DF10701A2
S31502031550FFF782FE9DF80720012A4AD1002C4CD1BF
S315020315603D4B0DF107015B6944F614001C7CFFF742
S3150203157073FE9DF8071004F00F0401F03F0141EAE0
S315020315808411C9B244F614008DF80710FFF736FE2C
S31502031590002D4BD10F2144F20220FFF72FFE4FF409
S315020315A07A710520F8F782FB2B492C48F5F714FDCF
S315020315B00446002892D14FF47A710520F8F776FB98
S315020315C0214644F20220FFF719FE87E71321244836
S315020315D0FCF762FC012143F20810FFF70FFE43F208
S315020315E008100DF10701FFF737FE9DF80720012AC0
S315020315F003D001211B48FCF74FFC25246EE78C21FF
S315020316001948FCF749FC25248AE712211748FCF7F7
S3150203161043FC252475E76424204603B030BD0A241F
S315020316201348FCF739FC204603B030BD1148FFF7D7
S31502031630C1FE044600287FF451AFABE77CB1092211
S31502031640E431030208B20922C8B10922B431030202
S31502031650183D0302C09F04024830030298B10922CF
S315020316601C3E0302643E0302D43D03028C3D030285
S315020316704C3D0302B89F04024FF41632002101487F
S3150203168001F092B8E02D0C2200210148F5F704BCC3
S3150203169098B1092270B505788268022D0BD0012D07
S315020316A008D1930606D50C4E044633687BB10B4B21
S315020316B0E2681A6070BD0A4C2368092BFADC2946D4
S315020316C00848FCF7E9FB23680133236070BD06482B
S315020316D0FCF7E2FB3560EAE7D42D0C22D82D0C2267
S315020316E0D02D0C22AC3E0302E03E0302034602481F
S315020316F01978FCF7D1BB00BF103F03022DE9F04F67
S3150203170089B08C46BDF84880BDF84C10002873D0CA
S31502031710BCF1000F70D09A4296461F4670D3D31A75
S3150203172003EBD3735B100493002961D08346002035
S31502031730079282460A460446614608EB4803059326
S31502031740314D0333DFF8C8900693B8F1000F4AD040
S3150203175006982E4BA0F1060E03FB0EFEB4FBF2FC1B
S315020317600EF1010E4EF001E000260798049BCDE927
S3150203177000A4CDE9021200FB0C3CC81CB6FBF8F32D
S3150203178063443BF813300330D90AC1EB012185FBCD
S3150203179001A40C44C917C3F34512C1EB2411C2EBCE
S315020317A00222803900F8061C89FB02411144D21732
S315020317B0C2EB611203F01F03C3EB0323803A00F863
S315020317C0052C85FB03121A44DB17C3EB2213803B5A
S315020317D03E4400F8043C0FF02FC8DDE90212DDE9AE
S315020317E000A4059B19440AF1010A92453C44ACD173
S315020317F0002009B0BDE8F08F052009B0BDE8F08FDF
S31502031800032009B0BDE8F08F43082184ABAAAAAA34
S315020318108320088208B5044C2046FCF73DFB41F6BB
S315020318205830FDF79DFDF7E7283F03022DE9F04FF8
S315020318302DED048B4FF47A70BBB0FDF791FDB54DD8
S315020318400120F8F721FBB449B448F6F78DF9294686
S31502031850B348FCF721FB4FF4806E00232C464EF06F
S3150203186001E02A46AF4805F5805783EA000142F8AC
S31502031870041B01330FF007C805F01F06BFF34F8F92
S31502031880A44B3E446FEA030EB6444FEA5E1E0EF1C4
S31502031890010E4EF001E0A44AC2F8703220330FF073
S315020318A005C8BFF34F8FBFF36F8F00214FF48062DA
S315020318B09C4F06E0013A01F1010104F1040400F030
S315020318C02481206881EA07039842F3D02268974865
S315020318D0FCF7E2FA9648FCF7DFFABFF34F8FEA43C7
S315020318E04FF0010E731B3244203B520920337244DC
S315020318F0C8BF96464EF001E08B4BC3F870522035B3
S315020319000FF005C8BFF34F8FBFF36F8F0022C3F8E3
S315020319108420BFF34F8F43F6E076D3F88050824894
S31502031920C5F34E346401C5F3C90505F1010E2B4611
S315020319304EF001E004EA060141EA8372C0F874221A
S31502031940013B0FF007C8203C14F1200FEDD1BFF382
S315020319504F8FBFF36F8F7748FCF79EFA7648FCF7F3
S315020319609BFA4FF0120E002313204EF001E0734947
S3150203197003F5886221F8220001330FF007C8704885
S31502031980FCF78AFA4FF416120021624800F00CFFA4
S315020319904FF4961200216B4800F006FF00236248BB
S315020319A0C0F88430BFF34F8F43F6E076D0F8805009
S315020319B0C5F34E346401C5F3C90505F1010E2B4681
S315020319C04EF001E004EA060141EA8372C0F874228A
S315020319D0013B0FF007C8203C14F1200FEDD1BFF3F2
S315020319E04F8FBFF36F8F5848FCF756FA00224FF416
S315020319F084714A48F5F7CEFF012240F20661474851
S31502031A00F5F7C8FF4FF4FA70FDF7AAFC002240F27D
S31502031A1006614248F5F7BEFFC820FDF7A1FC012285
S31502031A2040F206613D48F5F7B5FF4FF4FA70FDF74C
S31502031A3097FC46494648F7F7FBF9014638B145484C
S31502031A40FCF72AFA4FF47A70FDF78AFCFAE7404864
S31502031A50F7F73AF8044640B101463F48FCF71CFA49
S31502031A604FF47A70FDF77CFCFAE73C4A0FAB07CAE0
S31502031A7083E80700224627493548F7F73DF801224E
S31502031A8040F20E512548F5F785FF3548FCF704FA6F
S31502031A903448FCF701FA2046F0F7FAFCDFF8D8B02F
S31502031AA0CBF8000048B32146F0F758FD2246012140
S31502031AB0DBF80000EFF740FC0121DBF80000EFF74B
S31502031AC019FCFF21DBF80000EFF7F4FB2146DBF8F4
S31502031AD00000EFF773FC2448FCF7DEF92046FFF714
S31502031AE0A5FC0446002849D001462048FCF7D4F950
S31502031AF04FF47A70FDF734FCFAE71D48FCF7CCF98C
S31502031B004FF47A70FDF72CFCFAE71A48FCF7C4F98E
S31502031B10E3E600BF00000068603203027CB10922DB
S31502031B203C3F0302AA55AA5500ED00E06C3F0302AF
S31502031B30B43F0302084003023C4003020030004064
S31502031B408040030200EC2568AC400302AC2F03027B
S31502031B5084B10922CC400302F040030244A40402E6
S31502031B60184103023041030284410302B0410302D6
S31502031B705C410302E83F030294B10922FFF77CFDAD
S31502031B80FFF782FDA448FCF787F9A448FCF784F91A
S31502031B9002234FF0010A9FEDA29A2746DFF8A0928D
S31502031BA008930020FDF790FB6420FDF7CFFA9D4BC7
S31502031BB09D4A03FB04F3B2EBB30F80F0EF819B4B19
S31502031BC01B68002B00F0DC81DBF80000F3F77AFEDA
S31502031BD001264FF41673CDE900364FF480633AA912
S31502031BE001EB870252F8AC1CBD001A46DBF8000073
S31502031BF00995F5F7B7F84FF07F420021DBF80000AD
S31502031C00EFF740FB4FF4165500224FF4E0631146FB
S31502031C100095DBF80000F4F7B9FA4FF4E06300220B
S31502031C204FF464510095DBF80000F4F7AFFA4FF472
S31502031C30A0730196F0267D4ADBF8000011681A4666
S31502031C400096EEF703FB0C2302950025CDE9045318
S31502031C504FF4E06303934FF4485332464FF4A071B3
S31502031C600193DBF800002B460095EEF71DFB294690
S31502031C704FF0FF22DBF80000EFF704FB6C49CDE9D6
S31502031C800A7A0E46CDE90C4103E010364E4500F0C2
S31502031C909F80B6F90430002BF7DDB6F90620002A39
S31502031CA0F3DDB6F90010F1EE096A06EE101AB6F97B
S31502031CB00210B8EEC66A08EE101AF0EE498A07EE6B
S31502031CC0903AE6EE268AB8EEC88AF8EEE77A07EE87
S31502031CD0102A28EE268AB0EE686AB8EEC77AA7EE0D
S31502031CE0A66AF0EE487AE7EE267AB0EE467AF0EE88
S31502031CF0685AF0EE486ABEEECE7AFEEECE5AFEEE93
S31502031D00CE6A17EE105AFEEECE7A16EE902A15EE2C
S31502031D10903A0FFA85F84FF0000A17EE905A2027E9
S31502031D2014B21BB22DB2194622460793CDE9017AA4
S31502031D304346DBF800000094F4F76AFA4346224668
S31502031D404146CDE9017ADBF800000095F4F760FA23
S31502031D502A464146079BCDE9017ADBF80000009546
S31502031D60F4F756FA079B2A461946CDE9017ADBF8B8
S31502031D7000000094F4F74CFAF268531E032B44D87E
S31502031D802C4C2D49B36854F822202AA800F098FC5B
S31502031D90FDEEC87AFDEEE88A17EE902A18EE901A3F
S31502031DA0143A092AB7EE000ADBF800002AAB09B295
S31502031DB007DCF2EE047A38EE278AFDEEC87A17EECE
S31502031DC0902A12B21036FFF785FA4E457FF461AFB9
S31502031DD00025DDE90C41DDE90A7A2E462B46A846A3
S31502031DE0A9EB0102103A12090132B1F904000028E3
S31502031DF029DDB1F90600002825DDC8680138032864
S31502031E0021D8DFE800F0C8C4C61F0C49B2682AA865
S31502031E1000F056FCBCE700BFDC410302104203029A
S31502031E2000005443295C8FC2285C8F02D82D0C22F2
S31502031E30902C0C2230A40402B0420302B4420302E1
S31502031E40D02D0C220135013A01F11001CDD10793B0
S31502031E50714B72491A6812A800F032FC4246079B7C
S31502031E606F491AA800F02CFC2B4632466D492AA864
S31502031E7000F026FC4FF0FF220021DBF80000EFF70B
S31502031E8001FADBF8000012ABB7EE000A0A22782148
S31502031E90FFF720FADBF800001AABB7EE000A23229B
S31502031EA07821FFF717FA2AABB7EE000A3C2278210C
S31502031EB0DBF80000FFF70EFADBF80000F3F740FD4C
S31502031EC00023594DC5F88430BFF34F8F43F6E07CA8
S31502031ED0D5F88060C6F34E304001C6F3C90606F153
S31502031EE0010E4EF001E0334600EA0C0141EA837229
S31502031EF0C5F87422013B0FF007C8203810F1200FF2
S31502031F00EDD1BFF34F8FBFF36F8FDBF80000F0F70E
S31502031F10DDFB0023C5F88430BFF34F8F43F6E07C25
S31502031F20D5F880604048C6F34E356D01C6F3C9063F
S31502031F3006F1010E4EF001E0334605EA0C0141EAD1
S31502031F408372C0F87422013B0FF007C8203D15F1D6
S31502031F50200FEDD1BFF34F8FBFF36F8F099B002283
S31502031F60E8336B4453F8AC1C3048F6F7C5FD00283A
S31502031F704DD12F4B1B781BB92E4B1868FDF73EF933
S31502031F803B460134089FCDF820A09A4609E6013361
S31502031F9059E7013657E708F1010854E7264A274B62
S31502031FA015461B68214612682548FBF775FF2B6801
S31502031FB0002BE5D003F01F00BFF34F8F6FEA030E2A
S31502031FC003F1200101448E444FEA5E1E0EF1010E17
S31502031FD04EF001E0144AC2F85C3220330FF005C812
S31502031FE0BFF34F8FBFF36F8F134B16481D68EE89EE
S31502031FF0AB886A8829880496AE8903966E89029607
S315020320002E890196ED880095FBF746FFD7E5014633
S315020320100D48FBF741FFACE78C2C0C22BC420302B2
S31502032020CC420302E042030200ED00E084B109223E
S31502032030882C0C22E0850E22D82D0C22EC850E224A
S315020320403C42030268420302F4420302002B24DDEC
S3150203205002F01F0100B51944BFF34F8F6FEA020E58
S315020320600120A1F1200311448E444FEA5E1E203360
S315020320700EEB00018E46CCBF8E4686464EF001E03D
S31502032080074BC3F8682220320FF005C8BFF34F8F00
S31502032090BFF36F8F01205DF804FB0120704700BF79
S315020320A000ED00E00378032B06D10121034B044A1A
S315020320B0197013680B441360704700BFF0850E2234
S315020320C0EC850E2208B51048FBF7B0FB0F48FCF768
S315020320D05DFF0F4B00211860FCF7DCFF0D48FCF790
S315020320E055FF0D4B00211860FCF7D4FF0B48FCF794
S315020320F04DFF0B4B00211860FCF7CCFF4FF0FF306E
S31502032100FDF724F8002008BD144303023C00002215
S31502032110E8850E2224000022E4850E220C0000220A
S31502032120E0850E2200F014B8012838BF012010B54D
S315020321300446204600F006FA00B110BD00F00AF884
S3150203214008B900F0F7F98047F3E708B500F0F2F9AA
S3150203215000F000BA014BD3E8AF0F7047F4850E22A5
S315020321607BB972B90029BEBF00204FF0004106E0D9
S3150203217008BF00281CBF6FF000414FF0FF3000F08C
S31502032180D7B9ADF1080C6DE904CE002909DB002BA2
S315020321901ADB00F04DF8DDF804E0DDE9022304B0B2
S315020321A07047404261EB4101002B1BDB00F040F814
S315020321B0DDF804E0DDE9022304B0404261EB4101AC
S315020321C0524263EB43037047524263EB430300F00D
S315020321D02FF8DDF804E0DDE9022304B0404261EBA7
S315020321E041017047524263EB430300F021F8DDF8E5
S315020321F004E0DDE9022304B0524263EB4303704772
S3150203220053B94AB9002908BF00281CBF4FF0FF3152
S315020322104FF0FF3000F08CB9ADF1080C6DE904CE36
S3150203222000F006F8DDF804E0DDE9022304B07047A6
S315020322302DE9F04F099D0E4604460F46002B47D162
S315020322408A429446B2FA82F35AD943B102FA03FC9A
S31502032250C3F120029F409C4020FA02F217434FEA41
S315020322601C461FFA8CFE220CB7FBF6F106FB11770E
S3150203227001FB0EF042EA0742904208D91CEB020226
S3150203228001F1FF3702D2904200F23C813946121A1B
S31502032290A4B2B2FBF6F006FB102200FB0EFE44EAE2
S315020322A00244A64508D91CEB040400F1FF3202D20C
S315020322B0A64500F22A81104640EA0140A4EB0E0429
S315020322C000211DB1DC400023C5E90043BDE8F08FC0
S315020322D08B4205D90DB1C5E9000100210846F5E790
S315020322E0B3FA83F100294FD1B342C0F0028182428D
S315020322F040F2FF800846002DE8D0C5E90047E5E72E
S31502032300002B40F0AF808A1A4FEA1C4E1FFA8CF755
S315020323100121B2FBFEF60EFB1620220C42EA004214
S3150203232007FB06F090420FD91CEB020206F1FF38B7
S315020323302CBF4FF001094FF00009904203D9B9F1BE
S31502032340000F00F0DC804646121AA4B2B2FBFEF07E
S315020323500EFB102200FB07F744EA0244A7420FD9F9
S315020323601CEB040400F1FF322CBF4FF0010E4FF0B9
S31502032370000EA74203D9BEF1000F00F0C980104632
S31502032380E41B40EA06409CE7C1F120048B4006FAAF
S3150203239001FC00FA01FE22FA04F7E6408A401F43D3
S315020323A020FA04F34FEA174843EA0C031FFA87FCA1
S315020323B04FEA1349B6FBF8F008FB106649EA0646EC
S315020323C000FB0CF9B1450ED9BE1900F1FF3A2CBF39
S315020323D04FF0010B4FF0000BB14503D9BBF1000FD0
S315020323E000F0A2805046A6EB09061FFA83F9B6FB54
S315020323F0F8F308FB136603FB0CFC49EA0646B445ED
S315020324000ED9BE1903F1FF382CBF4FF001094FF065
S315020324100009B44503D9B9F1000F00F0828043469F
S3150203242043EA0040A6EB0C06A0FB028C6645434634
S31502032430E14602D307D1C64505D2B8EB02036CEBDC
S31502032440070C0138E1465DB1BEEB030266EB0906F2
S3150203245006FA04F422FA01F3CE401C43C5E9004608
S31502032460002133E702FA03FCC3F1200299409C40A0
S31502032470D6404FEA1C4E20FA02F21FFA8CF7B6FB3D
S31502032480FEF00A430EFB1066110C41EA064100FBFD
S3150203249007F68E420ED91CEB010100F1FF382CBF61
S315020324A04FF001094FF000098E4202D9B9F1000F2C
S315020324B034D04046891B92B2B1FBFEF60EFB1611CF
S315020324C042EA014206FB07F191420ED91CEB0202D4
S315020324D006F1FF382CBF4FF001094FF00009914274
S315020324E002D9B9F1000F16D04646521A46EA0041FE
S315020324F00FE7841A66EB030201201746FBE6023E48
S31502032500624421E702396244C1E664440238D3E6EF
S315020325106444023834E7023E6244E6E70238614421
S31502032520C8E7023B3E447BE702383E445BE700BF13
S31502032530704700BF062008B500F066F9012000F0D7
S3150203254033FD0000024B0146186800F02DB800BFA8
S3150203255054000022024B0146186800F09FB900BFDF
S315020325605400002270B50F4E0C460546316811B968
S3150203257000F066F930602146284600F061F9431CF3
S3150203258003D14FF0FF34204670BDC41C24F003046C
S31502032590A042F8D0211A284600F052F90130F2D1AE
S315020325A0EFE700BFF8850E222DE9F843CD1C064658
S315020325B025F0030508350C2D38BF0C25002D01DB4C
S315020325C0A94204D90C2333600020BDE8F883DFF85F
S315020325D0D48000F069F8D8F800301C4644BB29467B
S315020325E03046FFF7BFFF431C044658D1D8F80040D4
S315020325F02746002F43D1002C4BD023683946304659
S3150203260004EB030900F01CF9814542D121683046E7
S315020326106D1A2946FFF7A6FF01303AD023682B44E9
S315020326202360D8F800305A6862BBC8F800700FE01E
S315020326302268521B20D40B2A17D96119A34225609B
S3150203264018BF5960636808BFC8F8001062514B602F
S31502032650304600F02FF804F10B00231D20F007008B
S31502032660C21A1CBF1B1AA350AFE76268A3420CBF70
S31502032670C8F800205A60EBE723466468AEE73C4697
S315020326807F68B6E71A465B68A342FBD10023536011
S31502032690DEE70C233046336000F00CF894E705605E
S315020326A0D6E700BFFC850E22014800F0DFB800BF63
S315020326B03C870E22014800F0DAB800BF3C870E229F
S315020326C00EB400B59CB06FF000411DAB02900690AC
S315020326D0079104910848094953F8042B059102A965
S315020326E00068019300F080F9029B00221A701CB065
S315020326F05DF804EB03B07047540000220802FFFFA3
S3150203270030B514469BB005461A46002C05DA8B23D0
S3150203271003604FF0FF301BB030BD4FF402730091DC
S3150203272004916946ADF80C3014BF04F1FF33234616
S31502032730029305934FF6FF73ADF80E301E9B00F01E
S3150203274053F9431CBCBF8B232B60002CE3D0009BA5
S3150203275000221A70DFE7000007B5009313460A4604
S31502032760014603480068FFF7CBFF03B05DF804FB9D
S3150203277054000022884210B501EB020402D98442B6
S31502032780234607D8431EA14208D011F8012B03F8AA
S31502032790012FF8E7024401468A4200D110BD13F81D
S315020327A0014D02F8014DF7E702440346934200D175
S315020327B0704703F8011BF9E71F2938B505460C468E
S315020327C004D9162303604FF0FF3038BDC26B12B132
S315020327D052F821304BB9284600F030F8224601461A
S315020327E02846BDE8384000F017B8012B0AD0591C19
S315020327F003D1162303600120E7E70021204642F8AE
S31502032800241098470020E0E7024B01461868FFF7B9
S31502032810D3BF00BF5400002238B50023064D044639
S31502032820084611462B6000F0B7FB431C02D12B6806
S3150203283003B1236038BD00BF38870E2200F0A4BB64
S3150203284038B50023054D044608462B60F7F704FB0B
S31502032850431C02D12B6803B1236038BD38870E228D
S31502032860014B1868704700BF540000227047704737
S315020328700A44431E914200D1704710B511F8014B29
S31502032880914203F8014FF9D110BD034613F8012B08
S31502032890002AFBD1181A01387047000038B50546DD
S315020328A0002941D051F8043C0C1F002BB8BFE41891
S315020328B0FFF7FAFE1D4A136833B9636014602846AC
S315020328C0BDE83840FFF7F6BEA34208D920682118AF
S315020328D08B4201BF19685B6809182160EDE71A4646
S315020328E05B680BB1A342FAD911685018A0420BD107
S315020328F020680144501811608342E0D118685B686E
S31502032900084453601060DAE702D90C232B60D6E73A
S31502032910206821188B4202BF19685B680918636035
S3150203292008BF21605460CAE738BD00BFFC850E228A
S315020329302DE9F0471F468E6882460C46BE429046F4
S315020329400B682DD8B1F90C2012F4906F26D0656965
S31502032950096905EB4505A3EB01097B1C05EBD57557
S315020329604B446D109D4238BF1D46530527D5294654
S31502032970FFF71AFE064660B34A462169FFF778FF58
S31502032980A38923F4906343F08003A38126614E4413
S315020329906561A5EB090526603E46A560BE4200D9E0
S315020329A03E46324641462068FFF7E4FEA36800200E
S315020329B09B1BA360236833442360BDE8F0872A4642
S315020329C000F0ACFA06460028E0D121695046FFF72B
S315020329D065FF0C234FF0FF30CAF80030A38943F09A
S315020329E04003A381E9E700002DE9F04F98468B895E
S315020329F09DB007461B060D46144610D50B6973B9DF
S31502032A004021FFF7D1FD2860286130B90C233B60D2
S31502032A104FF0FF301DB0BDE8F08F40236B610023FA
S31502032A20CDF80C804FF00109DFF8A081099320232A
S31502032A308DF8293030238DF82A3023469A4613F827
S31502032A40012B0AB1252AF9D1BAEB040B0BD05B464B
S31502032A50224629463846FFF76BFF013000F0A7806E
S31502032A60099A5A4409929AF80030002B00F09F8083
S31502032A7000234FF0FF320AF1010A049307938DF8FC
S31502032A8053301A93CDE90523544605224F4814F8C9
S31502032A90011B00F035FA049AD8B9D00644BF2023A5
S31502032AA08DF85330110744BF2B238DF853309AF810
S31502032AB000302A2B15D0079A544600204FF00A0CF1
S31502032AC0214611F8013B303B092B4BD9B0B1079292
S31502032AD014E0A0EB0803A24609FA03F31343049393
S31502032AE0D2E7039B191D1B68002B0391BBBF5B42F5
S31502032AF042F0020207930793B8BF049223782E2B60
S31502032B000AD163782A2B32D1039B02341A1D1B681E
S31502032B1043EAE37303920593DFF8C0A00322217805
S31502032B20504600F0EDF938B1A0EB0A004022049BAF
S31502032B30013482401343049314F8011B06222448EA
S31502032B408DF8281000F0DCF9002836D0214B1BBB88
S31502032B50039B073323F0070308330393099B334489
S31502032B6009936AE70CFB02320C460120A8E700230D
S31502032B7001344FF00A0C19460593204610F8012B2F
S31502032B80303A092A03D9002BC6D00591C4E70CFBB8
S31502032B90012104460123F0E703AB2A4604A938467A
S31502032BA000930D4BAFF30080421C0646D6D1AB8988
S31502032BB05B063FF52DAF09982CE703AB2A4604A91A
S31502032BC038460093044B00F07DF8EDE750A4040267
S31502032BD05AA40402000000003129030256A4040287
S31502032BE02DE9F047164698468A6807460B690C464E
S31502032BF0DDF820909342B8BF1346336091F8432021
S31502032C000AB1013333602368990642BF336802333C
S31502032C103360256815F0060506D104F1190AE3683F
S31502032C2032689B1AAB422BDC94F843302268003B92
S31502032C3018BF0123920630D404F1430241463846B3
S31502032C40C847013023D023681A3454F80A2C03F0F8
S31502032C500603042B0ABF54F80E5C002533684FF0B3
S31502032C60000608BFED1A54F8123C08BF25EAE575BB
S31502032C709342C4BF9B1AED18B5421AD1002008E04D
S31502032C800123524641463846C847013003D14FF025
S31502032C90FF30BDE8F0870135C1E7E1185A1C302041
S31502032CA00233224481F8430094F8451082F8431014
S31502032CB0C2E70123224641463846C8470130E6D0D9
S31502032CC00136D9E72DE9FF470F7E914680460C462A
S31502032CD0782F9A460C9E01F1430207D8622F0AD82F
S31502032CE0002F00F0D180582F00F0B88004F142067D
S31502032CF084F842703AE0A7F16303152BF6D801A1D3
S31502032D0051F823F05D2D0302712D0302ED2C03020C
S31502032D10ED2C0302ED2C0302ED2C0302712D0302AB
S31502032D20ED2C0302ED2C0302ED2C0302ED2C030220
S31502032D306F2E03029B2D0302292E0302ED2C03029F
S31502032D40ED2C0302912E0302ED2C03029B2D0302AB
S31502032D50ED2C0302ED2C0302312E030233681A1DF6
S31502032D601B68326004F1420684F8423001239CE078
S31502032D7033682068191D3160060601D51D6803E014
S31502032D804506FBD5B3F90050002D03DA2D236D4218
S31502032D9084F8433058480A2311E021683368080649
S31502032DA053F8045B02D4490648BFADB26F2F3360B2
S31502032DB0514814BF0A230823002184F84310666886
S31502032DC0002EA66005DB21682E4321F00401216053
S31502032DD04BD01646B5FBF3F103FB1157C75D06F855
S31502032DE0017D2F460D46BB42F4D9082B0BD123682E
S31502032DF0DF0708D5236961689942DEBF302306F8E7
S31502032E00013C06F1FF36921B22614B4603AA214679
S31502032E104046CDF800A0FFF7E3FE01304AD14FF05A
S31502032E20FF3004B0BDE8F087236843F02003236034
S31502032E3078273248236884F845701F06316851F8AB
S31502032E40045B02D45F0648BFADB23160D90744BF03
S31502032E5043F0200323601DB11023ADE72648E9E7BB
S31502032E60236823F020032360F6E71646BDE733689B
S31502032E702568181D616930602E061B6801D5196025
S31502032E8002E06806FBD51980002316462361BCE7D8
S31502032E90336800211A1D32601E686268304600F0EC
S31502032EA02FF808B1801B606063682361002384F8EE
S31502032EB04330AAE72369324649464046D0470130A2
S31502032EC0ADD023689B0713D4E068039B9842B8BF2F
S31502032ED01846A6E70123324649464046D047013003
S31502032EE09DD00135E36803995B1AAB42F2DCEBE74B
S31502032EF0002504F11906F5E761A4040272A404028B
S31502032F00C9B20346024410B59342184601D10020C2
S31502032F1003E0047801338C42F6D110BD2DE9F0416A
S31502032F20074614460D4621B91146BDE8F041FFF79F
S31502032F303BBB2AB92546FFF7B1FC2846BDE8F0811B
S31502032F4000F01AF88442064602D8B4EB500FF4D8BE
S31502032F5021463846FFF728FB804608B94546ECE783
S31502032F60B4422246294628BF3246FFF781FC294648
S31502032F703846FFF793FCF1E751F8043C181F002B80
S31502032F80BCBF0B58C0187047024B58224FF0FF3094
S31502032F901A60704738870E22024B58224FF0FF30D1
S31502032FA01A60704738870E22FEE700BF00000068EA
S31502032FB000045802000400000200000000000000A2
S31502032FC000000000E0015603E001000002000000D9
S31502032FD000000000360500042C010A0000007B02F3
S31502032FE058021E0005000000000000010000000058
S31502032FF0000000FF000000000000000000000000C7
S3150203300000000000000000000000000000000000B5
S3150203301000000000000000000000000000000000A5
S315020330200CFFFF04DFDF0000A520030200000000FF
S315020330303430030201000200000600030303030007
S31502033040000000000C000000FFFFFFFFFFFFFFFF71
S31502033050FF00000095160302000000006030030221
S31502033060E4300302080001000000EF0000003F0104
S31502033070001E0002110000004001000080350722F5
S3150203308080DD04228085022200000000140000AACB
S31502033090000000009F12000000080001020D8919BA
S315020330A045204506000000100010001040004000B5
S315020330B0F000400107010000040264000001018AD6
S315020330C0681F0000D60EC2010008018AC201000071
S315020330D0870EB70F0008018A0C060C0720000000B2
S315020330E000000000ACB10922F0300302AC36030241
S315020330F08031030202001A010A000A0000000000DE
S315020331000000000000000000000000400000000074
S315020331100C080C090C0A0C0B0C0C00000000000036
S315020331200C0003000C0003003F0301003F030100F0
S315020331303F0301003F0301003F0301003F03010078
S315020331403F0301003F0301003F0301003F03010068
S315020331503F0301003F0301003F0301003F03010058
S315020331603F0301003F0301000000000010000000BE
S31502033170ED1603020000000000000000000000003C
S31502033180C0B109228C310302A436030202007C0079
S31502033190040000009C31030200000000F924010030
S315020331A00A120200090F0000440F2D0C110B010035
S315020331B00C00000001000000801A06000000000057
S315020331C001080001020300000000000000000000E5
S315020331D0F111030200000000DC3103020101020FB8
S315020331E00F000000000000000A00000000000000BB
S315020331F0050000000CFFDF000000000000000000D5
S315020332000832030200000000010000000000000073
S3150203321000000000000000000000000000000000A3
S3150203322000000000000000000000FFFFFFFFFFFF99
S31502033230DFDFDFDFDFDF0000000000000000000049
S315020332400000000000000000000000000000000073
S315020332500000000000000000000000000000000063
S31502033260210000006C32030200000000004000004F
S315020332700B010000000C011907020000000C0119E2
S315020332800D050000040000000E050000000C0119E4
S315020332900F0500000500000006060000000C0119D8
S315020332A007070000000C01190A070000000C0119A8
S315020332B00B070000000C01190C070000000C011992
S315020332C00D070000000C01190E070000000C01197E
S315020332D00F070000000C011905080000000C011974
S315020332E006080000000C011907080000000C01196A
S315020332F002090000000C011903090000000C011960
S3150203330004090000000C01190A090000000C011946
S315020333100B090000000C01190C090000000C01192D
S315020333200D090000000C01190E090000000C011919
S315020333300F090000000C0119000B0000000C011913
S31502033340010B0000000C0119020B0000000C01190D
S31502033350030B0000000C0119040B0000000C0119F9
S31502033360050B0000000C0119060B0000000C0119E5
S31502033370070B000057000000803303020000000021
S3150203338000400000080000000040000009000000A1
S31502033390004000000A000000000C011C00010000AE
S315020333A0000C011C01010000000C011C02010000BB
S315020333B0000C011C03010000000C011C04010000A7
S315020333C0000C011C05010000000C011C0601000093
S315020333D004000000070100000500000008010000C8
S315020333E0000C010B0C010000000C010B0D01000087
S315020333F0000C010B0E010000000C010B0F01000073
S31502033400000001000A020000000001000B02000096
S31502033410000C010B00030000000C010B010300006A
S31502033420000C010B0203000004000000030300006A
S315020334300000011F0B040000000801030105000040
S31502033440000C010B03050000000C010B0405000030
S31502033450000C010B05050000000C010B060500001C
S31502033460000C010B07050000000C010B0805000008
S31502033470000C010B09050000000C010B0A050000F4
S31502033480000401070B050000000401070C050000F8
S315020334900400000000060000000C010B07060000F2
S315020334A0000C010B08060000000C010B09060000C4
S315020334B0000C010B0A060000000C010B0B060000B0
S315020334C0000C010B0C060000000C010B0D0600009C
S315020334D0000C010B0E060000000C010B0F06000088
S315020334E00400000009070000000C011C000800008C
S315020334F0000C011C01080000000C011C020800005C
S31502033500000C011C03080000000C011C0408000047
S315020335100008011C08080000000C010B0D0800003E
S31502033520000C010B000A0000000C010B010A00004B
S31502033530000C010B020A0000000C010B030A000037
S31502033540000C010B040A0000000C010B050A000023
S31502033550000C010B060A000004000000070A000023
S31502033560000C010B080A0000000C010B090A0000FB
S31502033570000C010B0A0A0000000C010B0B0A0000E7
S31502033580000C010B0C0A0000000C010B0D0A0000D3
S31502033590000C010B0E0A00000008010B0F0A0000C3
S315020335A0000C010B000C0000000C010B010C0000C7
S315020335B0000C010B020C0000000C010B030C0000B3
S315020335C0000C010B040C0000000C010B050C00009F
S315020335D0000C010B060C0000000C010B070C00008B
S315020335E0000C010B080C0000000C010B090C000077
S315020335F0000C010B0A0C0000000C010B0B0C000063
S31502033600000C010B0C0C0000000C010B0D0C00004E
S31502033610000C010B0E0C0000000C010B0F0C00003A
S31502033620000C010B000D000000000104020D000056
S3150203363000000104030D0000A100A200A300A400E0
S3150203364082038503950396038F03900391039203E3
S3150203365093030000000800000000000000020000BF
S31502033660000A000000000000000100000000000044
S315020336700000010101010101000100010001010134
S315020336800001010000010101000000000001010028
S315020336900001010100010101000000000000000019
S315020336A0000101002972020201720202E57302029B
S315020336B0AD760202297302023D7302027D73020290
S315020336C061730202020403040404000000010200FF
S315020336D00001020300000000200020001000100079
S315020336E01000080004000100040100020305060796
S315020336F00C343440143434401C34344024343440BF
S315020337004552524F523A2064315F616C6C6F636D5E
S31502033710656D28257529206661696C656421204FCC
S315020337205554204F462048454150204D454D4F5252
S3150203373059210A004E4D490A000000002A2A2A206E
S3150203374048617264206661756C74202A2A2A2020D5
S3150203375063747874736B3A25642020484653523A4D
S3150203376025782020434653523A25780A0000000062
S315020337702A2A2A2048617264206661756C74202A9B
S315020337802A2A202063747874736B3A2564202048AE
S315020337904653523A257825780A0000004D505520A3
S315020337A04661756C740A0000427573204661756C36
S315020337B0740A00005573616765204661756C740A65
S315020337C000000000535643616C6C0A00446562753F
S315020337D067204D6F6E69746F720A00000A3C3C20C3
S315020337E053595354454D205245534554202620528E
S315020337F0455354415254203E3E0A00000A3C3C20A3
S3150203380053595354454D204641535420524553541C
S31502033810415254203E3E0A000A3C3C20535953541B
S31502033820454D2052455354415254203E3E0A000010
S31502033830580000007800000030000000444D4C6B35
S3150203384000000000214552524F522120696E6974CD
S315020338505F496D616C6C6F630A0000002145525229
S315020338604F522120696E69745F6465766963650ADE
S3150203387000000000214552524F522120696E69749D
S315020338805F696E697469616C697A650A0000000092
S31502033890214552524F5221206B65726E656C206F21
S315020338A0626A65637420696E697469616C697A65B3
S315020338B00A000000214552524F5221205379737454
S315020338C0656D2074696D65722073746172747570A7
S315020338D00A000000214552524F522120496E697453
S315020338E069616C205461736B2063616E206E6F7421
S315020338F02073746172740A00214552524F52212079
S31502033900496E697469616C205461736B2063616EDD
S31502033910206E6F742063726561740A000A0A6D6908
S3150203392063726F542D4B65726E656C2056657273A6
S31502033930696F6E2025782E253032780A0A00000038
S31502033940214552524F522120496E697420546173A4
S315020339506B2073746172740A000000000A3C3C20F7
S3150203396053595354454D2053485554444F574E20AB
S315020339703E3E0A00766563746F723A3A5F4D5F7232
S3150203398065616C6C6F635F696E73657274000000C8
S315020339905B43505520496E7075742044756D705D96
S315020339A02066697273742031302062797465733AC2
S315020339B020000000256420005B43505520496E76A3
S315020339C06F6B655D205374617475733A20300A0018
S315020339D05B4350552054696D652044656275675D86
S315020339E0206379636C65733A20256C750A000000BF
S315020339F05B435055204F757470757420537461740C
S31502033A00735D2043303A205B25642C2025645D20B8
S31502033A10617667202564207C2043313A205B256446
S31502033A202C2025645D20617667202564207C204353
S31502033A30323A205B25642C2025645D20617667205B
S31502033A402564207C2043333A205B25642C2025649D
S31502033A505D20617667202564207C2043343A205B0F
S31502033A6025642C2025645D206176672025640A007F
S31502033A705B506F737450726F636573735D20446F2B
S31502033A80506F737450726F63657373206661696CEA
S31502033A906564210A000000005B506F737450726FF5
S31502033AA0636573735D20446574656374696F6E2021
S31502033AB0726573756C747320636F756E743A202521
S31502033AC0640A00005B4E505520526573756C742070
S31502033AD050726573656E745D2050726573656E749C
S31502033AE0696E6720256420504342733A0A00000038
S31502033AF020202D2025732025643A2078303D256425
S31502033B002C2079303D25642C20773D25642C2068B2
S31502033B103D25642C2073636F72653D256425250A52
S31502033B20000000004261636B67726F756E6400008A
S31502033B30465043006E524635344C31350000000080
S31502033B405069636F000000005869616F000000004E
S31502033B505B7570646174655F646574656374696FCC
S31502033B606E5F726573756C745D206964783D256456
S31502033B702C20783D25642C20793D25642C20773D25
S31502033B8025642C20683D25642C2070726F623D25C6
S31502033B906425252C20636C6173733D25640A00003A
S31502033BA03D3D3D205374617274696E67204149201D
S31502033BB0496E666572656E6365205461736B202870
S31502033BC04350552D626173656420464F4D4F29203C
S31502033BD03D3D3D0A000000004552524F523A2049EC
S31502033BE06D616765207072652D70726F636573739D
S31502033BF0696E67206661696C65642028307825786A
S31502033C00290A00005B446961675D2043616D206296
S31502033C1075666665723A206D696E3D307825303475
S31502033C20582C206D61783D3078253034582C20612C
S31502033C3076673D307825303458207C204E50552007
S31502033C40496E7075743A206D696E3D25642C206D3C
S31502033C5061783D25642C206176673D25640A000060
S31502033C60414920496E666572656E636520284E502A
S31502033C7055293A20494320646574656374696F6EF6
S31502033C8020636F6D706C65746520696E20256C7593
S31502033C90206D730A00000000257300004552524F3F
S31502033CA0523A204E505520496E666572656E6365BB
S31502033CB020657865637574696F6E206661696C65E4
S31502033CC06420287374617475733A202564292E0A55
S31502033CD000000000577269746520414444523A5BFE
S31502033CE03078253034785D204D69736D617463686D
S31502033CF021205772697474656E3A5B3078253032C7
S31502033D00785D20526561644261636B3A5B30782564
S31502033D103032785D0D0A00005B43616D6572612086
S31502033D20496E69745D2050726F64756374204944E9
S31502033D3020486967683A203078253032582C204C5F
S31502033D406F773A203078253032580A005B43616D2B
S31502033D5065726120496E69745D204552524F523A2B
S31502033D602050726F64756374204944204D69736DE4
S31502033D70617463682120446576696365206C6F63A9
S31502033D806B206572726F722E0A0000005B436C6FC2
S31502033D90636B20436F6E6669675D2052656769735D
S31502033DA074657220307833303335204D69736D6113
S31502033DB074636821205772697474656E3A20307889
S31502033DC0253032582C20526561643A2030782530EA
S31502033DD032580A005B436C6F636B20436F6E6669EE
S31502033DE0675D205265676973746572203078333074
S31502033DF03336204D69736D61746368212057726986
S31502033E007474656E3A203078253032582C20526508
S31502033E1061643A203078253032580A005B436C6F6E
S31502033E20636B20436F6E6669675D205265676973CC
S31502033E3074657220307833303337204D69736D6180
S31502033E4074636821205772697474656E3A203078F8
S31502033E50253032582C20526561643A203078253059
S31502033E6032580A005B436C6F636B20436F6E66695D
S31502033E70675D2052656769737465722030783331E2
S31502033E803038204D69736D617463682120577269F6
S31502033E907474656E3A203078253032582C20526578
S31502033EA061643A203078253032580A005B56494E0F
S31502033EB02043425D2054525545204552524F5220CB
S31502033EC04576656E743A2025642C205374617475A5
S31502033ED073204D61736B3A203078253038580A00C7
S31502033EE05B56494E2043425D2046697273742066CF
S31502033EF072616D6520636170747572656420737592
S31502033F00636365737366756C6C79210A000000003E
S31502033F105B4D4950492043425D204576656E743AAE
S31502033F202025640A000000007461736B203220723C
S31502033F30756E6E696E672E2E2E0A000054657374B3
S31502033F40696E6720706879736963616C20534452A2
S31502033F50414D206174206164647265737320307805
S31502033F60253038582E2E2E0A0000000053445241A3
S31502033F704D20766572696669636174696F6E206640
S31502033F8061696C656420617420696E6465782025B5
S31502033F90642120526561643A203078253038582CE2
S31502033FA02045787065637465643A20307825303825
S31502033FB0580A00004552524F523A20534452414D39
S31502033FC020706879736963616C206D656D6F7279B0
S31502033FD02077726974652F72656164206661696C04
S31502033FE06564210A00000000534452414D20766560
S31502033FF072696669636174696F6E205355434345FB
S315020340005353210A000000000A3D3D3D2043616DE2
S31502034010657261204D4950492D435349322026206A
S315020340204C434420446973706C61792044324420C2
S315020340305374617274203D3D3D0A00003D3D3D20AF
S3150203404053657474696E672042757320536C617687
S3150203405065204172626974726174696F6E20746F4E
S31502034060204669786564205072696F726974792093
S315020340702847726F7570203329203D3D3D0A0000A3
S31502034080436C656172696E6720534452414D2066E3
S3150203409072616D656275666665727320746F2062FE
S315020340A06C61636B2E2E2E0A00000000496E697442
S315020340B069616C697A696E67204C43442028474CD0
S315020340C0434443292E2E2E200A0000004552524F06
S315020340D0523A204661696C656420746F206F70657D
S315020340E06E20474C434443202830782578290A001A
S315020340F04552524F523A204661696C656420746F89
S3150203410020737461727420474C43444320283078E9
S315020341102578290A000000004C4344204261636B60
S315020341206C6967687420656E61626C65642E0A0049
S31502034130496E697469616C697A696E6720442F41B5
S31502034140564520324420477261706869637320457D
S315020341506E67696E652E2E2E0A0000004552524F77
S31502034160523A204661696C656420746F206F7065EC
S315020341706E20442F41564520324420656E67696E90
S31502034180650A0000496E697469616C697A696E67CA
S31502034190204D4950492D435349322043616D65727F
S315020341A06120284F5635363430292E2E2E200A000A
S315020341B04552524F523A204661696C656420746FC8
S315020341C020696E697469616C697A652063616D65DC
S315020341D07261202830782578290A00005355434313
S315020341E04553533A2043616D65726120696E697462
S315020341F069616C697A656420616E642063617074B7
S3150203420075726520737461727465642E0A00000008
S31502034210456E746572696E67205265616C2D7469A9
S315020342206D652043616D65726120446973706C61CB
S3150203423079204C6F6F702E2E2E0A00004C6F6F7012
S315020342402025643A20627566666572203D203078C1
S31502034250253038582C207673796E635F636E74202B
S315020342603D2025750A000000202042756620446120
S3150203427074613A203078253034582030782530342A
S315020342805820307825303458203078253034582059
S315020342903078253034582030782530345820307819
S315020342A025303458203078253034580A000000006F
S315020342B025733A2025642525000000004149205430
S315020342C0696D653A20256C75206D73004650433A35
S315020342D0202564207C206E52463A20256400000085
S315020342E05069636F3A202564207C205869616F3ACE
S315020342F020256400474C4344432042756666657233
S315020343004368616E6765204572726F723A2025644F
S315020343100A000000537461727420557365722D6D21
S3150203432061696E2070726F6772616D202843616DD9
S315020343306572612026204C4344204432442054654E
S315020343407374292E0A0000000A00000000450302C6
S3150203435018000000804303020400000060430302C6
S315020343600000006800000068000000800000008072
S315020343700000007000000070C0000222C00002228A
S315020343800000006800000068000000900001090DAB
S3150203439000000068000000680000007800010B0DB1
S315020343A00000006800000068000000270001020DFB
S315020343B00000006800000068740000020001010D9D
S315020343C00000008000000080000000900001090840
S315020343D000000080000000800000007800010B0846
S315020343E00000008000000080000000270001020890
S315020343F00000008000000080740000020001010832
S315020344000000007000000070000000900001090A1D
S3150203441000000070000000700000007800010B0A23
S315020344200000007000000070000000270001020A6D
S315020344300000007000000070740000020001010A0F
S3150203444000000000000000000000009001010905C1
S3150203445000000000000000000000007801010B05C7
S315020344600000000000000000000000270100020512
S3150203447000000000000000007400000201000105B4
S315020344800000002000000020000000900101090442
S3150203449000000020000000200000007801010B0448
S315020344A00000002000000020000000270100020493
S315020344B00000002000000020740000020100010435
S315020344C00000002200000022000000900001090300
S315020344D000000022000000220000007800010B0306
S315020344E00000002200000022000000270000020351
S315020344F000000022A400002274000002000001034F
S3150203450000000068000000680001000D00AC386876
S3150203451000AC38680001000D000000800000008036
S31502034520000100080000008000000080000100086E
S3150203453000000070000000700001000A0000007015
S31502034540000000700001000A0000000000000000E5
S315020345500100000500000020000000200100000405
S31502034560A4000222C00002220000000360B1092255
S315020345703D870E220000000301000200080010001E
S3150203458020000000030000000100000002000000FA
S31502034590000000000D000000303132333435363767
S315020345A0383961626364656630313233343536379E
S315020345B038394142434445460800000041E40202B9
S315020345C000000000080000000000000000000000D8
S315020345D0040000003DEB0202A1EB0202040000000C
S315020345E000000000A1EB020202000000000000002E
S315020345F000000000010000000000000000000000AF
S31502034600000000000100000015F90202010000008B
S3150203461000040000000000006E5500005986FFFFEB
S315020346204A8AFFFF2481FFFF7988FFFF000000000B
S315020346301541F9F8C941130F341AA818CD45305953
S31502034640E7D2ECD1F913AE9A1EC04381272F032773
S31502034650315F48712351FEE1B8D148FA9E309A146C
S315020346600C100712BE4C4ED5F4400D4F0D98268101
S31502034670E8C1D7DDFD2964CD4C59E03F3E5E81D8C2
S31502034680F90437FDE1B150AD3A2C3B1EBEDE4A2B8F
S3150203469055ACFCDE71D6D9A72CCBD5A2F2D313C463
S315020346A094CCE624FC24D41A267208EB234A71819D
S315020346B0CCBA46E8EF1FBDAC4540468113A41A01A6
S315020346C040BDC94605C5F25FF9C7B4C3AA6BD499FF
S315020346D0CE010000EAFFFFFF55FFFFFF770100004F
S315020346E01D0200000F0000001EFFFFFFF1FEFFFF89
S315020346F01201000085FEFFFF28FFFFFF48000000AE
S315020347009DFFFFFF290100007B050000AEFEFFFFB0
S3150203471015FEFFFF15FFFFFF140000009F000000B8
S3150203472057FEFFFF44010000150100000F000000C1
S31502034730F2FEFFFF76010000A5000000FC01000067
S315020347401C0000006A000000B1010000B80300006B
S31502034750E9DB680256EEBBA23BAAA9151E0CE93B8E
S31502034760D6F0B5DCC3AB0C6CA51052DD71E9F4B51A
S315020347705EC5B33DA8C0AD284FBCA9623CA76CFA7F
S315020347801EE6D35BB7CDB76EFB3E7FA2BC57DC32C8
S31502034790DD184A631B5B4F9269AD17579C13D520ED
S315020347A03B1F59FED4E8BC6617760A8C05482119C5
S315020347B0C429BB02CF59200755A193554FEE153C89
S315020347C06FD31B63DFFB27191809D073FAF365B599
S315020347D03966FB293337E8B6BD04EAA5D621D9C41F
S315020347E0E88E6D330950A6C821612254D46AB8AC47
S315020347F0B61D49215B1B12178152D63245D8D358AF
S31502034800AF47DB8A1A6DC0B45D494A07616113FE7D
S315020348102F29B958F3C9506C9165D25B5EEC508768
S31502034820C5E13031A0E9730CED506609AF5E5A62F9
S31502034830BDF09697A26278DB81A50DFBA27CDFAC65
S315020348406A2160AADB4A1517BB6CA204F42FDF5850
S3150203485068282958AE47F7AF1EA5281ACDE4FD0AE4
S31502034860298D02D90093EAD26778D115D6BAD5C172
S31502034870550A2FFAB1459B3443254501646952050E
S315020348807064D1047FBACD9DE29EB774279F62FE00
S31502034890D6EB00FEAFF5342EF2AFAD0B4F27DABCE3
S315020348A04C9D2E0B6A275DB39FA388D1B615E351A0
S315020348B03EE7D1EADBC6FB700E9940DC1B6765D186
S315020348C0BB9036652833E385C538F88769BFB730A9
S315020348D046780D3AECE531174E62085814E402CDD8
S315020348E0F40EB82079AF682A010C55D0E71EC8CF5B
S315020348F0637B199BDE059449DCCEB8AC367F354D16
S315020349002DFFE9B9A830B72715B7371C13C5E7CD6D
S31502034910BE4C12F21C9B9FAADC225E4848F30AC6CF
S315020349201AE6A6F9115C701487C54D2D2376A9F7ED
S315020349306FA648591C9014487590FC9E0671261F53
S31502034940463CBA57293415DE88C6E4982C1B1984CB
S31502034950E109A81D81E13B19A6C52C6BE31F2CD0E7
S3150203496099570C222E171CF17440ACD92BA22DBFDA
S31502034970EA68DE2762004EC0BE5BF0AD05CC095D78
S3150203498077232578AC55021E52986848F71C51AB1B
S315020349901ED86857A2BAFD4FFBA30B9F3E457783EA
S315020349A02CFBFA61B381733DB6BBEFB8E3892E9E46
S315020349B09E84C997F631945E633A18F48E74B3D51E
S315020349C0AA09C9B637C458E90606B17DA7FB51AC95
S315020349D0DA4A67DA5EF687F93BC7B5CCAA92C5E926
S315020349E026E829E6B5AAE5A35A6562FAD69C56D8FD
S315020349F06E45D4CDB37AE3F874019303409E2746FA
S31502034A00310AFE69321EF752AF5E213BA56DE51FE1
S31502034A100F143C668F51EDD859AA54412AF4618486
S31502034A202FB487B1EA5406137F9BFBC1FDFA458374
S31502034A30AFBE3F0B87136653500F3E3AB7369034D9
S31502034A4054D2E2AB521989564EFC5043BECEF2B84B
S31502034A501124D8AC340EC1F6081E3366EDDEB7C593
S31502034A60C65DCA1C0DEE526C9C66313CD017B274FD
S31502034A7059E729FA730CF94D5568A09A01F0F670B5
S31502034A801ABBB503C7FDECA22870AC68602F326A65
S31502034A90F6DFF269C33413FC524E0C18DE68553343
S31502034AA02A5881BB202F50E515E4B75EB291DD3655
S31502034AB0FCFC6A254395C9831F22F02DE2AC95DDE2
S31502034AC001F797BCFD5A8C9367F5ED12F1C29F5E0F
S31502034AD036F818E2AD09D2CE27B52D9C480B922E95
S31502034AE02BF1ACCD41ACB8624CBBEFF3A36351AE31
S31502034AF0A8FC6028D55C5DA4FB4B9599B081D25E78
S31502034B0019146015CC9F1AEA5E18DC5B69FF36D668
S31502034B10C95351BBF4756028242A0EAA694ED704D9
S31502034B20DE4DAEB5F71536B21F32848EC761ACB011
S31502034B30596B6F51D204EB1BD8648FD999C8F5C14F
S31502034B40FFFE2D124D1EB7E5A2FD0DD3083B713AAA
S31502034B507FAD96EB2DED95B84938B566F83C3B1516
S31502034B6051F1486F9C3E62DC310AF2D6D6DFDBC7CF
S31502034B707F16F8716D61331D7760B36D1DB61BBF6A
S31502034B80C0997E1E344D1B8D8FA2F04C4818220706
S31502034B90ABB92F3CBD4BD9C2E36CB706DACAA7A29F
S31502034BA05457712DAAA1081DF2CFDDA4B950680886
S31502034BB03D57C820523DC1C0296AB93AB623D462C9
S31502034BC093EBBAE82EAD14E4A7F303C4B0E0ABE06B
S31502034BD00C41C4074EFFDF25C32DF70BDC0B27C69B
S31502034BE0A1DEE1B211F40F55CADF559A5C20DC6EE1
S31502034BF0B2C1C90FF9BCF5346E2698DBF0B8E6717B
S31502034C00DC9DB55D2C04AC48E7DC204C3265FC2CFC
S31502034C107029D279475B1A3E537AF0F5E91D97ABB1
S31502034C20D1671F15E01A3F7FA19A572E5DDC1C3F01
S31502034C3076D25E684E7E524F57AA11D84C584AD343
S31502034C4097BCB90E4FEB7FD5AC340010A1985D1318
S31502034C502E72E334A9EE2249CB52D517E12609EE89
S31502034C60304DCB96992557BAE927D2C1F267BA07CF
S31502034C70DBC8A85EE2F9580E9833CCD68B4C55D1D5
S31502034C803CA4661AB7A16A7602D0A11A7FC249FC6E
S31502034C90E1B369544FDF1697C9D75A55EFC7D2C343
S31502034CA0EEECF42EE3411C5CBDD9FD2FAD9CC73D52
S31502034CB062FF13FB6F7F18B518C241604BAE50CA31
S31502034CC0703861443C02081EDAFB2A62F9F0F9479E
S31502034CD0AB0E69B3BDD0C2630B542BE240C94A2261
S31502034CE037F7A6E7B6D1A373661B64E25372F9528A
S31502034CF00EE1E04150B732A332F9BA0561FCA9923B
S31502034D004C03A913290C3C5F41391E500E2E36A0C3
S31502034D100301C4F8BD625FBC0A61CDE512B2D4B128
S31502034D20F4B5FA18A29FCDF63D26D05ED2BEFE5842
S31502034D30DD53B9FDC70038BA09EF3398F82D5A4542
S31502034D40B02F9FC18CDAA51C4B3995D72E7F9A6457
S31502034D50AEF75EBA2C7ABF2B2935883BF4C5C1BCA4
S31502034D6069465A396847D02BD82EB139932A230874
S31502034D708E4B3146D52CD4AF0CC74051355F5DEB14
S31502034D80BD8F056AEA7F3A242C6B380E6F67194E7C
S31502034D904E04D1554C5FDFEE1456524EF95C87E34F
S31502034DA008A13B05035A62004F03ED7E43E3AB1DA5
S31502034DB020901B5DD1AAB89432A15230653B842F51
S31502034DC01C346B6FA1EE0BC7133EAC1966C8DA49E6
S31502034DD0E3E51C08CC61A0DC9AD2EBF10108548905
S31502034DE05668ED14EB4D5FAF8A5DA78C1E9A455F3D
S31502034DF0A3B028928AF87E1A0B81B74172CC27D1C7
S31502034E0006ECB09B884650DA124B998AF069071072
S31502034E10966974B0F69D910AFA5190CED4263EC78E
S31502034E2019E948EA68CE1AAC229AF072222D0424B2
S31502034E303EE88F8DE523D946D6FCB4F8891318FFCD
S31502034E401BE63A1E9BF80A59D92AF289596E183477
S31502034E50C781DF624D8AAA6AA7D9B797403DFFAEDB
S31502034E60C5FDE2BC6DDE4D448DBBC36859B43CD06F
S31502034E7027254C1C4AA46A6F5BC529118B21D0488E
S31502034E8054A47946EB55D11262C42CBCBE94CE35DA
S31502034E9068B51B0914C6DEB43B96AC11BC2E5DB7CE
S31502034EA0F848D835EA171507147D0FEF3ECF7A581F
S31502034EB0D10BED1C19373FC4D599CBB6F7921D5BBF
S31502034EC0509FF05FB80A150C5D2E1352E37F55DC33
S31502034ED0ED41425FAD5410320802A102FA5423AEE9
S31502034EE0C1D3B8DD0FCBA8B148AD8E281516CC7F3A
S31502034EF05E26EE3125D7E687A2D79E8DDBB5B2664F
S31502034F00368E9B23246B2FF75C3F5E556CCAB0D05B
S31502034F10DAB6C5059EABD34ABEA2150D744A6D68B1
S31502034F2050024EDF3771E8510B5D1D5D0F0CF5FD27
S31502034F30544D49A25CCA421203D4BF360C26D6B3D9
S31502034F40ACED0BEB69DA49BB39AAEA4E0EEF01DA8D
S31502034F501014B6A470569BDBF9091BFBABB9B35607
S31502034F60F4C5FE4E1D40B119CF2FE86C38C606F7BD
S31502034F70441AE6BA83003C4922E242488EF0396972
S31502034F800B632ABC1BAE3CA9AB4C6C81DDD439EB5B
S31502034F9028D3BBAC5FC86E44B74FC2A465A69AC1F9
S31502034FA02E56A1C35AC226226209A163E4B2CE8B4C
S31502034FB03E4005150EF9D4A70CFC065F419F60FF20
S31502034FC0D8A7F7F5D6AED628E8FBF5F474B9C09D93
S31502034FD0CA1D9EEA7F64CE07CC1847AF31D5495C1A
S31502034FE075B8BF9D56586CEAD528C4232208EA60D1
S31502034FF032AC0028738A009F29B65254038507E10F
S315020350005AE3A46946AD68DA02EB5417524148EDF6
S31502035010E82A052569F19E0B98FC0694B7AA671E32
S315020350204FADA4D15DC9D548AFF7723281AFD80669
S315020350302F278D9850F36EA508D3D8A83AEC5B5E5A
S31502035040D2CB03A35F096DF49B2E7B2152DAE2597D
S31502035050ABC88FB5A98DB49D41754F2C7F3AD184C8
S31502035060A62628C75EA8C1D435DD46366B39FEBDF2
S31502035070FE033118C4A23DE6AE94640010D427455C
S31502035080A9D1E50D593744AF084A1BFB58F6225CF2
S315020350909D5ECBA09430D1E2D4235D623FAC8FA553
S315020350A0A89ABB84FC3CEC95168B0AAFE81A9A1BAA
S315020350B0A5D2BDEC599EA62D3487E43337059CF55C
S315020350C0C14815AE3E58FDCF1ADAA9316094295D5F
S315020350D07289224A6CC4EA00BA668E077132463076
S315020350E0AE7CA1FA2BE0CF1DCF3EB24F75383433D7
S315020350F0F054F90A8FEEE7912F9B3621434A1B1987
S315020351003F41C852C2E0AAB3E1E87FFB8FEBE6A4B4
S315020351104090F2FC860100F9A2817662A3E11AEDC0
S31502035120741EA4C61A4F651A26500F2B0DF5A1EE4F
S31502035130E2C2A296BE64CB78A9733E28CA4FE6732F
S31502035140F014E65FFDCA06A75D3942170F9F4ADCD4
S3150203515070F3CF439A4F52714DB2B9072394A819EC
S31502035160E55957B1530BDA11B6750AEED5653450C4
S315020351701D14D3B1ABD4CE053E6C32C6F64759F5F0
S315020351804AFD40ACBB17F4F8A33AAE0E511BF2E844
S315020351904D4BB2BCC0CFAB68B61F211D6D2A4E75EF
S315020351A06A503AC5B6B905F163FFB8C6E0C4EF3A29
S315020351B034E5A67A2E0E921948DE05BF2ECE646B0F
S315020351C063037FDDCBC4F426E50EF4C448136137CB
S315020351D05AFD552FBBD2A6AFE18D3D51CAB50A631F
S315020351E05F7FB960FB1B92B88557B2BFCA02F9EB60
S315020351F0990E5A461196D1206D30A73295F5122F84
S3150203520016C8BEE0A41D3A3E68F2633324EDAE0C23
S315020352104A4DEE59BE2EABF94232109AA3BEAC2FBB
S31502035220BAA57FDF3D8F45B3BFB6F2FB0450A2E8B2
S31502035230292B3EC1B10898FD51EAB2B5678ED5DE78
S31502035240A56B24D3AAE3370AEE06E0E6AC03610EA6
S3150203525032FEB7C1FF5FF267316DD44D0364C7ED0A
S3150203526013133FAC4EA17924A934DC6D816CA8DA01
S31502035270C8CC3A596BAE24A97A4A30207CC8EA14C0
S3150203528001B6EDBC4376255ACE6451618E17FD3BBA
S3150203529018CBE01FA816D7F76CC806ED82023B0DA2
S315020352A00C2D3EB61FB8AD16B41ED57F1191B706A7
S315020352B0CDC5A5CF26F2FF2451C3FD5165DD584462
S315020352C0D65D03A73CD5046199BAD8DD9D18C506F8
S315020352D0A4BDC15ADC6605D1AA662BD1D7CCCFC4ED
S315020352E02920A3F0B322A760E3A95B1FD3FD0CCA4F
S315020352F032BA517C4449E1A1F603C2C27FA3E97CD7
S31502035300E4C0442B4147037A2F913162CFCA305FFF
S315020353101D1DD7FD77E6BB9939CD0F2E0DC8D624B1
S315020353204C1F73E8BECDC116C135147ED64345BCA8
S315020353304768FFA737C3DD13C2DA1F2FCE003D69C5
S31502035340B8F037333C5BB60A1ED9D7C20B57F91EE0
S3150203535003F8FFFF181000000A1C00008909000069
S31502035360F3F0FFFF4DF0FFFFDD440000B30800003A
S31502035370E909000038FBFFFFA32A0000FBFEFFFF3B
S315020353800DE8FFFF740800004B3C0000D428000020
S31502035390912B0000FC1300001EEDFFFFA1E2FFFFAD
S315020353A0540F0000EB8C0000855900008C4E000060
S315020353B0710400007704000094120000D40B00006D
S315020353C00A0800000CF1FFFFF51700004AF6FFFF7B
S315020353D05DFFFFFF23120000E6FFFFFF4C04000000
S315020353E05A290000080F00008AF8FFFFD8100000B0
S315020353F0EA220000D61B000023150000CF2C000072
S31502035400B91200002317000047080000CA1B000058
S31502035410921300006AEBFFFFB5E6FFFF2B020000C3
S315020354208FFEFFFFB2FAFFFFFE0B00009CFFFFFF9A
S31502035430DF00000097FCFFFFD9EBFFFF11390000E5
S315020354401CFCFFFF0905000054FAFFFF00F9FFFFEA
S3150203545059F2FFFF001D0000075300002806000053
S3150203546077F5FFFFA9030000A4060000A2070000C8
S31502035470BA050000B6FAFFFF00020000642400002A
S31502035480B8FEFFFF544D00006439000033FBFFFFF3
S31502035490DE210000E1060000A3FEFFFFB8050000BF
S315020354A06D3D0000C92000004B120000EB05000011
S315020354B0CF160000EF0E000006FFFFFF46E6FFFFD2
S315020354C0240300007CF9FFFF9AF8FFFF72F6FFFF41
S315020354D0E767FF81E6DEE2B5EC0DF9601CC5FE2A3D
S315020354E0D119B5FFE5EB1FB2393FCA08040E28816D
S315020354F0130EF32F1F1BC7CB7FE9F4180058B314FF
S315020355002AB40E8106EFF1F673F05633F03A127CA3
S31502035510874D04280DFB1135FE0C12D781F7FF11B7
S31502035520FD467F100959B85CCB54F4E71ADF8110A4
S3150203553031D27F9819F1D852BDB228EB0A4CF660E4
S31502035540287FF8C159FE0DC2744ED51726E6562D8D
S31502035550FFBB04B618D914C5153433FF187F512778
S315020355600BEDFD7F32FB20C7BC6721E407B9FE07BB
S315020355700426D68113FBF31D1DCC07E3F5CBF413E7
S31502035580F90D0FEE54EC51CBA723F51F0C7FB8D9B7
S3150203559039F19CF415BA1D002233B2FEE77F1317C5
S315020355A0F504ED080881F90F05F302020CF3050D64
S315020355B030DC6EE038F3819002DE0E2014ADFAE79A
S315020355C0BEF8EBE1F0F87F59EC596EF6F87728FF4F
S315020355D01A317F5EF4FE593ABA1BAF031C0118C493
S315020355E0D2A1FB20C0F1C80F81DD0ACF032B47D519
S315020355F008240B3E270612014129E2E50D7F2E1CE4
S315020356001BED311A5105ABC7A3C0D381D4C000DE4B
S3150203561050E3CAEC13812217D93182032D113CECD4
S3150203562078C5720ED3E3017F17A63F40E8762F6152
S31502035630D64AC67FD3067C3EE80EE321100237EC38
S3150203564032FD7494520A054A08FB20E2EFF5810BF8
S3150203565081220EF4067115F4001C70FAAE1630E2BE
S3150203566020201720090E4CCE0581EEECF0DF19112E
S31502035670D1FFF500D100D6DF87D40ACE077FD52F17
S31502035680FE1707451EDEF4E13C0CE304097FF70926
S315020356900733221E7FF51B129FDFD1F00C6122E72F
S315020356A0F4030210080B0F17F9FEF8810AF900FF3B
S315020356B0F44DDB57CBED2C81DD47E404442B4A54EE
S315020356C0D8E7EEB8F204DBA81547FC81E0D90C0E45
S315020356D081C2F1303E2DED09F1CEAA2643102939B6
S315020356E0FAE0E200A1EAAE02431B01D12A967F2326
S315020356F038EF4A1F250FD05BB2D5461909FCE77F5F
S31502035700CF32C018F0F320895D64ACFCFC015F81E3
S31502035710BF35017340407F2FCC10FCE8DC3EA0CBA3
S3150203572015E518D8E5FBD9DDC90C0005FC812BDF8D
S31502035730375300D77D0721D87F58EFFA08E52D178F
S31502035740D751F381FD15D91E2BAEE9E70C4C24067E
S31502035750F8E2159D060000E881EF09D8EB914BBBF1
S31502035760EFF8D6E80FE717FADF04DBF181041C1B17
S315020357707F42EFFDB1C9E9DC0E2346DABF36508A12
S315020357800C5BCB1F2FDB74E75479C01B2981BBC18A
S31502035790D8E3F5CE4F059881DEEA1517F7EB33BA50
S315020357A0F65481CB2EA927A80614E7B241EB5CE691
S315020357B0020DEEA6F61516E481E3000B008C52D514
S315020357C00D2D0FEB7FFBE90BC81F0510000564E2E5
S315020357D081AFE3283E17FDF2FDF999253D103B3BC8
S315020357E006FF56417FFD231181C5D3C601760DCF30
S315020357F020F6B7FD1181D4F9F3F0F1E72AF2F70E99
S315020358000F1731081BFB011B8137029BFD91DD5EDE
S31502035810034A07372B0918264453EDBC297F482030
S31502035820FAC8EAF5A3F1B7FB321C06CC268A7F1126
S3150203583054F1E025795481D2B90FCF9F00B1FDCD42
S315020358402EEE0C072CE1AD81D3B5C506F7EF07F0B3
S31502035850F3071BF1F7EDAC43FA7FFBF7150BF8FAE7
S31502035860F71CE0F0D7DA724BE20EF2F61A097FF46E
S31502035870280881114E6BE93086DB0001ED24F5F22F
S3150203588098436310BECB7A7F0F0027E808103EFBCE
S31502035890FA00CCF71881F4FEF0E203ED15F01700D7
S315020358A016FD217F42151B0BAC050B21F80F25D1E3
S315020358B0DB7F18DEE4F6C740F5CBACD2FF9ECFD62C
S315020358C0CA29E97FAD18B5D4AEDBE0CF2647353317
S315020358D00904FF37000CF3401F12EBD2FE813C0092
S315020358E0ECE4FD812BDC40DAF21A01A7FF051ACAA2
S315020358F019D031E80114ED70FFBD3E22F17FEE3A75
S31502035900FA42F481FE05D1215098DCF51D4954155E
S31502035910DB3B7F04030705F4E5F0F2D11DE46FE1F7
S315020359207F5BF3EBADD9F4D0FE0850CBBC3F60A14D
S315020359303011C8FBDC213B7FE367DD06093AE40C41
S315020359400DF3000B03AE0319E917BF0A81FD222DDE
S31502035950091A81090B161960D1E309F01A0FFF0818
S31502035960C71D300228DFBE8118AD2EE100C638F10D
S31502035970FD1A2D7F14FFA94FBD17DD2D109C1BA306
S31502035980ED09CD0F0E0706F55E1CF9FD097FCA0563
S31502035990F8F2F80B04F8F13607DDF281FC020D0F7B
S315020359A0FC14F47FC3195C5B1A3EF51FFBEB06007E
S315020359B0051514813AD6CE2010C6FBD4327E1D3588
S315020359C0EBA9BDD1B4001AB87F18193A153427C604
S315020359D0CF237FA920DF22A9B51EC9B0366D77BAB8
S315020359E0D02481134B89F331F5CA4202120600F41D
S315020359F07FFFF6120E86F20CF7F797047B05081F54
S31502035A00E84BA0B8DFE52281412CCA9A1B2A3B61E7
S31502035A10D0173DDB09F24481C94604AE14473AFC6A
S31502035A20AA7F2192C0EBE602C9FDC50D02FEA9E2D9
S31502035A30F810EDFDF5E17F19F9DB0204121D61E8A9
S31502035A40EBD9048B0AE52EF8F60FFE81EA0103DB96
S31502035A507DE55A1807870A3FD94281CE2B2A62F679
S31502035A601BE7D7D517F5E4FCD20F1BC57F0310D36B
S31502035A70EAC915B84A07D1522DA2DBE8027A158183
S31502035A80CE14F5DEFDFFF4BE0D45FA81F2F42703CB
S31502035A90ED102B10FD81110005ECFCF706EA170445
S31502035AA02AE37FEAD53210DEE50BB6F5E902150ADB
S31502035AB02203EEE51EF2F5F9E6E70BCF7FE41EE5D8
S31502035AC07F65F920A0F8BB01E2EA6BCAC61B5CB18B
S31502035AD021DBFFFF1E530000049BFFFF3FEFFFFF87
S31502035AE05AD8FFFFC7270000CB730000843AFFFF93
S31502035AF05D010000414000003B550000972800006D
S31502035B003BE8FFFF96360000C9E9FFFF9C2C000025
S31502035B10EBEB09E617FAD0031B01F3FFF7FDEC07DC
S31502035B20FF02FCFD0EE6FD080306057F24E12DFCBC
S31502035B3005050AFDFC0FE2F9F70C022405180C0809
S31502035B401E01FCFE15F4F14C0A07E5DBF316F7DE3C
S31502035B50D2C4EF26071012EBF6EA00EAE91CFB0BA6
S31502035B60FDEA151202EDF4AA04F408032BDFE2F0B0
S31502035B702EB0C5B877E33A2AD1B5D1E00CF4BA32DE
S31502035B80BF0A371AEF29E2B902E4F1AC2CE4B232C6
S31502035B90F21B0ADF1502000CE928C9D1CA4F0EF916
S31502035BA00EBE10C1EE183731C4DEE5C905E4F7C1EE
S31502035BB0A56DE8D1EBC7EB202881F4FB3BBE251488
S31502035BC006EA07FFD922E41E16DBEC092DEEFF7661
S31502035BD0FD4AA2FD68620637118110E0F5061B2411
S31502035BE01EEBC8472E05520E431703DB290B3AC099
S31502035BF02E1EE43885B91F1604C931F11200194C59
S31502035C00EE1DEDE26DFEEC2C3B1225010E1B22D09E
S31502035C100601EC0DD708EAC6B5AC07534A4314F19D
S31502035C202DD903EDDF070642F6231BEDF8E4E5F271
S31502035C30310F500F2FEC07FD08BD18E6FF1D2C4050
S31502035C401FF5170A7FFC1C0D3901F80E18200E3DAD
S31502035C50A51B1B0EE8E5FD33C9F14D211A2DE5BF40
S31502035C60DCEEDE24F2A2F4FAB54323250C4BF3D57C
S31502035C701443F5E91AED03BF1FF72BEF0D062A2688
S31502035C80F9CE21FDDC01192E0F0F1C1A205A3EE311
S31502035C90090303DD7F2AFDE4C4CED1D8C619F14830
S31502035CA01DB5C64CDD0225EBF4F704E609F431D83B
S31502035CB05707EB0C2A1DFB06EDF2D5CDFDB5E8120F
S31502035CC01D13DF0EF7DF09F20B07DF3310424820FD
S31502035CD03425EEF8D70237492D9CD2E50B1F50D354
S31502035CE0F8D001EEC6193A2AD02213CBFF1608E2E0
S31502035CF00AFCEC1711F72DEAF4D1EE0DF61D060197
S31502035D00F8FB0BFD2907DA440F0C0A9DF9251D182A
S31502035D10F20905D6140DEE16F7F61CF5FF0B00EF86
S31502035D20EDE906F6F5E4F8B7FF16E61D5117092D58
S31502035D30F237FF540B6110130B08FE41DFF01A0210
S31502035D40F0F01015EA13FA7F031A02EB0320D214BA
S31502035D5025AE18DCE2022817FC0AEFB5DEFAE210DA
S31502035D6011FA07F5CB1C0F09ED00ECEEEB051DF45A
S31502035D70350B3FF0F5F601A9EB5A03DD0CE1F516F7
S31502035D80ED1EE63AE3BFF703FAC9F4FDF1442AB17D
S31502035D9018E8FAE7EBF07F0BCF04E502B6E318093E
S31502035DA01D250F02E2052710FF0223D7FAEEDFF5C0
S31502035DB0FA7F24066A2B34DFE3DF24EFEA1A211F74
S31502035DC011E1081925D73112FB0B02070FF0050E55
S31502035DD02300D408120BEB51D41A1019FADB1BED6C
S31502035DE0DEEA1E100AD4E4342307E50100E100FFCC
S31502035DF0C83CE4ACFCD3FB47E5DC05FD303130ECB3
S31502035E00D3DBF902F82FF1F9E619DDD5D3EC160641
S31502035E10FAF539138ADF25F3295A3607F10C1B07DC
S31502035E20D31107FDDE07814A07D637E9080FFB358B
S31502035E3047EF06E7ECF30F210BE42406D401240A09
S31502035E4098FF100DCBE2DE290DCEAEE801E2DCF5BA
S31502035E500B53FBC917FAD9DF283D33FCF8E3E71FD7
S31502035E60AC02E6F61C03432A14DB2738FFF4290F98
S31502035E70009BF4275444D4E23BE35058EC075D8A73
S31502035E8015E4F10CEEDC0EF8F41A0311E5020FE544
S31502035E900A0DA326ED05063721BFFB4506FFC0EC17
S31502035EA0200FF2A4392AF4AE0358F90003CFE37F95
S31502035EB0B006FCF4FF2CD0A02D0B042044CC080B17
S31502035EC002EE0B1AFCC323FBF6E3CD26C5FF14D55C
S31502035ED0C9EADBD7E90B30EB290424281602FA00B8
S31502035EE00319EAF005231712F7F60C8823E13EE1BC
S31502035EF00812010A021F00F912E025D71009210C24
S31502035F000631E9F4E4EBF6C51712F7DE1907FC06C8
S31502035F10D550F9E41AE9FDEEDC09143EEF30E5103B
S31502035F20F303141A11E0EE7F0CFF1A0D12DD39D5B5
S31502035F30A911F5FA22C9E8F1D5FCF9160F13DC0209
S31502035F40370AC2D115F8FB0043FD3A0EE820CD18F5
S31502035F50FD13EDE9F1111A0EF0EE010F4C12491C75
S31502035F60311DF01F12CF1600BBFAE3D7FDF2FF1164
S31502035F70FAEE200A1F0FFB19EE0A1D11E463853E92
S31502035F80DFFABDAE7F0A25F40B25EFD5D731EBEC4D
S31502035F90FEF0E2FF480113FEF919130503E626E4B0
S31502035FA0E0F3F7E2FCF7C53DE52FDD5CE617E00D0E
S31502035FB0EB270B0DE3E42408F9FBF6F4F1EE121BCF
S31502035FC0F7E8FFE1E513F0DFE8F40B12F2EEF83C33
S31502035FD03EBF0833D581F92916000B511CF5FD1175
S31502035FE0F316CD05FFF615CDF00800FFDA26E11DFF
S31502035FF0AF5BF8F0B3FC0711BDEA2B22590CEA0298
S31502036000E520CEF015E749C64531EB0100D9D88C18
S3150203601095CC0405E81B15E7D956FC0835EFF812AB
S315020360203AE722603CB35AF0D5482A0B2431FE24C0
S315020360300CDDFFFD0B0E22811FCFA0FA2918DBD63A
S3150203604052DF03E21BF470F7EAF0EE0D23DEDF10F4
S31502036050ED0FFDBB1CF00D238B20120BE6B1A1E362
S315020360609FF9520303F40990C40CC5DD04D0F0DF93
S31502036070B4E914F1F00C13F80561A1D8BBFD0B04C6
S315020360807FD519E91E2F9A3BD81596FEFE1938219C
S31502036090192EFAF6B7093E352DE1DE1252A3ECA20A
S315020360A00CD5F5321EBDD5FDB81410301C0EF8F909
S315020360B0DDAFF8DB0A02F8C5EF12FBE12AFB35F77F
S315020360C0A700F213F106BCE0EFF5F60DEDEB3AB9D4
S315020360D0021810FEFE15AD0711BBFF20EED2311ECC
S315020360E02D0EFA81FD26F62C28EDE61AF9F91FF68E
S315020360F001F4F1FBED1BFF23D407FDD9E9FF060EDD
S31502036100FD23F847F6CCD5E0D332194FDFEEFFF87D
S31502036110703B000096E30000D9FDFFFFC7010000B4
S315020361207535000041E1FFFFD502000060FAFFFF6B
S31502036130851600004E1F0000A0E9FFFFC4020000FF
S315020361408E030000BA0E00009811000098DAFFFFD2
S315020361505AF0FFFFA3FBFFFF8FFBFFFFFA3100009D
S3150203616008DDFFFF4433000070F8FFFF3F12000013
S31502036170BA2300005D0000008CEAFFFF3D3B0000EE
S315020361801D350000A2B0FFFFB20700007D560000D6
S31502036190CE5C000028D4FFFF8107000020FFFFFF2B
S315020361A09301000069010000870B000096E1FFFFDF
S315020361B040EAFFFFD4FCFFFF5DE1FFFFC0FDFFFFE7
S315020361C0F47C000064FCFFFFFD2F000093FDFFFF3C
S315020361D0A5C9FFFFE2050000B0FFFFFF2A01000089
S315020361E06CF9FFFF604800009EF2FFFF4F33000089
S315020361F0545A000076000000C787000068FCFFFFC0
S31502036200CEDFFFFF20FBFFFF1C0400003EFDFFFF66
S315020362104CF6FFFFDE3000002AFAFFFFCFDCFFFF5A
S3150203622092F0FFFF3009000012050000C8EBFFFFE2
S31502036230640200009F00000082F9FFFFFEE6FFFFF3
S3150203624014FCFFFF1EFBFFFFBBAB00000EE8FFFFC4
S31502036250FBE7FFFF9CD1FFFF4CFFFFFF1EFEFFFF85
S315020362601DCD0000B3C5FFFF20D6FFFFB495FFFF88
S3150203627014E3FFFFE62000007BF5FFFFD093000047
S31502036280F0FEFFFF53F4FFFF9EF6FFFF92010000AD
S31502036290D0B6F47F16484FC7F2EDF0FCE2012601B1
S315020362A0F5D71B1612817F05AF0931E481812718C1
S315020362B00B1B39ECE0F51FF9F31D9B4A18BC252D80
S315020362C0EC36E91305FA0F32A4CFC2EFF5010B2818
S315020362D045E84C0FFA0E137F19181EFEF6137FF9C3
S315020362E0F20DE5167E18B6EFFFE0F0DE00E8F11BCD
S315020362F07F81496AD57F2B8F4504EF7F7F9EF30EFD
S315020363000B7F7F927FB65245818CBDDFCA30C4ECC8
S31502036310A63481AAD2F1CD40007F7F51CC8D8FCD99
S31502036320EF812D5445E02C53D02AB091D3D8C346DE
S315020363304AC51C1FB220ED5B767F0E12023CDF3389
S31502036340417F7FEAF84C947F889D0381A681DA6CAC
S31502036350B3F21BAC0FE844FA51DDE311ECFFF8F399
S31502036360F6F108FDEC9A1DFF866206CA7733F10839
S31502036370000F0CE1F621140E190C8B3E10ED240DC1
S31502036380F00BF005F801FE16BE05E03502292102DF
S31502036390FBDBE1180901FD260CE6FC02F5FBAB0269
S315020363A0EBE9EF05940CE1E9CD19E5E21CE6F2030C
S315020363B0BEB347DAD060137FCBE9FF88198B4F2030
S315020363C0FDC5F05839BF2E31A6F57FEBE940799723
S315020363D0815BACC7DA1FE560D1E7FF2BCE7FE941CC
S315020363E00F6014FE0EC91D207F7AB4AE7FE0DE7FF6
S315020363F047DCF2FF7F267F5FD965FA0C0E0EDF09B3
S31502036400D67BB1710222CD1D4E81DFF87FBDE90233
S31502036410437D378C7F525C27817F7FD8BE81817F04
S315020364207FC286CD6A5F827F93A7D67F816E818183
S31502036430A97F6B7F7F81997FC0A26C8181DB81817A
S315020364407F91562B7F7F7F816381817F13B1819CED
S31502036450817F817F868194AF81B17F7F817FB17F87
S315020364607F1ED6813C7F5D2D7F0D7F01BD257F81FA
S31502036470C9F2CE25C89C22E813DDE45C00630F0B48
S31502036480FB41FB7C04ABD406B568B9EDBAEF11C187
S31502036490BB2705EDE22CBF2C7FFDD71BD7C30F2CE1
S315020364A00876F406DAB8041360020317DD7F5CCDBF
S315020364B0D50D26F4B579EEAE01CAEFEA1B104DDB14
S315020364C0BAD73911D1EF47160F3ED313D562E5FC7E
S315020364D0BC01FAEA0DD3451C36E2DCFD1114E603D0
S315020364E0FB420900CCAC00F7E7CC24BD5C271919A3
S315020364F00FFAF6D1F723FE00F2FAC263021F0B2448
S31502036500F1E10AEC15FF090EB819F10F0F01EDFDC2
S31502036510FFD3D30FE20E19200EEC1F041206B1F4B9
S31502036520F8F71110810810D4C4CDE4D00A3CEDF972
S315020365307A2081DCB8E72921BEE2ED93B275F4280D
S3150203654004D0F8815ECCD800947FCD15DDECF6FB42
S31502036550C10F1D05E7E47F360BF144DCDA4CBCD4EC
S31502036560E0FA8181CCE70227BBFA0E27F9EF0AD3B9
S31502036570CA2241E9746EE8BE0CC7050464053116E6
S315020365800C9ECD04010A7F29C126EC922A53F51CDF
S31502036590CA0BEE1C0FBB8104F4F8F0020DE91502D7
S315020365A0F7F2060FCFB90C0111A41404CED9F910D0
S315020365B02AEDFDE7DB032BD818FCCEDD01431710CA
S315020365C0F7FB09F71005FBFAC1F506DCF50B56F6E0
S315020365D023FFFF1C0207FC16EF11000F25004AF4E6
S315020365E003F8F7F049032DD93728EEC7FB03F1F277
S315020365F018070000A3190000173F0000214A0000F4
S31502036600323A000038F5FFFFCCF9FFFF400D0000D8
S315020366107559000034EFFFFF613B00006E11000065
S315020366203F2400001A370000567E0000360400009D
S315020366306E080000651E00004732000019150000AF
S3150203664073FEFFFF97010000BC23000034FAFFFF2D
S31502036650F71100002C0000008E280000862000009F
S315020366606E200000EF83000039CF00006F4A00005E
S31502036670A5190000E3FDFFFF472800007309000088
S3150203668056080000440D0000D94D000068FCFFFFC8
S3150203669027320000C6260000A696000091F2FFFFED
S315020366A0387600009F1E000044100000913200005D
S315020366B0C70E0100C02400005EFDFFFF2123000078
S315020366C024EDFFFF19FFFFFF82F7FFFF8A15000084
S315020366D0ABFEFFFF683B0000DB1200000523000050
S315020366E02F120000764600000A19000090110000DE
S315020366F013270000412100002E150000A9E5FFFF24
S315020367007F1C00006FF0FFFFA5110000FE2A0000A8
S315020367105E44000088160000F5ECFFFFD8E9FFFF90
S31502036720CD1B0000FF000000EA090000E8FCFFFFA2
S31502036730A53800002F2B0000571D0000CC43000094
S315020367404B0C00008B010000E1300000AAFD0000A3
S31502036750E52F0000A8300000C51A00000EFFFFFF58
S315020367604F1800007517000040120000432B00006B
S31502036770EB3EEA43122410F51B26C058038B3581E0
S315020367801B3116F201E27FA41550E6FF0AD42F123B
S315020367908126DEF1F0F8336CE63570DAA92132CFC1
S315020367A0E4120B39E6471C430F38810D00CDCBC8E3
S315020367B00FF92640EC45FB2905F60CF712FB81EA95
S315020367C0FCEA36E80DD4F114BA4CDF81000FC6F8A1
S315020367D000081CE42A46C1C7DEFB48D97FF7E8D97D
S315020367E015047FF8F6EB0EDFC025B5D6EE0E17DEDF
S315020367F01A13292EC86D1E1A110D17B3B5F481AAE1
S315020368002882412320EAEF156CF53B06E21181EC5F
S31502036810C290F9D092E8FF386F7F2AF7D74570ED19
S315020368203BDFF0BF0ADB9B81DE39E2CC14DF27BAFA
S31502036830FBFF16CFEACE82DFB5A1F106157F3E3AFC
S31502036840EB81E8462ED5F3F1462F101A393266F953
S31502036850F1913E153357F87F0447FFB8F82AA6701D
S3150203686009DF002E0EFA57FCFF8112D5FEE2FCE485
S315020368701FC5CD19030917C37F385AEFFF54297D64
S31502036880C8D0657F485106087ABE01D3DC3E970F0E
S31502036890E8190B148F0ADD32C2DBE2D20C81410CFA
S315020368A03BAD2FBC572B9A6F70B86E61E534447FAC
S315020368B029E841D1EA0ECB3BF6CA4CECFA02D17F68
S315020368C0C1F10FF1200D91B2E74BFB2281EC30FBB4
S315020368D019EB0DEA1FCE00FB8111FED8EFF839EC56
S315020368E0150108FE0304F309FF0124F27FFE01DE0C
S315020368F0FB0217CBECEC33FFD0090581FDB21A116B
S31502036900B90CE4E41D00D481F133E4D4D8E6FEE6FF
S3150203691014ED2C9D74DC191570ED2EEEE87FF43917
S3150203692060E10DD6E4D5FAEAD60B810906EAFA2A1C
S3150203693088EF81B538FA3FC6F736AC2639DBCA3655
S31502036940C0EDFA7FF81BFAD5FDFEAB3A11B40FDFA1
S315020369503EE17FFA5352E460E0BB36BEF0198D483E
S3150203696000AFF9BEFBB81ECAE921710EED58497F85
S31502036970FC5ED226811AADDCC7E30F3C193E224CDC
S3150203698032E6197F15F20DCD982827F30BFD0A710E
S3150203699026E8F0FE47F881EEC867C6F6D71201F37A
S315020369A03313E8040181F1FCF105AFF1571A150C13
S315020369B015FE81F830FEDA10DCE204F20500FB185C
S315020369C0FF047F09C52124CBFB2CCD170FFF12F43D
S315020369D08132F516125916F50AD570E8DFFFFFF371
S315020369E0FCF9092522EC8123091FF5E003E8FE03DE
S315020369F0103B057F0D27271AD7E8E6391F1EC7DB8B
S31502036A00F91BECE8D6D97D7FCB4AE8E92450230E5D
S31502036A10DDDABCD432F9DF0618816139D2FADF0A2C
S31502036A20D0F51DE91202BEC7E82BF5ED81E40CFA97
S31502036A30FC1305FBF9F004C37F071428244B152323
S31502036A40BC9226AF4104E1290BBAF8DF1C7FC55C71
S31502036A50D10ED764A4EA03BA8134D3F8053512EA10
S31502036A60EBF8AB7FFF23FAD7101F3B41DAF713E5A7
S31502036A7032EF52835910A529A3294A21E17F6433B0
S31502036A80E6FF4F7FEE27B60400DFCBECD8D7AF97EE
S31502036A90F55017A5351E00417F02ED0C26E11FE6D0
S31502036AA011DD10FB24E0CD8104C70CEFFBEBF406EA
S31502036AB01B16FF2835FFB57CA37FD1D95278F9CFB0
S31502036AC0FF5FF1A3D51117EDB0D7D92D01819EFA38
S31502036AD0040918252FE703E1FC1CF3EBFA7FD4F331
S31502036AE0967F71FF26E6F8F7E51D5A0806DF74F46A
S31502036AF04601078162FEE11B2EBC237DFA026C343A
S31502036B00E1EA0738E12B217FE6FB1AE7F336FB11AD
S31502036B10037F0593F12206117A05036808AB3B321C
S31502036B201C22348EE4E919E5050D13E9FC81B90942
S31502036B3037F070C3C27F24D5F721D4FF230623FE81
S31502036B40EE10D2CEC813627FEF4EFB140B5A22E528
S31502036B50DB00F607A92CCD24F8E3E5CDF78155D959
S31502036B601BF6FEC428068195CA42F3F3320A04D6FB
S31502036B70FDFA22334601CC811A9D08D00EEF000896
S31502036B80810F19CC0F4236D5C32B33FBFC19F8DD23
S31502036B9053F56218DA0DD71DD0053DB6FA2B81EDF2
S31502036BA01ED6EA321EC2C5B61A81ADD99401B023E6
S31502036BB02ACFD841D1C4FCCCE90140E2E65A7FE9A7
S31502036BC0D2229333FF812E78111942DB7B1FCE0625
S31502036BD0130FCED8DD097F58E524F205FE2407F705
S31502036BE0F215F2C237EC0335D8B3051D3E816F09A0
S31502036BF00931FE173BE6BE81081CD2FF3F3B2B2D14
S31502036C00E781DECBA20C13D3F90DCFD3FDDB36E539
S31502036C10E31A4368FEFD81701AE0D6D4FA05FBFD3A
S31502036C20AE31C6FEE65E6A7FF63103D488490C2985
S31502036C3016EFEDE01CC981A1D8DEFAF20EE22EC7E9
S31502036C40E101DDF0D8F7F0D57F08C80EE71E0BACDD
S31502036C50B081EF58344AE13DFEC7854238DD6C2FD9
S31502036C602EED1DD07FF520074712001EF8E41BE226
S31502036C70F1E354A8F9DFEF11B6D403D3117FDB078F
S31502036C801E051C23111EE7E5FAF4FCD2050E811834
S31502036C90BDE30581E1D90CF6C6D5F6A8E2ADCE3041
S31502036CA00606EAAED501F51FC2FF169D1F810347ED
S31502036CB07F030D13D316CE0FE6EF5401B41644B871
S31502036CC0EFEC05DC2AFEDB76A489CADFE64E4C81AD
S31502036CD0041AFEE2A25AD346A3AB0FEFFA81FD458D
S31502036CE07FD80EFFD9E60D070A1BACFF1AF7081E5B
S31502036CF02B6CE60103FFDCDF6B25283EC6C67F96B7
S31502036D001F49A0DFD0DB27B1493A0DE7DEFDFF813C
S31502036D10E7E6F5B2BD0E7FC161B412C426FFE0F405
S31502036D20FF16C888E2122FEAC11B5A1000EC107F25
S31502036D300400161A46F8C4813CC4FFDCD200FAE505
S31502036D40370D1481CC01F43025BE5206D659EB27F2
S31502036D50B326AC0C4581E906FED157DB00FAEE02F7
S31502036D60E86B2481F8E8D30426E4CBD82129CF01A2
S31502036D7073FBFFFFD41D000091CDFFFF6068000087
S31502036D80F67D0000B8FAFFFF03E7FFFFDFF3FFFF1D
S31502036D90D06F0000CDFCFFFFA46C0000315500004C
S31502036DA040D2FFFF3A2F000078A70000569DFFFF4F
S31502036DB0F51801153056DCEA32FA0C07F40E1050B8
S31502036DC003F9F3EE71C903EAEEE2C69B0202273523
S31502036DD07CF8FDFD0AF1E808E30316E60DE2EC236F
S31502036DE0F41B00F5DEF9FDF93315EFE2BE1F00F5DC
S31502036DF00C0F3AFB07FE07DEB6F31200ECA604E01D
S31502036E002BE5CACF26F60A15F60212D51B14F37F13
S31502036E10369E105DD3C3FFC2E0B2E52310B0DCA5F4
S31502036E20B6F71B24DC91E60B6FABC211D55DF62DCB
S31502036E30FE1CDE24DC133FCBF8C341E6B5104FEA52
S31502036E4019150EC54BC21CE81A21F59430B5FFD5A8
S31502036E50F7A51D3A2C3ECCEE8127CD39205113E2FC
S31502036E602A05BA1F9736022BEA061E08FFD129F511
S31502036E70101113EE0E0B093441EF0942FE093A1BB8
S31502036E80F9F615F3E5C80ACB08F5E5140A146CC737
S31502036E901AC4EC390C7FD7E9FDEA041DDCCDC11D0A
S31502036EA01423E1E1120707DCDC0EF1160A054A5E3A
S31502036EB00CBF11BDF6E9F90DE501F40F1241030208
S31502036EC00E441EF1FB091403150A06C2DB02FA3A43
S31502036ED0F4E3F01722E805FAFE110C000302330F5E
S31502036EE032D3100401F8FA11F1150BEB28CD31EB6D
S31502036EF026E6F526F5FDFF0B0DC31DEDFB03030C7D
S31502036F00812EEC1A81C5F3E223FFEC3D0111010D3B
S31502036F10F1AADB11381B081CE3050BD7D8C218CD1F
S31502036F2015E7063C3B3F290D24F8F605E806F0ED86
S31502036F30FFDE03BAF6F8D102E1D7D8FFFF3F0EF61A
S31502036F402BFD0A07F4203300ECF50D1C010009FEA4
S31502036F50D40DFF1024EAF8F9080599D80DF6F2EDD7
S31502036F60FF54F5F8E6F7FDEEF9E3172117070306D3
S31502036F702A8A10F2D20BE904F015D11BE44D3B0B1E
S31502036F8004FD7FD01FEBF1F83B140B13D714FBCB95
S31502036F90F7FFF800FFF1047E43EEFADCF81F2F2811
S31502036FA0EEEBFDDDCAF00DD50D092849500D4B3127
S31502036FB0D51405EFCBB9E7F5E0FAF90140070F0D52
S31502036FC01408ED10DCF1FDFAE5E9EB26D217EED251
S31502036FD00E10E20604140809300E05FEEF13087FAD
S31502036FE0F5D51924090612E906E71481D9EBF586C4
S31502036FF0EBF7ECD3F4E0F903FD15F2FA26CB08E638
S3150203700003C32615FCFFF11A4AF508FE03F20EF630
S31502037010DE04EF03170F1C1DFDEAD3E4F9E91C8115
S315020370201719100E0DFD01DB21FAFE011207F50DEC
S315020370301E3916EBEA020BEC0E0D26FEE615020AC4
S31502037040EA0035E9012111F01AFCE1FFE209F9111F
S31502037050120919E1FBFBFEDAF8EBF2E8F5A31E02CD
S31502037060F4E1F1FE05EDD7FBEFF8FDF3FB0A0908A0
S31502037070E905F1F205E8DD180DECE81FFB0BF24713
S31502037080FC12F4EDEB03FDC727070703F607EFF937
S31502037090EE2909E0F2F70232F9FDF00A2E00F4F3C3
S315020370A007E42401D97FFC06D5EA0022DE07FB07A3
S315020370B0A531D70A1D0DF7280C4DCD100E2346FD1B
S315020370C0F421B5061A1BE9F1DBED160240A207FC11
S315020370D0260B0DFAE33AD0230B0C0781DBF73BF0C1
S315020370E0BB19044591470AFBFFEFEDEA09C9F01AFA
S315020370F0D82922EEFDF9124DD912321BF89EFAC790
S31502037100EEE41BFCC10416CB042AE10413F8EDEFEB
S3150203711008C1ECDA1228F72F1FEE010CD1EB142467
S31502037120FFF93AE0E9F9E8CD2B192EE0EBD0EDFDB4
S315020371300DFF16310227CF25180AF2A312FA21816F
S31502037140D308F711E5FDFE0DD81AEC100E0802114D
S31502037150087A2C34050003E5EEF2EA0951E50D013E
S31502037160F50010CB0C1EFF0BD11ED303031706F833
S315020371701E2EE8254C8C04EB022C1BF6E91117B3E1
S315020371800828E923A704F8ECBCDBCF3416FFFC2856
S31502037190F3F820F653F4F6F6EC492EE9BEEFDD07D3
S315020371A0EEF8DEFBF5F9FEEAFB1CE0F40C0CE7282D
S315020371B00E3434221F041A43C1E7C8F2F92AEBFE3E
S315020371C02CE9B6DC43D959FCE71319F75928F2819E
S315020371D02026E21BF819340504F0ECF6FA0120071F
S315020371E0FBFEB0EFFE07FDF7D9F3EC080F1108FE1D
S315020371F0F90405110411ED1A05103DA029D8FBFC6B
S3150203720081080CD41E13F30CF00003060BF3FB03E5
S31502037210D230F00D08FC1309D2E20C15F8DBD204C6
S315020372200B01592C08EEF5F7FB16E306FA0AEB0EE9
S31502037230DC010E04D82B02F57F09F503FE09E1D41E
S31502037240190C083C410EF8DD05120DDC9B0A2ADCFB
S315020372500FF1F5F013F91906DDECFD11FA250E010E
S31502037260140AD60407F60D004EE9071A14EF15EFB2
S31502037270F41AE2030005E6E10D06C4FF1AEF01C69E
S31502037280EB0B312BF4F3ECF1050AF637E8F10D0DAE
S3150203729024F3DF1518F500FBFB020CFA09F609EED7
S315020372A012BFDF0FF2EA08040408FF01F1E5010E3B
S315020372B0F905022B16F804130404121F0A13FA81A2
S315020372C018F90305F0F90B01EE0B0D0B0915FCFE7C
S315020372D0FBEDEECA050DF3E5FC2AEE0DE6050C07FA
S315020372E011FCED1104190516FA0112FE010AF7F84B
S315020372F092D8062F01EBCEF5E90AFC1547EE81E497
S3150203730042F9FB2AFAEA17FA8EFE20FABEBAFAFC09
S31502037310EF0A20CC1C27FA151826F5E40F6D442133
S31502037320A926131DDAE91307060F373A2724012381
S31502037330E7E2D534FC4AC7AFAF0EEF25F020430D83
S31502037340231B261B0BFE241524202EFAF31115E10B
S3150203735056EE2E06FF5920E3EA340D08B6F2E5206F
S31502037360FD3635F40B0F9C3D1E081C020428CCBEC9
S315020373700FCF29032BE2BB90F61A052C0931E9DF5D
S315020373806ECBCF1B3C81389605CC14139002190B96
S315020373904CE7CC24DC3FEA21251A15030CD240F52F
S315020373A0F1072B5EEFF9FBC205F031F9BA4A18EF82
S315020373B076240000AFDCFFFF7D0B0000F5A600007C
S315020373C0B9F8FFFFC7EEFFFF15DEFFFF620D0000F0
S315020373D080F3FFFFA1040000A60A0000C5FDFFFF1C
S315020373E0B7020000BEEDFFFF3A170000B9E2FFFF46
S315020373F024FCFFFF94430000C7620000170B000042
S31502037400210A00009EF4FFFF78FEFFFF78030000C7
S31502037410AF4100004400000016FAFFFF68F0FFFFC9
S31502037420F6EAFFFF2EE2FFFF02130000FCDDFFFF79
S315020374309DFFFFFFAFFCFFFF8FFFFFFFE22F000061
S31502037440B6050000A6F0FFFF854F0000BD0300004E
S3150203745013000000FD0A000031D9FFFF5EE4FFFFBF
S31502037460F0E4FFFF5CFD000098FEFFFF9C3800007E
S315020374708867000052CCFFFF39FFFFFF8F19000018
S31502037480A21C000067FFFFFF3DE4FFFF770C00002D
S31502037490C1D6FFFF830700003F0A000046E4FFFF51
S315020374A084F9FFFF42FDFFFF49D0FFFF3BFDFFFFCC
S315020374B0560500003F370000E87600004A46000002
S315020374C000D1FFFF0703000005D6FFFF12FFFFFFF0
S315020374D0EFDD0000252D0000F0FFFFFFEA020000AA
S315020374E0E4490000DB8A0000BDFDFFFF41E8FFFF20
S315020374F05FF8FFFFEDDFFFFF2905000056F1FFFFEF
S3150203750076020000B7070000F1070000ECFEFFFF5A
S31502037510C503000047F1FFFF2301000072FDFFFFD1
S31502037520F1000000E2FEFFFF2C000000ECC70000A2
S31502037530EE04ED6CEF17C0C913FB63F605F8FC3DC9
S315020375400511DE004D0220DD03122D321A0E17300D
S31502037550FA1C09F30531CCE614081B11AEC71BFB53
S31502037560F5ECF9F93105F901FBDD1AE11AFE7F1C87
S31502037570F3F60BCC422301F94DDD490310811F4378
S31502037580FF0F7FF2261BE1EE24FAF153FE13FE0CE4
S31502037590CF0AF90B35F8F481270C81FBF0F404606A
S315020375A013E2F1ED4EA17F19C4E197F01F24CF1127
S315020375B0760CF100E97FC98109EDE30E30817FD3B1
S315020375C0B432310627C02037222A96557F2305ED8A
S315020375D02BDB9BFF25E1ED2FD1CD6EFBE2C5E0440C
S315020375E0BD3EF008F52F36D7E536F34A81E017811B
S315020375F0FFFBEAB609132415FCFC043E02F3F50766
S31502037600F411F20E061918DF02E10B0EFB052DAF7C
S315020376102D1109EA0C04E4EB0702F20819DD160040
S3150203762007F904FA0505FC07F72C04FE09ED04F035
S31502037630E5EE1ECE96F82AED81E7F6100AF4070D5B
S31502037640F317DCFDD7131824E9F018F51507FED353
S31502037650D73AEF25ACF1F4D31A5FD5EAE2E7FA4259
S315020376607FE8A3F23981E40FDDCF82FB2722CE1A0C
S3150203767081B6C70441FDCE2FEC5401FD24D2F6E0B8
S315020376807F2BFE142C09DDEE2109817FDBA6147FF5
S31502037690C4DCA87EDB7FED35E0C82608DCBA7F3082
S315020376A07F2308007F1C9E30DDDD99295F661DC698
S315020376B07F7F7F7FD3817F177F811181937F7F7F37
S315020376C0EF81C2817F18BD7F7F7FCA817F7F817FE2
S315020376D0F681817F81D35D6C81817F7F7F8E967FE9
S315020376E0F37F8181817F7F817F81D52998E4BABD2A
S315020376F07F7FB37F7F95817FD97F8181817BB47FB2
S31502037700D67F507FDA81E6948181E981EA818173AA
S31502037710E842DB027F48E9300417F3FAE7E1F3FABA
S3150203772097E981241E4EF48BDED77F4B0A22490842
S315020377307DD07FFD3706A50D2317EB02EBCCF5D5DE
S315020377405110F527FBFBB7F11A147EA5027FFFDD65
S3150203775091E3B1630FEF7017F0C70E2EE4F7D5FC72
S31502037760D10B2C17A7237FD021EB7FF7932222126B
S31502037770FBD7EBC1FC0F261FFF0AED331ADEFC070C
S315020377802A030E14F41EF1E501E60B03F6F631B4F1
S31502037790D945E3E820DEBB110809DE110EB8F6FE71
S315020377A0F70612F90801EA05FF2BCF25FBF40312AC
S315020377B0FAF619CDC70BECF290DD01110EF3381070
S315020377C01614DA100B19EB0A061A17FB1329F9E337
S315020377D0E4F5E516D34CE54107FB37F47FFAF0EE01
S315020377E0FFD7C616E84FD48ED0D068470D2A37FD89
S315020377F08340F0EAE5E681FD2BF2F122E7D6EFCFED
S31502037800C41C4419F5B01D32111A4BCB14C7F50229
S3150203781014E681CAF4E5C31525D1E4F8D316C8FFE5
S315020378203220150C063EA27F107FE2EF71EC2E5139
S31502037830F7DEE71C0C41D30C03FA000E0ECEF8F268
S31502037840D5FA1312E605EC03FC140033FFF7231CE7
S31502037850122B13E9FBE7DB090AF41607B9E1F40372
S31502037860FEF100FCF808F0FAFFCF0BE5EA3208E571
S31502037870F6FD27CB2D0736E91FC8EF160A09FB15B6
S31502037880E31E59F3ED3528F76E0D03EE0CEAFACF34
S315020378906C4D0000A8070000AE1E0000E6FCFFFFC9
S315020378A0A213000005150000E6360000011F0000C2
S315020378B097F9FFFFC04B0000281400003C080000A4
S315020378C0541E00008BAC00003AFEFFFFB9F6FFFF21
S315020378D0BF290000623E0000EC07000090FFFFFF95
S315020378E0C0FCFFFF20550000811600003014000083
S315020378F0B325000033160000F6110000D213000070
S31502037900F9FFFFFFDAFFFFFF28230000FA2C00002E
S31502037910F7440000D7060000EC2100003FFDFFFFFD
S31502037920E35100000E170000400400003A13000062
S31502037930C1030000964200006B3100001C110000D7
S31502037940EB0C0000CE330000F53400005C16000099
S31502037950C7120000C51300008B010000B1FBFFFF35
S31502037960B6400000CA230000CC1C0000DF710000F1
S315020379704BFEFFFFC7180000950B0000D20E000056
S31502037980093F00002B180000FB0E0000321E000008
S31502037990551C00003D1B000077230000F0FCFFFF8F
S315020379A0513800001B2600008E34000071FAFFFFD7
S315020379B0E3FAFFFF3E0F0000AA080000000A0000D8
S315020379C05C6D0000F3450000E23B000097F4FFFF05
S315020379D08D150000C1E3FFFFF1F8FFFF77020000F8
S315020379E0572B0000B61B0000AB1A00004A13000017
S315020379F0E34000003A0E00002D2300001A13000094
S31502037A00C94E00000250000012CEFFFF22450000BD
S31502037A1040EE7F5D45D40EC376E0C3AE364EDBBA87
S31502037A200F5CF2066AF316285364D67FFEF0758559
S31502037A3014CA041ACD2ED175ABC3125EFF815096BA
S31502037A407F710B2781F1C6E5F50067C1C75CCEE1FD
S31502037A500AFD1507DF1FF228CBDAF6F3F6811003C8
S31502037A6071D5DC05E881E006040393E62105061ACF
S31502037A7081D3EA5AB8FEEB248FC2D3C10D3A08501A
S31502037A80F00FB2192B81E119F3CF12F6FD04D41AC2
S31502037A9025D9EEEEFD11CED4E715BB0181FCF52502
S31502037AA02FB02E7F0305F9B270B6F2EAFC3DA12B85
S31502037AB0A3AA14F67F2A1C2977CBB20E41B0A822B9
S31502037AC032EC81163C18DD2AF0D6EFF8FF16D9FE02
S31502037AD060D009F7FFD5B6E617EB81EFB4EAF229D0
S31502037AE02C971DCA5709A3811BA0290B000414E076
S31502037AF0C921A7D3328136D42F30FC9C0D56F333DA
S31502037B0019073B1D29CBE1FB11CDC0F481C6EA411E
S31502037B109B2F080F104C213DED107F14FA1609D046
S31502037B20F5EFD8D9E3172158E87FEF0EF4593BFA5C
S31502037B30F67FBA0614E93DB11371C97DF4C61483FF
S31502037B400EF4190B092CF11203FCD7F98101EE1776
S31502037B505CC5FEB0E82024A5D02381DA160C2607DD
S31502037B60280D7F34E1451E08001FF601EF45FBF29F
S31502037B701D04130FFF0D167F050B052E00151204A8
S31502037B80E117A6090E810620FEE3F1F2BFFF0D28D7
S31502037B9022C001C04CECDFEA24164869D65A7F2F6D
S31502037BA081A3E20D08FE1AEAD106A517232B184470
S31502037BB009F42DF8F323DB4DB6CBF515FC8126F23A
S31502037BC0813ABF0C1CF2FD1D16CE7C14E2F7F4E7D4
S31502037BD0E9050A18F9FE06431302DFF181F0FD30C7
S31502037BE0E85027DA24F125E5812AEBFCF918A80FD8
S31502037BF0FDFE81E018C20310F2FBFDDEEBEB0E1174
S31502037C007CDB81031904DB3CEF01AAC202EDAE3130
S31502037C10A0382B1801621E100FEE7FEEC916D5D7B8
S31502037C2009EA7FEACE1DFDDBF902F410FA1B1E05F3
S31502037C30E2E9D1900E1411F2EED8E881FA04320D7C
S31502037C4006D3322E3BE10DEA8A26EE1FF57FDDE9E6
S31502037C50812FE3E5E91C1C3CEB087CF4F4150FF7D2
S31502037C60E7FE7FE1BDCE19E20D0CF90A05CD31051A
S31502037C7015EFFC2C1BC3D60E070438F37F1BF21435
S31502037C80DFFBE2D5C1C7457FD4EC11DEE01B3142EF
S31502037C904EF4EBE1F95CDB0400E80D067F0BD6E854
S31502037CA0EC05D9810EFDE3C5F8D115CB07E9FC2016
S31502037CB02E39136F9A0D94FFB2BE3AB2C67FCE0027
S31502037CC00D7FDA641B1B22B5CB48FC0308BE2F23A8
S31502037CD0F7EE81244943CC40FAE538EB10F8CCEFB2
S31502037CE0030DEF81E6022C01FD15D3FF13B032E932
S31502037CF0015C29C3DF09DE2F27CEDBE9347F561168
S31502037D000BE712CCDE22B43FEFDA1B21028134FEEB
S31502037D1004F90781F9F2000108E10EF1082BFA3B97
S31502037D2024E4F87F6103002BC4121F29FB2075ECA0
S31502037D30F1EA5BEF1876DAA523C77F2B6CF201BA59
S31502037D401E27120E1806D2151F00FF7F07200DCC21
S31502037D50F4357FFE0DD0FED7D9F508280E499DF8D6
S31502037D60F4F0BF81C1081AD2F73B0BED0DEC430CBD
S31502037D70100AF5DA1E1DF0103BEDFEF2FD7F0A1422
S31502037D80F1E7D2D905C4E081F787FA0BF1A6D80643
S31502037D902D351C4407E4137F1AF2FADE52ECD12581
S31502037DA040ED7FEBAAD21203160EA42042D22F264F
S31502037DB03B4DF75B81DC0736E8105AE48ABEE4BF23
S31502037DC07FE2F3F9EEF1EBF8DF0499F10BFE000E15
S31502037DD08126FEFB030A1326110A71FCFE042CF507
S31502037DE081540B111201B8AE7D9963F739B293B779
S31502037DF0E0D4904F476F047418D444FEB8F781ED6C
S31502037E00CC127FDDC7C01FDF01140A09F8C3530C66
S31502037E100F43E21E4AF44983F35D00ECE381022C2D
S31502037E20F01A0EDD571B0081E3ACEED2F0DE410AF7
S31502037E308113E4FFDD0809CDB5D9B82F330B385FBB
S31502037E400BCC077F0CE7E61C2619FEF706D4A4F330
S31502037E500405F87FB9FD0AE2CF240BE3D9C9E0DDB5
S31502037E607B7F036612EA7289127B341717CC41DFD2
S31502037E7032E215D67AFA4833780B44C7257F5E5326
S31502037E80082F094E2781D359269B040809C8CB2CF0
S31502037E9081C00339040DF011D7D3A32B380A185521
S31502037EA0FDEEF65008D40BD75B21F0EF147FB2EE4A
S31502037EB034DD0FE0C50834E6DD07A20981EA193588
S31502037EC0F5F0EA7FD8FC04E6BC0AE2DF05C108E95D
S31502037ED005F9F2241C06E98105870610DDE625E28B
S31502037EE07FD7263EE102E3FB2F05CC35060AAC25F6
S31502037EF0050A59E90410A21729C4C5C8047F08E470
S31502037F00FA0E3010333FC3D702C94CF17FF3DED0EA
S31502037F108A9DB37F17282A02953CAC422E9B1338BF
S31502037F204F16B83B7F4FE6BD0FA0DCB9E8E5AF17A6
S31502037F307077EA1D84DAAFEDAAED7FBFC765E9D68E
S31502037F407F2D09E812F3EF19250F55E6D0E0E3B1C9
S31502037F50F2B6B0D43B120481C7CF3622D5F202EE73
S31502037F60DF01C5BF000A5662F17FF5D419435BD51B
S31502037F705AE400F2F8E9F2F4F2F98116131CEE233D
S31502037F80E82E0DDFF542E242F4E6250D0A810709E2
S31502037F90FFDA9BD25DFFC08113CBE5EBC91111E773
S31502037FA019EE1A812A02BB6A50A53514F2322A2F18
S31502037FB0E806BE4B6BF56A814A78B84C13EF06EEB8
S31502037FC02BE0E0F00681E000FFE2D6F43805111853
S31502037FD011F07F3A21040E3CCD17B923237818FA00
S31502037FE07FD7D0EDDFAE0C33D7318B000416083DB5
S31502037FF010ED2C4D6FE0F63907F1FE37FA7FE9B340
S31502038000992B282F14250D030D057F03FC29FFDE6B
S31502038010487CFFFFCF060000B20B00002EE2FFFFF3
S31502038020C803000054E0FFFFB3D9FFFFC853FFFFA5
S31502038030470E00001C5900005179000060D8FFFF6B
S3150203804005F3FFFF4CA9FFFFBA8C00007464FFFF20
S31502038050F103EE0814FC045DCD0E27F80CF5F40CBF
S315020380600FEFF5F538EF1275F154FFF718F21AE729
S31502038070EF3117CF122C0DFA9AE9112B201881D45E
S31502038080D4FA170FE00BFB3ACBDA08D2ECF1FFF87E
S31502038090E474F816050BE4E919DB1516E2A9DA12FC
S315020380A0EBF528FAFBD20714E5E37F0605FC1AF380
S315020380B0EAFCF6DCFEBD02EB000F0B180F0EEE090F
S315020380C0FDEAE8F3FBFC0181F74AF407FDECFAF853
S315020380D0FD380CFD120A1C01DA04EBF9FEF30D0A54
S315020380E0F820FFE301FD06FCECFA0528810AFA00F3
S315020380F0020AEEFEDE040310F6FB0617FB1203105A
S3150203810002070F14F6182807090419DF0CF90116DA
S3150203811028DD080A131815EBDB03EFE7000B011141
S3150203812018F4B007FA0F1250FDE3023107B2100931
S3150203813003E31F811326FF0CF30D06E6F9EE080986
S315020381401DFCEC3E02F9021E05FC260B0335FE025C
S31502038150E9161C060B0201EAFDC700EB00F6010D48
S3150203816044810321F6EF0F01A53B15FFFEFC98F5AB
S3150203817019FC0606F3FD08F0FE020007F3070305E2
S31502038180FFF77F0A070B0CDD030318F1F9FE00075D
S3150203819000F21CDCFBD9420CFEFDFC07F60409F8CF
S315020381A0D4F2F81EF250FC33FF1FF57F51FCFA009E
S315020381B0F7E9F5EDE2FCEC45FDD8CCE1F2F5F4FA8C
S315020381C00FF7E80109C661FE1723C3C811F60401B6
S315020381D0D1D8FA03F800041800B907292A0A0701B5
S315020381E0F236E406D115F7F305050830F77BF612E6
S315020381F0F808F5819044201112FB70E5081E14233A
S31502038200E60AF82216E203FF39DA0E3BCA0606002D
S31502038210FD16DFE53100EEEE040A2DEC0D0E0BFF23
S3150203822000154498F181A706E51B3406040CF2D81F
S31502038230EAF6DD81295609FCFD261D082FD5E1172D
S3150203824025D332E41AEC2B2FCD9B0EE42E2224D413
S31502038250E4B415F60FD40CDEDCBFEF000E0712E111
S31502038260FE35023B1CC6B5EAF641EBFEF32D04B519
S31502038270141F01F2CA9A020211CF10F729DF1CAEAC
S3150203828031EBDEA356180981034C55C1F5CC1C1DEF
S315020382907EFDF60A0315006813F9C8EBFB15F5FB19
S315020382A0FF05F7F803F7FF12FE11000DFC0DFCFEA6
S315020382B0FFC0F507EFEDE500F0B10381D1F24BFB09
S315020382C00A02FF0307F50304FF080514FD0402016E
S315020382D005020A030DF308FE0102127F0DFA05FEDB
S315020382E002FED9130AFB06EEF4FD000402FFF8F6BA
S315020382F040F030B7341E1CA5CDD3FB7FB7F53F0341
S315020383002A17C7491F0D47EC1C3BD59014E2422896
S31502038310013983CBD23063F9D60D38FDF40016DB6F
S3150203832001CDB9D6391751C7F40EECD75710983F7A
S31502038330343B52B7A1ED38F5A627182F332D2FD18B
S31502038340143E657FEF9EF1E7613678D2F3E1F84793
S315020383508D1800001B85000032FBFFFF37B60000B5
S31502038360110F0000A8F6010060F5FFFFBDE2000051
S31502038370F71400001B7C00003A5600008705000034
S31502038380AF1A000021620000A3FBFFFFBCF9FFFF47
S3150203839064FDFFFF1A0B00004909000083F5FFFF86
S315020383A04A0400008BF8FFFFFAFEFFFF22B4FFFF29
S315020383B042EDFFFFA9C10000C1F90100F8AD0100BA
S315020383C009090000ED0D0000FCFAFFFF8901000018
S315020383D0885B000088040000345E0000C42E00009F
S315020383E097880000A3000000DFF20000B108000036
S315020383F01A0E0000970701001B030000531E00001C
S315020384003BA60000CD000000360D000037C0000079
S3150203841047A2604735DE6AC03CA8B12F34D5B8A758
S31502038420654F304E41B5AC33E0D8C2BFBE3FC18EB5
S31502038430F3294740BF35CEEA31B53B3FA40A4CE0A8
S31502038440549F7F55B4BCC6AC609AC14A5093A15D92
S31502038450DB62537F548C3448CDB3BDAF384FE181D1
S31502038460AB505454AE53ADF04BA0545AB7815D9BF7
S3150203847025D0462613D7D0D92AE004211CB0CAFF39
S31502038480CB26234820C82019E6D2D2E71F1F58A8B5
S31502038490AC2C2323E128DBF628D5232BFCF624B7C1
S315020384A05E90D55D37AF7FA7568FB8525491F3814D
S315020384B07F6A4ADA546B81494AB5A29C8157BAF656
S315020384C0A9476A60AC4FB059529B585AA86A5DA530
S315020384D07F81BD7F8181A6817F81817F7F81EA61E1
S315020384E0BF7F7FCF7F7F467F7F818181367FE30F89
S315020384F0817F7F7F817F817F7F817F7F81F57F81FF
S3150203850040B1DE4325C2CFC138D7C43A30CCF10AD3
S31502038510C2323AE4383F334143C0C0D223377F0FD6
S31502038520C3462F31CF3DC4383DC6353DC2BD3AC9D8
S315020385302BCED1311BCC40D629B7FC2638B853B142
S31502038540493023E11AF4B41EE9D4D0CFB521D75A60
S31502038550B825312AE725D6A930CE2A2CE90F27B525
S3150203856048B6CE51C9C1B9BC33B3BF3B4AD17F204A
S31502038570D2393ED736ED2B43D1BEB4C2203FE8747F
S31502038580CB413B3ACF3EBF9644BC3D3EA9313ECD9D
S3150203859029D8E4311DECF0DE0EE5CD1B2005451886
S315020385A0DC151DE21CFE2829E9E3CEE822223E431E
S315020385B002210F16EA1FE3C91BE01B1DC00820FA9E
S315020385C07B02000006030000110800008001000080
S315020385D0A4200000F83B0000F9070000DFFFFFFFBD
S315020385E005FDFFFF2AFEFFFF120400007B030000C6
S315020385F0990A0000D7030000C24F000037090000A2
S315020386008F07000077FCFFFFE7FEFFFF470A000024
S315020386102BFAFFFF5026000069230000F424000012
S31502038620A612000063010000B30E000088100000CA
S315020386303520000017FEFFFF611F00000D13000027
S3150203864017020000D1FFFFFF5C0D0000E20B0000E2
S315020386501BFAFFFFE400000059FDFFFF571300005A
S315020386607A03000055FEFFFF8FFDFFFF0D0000009A
S315020386709F0300000A0C0000A60200009A030000F2
S315020386808109FB48DA2F1EDB19422C1711D3767F99
S31502038690D5040EFE81EE0AFD5EF1EC81892026E504
S315020386A0812DF4E949EB2A1395E411FD810C09584E
S315020386B0F48113EB1200FD25BFF4085D7FDEE002B1
S315020386C05308068102EED5D20481E900FD4BC0565A
S315020386D0AFF90B1C81473BEF71112D0ACED7E0810F
S315020386E0FF0B26F712BE7F3944DFF3F56F7F72DF86
S315020386F07F2EEC179AE8F4F9F68109F4090C001CAB
S31502038700C4ED0D05810311FBE95F98040D8158B48D
S315020387107FE1DD0ACC160D667FDCFB083DF417F418
S315020387207F17FA6B042CFEC30122C4FBF15081B3FB
S3150203873081141DF8DF0BC4E5D5C8FF13814048F049
S315020387407F03F5E49C08F8F11DF3FCE57F3135DD83
S31502038750049B07D804814BCBF08119F100C820F79B
S31502038760812BE000F4E47E65EF2B0A08FE2B8E8153
S315020387707FE9040EB0FFD1DFEEE744EC0DAA7F3C9E
S31502038780BB2316FB81A38D20E80B001981C6D314E4
S315020387900D8130FCF44BB942E9CA81F3FFB631C805
S315020387A0067F310EF500EBDE811C1BEF36E6F09DEC
S315020387B081F4C4F325181B68F6E14E0720A47F5102
S315020387C0D9EAFDE4816877E1813C0EBCA8A19A212E
S315020387D0DA85A0F4F13781B2C000F5816239390234
S315020387E07FF50CA01BE5F624F281FAFE00CE4AF9C8
S315020387F076FCFCE77FDCE0087F07FC69F91F08CFFC
S315020388009F67FFFF4D680000D8D0FFFF17D2FFFF17
S31502038810FA58000004FCFFFF1E6E000035B4000088
S31502038820CAF4E2040BE701FC927FE36C670E48E8A5
S31502038830F2E106FDFC00E4E420A10A37F30B16E39A
S31502038840FDBC6D0CF80003E56CFF32EBE916F6E7A7
S31502038850FD1E7F05FDE802AF1F051900E808FB8828
S3150203886005C01008DF2918E2ECFD10FC09F509031F
S31502038870FC131609F1E041BF072DF01EF40315029E
S315020388800BCE0ED91F19FCE603FD010CFA3B03FEC0
S31502038890DE7FE7E5F018DBF87B0200F7E2F804DB9C
S315020388A0FAF0FD09F9FBEE0A0DEBEB010415E5DB24
S315020388B0FDA2FA0806F9F3FEF3F8121709FC35FED0
S315020388C0F6E60811F516E304073BFC09F7027F00F7
S315020388D00C0706FFE5EFF504F90DF61CF402FE1F7D
S315020388E09B09FD0200DC050626DD11EDDB00F7F62A
S315020388F001FF021906E90905FA2B066AFC00FBE9E0
S31502038900FB81E20B00FC04FCC9F6FC10C101060361
S31502038910EB1C1205D010012F1E000A03FCD90920F5
S31502038920FAA712092FDE05271202BCD3D6E31009D2
S31502038930FAC6F4BC3A06DD1115D701027FF5D5FC5A
S31502038940DBE4F6FE28E401EAED0427F1F122FBCE8D
S31502038950FA0702E4D72EF8B2FDFDC2B81E2FEF05C1
S31502038960FEC1F740C1D310C6F7030D307FD72D12D0
S31502038970111FB01AED0E033BF9FD44E30DE4F9FBB7
S31502038980EF8121DE3A2A13C218E61B00EB1CF10320
S315020389900323F6E8FCC7D3BEECE5263BEAE8FB0075
S315020389A03E36FFFF24FFFFFF6C22000093FDFFFF0D
S315020389B0A216000085F1FFFF26060000E14800002B
S315020389C0F6020000937D00002CF8FFFFD65A000042
S315020389D049E7FFFFF6FBFFFF2E6B00002C070000A3
S315020389E0190100004E3B0000557E0000DC2B0000FF
S315020389F0E2000000AEFFFFFF6B010000CC24000083
S31502038A00E3DFFFFF996B000085B20000C288000016
S31502038A10690B00007C0000000BFDFFFF4A05000006
S31502038A20490200009A450000B5E4FFFF0A3F000031
S31502038A302FD2FFFF5A4300006EAAFFFF55460100DD
S31502038A40473800003F540000EC260000C7F9FFFF39
S31502038A5030360000770C0000A8030000EA0100008C
S31502038A6003FC146D0551FF1C10080908F8F7D30916
S31502038A70FE08E98CF9E97FF7FE07FB09FA050F629F
S31502038A80131C26E50222FE0312BAF8F81203F9F6BC
S31502038A907F0A0E811C560A0A7C7F072CCFE805083B
S31502038AA07FC8C5C79A18920F1347E1AC16150985F5
S31502038AB004C47F09D9D1F976B19EE203DFF78116A1
S31502038AC0E0FD070FFF3F04111C08F220F1FD11041C
S31502038AD0991DFD50E0F4EEFAFDC5FD1EEF0504EA0D
S31502038AE007E912ED003027F53226EF0CD603FEFA1C
S31502038AF07E06009E0EE522F00908F336F9FF12E020
S31502038B0000CFC5A909B583EE0562F281F7210B955C
S31502038B1010CCFE7FFE3AD72AC28128A8D5F2F4FBEF
S31502038B201B8181748181818181A07F817F7F2381E2
S31502038B30AD7F7F957F7F707F7F81811D81815E7F80
S31502038B40817FE5D67F817F7F7FB17F7F7F86666A5E
S31502038B50370630F305C22C12E90E96F9FFD77F05C5
S31502038B603FBFBB580DD20BDF0206DA4613280104B8
S31502038B7020D50943FB4143F7AF0AABE11CF0F606E6
S31502038B80C9F919F00721DB1609E80B2106FADA12ED
S31502038B900516F26B06DFF0F4FE160134F6032EE039
S31502038BA0EED5E1DA001E09EB09FC2ADBDC12F5112C
S31502038BB0447F4A1610EA7B2313FD2A1BFBFFA619E1
S31502038BC0C6C8DC7DDA300C1421C1D81F4C017F15CF
S31502038BD054E609DDE7EFF479E4F3D82D16E00881CC
S31502038BE0D5FC07FD05F9C308EEF5D6D813F7F70C3E
S31502038BF02118F98117F505F8FA0AF5CAF1080608E4
S31502038C00EB57DBEAFC2418C40409DB07D77FFCFC19
S31502038C101FDF0000A21C00008E200000961F00002A
S31502038C2029060000802C000052F8FFFFE6FEFFFF34
S31502038C30D903000097080000890D00009301000084
S31502038C40710700007BFCFFFFD902000017F7FFFF45
S31502038C506E17000088340000F9FEFFFFF79C000040
S31502038C6005150000740E000046240000E6FDFFFF12
S31502038C70240E00003B1400008D7300002C2C000010
S31502038C80D0FFFFFF57F4FFFFB50000002E090000D7
S31502038C908BF5FFFFF32A0000180A0000E91B000008
S31502038CA06F2300005B160000EC5200003B06000037
S31502038CB05BFBFFFFFF0A0000FE040000B80F000083
S31502038CC028150000260A000086FAFFFFD10A0000D3
S31502038CD03E1F02F47F12D1E4F1FF007F0BF8081363
S31502038CE02181EB2DFABA5A037FE9F719EED71D0351
S31502038CF00FCF7FF8F1C80EA23FF20BFC7F12F40FDF
S31502038D00EE53F97F1A2ABFD2FB7FFB06FDED0A005B
S31502038D107F2BFD0BCCF600D58119FF0F39FFF2F934
S31502038D20B6F5127F351EE9FD81FF08BE210BECCF96
S31502038D307F19FD11D1EF07D5F84F81F10A73B64CAE
S31502038D40C5E4F27F1607F7E9FF7F00FC00F308CCC0
S31502038D50F382EB0BF4957FD6127FFDF1094AAFEC52
S31502038D60F22881F6023BDA429B1A10028109271F77
S31502038D7081EDEF0556DE44F6ACEFF9FE810D0E05E5
S31502038D8081E6FDEF4FF12830ECEAFDFBF94981ADAF
S31502038D90F72B81020634EB4956D9FB7FB5F81ACF76
S31502038DA001E8FD01F57D7FE348FAFD1A7F1D24E6FE
S31502038DB0097FC40CFE44DB64F90DFBFBFC5581AB56
S31502038DC0FFFF0081F901FCF0C7FE0505810C0F01C7
S31502038DD0FC26118102269F8AC1FEFA04813437FBDF
S31502038DE0813F001112F51107F27FF1FE0C9D68E334
S31502038DF0FB3807E0FC6881DE25AFEF25078169FEB4
S31502038E000E8111051647C93E0A81F2FFFCF2CDA077
S31502038E106A3AF8F7C95E818B19811800075FB67E35
S31502038E2036FA0581C3F8F7DA9AD91081340FEDF6CB
S31502038E30FCD7FD0CE5687FFE81D4FE002F0117EEF9
S31502038E40184B7F01FD050C21FC03087F00FF01027D
S31502038E504EEFFFFF5A9DFFFF5A5C00005B5800006E
S31502038E607D15000001060000A99900006630000086
S31502038E70F1FE0B9E0D1A0A060706FDFD690001099E
S31502038E8000FDFE015300FD0620290C0C0105068197
S31502038E900A080204E9FDF02008E4FC0406FB0605C1
S31502038EA0DCFAFAFD2B1BE14D1107E2E80C0012274F
S31502038EB0002812D201147F17E6FD3507160113F6B1
S31502038EC00DF8F7EB05C30704F9FAA8FBDB0ACE9BF9
S31502038ED0C911FE0729F81C1DF73B08F501000833E3
S31502038EE0000F8115030B08F2E405280C071B150175
S31502038EF002FFF2F0080202FE20F8DFFB14CA160C88
S31502038F00FDFEFF0AF91C01FC420FFDFE1B00E1F800
S31502038F100002F902000105F0F5F9F6FAFAFCFFFB85
S31502038F20CF2ACD01080005810105FFCFFFFEFF0809
S31502038F30FCF74E2204EDFFFD05FCFEF4B000F90337
S31502038F40000C06004404FFFDF01CFC2EFAFEFD6233
S31502038F50FF0303000DF5F2F1FC81050401FD020195
S31502038F60FA2B01F70130190CED1F04311A0081FEA9
S31502038F70000EDB16F90AF129EEFB1BFFF21913F1B8
S31502038F80331EDAFE0411D31019F7F61E133A161816
S31502038F90EBC9050727D2EF071AE7F25DFB00812625
S31502038FA000F82FEBF6FE17DB1D00FBF527F5F4FDA4
S31502038FB05BDD190000F5B8EAF1EEFFE9ECACEFE888
S31502038FC08BE9F9097F15401B0D021CE2E300566A81
S31502038FD0000D043AF400E42C12072F01373939F94C
S31502038FE0F6EEEEEA051D18214901E6F73EFD41526A
S31502038FF05D110100C0D30000C8F3000035A90000CB
S315020390007AFFFFFF33360000DF0D00006A680000B7
S315020390109D58000045560000277700000E2A0000DF
S31502039020EC4CFFFF81FFFFFFCDB0000038040000C8
S3150203903034FFFFFFC8610000B90900008D08000074
S3150203904017C1FFFFA6F9FFFF29B80000D983000065
S315020390501CB3FFFF509F00002D96000094500000A2
S3150203906071F7FFFFFE37000016E1FFFF7B35FFFFB7
S315020390709E360000C3610100AC6E000023050000AA
S31502039080F1C300007FFEFFFF0A2A02005797FFFF84
S31502039090593900007E95FFFF8C0C0000FB4D010041
S315020390A003FCFFFF7C1D010095040000EDA9FFFFF1
S315020390B0D5E9F9EE08D8B0BBE5CC094222B973D497
S315020390C08FAC26F9FFBA92B0DD86C0EC460F5F1C61
S315020390D081A7F9361231814EB4F26994FDDCA86B8D
S315020390E04C0CE3E33A8181AF3EB38C6C26AEFF3E72
S315020390F0CC8F3B060B9081B9FC8187D7C815C8363E
S315020391001C8141540D49A57F81077E8101E9815D59
S31502039110E02C05FBBF92C6EF58F8812708B99BF5E9
S3150203912081E81B0CF2B5DDE8F5E0C6F4F511E80AB1
S3150203913069A947200E24FC10B20407B1EF05C90F33
S31502039140AA81D3D4F7376296E693EA7159C01B9E76
S3150203915087A159B329AA9A81298DB3D97FC37F5689
S31502039160D4ADF155DDB495592A3C6995A58A527653
S315020391707FAD81817F2A5D8165818F7F7FF2F97F52
S31502039180C4817F817F8189887FA081818781B97F1D
S315020391901C927F7FBC819F5A3D7F7F8E8F817C7F0E
S315020391A0CC20C2AC88E81FDB7FEBB32437BAE7D502
S315020391B0DBE336B938AFDAE82FFAD2C30EA6DC14EC
S315020391C01D9D7718DCC201F1243709B6C7DB41239B
S315020391D0C396DEDD0123FBDEDAC5EF3C4C8181C09B
S315020391E0D5EE404B33E1F3C420CAF5C44B1D4E40C2
S315020391F06BE5D9F7A024EF1F0A250FC95FB3041E37
S3150203920058B6A9AA501407D12FBADF3853E6105D10
S31502039210E8E14D7652CDEEC65DBFED9DCC27D26F0A
S31502039220EED043078133F1FF0B1F0FC07F9CF42857
S31502039230E41ED8DBB0ED16F53BFBF3211FD56FE336
S31502039240A3FB1F3C4AE6FFFE2A01FCC0F21CEB28E5
S31502039250A7D54204EC161BDA0723FBF33EDEFC1208
S31502039260740F000062000000BA22000020190000F9
S3150203927018190000541A00003B290000EBFFFFFFF8
S31502039280FBFFFFFFCBFEFFFF1C090000E30100000B
S31502039290AB300000081837FB720A00007042000068
S315020392A0343123FC8CFFFFFF81FEFFFF8731000071
S315020392B005120000EAFFFFFFE4FFFFFFC201000001
S315020392C09C0E0000F6FCFFFF3C0000008C0200002F
S315020392D0A00E0000D1060000A30A0000613C0000B4
S315020392E0FF0D00001C010000CE00000054F9FFFF31
S315020392F047010000FB0A000086FFFFFF4D2B00001B
S31502039300F1080000CF290000B2FEFFFFB5FFFFFF01
S31502039310C5330000D4000000FA2100003610000015
S315020393200B8133D717EDD3114943E89104FBA87F89
S3150203933023FDD676297F33595745A47F98FDFA1024
S31502039340DE964D0E071ACC811609E02604DC297F28
S3150203935037F08197610D3AD77F1015E919F851C68F
S31502039360149908660412FB8161810DF7EC09894E93
S3150203937081D28E10F6079F32E9D4F89A81D32EEB67
S315020393800F04D64BB1E73C7F00000000000000004B
S31502039390FEE0FD03297F2D2F25070F814D2DC8459D
S315020393A000000000000000000C1D7F10DBF01F21EF
S315020393B056811817F3138E0381F0245ED1B99A509E
S315020393C02B25D77FF581FB4935177F08F3F4420A2C
S315020393D0B5F18103000CA3019B78EBE602F17FB39F
S315020393E004C0C651EFC06F7F092A221B767FC0CC09
S315020393F0ADDE81F90210A8FDF2E9E00ED27F4F2D10
S3150203940005ECF02D177F30384E1D7FFCEAF157F439
S31502039410AA7FE9E205F667CCD0A5F30D26AF7F77DF
S315020394200906D270EB685B7FFF40F68F0BF7F47F7A
S31502039430E755F89F19F30C7F7F09EDD4222C5ED6EC
S3150203944081E91337CD0A9157FCEEF80F197F2F28BE
S315020394500812044B7F00E923001F298119F4D07EE9
S315020394605D1D7FFFF2F45CF902E3E6502E7F4B5E4D
S31502039470B2007F11DA14E23BF4CA0764EC031081EB
S315020394802704CB813AE5FC9BA07F00C304FF4BBFB5
S3150203949081E7321FDD2FA62D67197F011EEE75EFB9
S315020394A07BFFFFFF255CFFFF79D7FFFFF6D1FFFFA7
S315020394B0637DFFFF08FBFFFF8C9CFFFF9898FFFF6E
S315020394C000EE03027AFBFDFEFF81A3FA0078000099
S315020394D000E40256480A1503FFFC7FD2001CF5007E
S315020394E00002FEF6C6070E050007ED02007FF8002E
S315020394F000F8EE815313430B013CFB2D00FF1A00C8
S315020395000035E528C11A7F10FFC213F200FB1500CE
S3150203951000EFF600E8E4F011010AFCD400FD7F0037
S315020395200012000133EFE8F6019B713C007F37001E
S31502039530000CF27F07FB0F060146CB4C00FA330001
S315020395405FFFFFFF68580000B81F0000FF2D0000F1
S3150203955068310000C44E0100963900007F0F0100F6
S315020395607FE3FFFF091D0000FD7300009337000030
S3150203957043FEFFFF51660000E432000095FFFFFF42
S315020395809413AF8227BD50B4A6FDF81D810536B7E5
S315020395903319817F7F817F81AB7F813497057FE793
S315020395A018E85BFEB843A14CA1E504F03D019BE339
S315020395B0817FEA0DD40FE30DE4000392CF08E3F2B1
S315020395C0B2D7C7F1F9E608E494A715F4988101170F
S315020395D00E0141020321E7208106FE01EB0CFC2B5F
S315020395E08DB84502FA26D933B40000052802E517D9
S315020395F017FC20FEE528DE1483F3FF54C600E4912C
S3150203960015F91300040E09158D04FF816B021181EE
S31502039610000000C0C4640000D184FEFF1A470000A4
S31502039620FE6204000862000017A20000472200003F
S31502039630CE77FDFF0F8600000D5E0000342F090072
S31502039640000000C0A2C50000B2C10000000000C0B5
S3150203965000000000000000000000000000000000FF
S3150203966000000000000000000000002FFD1EFDEBBD
S31502039670108187BFFFF9FEE900FAFCDA04F60CFB58
S31502039680F601FA20E6091FF9F94F70FE25D4030CF9
S315020396900DFF497FE20FF6F432BF164BD5EC1BC41E
S315020396A00A0A2804215F0E0106F9172905447F14C5
S315020396B0F3EE020805011A1804FFFD032351F4070A
S315020396C053EEEA0EFB295E29177A151636EC365146
S315020396D01B2D7F0BE81A11030087F90097FA1EE583
S315020396E001D381FBD390FE0EEBFF09F403FFFB04C8
S315020396F010FA21C42337AB290FEE092BA13E46816B
S31502039700480BE51019DD0B13D519F609FFE61314F9
S3150203971092D50FE5160CFAF810819B06FFF910EFA6
S315020397202102FB0A0AF01A077B7FAC7A7FB77B7D9D
S315020397305F7B7EAD797CDC7A7CBC7A7C53797CB8A0
S31502039740797CACECFD09F8FD000301F0606CF35182
S315020397507F0CF81215E5E70D02E0FA0701E7E8AC1C
S31502039760ED225E14F8F3FEC599F24F7F0EF0E5FF84
S31502039770E1ED022517F5F8FF07F4E9050AD90A0907
S315020397809ECED4D9F2DFC5E1F1C6CDFBDCB5767F39
S3150203979041DC0FD4000000000000000000000000BE
S315020397A0000000000000000000000000000000CDE1
S315020397B09FEEC391E6F7EEF93E730F3A7F18080F51
S315020397C00AF8ED0302EDFE0104FC2DFBD94FE7CCAB
S315020397D020F5E758F0B37FDAA639EED838F9D2493D
S315020397E0EDCB16FAEB0000000000000000000000BB
S315020397F0000000000000000000000000000000005E
S315020398008000000080FFFFFF02000000020000004C
S31502039810000000000000000001000000010000003B
S3150203982080FFFFFF7F0000004F6A94779361BA5C63
S3150203983081C7514197CD6063A51DF977A55FBC77B3
S3150203984096BF1862F5E4A46F4B36A670D658274125
S315020398508DC48D549EA3B16CF1764469477A336AFB
S315020398603203F74AE7C8C85AE8FFFFFFF9FFFFFFCB
S31502039870FAFFFFFFF7FFFFFFF5FFFFFFF9FFFFFF0A
S31502039880F8FFFFFFFAFFFFFFF4FFFFFFF8FFFFFFFB
S31502039890F9FFFFFFF5FFFFFFE8FFFFFFF8FFFFFFFB
S315020398A0F8FFFFFFE5FFFFFF010000006000000075
S315020398B06000000003000000100000000300000027
S315020398C00300000003000000010000000100000085
S315020398D0010000001000000001000000300000003B
S315020398E030000000100000008000000080FFFFFF30
S315020398F00100000001000000010000000100000059
S3150203990001000000010000000100000080FFFFFFCC
S315020399107F0000000088555100872E50000A8855A3
S315020399200038E76600BE2C6500D7C56B008F257924
S3150203993080DA6D4E8035344180865F560004E644F4
S31502039940801701408027997E80E607588060A36FBF
S3150203995000E30655FDFFFFFFF9FFFFFFFBFFFFFFD6
S31502039960FAFFFFFFF9FFFFFFF7FFFFFFFAFFFFFF14
S31502039970F8FFFFFFF7FFFFFFFAFFFFFFFAFFFFFF05
S31502039980FCFFFFFFFBFFFFFFFAFFFFFFF9FFFFFFEE
S31502039990FEFFFFFF100000000300000003000000AB
S315020399A01000000080000000EFFFFFFF010000002F
S315020399B0010000000000000000000000010000009A
S315020399C00100000080FFFFFF7F000000B86C8C439C
S315020399D0F609F640DB52D74AD5D0DD48E4E2895A86
S315020399E06FF7224570F678680766B640F9FFFFFF00
S315020399F0F9FFFFFFF9FFFFFFF8FFFFFFF8FFFFFF86
S31502039A00F9FFFFFFF8FFFFFFF8FFFFFF0800000063
S31502039A100100000001000000100000000100000028
S31502039A200100000001000000080000000100000020
S31502039A3030000000300000000800000011000000A2
S31502039A4080FFFFFF0100000001000000000000008C
S31502039A5000000000010000000100000080FFFFFF7C
S31502039A607F0000005F87655B15B48A58AB36B27A0E
S31502039A705FC07166C9B3BD6C3F6D3F6C1A49F47D15
S31502039A80BD019442CF77F8523E2F27679B745C6FD2
S31502039A909E6C1C4DBAFFBF7AA93B325C0B2134552F
S31502039AA046936D43A93B325C8246AB436096ED49CE
S31502039AB0F898716A178DFA51CA0A48635502EB750B
S31502039AC0FE75AE799260B1578E7DB372783D0C62A4
S31502039AD0962C715452F31D6803CC9049EC2F125EF7
S31502039AE0DFC3C46AB625654A2A72267E15602463D5
S31502039AF04BD7A37907971F64E9D1884E41735471F3
S31502039B0034444A6D97F7186CAAC3FE4751901E5AFE
S31502039B1036AF1F79B73B044268CB664FFC2F5170B1
S31502039B202AA04D48FBFFFFFFFBFFFFFFFAFFFFFFE4
S31502039B30FAFFFFFFFAFFFFFFFAFFFFFFFAFFFFFF3E
S31502039B40FDFFFFFFFBFFFFFFFDFFFFFFFBFFFFFF26
S31502039B50FDFFFFFFF9FFFFFFE9FFFFFFFCFFFFFF2B
S31502039B60FAFFFFFFE9FFFFFFFFFFFFFFFBFFFFFF19
S31502039B70FAFFFFFFFAFFFFFFFEFFFFFFFAFFFFFFFA
S31502039B80FCFFFFFFFCFFFFFFFBFFFFFFFDFFFFFFE6
S31502039B90FDFFFFFFFAFFFFFFFDFFFFFFFCFFFFFFD6
S31502039BA0F9FFFFFFFAFFFFFFFFFFFFFFFBFFFFFFC9
S31502039BB0FBFFFFFFFEFFFFFFFBFFFFFFFDFFFFFFB5
S31502039BC0FAFFFFFFFCFFFFFFFAFFFFFFFBFFFFFFAB
S31502039BD0FFFFFFFFFBFFFFFFFBFFFFFFFAFFFFFF97
S31502039BE0FAFFFFFF30000000010000000100000041
S31502039BF0080000000100000001000000010000004F
S31502039C0030000000010000003000000030000000B8
S31502039C10300000008000000080FFFFFF010000000B
S31502039C200200000002000000000000000000000025
S31502039C30010000000100000080FFFFFF7F0000001B
S31502039C408051E17600833866800FD25D0023FC5192
S31502039C5080A3FA7C00007F7A8001ED56804E62541F
S31502039C6000133B4580DD685C80D24977805B5247AF
S31502039C70801E147980A1957880F7434F00443D54A2
S31502039C8000729C77802B7C7A00674B70009DD57B94
S31502039C90802C73538018AB7000DF5155805759647B
S31502039CA000C91F7F0009755B005DF65700F3EA40A2
S31502039CB000A82C6000970C4F801DF74880113D4287
S31502039CC00074D67C004F8E728035A77F00D65E4520
S31502039CD000AE065C8007F649808DC35980607140E9
S31502039CE08061516380EB564000CF894700B7667B9C
S31502039CF000827D6B005C8470800E7447808ACD5A25
S31502039D00F8FFFFFFF8FFFFFFF9FFFFFFF9FFFFFF72
S31502039D10F9FFFFFFF9FFFFFFF9FFFFFFF8FFFFFF61
S31502039D20F9FFFFFFF7FFFFFFF8FFFFFFF7FFFFFF55
S31502039D30F9FFFFFFFEFFFFFFF8FFFFFFFAFFFFFF3B
S31502039D40FDFFFFFFF6FFFFFFF8FFFFFFF9FFFFFF30
S31502039D50F9FFFFFFF9FFFFFFF9FFFFFFF7FFFFFF22
S31502039D60F8FFFFFFF8FFFFFFF7FFFFFFF8FFFFFF15
S31502039D70FAFFFFFFF8FFFFFFF8FFFFFFFAFFFFFF00
S31502039D80F9FFFFFFF5FFFFFFF8FFFFFFFAFFFFFFF4
S31502039D90F6FFFFFFFBFFFFFFF7FFFFFFF9FFFFFFE3
S31502039DA0F8FFFFFFFAFFFFFFF9FFFFFFF5FFFFFFD4
S31502039DB0F9FFFFFFF8FFFFFFFAFFFFFFF9FFFFFFC0
S31502039DC03000000003000000030000003000000022
S31502039DD00100000018000000180000003000000017
S31502039DE0800000000A0000000100000001000000DC
S31502039DF00000000000000000010000000100000056
S31502039E0080FFFFFF7F000000FA6A23764DE938667A
S31502039E10E15D627C2BAF91756BD11D6BA80BA86DAF
S31502039E209E33B2419AEA6D6CF8FFFFFFF7FFFFFF1D
S31502039E30F8FFFFFFF8FFFFFFF8FFFFFFF8FFFFFF43
S31502039E40F8FFFFFFF7FFFFFF080000000100000015
S31502039E5001000000300000000100000018000000AD
S31502039E601800000008000000F6FFFFFF80FFFFFF57
S31502039E7001000000010000000000000000000000D5
S31502039E80010000000100000080FFFFFF7F000000C9
S31502039E90160ACA684420796AC13B09428D2843459A
S31502039EA0EB2ED07AA6BD5C4D7012F05305A1695F05
S31502039EB071396964081EEC6CCD0EE270484F574F38
S31502039EC0EBEE8C592852A75750346161CD6319467C
S31502039ED0DC5F5A5D8598446DE60EA15116A1F05ECC
S31502039EE0A949D45041C03160F767B84A3E21D452DA
S31502039EF0B7699473BB4DD94E5321815FE09E6F714F
S31502039F0030C17747EF54764C594D8455A266D979B9
S31502039F10A539A440B5FEA845B543E545096C745B6E
S31502039F208F426A46B9163554F1CCC64C7DB39D7B36
S31502039F307DE1F8552487915699DC6346D6FF1C408A
S31502039F40ADF9634C678BD64845F92B46E7F39E5327
S31502039F50F8FFFFFFFAFFFFFFFAFFFFFFFBFFFFFF1B
S31502039F60FCFFFFFFFBFFFFFFFCFFFFFFFCFFFFFF03
S31502039F70FBFFFFFFFBFFFFFFFBFFFFFFFBFFFFFFF6
S31502039F80FBFFFFFFFBFFFFFFFBFFFFFFFDFFFFFFE4
S31502039F90FAFFFFFFFAFFFFFFFDFFFFFFF8FFFFFFD9
S31502039FA0FAFFFFFFFAFFFFFFFBFFFFFFFCFFFFFFC7
S31502039FB0FAFFFFFFFAFFFFFFF9FFFFFFFAFFFFFFBB
S31502039FC0FCFFFFFFFCFFFFFFFBFFFFFFFAFFFFFFA5
S31502039FD0FCFFFFFFFAFFFFFFFBFFFFFFFAFFFFFF97
S31502039FE0FBFFFFFFFAFFFFFFF9FFFFFFFDFFFFFF87
S31502039FF0FBFFFFFFFCFFFFFFFBFFFFFFFBFFFFFF75
S3150203A000FAFFFFFFFBFFFFFFFCFFFFFFFCFFFFFF64
S3150203A010804C7070809F635880FA1C4100A8DF5001
S3150203A02080B380668079CE43003A494080FC3C4146
S3150203A03080D52274806CAE6900C9994780D34440A7
S3150203A0400058CC6380C9F473004A1F4080611A47E3
S3150203A05000CAB74E0062895980D7C36080259566C8
S3150203A0600000275980CC5449005B1C4D805C1E4777
S3150203A0700016467200EC775D00DA92630041A44053
S3150203A080801CD569000C314480EE5B44801A097545
S3150203A0908012754380F8A36E00DB6A4100F3786A87
S3150203A0A080D768780013FF6500F3105D80B3D24A48
S3150203A0B00013D75100CA3B5600B9FD7100ABD972E2
S3150203A0C080E84F738097F05500118568801EAC4A6D
S3150203A0D0FAFFFFFFFAFFFFFFFAFFFFFFFAFFFFFF99
S3150203A0E0F9FFFFFFF9FFFFFFFCFFFFFFFAFFFFFF89
S3150203A0F0F9FFFFFFF9FFFFFFF9FFFFFFFAFFFFFF7C
S3150203A100FAFFFFFFF9FFFFFFF9FFFFFFFCFFFFFF68
S3150203A110FAFFFFFFFAFFFFFFF8FFFFFFF9FFFFFF5B
S3150203A120FAFFFFFFFAFFFFFFFAFFFFFFFAFFFFFF48
S3150203A130F9FFFFFFF9FFFFFFFBFFFFFFF9FFFFFF3A
S3150203A140FAFFFFFFFFFFFFFFF9FFFFFFF9FFFFFF25
S3150203A150FDFFFFFFF9FFFFFFFAFFFFFFF9FFFFFF17
S3150203A160FAFFFFFFF9FFFFFFFAFFFFFFF7FFFFFF0C
S3150203A170FAFFFFFFF8FFFFFFF9FFFFFFF9FFFFFFFC
S3150203A180F9FFFFFFF9FFFFFFFAFFFFFFF9FFFFFFEB
S3150203A190800000000300000001000000010000002F
S3150203A1A000000000000000000100000001000000A2
S3150203A1B080FFFFFF7F000000254E746FCBD731551A
S3150203A1C0D59B9F4F73EEC45532011B58D7479E4703
S3150203A1D04E27BE56EE937677F6FFFFFFF7FFFFFF96
S3150203A1E0F8FFFFFFF8FFFFFFF7FFFFFFF7FFFFFF92
S3150203A1F0F7FFFFFFF7FFFFFFFDFFFFFF80FFFFFFF5
S3150203A2000100000001000000000000000000000041
S3150203A210010000000100000080FFFFFF7F00000035
S3150203A22058065A461A9A784D904E06630F2B547B5C
S3150203A230C079DA5CC924A15B5DFC8960BA4CF0661D
S3150203A2403D17D443A1DB3053832564541AAA5676A9
S3150203A250F7841A51764DDE44CDF1567A5F0A495C8C
S3150203A260FA95B85D08A2DA530702295EC8094C7645
S3150203A270C25416443F8EA45B8795A546A5C865734B
S3150203A28004B799736BBD146F1376DF50A55A8A4EC2
S3150203A2902688BC4862C13D4E3DDAEB713F55905666
S3150203A2A055332B436657E36804DC3C5D8C66F365E2
S3150203A2B0580AD04F52CD184547EB165D8B48B84224
S3150203A2C0511EF87E549CDA5D680B0D49D3F8266A53
S3150203A2D0DF8749590EE8FD4E14CEB86E65A5C070E8
S3150203A2E0FBFFFFFFFCFFFFFFFAFFFFFFFAFFFFFF84
S3150203A2F0FAFFFFFFFAFFFFFFFBFFFFFFFAFFFFFF76
S3150203A300FBFFFFFFFCFFFFFFFCFFFFFFFAFFFFFF61
S3150203A310FBFFFFFFFCFFFFFFF9FFFFFFFBFFFFFF53
S3150203A320FAFFFFFFFBFFFFFFFAFFFFFFFAFFFFFF45
S3150203A330FBFFFFFFFAFFFFFFFBFFFFFFF9FFFFFF35
S3150203A340FAFFFFFFFAFFFFFFFDFFFFFFFBFFFFFF22
S3150203A350FAFFFFFFFBFFFFFFFAFFFFFFFAFFFFFF15
S3150203A360FCFFFFFFFAFFFFFFFCFFFFFFFBFFFFFF01
S3150203A370FCFFFFFFFBFFFFFFFAFFFFFFFBFFFFFFF2
S3150203A380F9FFFFFFFAFFFFFFFBFFFFFFFAFFFFFFE6
S3150203A390FDFFFFFFFBFFFFFFFAFFFFFFFCFFFFFFD0
S3150203A3A00066315B00931754004B48750002D7478A
S3150203A3B0804B187F00A813558044D867801DE0425E
S3150203A3C000E28C678000516D00919E440030A644E2
S3150203A3D0002C156400F0E65200B29D6B802E4F41AD
S3150203A3E000B57D7E0052575200AD884F80E85D6B03
S3150203A3F080D1A1418042374780993341002697563F
S3150203A4000033E94F002DF57800C46A5E00AA1B5695
S3150203A41000FAD26000B2C54880C4B64780B49861D8
S3150203A420001CC05000ACDA5480475C5A00D6487808
S3150203A430805A1E73804FBD46009D3B7D00BF02417D
S3150203A440800FBD7C806FAF7580C510710094695E05
S3150203A450809BB658809512400094AD4580231D65B6
S3150203A460F8FFFFFFF7FFFFFFF9FFFFFFF8FFFFFF0D
S3150203A470F9FFFFFFF8FFFFFFF9FFFFFFF9FFFFFFFA
S3150203A480F8FFFFFFF7FFFFFFF8FFFFFFF9FFFFFFED
S3150203A490F7FFFFFFF7FFFFFFF9FFFFFFFAFFFFFFDC
S3150203A4A0F9FFFFFFF8FFFFFFF9FFFFFFF9FFFFFFCA
S3150203A4B0F9FFFFFFFAFFFFFFF9FFFFFFF9FFFFFFB8
S3150203A4C0F9FFFFFFF8FFFFFFF7FFFFFFF8FFFFFFAD
S3150203A4D0F9FFFFFFF9FFFFFFF9FFFFFFF9FFFFFF99
S3150203A4E0F8FFFFFFF9FFFFFFF7FFFFFFF7FFFFFF8E
S3150203A4F0F9FFFFFFF9FFFFFFF8FFFFFFF9FFFFFF7A
S3150203A500F8FFFFFFF8FFFFFFF8FFFFFFF8FFFFFF6C
S3150203A510F7FFFFFFFAFFFFFFF9FFFFFFF7FFFFFF5B
S3150203A520010000000C0000000C00000030000000D7
S3150203A5308000000016000000010000000100000078
S3150203A54000000000000000000100000001000000FE
S3150203A55080FFFFFF7F0000005D9D27530B1E7B5F7D
S3150203A560D871917323A0A56F223D12772EE6A77B9E
S3150203A570E3962B7CACA33F50CC3CF146D777A14361
S3150203A580D558146DD53D6347E1B9AE6762EF894E7F
S3150203A590C9C1417D6D91A17AF8FFFFFFF8FFFFFF65
S3150203A5A0F8FFFFFFF8FFFFFFF8FFFFFFF8FFFFFFCC
S3150203A5B0F8FFFFFFF8FFFFFFF8FFFFFFF8FFFFFFBC
S3150203A5C0F8FFFFFFF8FFFFFFF8FFFFFFF9FFFFFFAB
S3150203A5D0F7FFFFFFF7FFFFFF100000000100000077
S3150203A5E00100000030000000010000000C00000022
S3150203A5F00C00000010000000EAFFFFFF80FFFFFFD0
S3150203A600010000000100000000000000000000003D
S3150203A610010000000100000080FFFFFF7F00000031
S3150203A620F5D8E45BBFBEAD7B167B6477D836FB7F7A
S3150203A63023811A6DD64DCA74CF9D544EB1E2B44CE2
S3150203A6407ED09D60781D6E4248830460F51585476A
S3150203A650088B977EDA3CDF4BAFAB634E7F8AB964D6
S3150203A6606FD67848DF18CF6645F15E4D0B0C9870AE
S3150203A6705F583A79A9051A50A7182A5B2ACBBA6FEB
S3150203A680656C204018332E409659866A9A281E7E98
S3150203A690D9617776F3825E6DD229BD7210592F7313
S3150203A6A03DA4AC4D11FFBF674AF453418E40D548D2
S3150203A6B0190D994B3D24BA4C25188E4959350F4429
S3150203A6C0A2A0D9599351A74DDB705D76F419F2779F
S3150203A6D080A0CA72DFFF4A56833327488508A356EA
S3150203A6E043805970B64BC47D0CF6D57FBE0BEF6C17
S3150203A6F06DC0ED6F040662791C2E956CAA891159F9
S3150203A7002537E869EEACB15EF873FE5BA5C3C44AAE
S3150203A710F50D7A490078FF4DC801D7610E78C97CD9
S3150203A720E38028678D7BE9736FE9144A6D45FE451D
S3150203A7303A115C41882D12533D51FA657C78B37DFB
S3150203A7401FDABC5ECDC79B7578202F4688804E568E
S3150203A7503B0624760DE801578BDD674CC0CC0148D6
S3150203A760E16FE743E61D7A643E9F684386704F4472
S3150203A770B20EB66383A5A04CCC2A355392F5376243
S3150203A780EB2DA2464321E34BE75DA06C079B1178B1
S3150203A79012CC4B480448FE5D8128CF4FB0007A4164
S3150203A7A0F9FFFFFFF9FFFFFFF9FFFFFFFBFFFFFFC4
S3150203A7B0FAFFFFFFF9FFFFFFFAFFFFFFFBFFFFFFB2
S3150203A7C0FAFFFFFFF9FFFFFFFAFFFFFFFBFFFFFFA2
S3150203A7D0FAFFFFFFF9FFFFFFFAFFFFFFFAFFFFFF93
S3150203A7E0FAFFFFFFF9FFFFFFFAFFFFFFFBFFFFFF82
S3150203A7F0FAFFFFFFF9FFFFFFFAFFFFFFF9FFFFFF74
S3150203A800FAFFFFFFFBFFFFFFFAFFFFFFF9FFFFFF61
S3150203A810FBFFFFFFFAFFFFFFF9FFFFFFF9FFFFFF52
S3150203A820F9FFFFFFFBFFFFFFFAFFFFFFFBFFFFFF40
S3150203A830F9FFFFFFFBFFFFFFFBFFFFFFFAFFFFFF30
S3150203A840FBFFFFFFF9FFFFFFF9FFFFFFF9FFFFFF23
S3150203A850FAFFFFFFFAFFFFFFFAFFFFFFFAFFFFFF11
S3150203A860FAFFFFFFF9FFFFFFFAFFFFFFFBFFFFFF01
S3150203A870F9FFFFFFF9FFFFFFFAFFFFFFF8FFFFFFF5
S3150203A880FAFFFFFFFAFFFFFFFAFFFFFFFBFFFFFFE0
S3150203A890F9FFFFFFFAFFFFFFFAFFFFFFFAFFFFFFD2
S3150203A8A0F9FFFFFFF9FFFFFFFAFFFFFFFBFFFFFFC2
S3150203A8B0FAFFFFFFF9FFFFFFF9FFFFFFFAFFFFFFB3
S3150203A8C0FAFFFFFFFAFFFFFFFAFFFFFFFBFFFFFFA0
S3150203A8D0F8FFFFFFFAFFFFFFF9FFFFFFFBFFFFFF93
S3150203A8E0FAFFFFFFFAFFFFFFFAFFFFFFFBFFFFFF80
S3150203A8F0F9FFFFFFFAFFFFFFFAFFFFFFFAFFFFFF72
S3150203A900F9FFFFFFFBFFFFFFF9FFFFFFFAFFFFFF61
S3150203A910F9FFFFFFF9FFFFFFFAFFFFFFFAFFFFFF52
S3150203A92060000000010000000100000010000000AA
S3150203A93001000000010000000100000060000000A9
S3150203A940010000000C0000000C0000006000000083
S3150203A95000B8984900109E5F8061D85680E55F4330
S3150203A96000651E6D000D4F7200A3647D802EFB7D74
S3150203A970801A1D4E808FBD4B005EB07580DC344657
S3150203A98080411A4000440F4F0055377100C7D34424
S3150203A99000FA7B450087E3690037195100EA414E05
S3150203A9A0000E117B802E927D8017C358007DD24202
S3150203A9B00011B24980422F608066516080B23C77B3
S3150203A9C000C76440008A60748096A76880369577CC
S3150203A9D000390F560000AB6A00B2FF4700D4BA41F2
S3150203A9E00075627C00D7FA59002A504C80371567E6
S3150203A9F000F4D8648017D74A0085E4408053736A0B
S3150203AA0000CD135280A8F07F8066E04B80D9715443
S3150203AA1000A17F44803F647880AC105100B3AF4CF1
S3150203AA208033544E80F26D6D0084DE4F007F1661D3
S3150203AA30800C1146008F4F4680717D4D00155F7461
S3150203AA4000AE466680CF6A6200E3846B0090996B20
S3150203AA50007B054A801E0B4900C36A5980498C4014
S3150203AA608050487700A3E7628020057C8091954C4D
S3150203AA70805EAF4600F1A66E00F3AA6500DCC459F8
S3150203AA80007CA1540011264600B7095B00BE0F7273
S3150203AA9000AE516900D5435B00E1A348806A904545
S3150203AAA080C9885E803AEA4180EC815A0067F3796D
S3150203AAB000FDE64B80992D458085B04900FEC754BB
S3150203AAC0804D4B6580B87F4B8032554C00C2386847
S3150203AAD0FAFFFFFFF9FFFFFFFAFFFFFFF8FFFFFF92
S3150203AAE0F9FFFFFFF9FFFFFFFAFFFFFFF8FFFFFF83
S3150203AAF0F9FFFFFFFBFFFFFFF9FFFFFFFBFFFFFF6F
S3150203AB00F9FFFFFFFBFFFFFFF9FFFFFFF9FFFFFF60
S3150203AB10F9FFFFFFFAFFFFFFF8FFFFFFFAFFFFFF51
S3150203AB20F7FFFFFFF9FFFFFFF9FFFFFFFBFFFFFF42
S3150203AB30FAFFFFFFFAFFFFFFF9FFFFFFF9FFFFFF30
S3150203AB40F9FFFFFFF8FFFFFFF9FFFFFFF9FFFFFF23
S3150203AB50F9FFFFFFF9FFFFFFFAFFFFFFFAFFFFFF10
S3150203AB60FAFFFFFFF9FFFFFFF8FFFFFFF9FFFFFF02
S3150203AB70FAFFFFFFFBFFFFFFFBFFFFFFF9FFFFFFED
S3150203AB80FAFFFFFFF7FFFFFFFAFFFFFFFAFFFFFFE1
S3150203AB90F9FFFFFFF9FFFFFFFAFFFFFFFAFFFFFFD0
S3150203ABA0FAFFFFFFFAFFFFFFFAFFFFFFFBFFFFFFBD
S3150203ABB0FBFFFFFFFAFFFFFFF9FFFFFFF8FFFFFFB0
S3150203ABC0FAFFFFFFF9FFFFFFFAFFFFFFF9FFFFFFA0
S3150203ABD0FAFFFFFFFAFFFFFFF8FFFFFFF9FFFFFF91
S3150203ABE0FAFFFFFFFAFFFFFFF9FFFFFFF9FFFFFF80
S3150203ABF0F9FFFFFFF9FFFFFFF9FFFFFFFAFFFFFF71
S3150203AC00FBFFFFFFF8FFFFFFFAFFFFFFFAFFFFFF5E
S3150203AC10F9FFFFFFFAFFFFFFF9FFFFFFFAFFFFFF4F
S3150203AC20F9FFFFFFF9FFFFFFF9FFFFFFF9FFFFFF41
S3150203AC30FAFFFFFFF9FFFFFFFAFFFFFFF9FFFFFF2F
S3150203AC40F9FFFFFFFBFFFFFF01000000F8FFFFFF15
S3150203AC506000000003000000030000006000000023
S3150203AC608000000001000000010000000100000056
S3150203AC7000000000000000000100000001000000C7
S3150203AC8080FFFFFF7F00000052BC105EC19718725F
S3150203AC9020F59675AF297A6ED0110B4B708EFF7124
S3150203ACA0A0B5174A46A58252727DDE500DC22B5DB0
S3150203ACB03FD1A54EC44DCE4D8A787F65AC06466A12
S3150203ACC0AB8D9779B7D3D87DF7FFFFFFF6FFFFFF6B
S3150203ACD0F6FFFFFFF6FFFFFFF7FFFFFFF6FFFFFF9C
S3150203ACE0F7FFFFFFF7FFFFFFF6FFFFFFF6FFFFFF8B
S3150203ACF0F7FFFFFFF8FFFFFFF7FFFFFFF7FFFFFF78
S3150203AD00F7FFFFFFF6FFFFFF100000000100000040
S3150203AD100100000060000000FFFFFFFF80FFFFFF4E
S3150203AD200100000001000000000000000000000016
S3150203AD30010000000100000080FFFFFF7F0000000A
S3150203AD403D46ED507CF2754D2C1B8052263AB35389
S3150203AD50CAB77B45B9B87E7BD44FF959549AE9529F
S3150203AD60B8F9694455435E6ECEF3A77D4D24C346B7
S3150203AD70715891602B8A087239D8B464DB49E75B50
S3150203AD8084DB504B00DB276D59EF9678ECA2AE4B72
S3150203AD907AE96A70A47C3657B28A4C4A982760507D
S3150203ADA0EE472363AAC8AF5F7372D64AE1DB88789C
S3150203ADB05323124475EB67481FBA8B49100B7D5A0E
S3150203ADC06632E156562FC97ECB2C88438D2EC65248
S3150203ADD03812BB57D352994B0A59E85F4D866567BA
S3150203ADE0D7AFF4663FEE2F6E04A45162CAE6A46D92
S3150203ADF081DDEE4B506CC043C0FFC24799FA094846
S3150203AE00CFB3885335ECAD4E0A451355202AE34199
S3150203AE101BD7E749BC9DF241D830664F3E2606430F
S3150203AE2026B41A55F117CA53420D14483C27AE707D
S3150203AE3034071177825EC06C45A1B34FDD44DA4B0A
S3150203AE40B8850D54CF26A54ED4F3225242F2D244EC
S3150203AE50EB0C5051DA0D3143D1AF5556A19BB96272
S3150203AE6081F7B45176E0D77C855C9C6C7AA439521F
S3150203AE70D169FC504871ED7115AA1969BBB3F44F38
S3150203AE801A896362153BD268396BEE521B9ED84C04
S3150203AE908D10807FA0CBF55F2CAF1440026F6D53EC
S3150203AEA09E8E0F510DC6487FD8612B41E4613B6DDF
S3150203AEB02859F2520EF6225BDC930755FDB0AB6AB4
S3150203AEC0FAFFFFFFFAFFFFFFF9FFFFFFF9FFFFFF9D
S3150203AED0FAFFFFFFFAFFFFFFFBFFFFFFFBFFFFFF89
S3150203AEE0F9FFFFFFFAFFFFFFF9FFFFFFFAFFFFFF7D
S3150203AEF0F9FFFFFFF9FFFFFFF8FFFFFFFBFFFFFF6E
S3150203AF00FAFFFFFFF9FFFFFFF9FFFFFFFAFFFFFF5C
S3150203AF10FAFFFFFFFBFFFFFFFAFFFFFFFBFFFFFF48
S3150203AF20FBFFFFFFFAFFFFFFFAFFFFFFF9FFFFFF3A
S3150203AF30FAFFFFFFF9FFFFFFF8FFFFFFF9FFFFFF2E
S3150203AF40FAFFFFFFFAFFFFFFFAFFFFFFFAFFFFFF1A
S3150203AF50FAFFFFFFFBFFFFFFF9FFFFFFFBFFFFFF09
S3150203AF60F9FFFFFFF9FFFFFFF8FFFFFFFAFFFFFFFE
S3150203AF70F9FFFFFFFAFFFFFFFBFFFFFFFAFFFFFFEA
S3150203AF80F8FFFFFFFAFFFFFFFAFFFFFFFAFFFFFFDC
S3150203AF90FAFFFFFFFAFFFFFFFBFFFFFFFAFFFFFFC9
S3150203AFA0FAFFFFFFF9FFFFFFFBFFFFFFF9FFFFFFBB
S3150203AFB0FAFFFFFFF8FFFFFFFAFFFFFFFAFFFFFFAC
S3150203AFC0FAFFFFFFFAFFFFFFFAFFFFFFFAFFFFFF9A
S3150203AFD0FAFFFFFFFAFFFFFFFAFFFFFFF9FFFFFF8B
S3150203AFE0F9FFFFFFF9FFFFFFFAFFFFFFFAFFFFFF7C
S3150203AFF0FAFFFFFFFAFFFFFFFAFFFFFFFBFFFFFF69
S3150203B000F9FFFFFFF9FFFFFFF9FFFFFFF9FFFFFF5D
S3150203B010FAFFFFFFFAFFFFFFFAFFFFFFF8FFFFFF4B
S3150203B020F9FFFFFFF9FFFFFFFAFFFFFFFAFFFFFF3B
S3150203B030FAFFFFFFFAFFFFFFFAFFFFFFF9FFFFFF2A
S3150203B04000070F6D000D7143005D9252009B3F474F
S3150203B050008EF255801C534A80C2DC5000EB6C7A98
S3150203B0608019A450801D7469005DCC4B00A1444F26
S3150203B0708065996400BFD84700421379807F825660
S3150203B080004D66448077E044806D8941004F8B40D2
S3150203B090001C3C40804070610049E1660021546E09
S3150203B0A080A2505A00813150005C98718008DF45B6
S3150203B0B00051F15F00148C5100D4047C8086305217
S3150203B0C08006A94E809EA66100E44055000E1648EE
S3150203B0D0802AAD4C008D5E4F80FB445A808CBD4561
S3150203B0E00009E7518028974B8064354400619574C3
S3150203B0F080C78146803AD47980D3BB4B808A326C2F
S3150203B10080F4E47C80A855568035BB5A80B62A73F0
S3150203B1100098CF7C0081266900AED85680D2475B61
S3150203B120801DC653008DF44C00C7817580E1A97F4B
S3150203B130002DA87380002758000B705500D51C7686
S3150203B1400003EF6280782D5D0050F164805AEB5460
S3150203B1508042BE4480A7127E0063694D808BA94755
S3150203B16080B1516D807CB3690050C4520047BB6203
S3150203B17080C8DA6100C2E57B805F3C5280DFD64736
S3150203B1800003994C00C5015180C3EA428079C27219
S3150203B1900044345F80C6CE4180983E69804F0E5389
S3150203B1A080A2D350002C975C0094A06D00B5F34C9B
S3150203B1B000AE72720056EE4B80043A410032AD681D
S3150203B1C0F9FFFFFFF9FFFFFFF9FFFFFFFAFFFFFF9B
S3150203B1D0FAFFFFFFF9FFFFFFF8FFFFFFF8FFFFFF8D
S3150203B1E0FAFFFFFFFAFFFFFFFAFFFFFFF9FFFFFF79
S3150203B1F0FAFFFFFFFAFFFFFFFAFFFFFFF9FFFFFF69
S3150203B200FAFFFFFFFAFFFFFFFAFFFFFFF9FFFFFF58
S3150203B210F9FFFFFFF7FFFFFFF9FFFFFFF9FFFFFF4D
S3150203B220F8FFFFFFF9FFFFFFF9FFFFFFFAFFFFFF3B
S3150203B230F8FFFFFFFBFFFFFFFAFFFFFFFAFFFFFF28
S3150203B240F9FFFFFFF9FFFFFFFAFFFFFFFBFFFFFF18
S3150203B250FBFFFFFFFAFFFFFFFAFFFFFFF9FFFFFF07
S3150203B260FAFFFFFFFAFFFFFFFBFFFFFFF8FFFFFFF8
S3150203B270FBFFFFFFF8FFFFFFF9FFFFFFFAFFFFFFE9
S3150203B280FBFFFFFFF9FFFFFFFBFFFFFFF9FFFFFFD7
S3150203B290FAFFFFFFF9FFFFFFFAFFFFFFF9FFFFFFC9
S3150203B2A0F9FFFFFFFBFFFFFFF7FFFFFFF9FFFFFFBB
S3150203B2B0FAFFFFFFFAFFFFFFF9FFFFFFF9FFFFFFA9
S3150203B2C0F9FFFFFFF9FFFFFFFAFFFFFFFAFFFFFF99
S3150203B2D0FAFFFFFFF9FFFFFFFAFFFFFFF9FFFFFF89
S3150203B2E0FAFFFFFFF9FFFFFFFBFFFFFFFAFFFFFF77
S3150203B2F0F9FFFFFFF8FFFFFFF8FFFFFFFAFFFFFF6C
S3150203B300FAFFFFFFFAFFFFFFFAFFFFFFFAFFFFFF56
S3150203B310F8FFFFFFF9FFFFFFF8FFFFFFFBFFFFFF4A
S3150203B320FAFFFFFFF9FFFFFFFAFFFFFFF7FFFFFF3A
S3150203B330F9FFFFFFF9FFFFFFFBFFFFFFFAFFFFFF27
S3150203B340800000000E000000010000000100000062
S3150203B35000000000000000000100000001000000E0
S3150203B36080FFFFFF7F00000051B37D45C03D384E8D
S3150203B37050663E49EB461B6812E73E4BEAF57348B5
S3150203B3803DC0704933EDF17408494C4341FA4874A0
S3150203B390EECDF16F0AA7A07BF88DAF560AB4F2542D
S3150203B3A07A9C136266420364F8FFFFFFF7FFFFFF0F
S3150203B3B0F6FFFFFFF6FFFFFFF7FFFFFFF7FFFFFFB4
S3150203B3C0F7FFFFFFF6FFFFFFF7FFFFFFF6FFFFFFA4
S3150203B3D0F7FFFFFFF7FFFFFFF7FFFFFFF6FFFFFF93
S3150203B3E0F7FFFFFFF7FFFFFFF2FFFFFF80FFFFFFFE
S3150203B3F00100000001000000000000000000000040
S3150203B400010000000100000080FFFFFF7F00000033
S3150203B410E586366788239F4104C79B7301F2977FAC
S3150203B42003334F5D9486067F80BC3E419B78BA7098
S3150203B430EA7AA05287F8B15D2BD0CC7F96153B5E94
S3150203B44004984748919D9A702C3E8445C2E7584C0E
S3150203B45080A2AC7306C950608C9CA646AB773E505D
S3150203B4608C5E1E6E72F7C1677A759A5DD5946774A0
S3150203B4705A60BE663DCB9A4514C52F6D83D76F7E40
S3150203B480EF3E005AF3188D585C4E025242640D6920
S3150203B4905979BF4A233FC35657BBB9607E5A0A4AF4
S3150203B4A000D9CA7E4BE3BE5F88DB0D752C5F30483D
S3150203B4B03B433E6398D0F47EB914BB608F131146A7
S3150203B4C00AE9C7456FB78276E2CF69541769036BF8
S3150203B4D0D42A975E79EBAB57F31B1C53C49F126EA8
S3150203B4E0A299DE44BF5E0750A024E555D88E0A58BA
S3150203B4F03BE6C645E65B616A0FAE506713E5315814
S3150203B50002DFD14041C026566CCF4A47F70DAD4AFA
S3150203B5105EC6505CB11DBD5AEF0BFA464D781459FF
S3150203B5206964B9487727A576556ADA52FF094160F5
S3150203B530AA8C3C4E0D53826F18927E6294FC1A506B
S3150203B54092357C700FDF2B41C331FD563199B07AA8
S3150203B5502F9A7F75422AB3416C084C728483197AF7
S3150203B56087BBD74F7ABC0B627C72A656358EAD412A
S3150203B570093D0053C0259D5C3BFFC26010E17B661B
S3150203B580AEE7C268909C806A2D4169728B0DC26CCC
S3150203B590FAFFFFFFFBFFFFFFFAFFFFFFFAFFFFFFC3
S3150203B5A0FAFFFFFFFAFFFFFFFAFFFFFFFAFFFFFFB4
S3150203B5B0FAFFFFFFFBFFFFFFF9FFFFFFFAFFFFFFA4
S3150203B5C0FBFFFFFFFCFFFFFFFAFFFFFFF9FFFFFF92
S3150203B5D0F9FFFFFFFAFFFFFFFBFFFFFFFAFFFFFF84
S3150203B5E0F9FFFFFFF8FFFFFFF9FFFFFFF8FFFFFF7A
S3150203B5F0F9FFFFFFFBFFFFFFFBFFFFFFFAFFFFFF63
S3150203B600FAFFFFFFFBFFFFFFFAFFFFFFFAFFFFFF52
S3150203B610FAFFFFFFFAFFFFFFFAFFFFFFFAFFFFFF43
S3150203B620F9FFFFFFFAFFFFFFFAFFFFFFFBFFFFFF33
S3150203B630F9FFFFFFFAFFFFFFFAFFFFFFFAFFFFFF24
S3150203B640FBFFFFFFF9FFFFFFFAFFFFFFFAFFFFFF13
S3150203B650FAFFFFFFFAFFFFFFFAFFFFFFF9FFFFFF04
S3150203B660FBFFFFFFFAFFFFFFFAFFFFFFFAFFFFFFF2
S3150203B670FBFFFFFFFAFFFFFFFAFFFFFFF9FFFFFFE3
S3150203B680FCFFFFFFFBFFFFFFFAFFFFFFFBFFFFFFCF
S3150203B690FBFFFFFFFAFFFFFFF9FFFFFFFAFFFFFFC3
S3150203B6A0FBFFFFFFFAFFFFFFFAFFFFFFFAFFFFFFB2
S3150203B6B0FCFFFFFFFAFFFFFFFAFFFFFFFAFFFFFFA1
S3150203B6C0FAFFFFFFF9FFFFFFF9FFFFFFF9FFFFFF96
S3150203B6D0F9FFFFFFFAFFFFFFF9FFFFFFF9FFFFFF86
S3150203B6E0F9FFFFFFFAFFFFFFFBFFFFFFFAFFFFFF73
S3150203B6F0F9FFFFFFFBFFFFFFFAFFFFFFFAFFFFFF63
S3150203B700FAFFFFFFFBFFFFFFFAFFFFFFF9FFFFFF52
S3150203B7108000000080FFFFFF01000000010000001F
S3150203B720000000000000000001000000010000000C
S3150203B73080FFFFFF7F000000399FCA71317CEC68EE
S3150203B740D16922628720DD6C6E8FD261A610A26058
S3150203B7506EF37C61FC55AD63CDFC366E8E6B43682E
S3150203B760C696D967C1135B669F28FB6E22FF8A675B
S3150203B7701B64C478623F9A70EAC91765004BF26488
S3150203B780E2511761CC06FF657BB69A61AA379872B6
S3150203B79093445B6E717B8D6968514B64C458EF6A3F
S3150203B7A0B02A66664DB5D66D639B82657636016AA7
S3150203B7B089206B78F5C57C71F6FFFFFFF6FFFFFF65
S3150203B7C0F6FFFFFFF6FFFFFFF6FFFFFFF6FFFFFFA2
S3150203B7D0F6FFFFFFF6FFFFFFF6FFFFFFF6FFFFFF92
S3150203B7E0F6FFFFFFF6FFFFFFF6FFFFFFF6FFFFFF82
S3150203B7F0F6FFFFFFF6FFFFFFF6FFFFFFF6FFFFFF72
S3150203B800F6FFFFFFF6FFFFFFF6FFFFFFF6FFFFFF61
S3150203B810F6FFFFFFF6FFFFFFF6FFFFFFF6FFFFFF51
S3150203B820F6FFFFFFF6FFFFFFF6FFFFFFF6FFFFFF41
S3150203B830F6FFFFFFF6FFFFFF2000000001000000F6
S3150203B840010000006000000001000000010000008A
S3150203B8500100000020000000010000000C000000AF
S3150203B8600C00000020000000800000001900000008
S3150203B87001000000010000000000000000000000BB
S3150203B880010000000100000080FFFFFF7F000000AF
S3150203B890A6279F511B2ACB4A96192D50419ADB4361
S3150203B8A0CD61CF4CF8FFFFFFF8FFFFFFF8FFFFFF65
S3150203B8B0F8FFFFFFF8FFFFFF05000000010000008D
S3150203B8C0010000002000000001000000010000004A
S3150203B8D00100000005000000010000000C0000004A
S3150203B8E00C00000005000000243B0302303B030268
S3150203B8F0343B0302403B0302483B030200000000C1
S3150203B90020000000070000001600000002000000ED
S3150203B910000000000000000000000000000000001C
S3150203B920000000000000000000000000000000000C
S3150203B93000000000000000000000000000000000FC
S3150203B94000000000000000000000000000000000EC
S3150203B95000000000000000000000000000000000DC
S3150203B96000000000000000000000000000000000CC
S3150203B97000000000000000000000000000000000BC
S3150203B98000000000000000000000000000000000AC
S3150203B990000000000000000000000000000000009C
S3150203B9A0000000000000000000000000000000008C
S3150203B9B0000000000000000000000000000000007C
S3150203B9C0000000000000000000000000000000006C
S3150203B9D0000000000000000000000000000000005C
S3150203B9E0000000000000000000000000000000004C
S3150203B9F0000000000000000000000000000000003C
S3150203BA00000000000000000000000000000000002B
S3150203BA10000000000000000000000000000000001B
S3150203BA20000000000000000000000000000000000B
S3150203BA3000000000000000000000000000000000FB
S3150203BA4000000000000000000000000000000000EB
S3150203BA5000000000000000000000000000000000DB
S3150203BA6000000000000000000000000000000000CB
S3150203BA7000000000000000000000000000000000BB
S3150203BA8000000000000000000000000000000000AB
S3150203BA90000000000000000000000000000000009B
S3150203BAA0000000000000000000000000000000008B
S3150203BAB0000000000000000000000000000000007B
S3150203BAC0000000000000000000000000000000006B
S3150203BAD0000000000000000000000000000000005B
S3150203BAE0000000000000000000000000000000004B
S3150203BAF0000000000000000000000000000000003B
S3150203BB00000000000000000000000000000000002A
S3150203BB10000000000000000000000000000000001A
S3150203BB20000000000000000000000000000000000A
S3150203BB3000000000000000000000000000000000FA
S3150203BB4000000000000000000000000000000000EA
S3150203BB5000000000000000000000000000000000DA
S3150203BB6000000000000000000000000000000000CA
S3150203BB7000000000000000000000000000000000BA
S3150203BB8000000000000000000000000000000000AA
S3150203BB90000000000000000000000000000000009A
S3150203BBA0000000000000000000000000000000008A
S3150203BBB0000000000000000000000000000000007A
S3150203BBC0000000000000000000000000000000006A
S3150203BBD0000000000000000000000000000000005A
S3150203BBE0000000000000000000000000000000004A
S3150203BBF0000000000000000000000000000000003A
S3150203BC000000000000000000000000000000000029
S3150203BC100000000000000000000000000000000019
S3150203BC200000000000000000000000000000000009
S3150203BC3000000000000000000000000000000000F9
S3150203BC4000000000000000000000000000000000E9
S3150203BC5000000000000000002500000010000000A4
S3150203BC6016000000020000000000000000000000B1
S3150203BC700000000000000000000000000000929493
S3150203BC807DEFE31800000000000092947DEFFFFFB2
S3150203BC901CE7AA52000000000000000000007DEF2E
S3150203BCA09294000000000000E739FFFF929400001F
S3150203BCB038C67DEF000000000000000014A57DEFEA
S3150203BCC0000000000000000096B57DEF00000000B2
S3150203BCD06D6BFFFFAA5200000000E318BEF76D6BFF
S3150203BCE0000000000000000096B5DBDE0000000045
S3150203BCF06D6BFFFF6D6B0000000096B5DBDE000087
S3150203BD000000000000000000F7BDDBDE00000000BB
S3150203BD106D6BFFFF6D6B0000E318BEF76D6B0000E2
S3150203BD20000000000000000096B51CE700000000BA
S3150203BD306D6BFFFFE739000096B5DBDE00000000FE
S3150203BD400000000000000000E739FFFF1084000036
S3150203BD509AD6DBDE0000E318BEF76D6B0000000027
S3150203BD60000000000000000000009294BEF7FFFFEF
S3150203BD70DBDEAA520000F7BDDBDE00000000000096
S3150203BD8000000000000000000000000000000000A8
S3150203BD9000000000E739FFFFAA520000000000007E
S3150203BDA00000000000000000000000000000000088
S3150203BDB00000000038C638C60000E3189AD6FFFF13
S3150203BDC0BEF7F7BD000000000000000000000000FF
S3150203BDD00000E739FFFFE739000038C61CE7E3181E
S3150203BDE0AA52BEF792940000000000000000000071
S3150203BDF0000038C638C600000000FFFF9294000018
S3150203BE000000DBDE9AD600000000000000000000FE
S3150203BE10AA52FFFFE73900000000FFFF6D6B000027
S3150203BE200000DBDEDBDE0000000000000000000095
S3150203BE30DBDE38C600000000E318FFFF6D6B00006F
S3150203BE400000DBDEDBDE00000000000000006D6B9D
S3150203BE50BEF7E739000000000000FFFF1084000070
S3150203BE600000DBDEF7BD0000000000000000DBDEA1
S3150203BE7096B500000000000000009AD69AD6E31891
S3150203BE80AA52FFFF6D6B0000000000006D6BBEF748
S3150203BE90E3180000000000000000E318DBDEFFFFEA
S3150203BEA0BEF792940000000000000000DBDE96B5A8
S3150203BEB00000000000000000000000000000000077
S3150203BEC00000000000000000000000000000000067
S3150203BED00000000000000000000000000000000057
S3150203BEE00000000000000000000000000000000047
S3150203BEF00000000000000000000000000000000037
S3150203BF000000000000000000000000000000000026
S3150203BF100000000000000000000000000000000016
S3150203BF200000000000000000000000000000000006
S3150203BF3000000000000000000000000000000000F6
S3150203BF4000000000000000000000000000000000E6
S3150203BF5000000000000000000000000000000000D6
S3150203BF6000000000000000000000000000000000C6
S3150203BF7000000000000000000000000000000000B6
S3150203BF8000000000000000000000000000000000A6
S3150203BF900000000000000000000000000000000096
S3150203BFA00000000000000000000000000000000086
S3150203BFB0270000000800000016000000020000002F
S3150203BFC00000000000000000000000000000000066
S3150203BFD0000092947DEFFFFF1CE7AA5200000000C7
S3150203BFE0E739FFFF9294000038C67DEF0000000098
S3150203BFF096B57DEF000000006D6BFFFFAA520000AD
S3150203C00096B5DBDE000000006D6BFFFF6D6B000073
S3150203C010F7BDDBDE000000006D6BFFFF6D6B0000FA
S3150203C02096B51CE7000000006D6BFFFFE7390000C1
S3150203C030E739FFFF108400009AD6DBDE000000001A
S3150203C04000009294BEF7FFFFDBDEAA520000000057
S3150203C05000000000000000000000000000000000D5
S3150203C06000000000000000000000000000000000C5
S3150203C07000000000000000000000000000000000B5
S3150203C08000000000000000000000000000000000A5
S3150203C0900000000000000000000000000000000095
S3150203C0A00000000000000000000000000000000085
S3150203C0B00000000000000000000000000000000075
S3150203C0C00000000000000000000000000000000065
S3150203C0D00000000000000000000000000000000055
S3150203C0E00000000000000000000000000000000045
S3150203C0F00000000000000000000000000000000035
S3150203C1000000000000000000000000000000000024
S3150203C1100000000000000000000000000000000014
S3150203C1200000000000000000000000000000000004
S3150203C13000000000000000000000000000000000F4
S3150203C14000000000000000000000000000000000E4
S3150203C15000000000000000000000000000000000D4
S3150203C16000000000000000000000000000000000C4
S3150203C17000000000000000000000000000000000B4
S3150203C18000000000000000000000000000000000A4
S3150203C1900000000000000000000000000000000094
S3150203C1A00000000000000000000000000000000084
S3150203C1B00000000000000000000000000000000074
S3150203C1C00000000000000000000000000000000064
S3150203C1D00000000000000000000000000000000054
S3150203C1E00000000000000000000000000000000044
S3150203C1F00000000000000000000000000000000034
S3150203C2000000000000000000000000000000000023
S3150203C2100000000000000000000000000000000013
S3150203C2200000000000000000000000000000000003
S3150203C23000000000000000000000000000000000F3
S3150203C24000000000000000000000000000000000E3
S3150203C25000000000000000000000000000000000D3
S3150203C26000000000000000000000000000000000C3
S3150203C27000000000000000000000000000000000B3
S3150203C28000000000000000000000000000000000A3
S3150203C2900000000000000000000000000000000093
S3150203C2A00000000000000000000000000000000083
S3150203C2B00000000000000000000000000000000073
S3150203C2C00000000000000000000000000000000063
S3150203C2D00000000000000000000000000000000053
S3150203C2E00000000000000000000000000000000043
S3150203C2F00000000000000000000000000000000033
S3150203C30000000000000000002D0000000B000000EA
S3150203C31016000000020000000000000000000000FA
S3150203C3200000000000000000000000000000000002
S3150203C33000000000000000000000000000000000F2
S3150203C34000000000000000000000000000000000E2
S3150203C35000000000000000000000000000000000D2
S3150203C36000000000000000000000000000000000C2
S3150203C37000000000000000000000000000000000B2
S3150203C38000000000000000000000000000000000A2
S3150203C3900000000000000000000000000000000092
S3150203C3A00000000000000000000000000000000082
S3150203C3B00000000000000000000000000000000072
S3150203C3C00000000000000000000000000000000062
S3150203C3D00000000000000000000000000000000052
S3150203C3E00000000000000000000000000000000042
S3150203C3F000000000DBDEFFFFFFFFFFFFFFFFFFFF83
S3150203C400FFFFFFFFFFFFDBDE00000000000000006E
S3150203C4100000000000000000000000000000000011
S3150203C4200000000000000000000000000000000001
S3150203C43000000000000000000000000000000000F1
S3150203C44000000000000000000000000000000000E1
S3150203C45000000000000000000000000000000000D1
S3150203C46000000000000000000000000000000000C1
S3150203C47000000000000000000000000000000000B1
S3150203C48000000000000000000000000000000000A1
S3150203C4900000000000000000000000000000000091
S3150203C4A00000000000000000000000000000000081
S3150203C4B00000000000000000000000000000000071
S3150203C4C00000000000000000000000000000000061
S3150203C4D00000000000000000000000000000000051
S3150203C4E00000000000000000000000000000000041
S3150203C4F00000000000000000000000000000000031
S3150203C5000000000000000000000000000000000020
S3150203C5100000000000000000000000000000000010
S3150203C5200000000000000000000000000000000000
S3150203C53000000000000000000000000000000000F0
S3150203C54000000000000000000000000000000000E0
S3150203C55000000000000000000000000000000000D0
S3150203C56000000000000000000000000000000000C0
S3150203C57000000000000000000000000000000000B0
S3150203C58000000000000000000000000000000000A0
S3150203C5900000000000000000000000000000000090
S3150203C5A00000000000000000000000000000000080
S3150203C5B00000000000000000000000000000000070
S3150203C5C00000000000000000000000000000000060
S3150203C5D00000000000000000000000000000000050
S3150203C5E00000000000000000000000000000000040
S3150203C5F00000000000000000000000000000000030
S3150203C600000000000000000000000000000000001F
S3150203C610000000000000000000000000000000000F
S3150203C62000000000000000000000000000000000FF
S3150203C63000000000000000000000000000000000EF
S3150203C64000000000000000000000000000000000DF
S3150203C65000000000000000000000000000000000CF
S3150203C6602E00000003000000160000000200000076
S3150203C67000000000000000000000000000000000AF
S3150203C680000000000000000000000000000000009F
S3150203C690000000000000000000000000000000008F
S3150203C6A0000000000000000000000000000000007F
S3150203C6B0000000000000000000000000000000006F
S3150203C6C0000000000000000000000000000000005F
S3150203C6D0DBDEFFFF0000DBDEFFFF000000000000E1
S3150203C6E0000000000000000000000000000000003F
S3150203C6F0000000000000000000000000000000002F
S3150203C700000000000000000000000000000000001E
S3150203C710000000000000000000000000000000000E
S3150203C72000000000000000000000000000000000FE
S3150203C73000000000000000000000000000000000EE
S3150203C74000000000000000000000000000000000DE
S3150203C75000000000000000000000000000000000CE
S3150203C76000000000000000000000000000000000BE
S3150203C77000000000000000000000000000000000AE
S3150203C780000000000000000000000000000000009E
S3150203C790000000000000000000000000000000008E
S3150203C7A0000000000000000000000000000000007E
S3150203C7B0000000000000000000000000000000006E
S3150203C7C0000000000000000000000000000000005E
S3150203C7D0000000000000000000000000000000004E
S3150203C7E0000000000000000000000000000000003E
S3150203C7F0000000000000000000000000000000002E
S3150203C800000000000000000000000000000000001D
S3150203C810000000000000000000000000000000000D
S3150203C82000000000000000000000000000000000FD
S3150203C83000000000000000000000000000000000ED
S3150203C84000000000000000000000000000000000DD
S3150203C85000000000000000000000000000000000CD
S3150203C86000000000000000000000000000000000BD
S3150203C87000000000000000000000000000000000AD
S3150203C880000000000000000000000000000000009D
S3150203C890000000000000000000000000000000008D
S3150203C8A0000000000000000000000000000000007D
S3150203C8B0000000000000000000000000000000006D
S3150203C8C0000000000000000000000000000000005D
S3150203C8D0000000000000000000000000000000004D
S3150203C8E0000000000000000000000000000000003D
S3150203C8F0000000000000000000000000000000002D
S3150203C900000000000000000000000000000000001C
S3150203C910000000000000000000000000000000000C
S3150203C92000000000000000000000000000000000FC
S3150203C93000000000000000000000000000000000EC
S3150203C94000000000000000000000000000000000DC
S3150203C95000000000000000000000000000000000CC
S3150203C96000000000000000000000000000000000BC
S3150203C97000000000000000000000000000000000AC
S3150203C980000000000000000000000000000000009C
S3150203C990000000000000000000000000000000008C
S3150203C9A0000000000000000000000000000000007C
S3150203C9B000000000000000002F0000000D00000030
S3150203C9C01600000002000000000000000000000044
S3150203C9D00000000000000000000092947DEFE318BF
S3150203C9E0000000000000000000000000000000003C
S3150203C9F0000000007DEF929400000000000000009A
S3150203CA0000000000000000000000000014A57DEFF6
S3150203CA10000000000000000000000000000000000B
S3150203CA2000000000E318BEF76D6B00000000000073
S3150203CA30000000000000000000000000000096B5A0
S3150203CA40DBDE000000000000000000000000000022
S3150203CA50000000000000E318BEF76D6B0000000043
S3150203CA6000000000000000000000000000000000BB
S3150203CA7096B5DBDE000000000000000000000000A7
S3150203CA800000000000000000E318BEF76D6B000013
S3150203CA90000000000000000000000000000000008B
S3150203CAA00000F7BDDBDE000000000000000000000E
S3150203CAB000000000000000000000E739FFFFAA5251
S3150203CAC0000000000000000000000000000000005B
S3150203CAD00000000038C638C600000000000000004F
S3150203CAE0000000000000000000000000E739FFFF1D
S3150203CAF0E73900000000000000000000000000000B
S3150203CB0000000000000038C638C60000000000001E
S3150203CB100000000000000000000000000000AA520E
S3150203CB20FFFFE739000000000000000000000000DC
S3150203CB300000000000000000DBDE38C60000000033
S3150203CB4000000000000000000000000000000000DA
S3150203CB506D6BBEF7E739000000000000000000001D
S3150203CB6000000000000000000000DBDE96B50000B6
S3150203CB7000000000000000000000000000000000AA
S3150203CB8000006D6BBEF7E318000000000000000012
S3150203CB90000000000000000000000000DBDE96B586
S3150203CBA0000000000000000000000000000000007A
S3150203CBB0000000000000000000000000000000006A
S3150203CBC0000000000000000000000000000000005A
S3150203CBD0000000000000000000000000000000004A
S3150203CBE0000000000000000000000000000000003A
S3150203CBF0000000000000000000000000000000002A
S3150203CC000000000000000000000000000000000019
S3150203CC100000000000000000000000000000000009
S3150203CC2000000000000000000000000000000000F9
S3150203CC3000000000000000000000000000000000E9
S3150203CC4000000000000000000000000000000000D9
S3150203CC5000000000000000000000000000000000C9
S3150203CC6000000000000000000000000000000000B9
S3150203CC7000000000000000000000000000000000A9
S3150203CC800000000000000000000000000000000099
S3150203CC900000000000000000000000000000000089
S3150203CCA00000000000000000000000000000000079
S3150203CCB00000000000000000000000000000000069
S3150203CCC00000000000000000000000000000000059
S3150203CCD00000000000000000000000000000000049
S3150203CCE00000000000000000000000000000000039
S3150203CCF00000000000000000000000000000000029
S3150203CD000000000000000000000000000000000018
S3150203CD10300000000A0000001600000002000000B6
S3150203CD2000000000000000000000000000000000F8
S3150203CD30000000000000000010841CE7FFFFFFFF55
S3150203CD409AD6AA520000000000006D6BFFFF929470
S3150203CD5000000000F7BDBEF7E73900000000DBDE86
S3150203CD6038C60000000000000000BEF796B50000BA
S3150203CD70E318FFFF92940000000000000000DBDED0
S3150203CD80DBDE00006D6BFFFF6D6B00000000000031
S3150203CD900000DBDEDBDE00006D6BFFFF6D6B000068
S3150203CDA0000000000000DBDEDBDE00006D6BFFFF30
S3150203CDB06D6B0000000000000000DBDEDBDE00001E
S3150203CDC06D6BFFFF6D6B0000000000000000DBDEF1
S3150203CDD0DBDE00006D6BFFFF6D6B000000000000E1
S3150203CDE00000DBDEDBDE00006D6BFFFF6D6B000018
S3150203CDF0000000000000DBDEDBDE00006D6BFFFFE0
S3150203CE006D6B0000000000000000DBDEDBDE0000CD
S3150203CE106D6BFFFF6D6B0000000000000000DBDEA0
S3150203CE20DBDE00006D6BFFFF6D6B00000000000090
S3150203CE300000DBDEDBDE00000000FFFF10840000E3
S3150203CE40000000000000DBDE96B5000000001CE7D0
S3150203CE50F7BD000000000000E318FFFF1084000086
S3150203CE6000009294BEF76D6B0000000038C67DEF9A
S3150203CE70000000000000000014A57DEFFFFFFFFF86
S3150203CE809AD6E73900000000000000000000000007
S3150203CE900000000000000000000000000000000087
S3150203CEA00000000000000000000000000000000077
S3150203CEB00000000000000000000000000000000067
S3150203CEC00000000000000000000000000000000057
S3150203CED00000000000000000000000000000000047
S3150203CEE00000000000000000000000000000000037
S3150203CEF00000000000000000000000000000000027
S3150203CF000000000000000000000000000000000016
S3150203CF100000000000000000000000000000000006
S3150203CF2000000000000000000000000000000000F6
S3150203CF3000000000000000000000000000000000E6
S3150203CF4000000000000000000000000000000000D6
S3150203CF5000000000000000000000000000000000C6
S3150203CF6000000000000000000000000000000000B6
S3150203CF7000000000000000000000000000000000A6
S3150203CF800000000000000000000000000000000096
S3150203CF900000000000000000000000000000000086
S3150203CFA00000000000000000000000000000000076
S3150203CFB00000000000000000000000000000000066
S3150203CFC00000000000000000000000000000000056
S3150203CFD00000000000000000000000000000000046
S3150203CFE00000000000000000000000000000000036
S3150203CFF00000000000000000000000000000000026
S3150203D0000000000000000000000000000000000015
S3150203D0100000000000000000000000000000000005
S3150203D02000000000000000000000000000000000F5
S3150203D03000000000000000000000000000000000E5
S3150203D04000000000000000000000000000000000D5
S3150203D05000000000000000000000000000000000C5
S3150203D060000000000000000031000000060000007E
S3150203D070160000000200000000000000000000008D
S3150203D080000000000000000000001CE7FFFF000094
S3150203D0900000000038C6FFFFFFFF0000E3189AD620
S3150203D0A09AD6F7BDFFFF00006D6B14A5000096B577
S3150203D0B0FFFF000000000000000096B5FFFF00001E
S3150203D0C000000000000096B5FFFF0000000000000C
S3150203D0D0000096B5FFFF000000000000000096B5B1
S3150203D0E0FFFF000000000000000096B5FFFF0000EE
S3150203D0F000000000000096B5FFFF000000000000DC
S3150203D100000096B5FFFF000000000000000096B580
S3150203D110FFFF000000000000000096B5FFFF0000BD
S3150203D12000000000000096B5FFFF000000000000AB
S3150203D130000096B5FFFF000000000000000096B550
S3150203D140FFFF000000000000000096B5FFFF00008D
S3150203D15000000000000000000000000000000000C4
S3150203D16000000000000000000000000000000000B4
S3150203D17000000000000000000000000000000000A4
S3150203D1800000000000000000000000000000000094
S3150203D1900000000000000000000000000000000084
S3150203D1A00000000000000000000000000000000074
S3150203D1B00000000000000000000000000000000064
S3150203D1C00000000000000000000000000000000054
S3150203D1D00000000000000000000000000000000044
S3150203D1E00000000000000000000000000000000034
S3150203D1F00000000000000000000000000000000024
S3150203D2000000000000000000000000000000000013
S3150203D2100000000000000000000000000000000003
S3150203D22000000000000000000000000000000000F3
S3150203D23000000000000000000000000000000000E3
S3150203D24000000000000000000000000000000000D3
S3150203D25000000000000000000000000000000000C3
S3150203D26000000000000000000000000000000000B3
S3150203D27000000000000000000000000000000000A3
S3150203D2800000000000000000000000000000000093
S3150203D2900000000000000000000000000000000083
S3150203D2A00000000000000000000000000000000073
S3150203D2B00000000000000000000000000000000063
S3150203D2C00000000000000000000000000000000053
S3150203D2D00000000000000000000000000000000043
S3150203D2E00000000000000000000000000000000033
S3150203D2F00000000000000000000000000000000023
S3150203D3000000000000000000000000000000000012
S3150203D3100000000000000000000000000000000002
S3150203D32000000000000000000000000000000000F2
S3150203D33000000000000000000000000000000000E2
S3150203D34000000000000000000000000000000000D2
S3150203D35000000000000000000000000000000000C2
S3150203D36000000000000000000000000000000000B2
S3150203D37000000000000000000000000000000000A2
S3150203D3800000000000000000000000000000000092
S3150203D3900000000000000000000000000000000082
S3150203D3A00000000000000000000000000000000072
S3150203D3B00000000000000000000000000000000062
S3150203D3C0320000000A0000001600000002000000FE
S3150203D3D00000000000000000000000000000000042
S3150203D3E0000000000000000092941CE7FFFFFFFF0D
S3150203D3F01CE714A500000000000096B5BEF76D6B8E
S3150203D400000000001084FFFF929400000000BEF7A4
S3150203D410F7BD00000000000000009AD6DBDE000024
S3150203D4200000FFFF1084000000000000000096B514
S3150203D430FFFF0000E31800000000000000000000E8
S3150203D44000009AD67DEF00000000000000000000F5
S3150203D450000000000000BEF79AD60000000000009C
S3150203D460000000000000000014A5FFFF6D6B000022
S3150203D47000000000000000000000E739BEF7DBDE13
S3150203D48000000000000000000000000000009AD621
S3150203D490FFFFE73900000000000000000000000063
S3150203D4A01084FFFF96B50000000000000000000094
S3150203D4B00000E3187DEF1CE70000000000000000F7
S3150203D4C0000000000000F7BDFFFFAA5200000000A3
S3150203D4D00000000000000000AA52FFFFF7BD000093
S3150203D4E00000000000000000000000001CE77DEFC2
S3150203D4F0E31800000000000000000000000096B5DB
S3150203D500FFFF6D6B0000000000000000000000003A
S3150203D510E739BEF738C6000000000000000000002D
S3150203D520000000006D6BFFFFFFFFFFFFFFFFFFFF22
S3150203D530FFFFFFFFFFFF00000000000000000000E6
S3150203D54000000000000000000000000000000000D0
S3150203D55000000000000000000000000000000000C0
S3150203D56000000000000000000000000000000000B0
S3150203D57000000000000000000000000000000000A0
S3150203D5800000000000000000000000000000000090
S3150203D5900000000000000000000000000000000080
S3150203D5A00000000000000000000000000000000070
S3150203D5B00000000000000000000000000000000060
S3150203D5C00000000000000000000000000000000050
S3150203D5D00000000000000000000000000000000040
S3150203D5E00000000000000000000000000000000030
S3150203D5F00000000000000000000000000000000020
S3150203D600000000000000000000000000000000000F
S3150203D61000000000000000000000000000000000FF
S3150203D62000000000000000000000000000000000EF
S3150203D63000000000000000000000000000000000DF
S3150203D64000000000000000000000000000000000CF
S3150203D65000000000000000000000000000000000BF
S3150203D66000000000000000000000000000000000AF
S3150203D670000000000000000000000000000000009F
S3150203D680000000000000000000000000000000008F
S3150203D690000000000000000000000000000000007F
S3150203D6A0000000000000000000000000000000006F
S3150203D6B0000000000000000000000000000000005F
S3150203D6C0000000000000000000000000000000004F
S3150203D6D0000000000000000000000000000000003F
S3150203D6E0000000000000000000000000000000002F
S3150203D6F0000000000000000000000000000000001F
S3150203D700000000000000000000000000000000000E
S3150203D7100000000000000000330000000A000000C1
S3150203D72016000000020000000000000000000000D6
S3150203D73000000000000000000000000000006D6B06
S3150203D7409AD6FFFFFFFF7DEF14A50000000000003D
S3150203D750E739FFFF96B5000000006D6BBEF714A50F
S3150203D76000000000F7BD7DEF00000000000000008E
S3150203D77038C67DEF00000000DBDEDBDE00000000C2
S3150203D7800000000096B5FFFF000000000000000045
S3150203D790000000000000000096B5FFFF0000000035
S3150203D7A000000000000000000000000096B5FFFF25
S3150203D7B0000000000000000000000000000000005E
S3150203D7C0DBDE9AD600000000000000000000000025
S3150203D7D0E73938C6BEF7AA5200000000000000006F
S3150203D7E00000DBDEFFFFFFFF929400000000000053
S3150203D7F00000000000000000E73996B5FFFF92948F
S3150203D800000000000000000000000000000000000D
S3150203D81038C6BEF70000000000000000000000004A
S3150203D820000000001084FFFFAA520000000000005F
S3150203D83000000000000000006D6BFFFF6D6B00002F
S3150203D840FFFF96B500000000000000006D6BFFFFAE
S3150203D850E31800001CE79AD600000000000000004F
S3150203D860F7BD7DEF000000001084FFFF92940000D5
S3150203D87000006D6BBEF710840000000000001084E8
S3150203D8801CE7FFFFFFFF1CE71084000000000000F7
S3150203D890000000000000000000000000000000007D
S3150203D8A0000000000000000000000000000000006D
S3150203D8B0000000000000000000000000000000005D
S3150203D8C0000000000000000000000000000000004D
S3150203D8D0000000000000000000000000000000003D
S3150203D8E0000000000000000000000000000000002D
S3150203D8F0000000000000000000000000000000001D
S3150203D900000000000000000000000000000000000C
S3150203D91000000000000000000000000000000000FC
S3150203D92000000000000000000000000000000000EC
S3150203D93000000000000000000000000000000000DC
S3150203D94000000000000000000000000000000000CC
S3150203D95000000000000000000000000000000000BC
S3150203D96000000000000000000000000000000000AC
S3150203D970000000000000000000000000000000009C
S3150203D980000000000000000000000000000000008C
S3150203D990000000000000000000000000000000007C
S3150203D9A0000000000000000000000000000000006C
S3150203D9B0000000000000000000000000000000005C
S3150203D9C0000000000000000000000000000000004C
S3150203D9D0000000000000000000000000000000003C
S3150203D9E0000000000000000000000000000000002C
S3150203D9F0000000000000000000000000000000001C
S3150203DA00000000000000000000000000000000000B
S3150203DA1000000000000000000000000000000000FB
S3150203DA2000000000000000000000000000000000EB
S3150203DA3000000000000000000000000000000000DB
S3150203DA4000000000000000000000000000000000CB
S3150203DA5000000000000000000000000000000000BB
S3150203DA6000000000000000000000000000000000AB
S3150203DA70340000000B000000160000000200000044
S3150203DA80000000000000000000000000000000008B
S3150203DA90000000000000000000000000000000007B
S3150203DAA07DEFFFFF96B500000000000000000000B6
S3150203DAB0000000001084BEF7FFFF96B500000000C9
S3150203DAC000000000000000000000DBDEF7BDFFFFE0
S3150203DAD096B5000000000000000000000000AA52F4
S3150203DAE0FFFFE739FFFF96B50000000000000000C4
S3150203DAF00000000038C69AD60000FFFF96B5000064
S3150203DB000000000000000000E318FFFF108400007D
S3150203DB10FFFF96B50000000000000000000096B566
S3150203DB207DEF00000000FFFF96B500000000000035
S3150203DB3000000000BEF714A500000000FFFF96B523
S3150203DB4000000000000000009294BEF7E3180000F4
S3150203DB500000FFFF96B500000000000000007DEF05
S3150203DB6038C6000000000000FFFF96B50000000063
S3150203DB7000006D6BFFFFAA52000000000000FFFFCA
S3150203DB8096B50000000000009AD6DBDE0000000016
S3150203DB9000000000FFFF96B5000000000000DBDE78
S3150203DBA0FFFFFFFFFFFFFFFFFFFFFFFFFFFFFFFF7A
S3150203DBB06D6B000000000000000000000000000082
S3150203DBC0FFFF96B500000000000000000000000001
S3150203DBD0000000000000FFFF96B5000000000000F1
S3150203DBE0000000000000000000000000FFFF96B5E1
S3150203DBF0000000000000000000000000000000001A
S3150203DC000000FFFF96B500000000000000000000C0
S3150203DC1000000000000000000000000000000000F9
S3150203DC2000000000000000000000000000000000E9
S3150203DC3000000000000000000000000000000000D9
S3150203DC4000000000000000000000000000000000C9
S3150203DC5000000000000000000000000000000000B9
S3150203DC6000000000000000000000000000000000A9
S3150203DC700000000000000000000000000000000099
S3150203DC800000000000000000000000000000000089
S3150203DC900000000000000000000000000000000079
S3150203DCA00000000000000000000000000000000069
S3150203DCB00000000000000000000000000000000059
S3150203DCC00000000000000000000000000000000049
S3150203DCD00000000000000000000000000000000039
S3150203DCE00000000000000000000000000000000029
S3150203DCF00000000000000000000000000000000019
S3150203DD000000000000000000000000000000000008
S3150203DD1000000000000000000000000000000000F8
S3150203DD2000000000000000000000000000000000E8
S3150203DD3000000000000000000000000000000000D8
S3150203DD4000000000000000000000000000000000C8
S3150203DD5000000000000000000000000000000000B8
S3150203DD6000000000000000000000000000000000A8
S3150203DD700000000000000000000000000000000098
S3150203DD800000000000000000000000000000000088
S3150203DD900000000000000000000000000000000078
S3150203DDA00000000000000000000000000000000068
S3150203DDB00000000000000000000000000000000058
S3150203DDC00000000000000000350000000A00000009
S3150203DDD01600000002000000000000000000000020
S3150203DDE00000000000000000000000006D6BFFFF52
S3150203DDF0FFFFFFFFFFFFFFFFFFFFDBDE0000000069
S3150203DE0096B5FFFF000000000000000000000000BE
S3150203DE100000000096B5FFFF0000000000000000AE
S3150203DE20000000000000000096B5FFFF000000009E
S3150203DE3000000000000000000000000096B51CE789
S3150203DE4000000000000000000000000000000000C7
S3150203DE5096B5DBDE000000000000000000000000B3
S3150203DE600000000096B5DBDE92947DEFFFFFBEF75E
S3150203DE7096B500000000000096B5BEF79AD6E739BC
S3150203DE8000009294FFFFF7BD0000000096B57DEFF8
S3150203DE900000000000000000F7BDBEF7000000000E
S3150203DEA0E318000000000000000000006D6BFFFF96
S3150203DEB06D6B00000000000000000000000000007F
S3150203DEC06D6BFFFF6D6B0000000000000000000099
S3150203DED0000000006D6BFFFF6D6B00000000000089
S3150203DEE000000000000000006D6BFFFF6D6B000079
S3150203DEF0DBDEDBDE00000000000000006D6BFFFFCF
S3150203DF00AA52000096B5BEF700000000000000000A
S3150203DF1014A57DEF00000000E739BEF796B50000B1
S3150203DF200000AA52BEF714A5000000000000AA5280
S3150203DF309AD6FFFFFFFF1CE7929400000000000041
S3150203DF4000000000000000000000000000000000C6
S3150203DF5000000000000000000000000000000000B6
S3150203DF6000000000000000000000000000000000A6
S3150203DF700000000000000000000000000000000096
S3150203DF800000000000000000000000000000000086
S3150203DF900000000000000000000000000000000076
S3150203DFA00000000000000000000000000000000066
S3150203DFB00000000000000000000000000000000056
S3150203DFC00000000000000000000000000000000046
S3150203DFD00000000000000000000000000000000036
S3150203DFE00000000000000000000000000000000026
S3150203DFF00000000000000000000000000000000016
S3150203E0000000000000000000000000000000000005
S3150203E01000000000000000000000000000000000F5
S3150203E02000000000000000000000000000000000E5
S3150203E03000000000000000000000000000000000D5
S3150203E04000000000000000000000000000000000C5
S3150203E05000000000000000000000000000000000B5
S3150203E06000000000000000000000000000000000A5
S3150203E0700000000000000000000000000000000095
S3150203E0800000000000000000000000000000000085
S3150203E0900000000000000000000000000000000075
S3150203E0A00000000000000000000000000000000065
S3150203E0B00000000000000000000000000000000055
S3150203E0C00000000000000000000000000000000045
S3150203E0D00000000000000000000000000000000035
S3150203E0E00000000000000000000000000000000025
S3150203E0F00000000000000000000000000000000015
S3150203E1000000000000000000000000000000000004
S3150203E11000000000000000000000000000000000F4
S3150203E120360000000A00000016000000020000008C
S3150203E13000000000000000000000000000000000D4
S3150203E1400000000000000000AA529AD6FFFFFFFF5C
S3150203E1507DEF96B5000000000000AA52BEF714A593
S3150203E160000000009294FFFF92940000000038C65C
S3150203E1701CE700000000000000001CE79AD600001E
S3150203E1800000BEF796B50000000000000000F7BDD0
S3150203E190F7BD00000000FFFF10840000000000002E
S3150203E1A000000000000000006D6BFFFF6D6B0000B6
S3150203E1B00000000000000000000000006D6BFFFF7E
S3150203E1C06D6B92947DEFFFFF1CE710840000000045
S3150203E1D06D6BFFFFF7BD38C6E318E31838C6FFFFBA
S3150203E1E0AA5200006D6BFFFF1CE70000000000004F
S3150203E1F000007DEF38C600006D6BFFFF96B5000089
S3150203E20000000000000038C61CE700006D6BFFFF2C
S3150203E2101084000000000000000096B5FFFF000016
S3150203E220AA52FFFF6D6B000000000000000096B5C6
S3150203E230FFFF00000000FFFF6D6B000000000000FF
S3150203E240000096B5BEF700000000BEF796B50000C3
S3150203E25000000000000038C6DBDE000000009AD68C
S3150203E260DBDE00000000000000007DEFF7BD0000CA
S3150203E2700000AA52FFFF14A50000000096B5BEF7E0
S3150203E280E7390000000000006D6B1CE7FFFFFFFF8C
S3150203E2909AD6AA5200000000000000000000000007
S3150203E2A00000000000000000000000000000000063
S3150203E2B00000000000000000000000000000000053
S3150203E2C00000000000000000000000000000000043
S3150203E2D00000000000000000000000000000000033
S3150203E2E00000000000000000000000000000000023
S3150203E2F00000000000000000000000000000000013
S3150203E3000000000000000000000000000000000002
S3150203E31000000000000000000000000000000000F2
S3150203E32000000000000000000000000000000000E2
S3150203E33000000000000000000000000000000000D2
S3150203E34000000000000000000000000000000000C2
S3150203E35000000000000000000000000000000000B2
S3150203E36000000000000000000000000000000000A2
S3150203E3700000000000000000000000000000000092
S3150203E3800000000000000000000000000000000082
S3150203E3900000000000000000000000000000000072
S3150203E3A00000000000000000000000000000000062
S3150203E3B00000000000000000000000000000000052
S3150203E3C00000000000000000000000000000000042
S3150203E3D00000000000000000000000000000000032
S3150203E3E00000000000000000000000000000000022
S3150203E3F00000000000000000000000000000000012
S3150203E4000000000000000000000000000000000001
S3150203E41000000000000000000000000000000000F1
S3150203E42000000000000000000000000000000000E1
S3150203E43000000000000000000000000000000000D1
S3150203E44000000000000000000000000000000000C1
S3150203E45000000000000000000000000000000000B1
S3150203E46000000000000000000000000000000000A1
S3150203E4700000000000000000370000000A00000050
S3150203E4801600000002000000000000000000000069
S3150203E490000000000000000000000000DBDEFFFFBA
S3150203E4A0FFFFFFFFFFFFFFFFFFFFFFFF6D6B000095
S3150203E4B0000000000000000000000000AA52FFFF57
S3150203E4C0AA52000000000000000000000000000045
S3150203E4D0F7BD7DEF00000000000000000000000011
S3150203E4E0000000007DEFF7BD000000000000000001
S3150203E4F0000000000000AA52FFFFAA52000000001B
S3150203E5000000000000000000000096B5BEF7000000
S3150203E51000000000000000000000000000001CE7ED
S3150203E52038C60000000000000000000000000000E2
S3150203E530E739FFFF1084000000000000000000001E
S3150203E5400000000014A5BEF7000000000000000052
S3150203E55000000000000000001CE79AD6000000003D
S3150203E56000000000000000000000E739FFFF92945C
S3150203E570000000000000000000000000000014A5D7
S3150203E580FFFFE31800000000000000000000000087
S3150203E5900000DBDE9AD60000000000000000000047
S3150203E5A000000000E318FFFF929400000000000041
S3150203E5B000000000000000009294FFFFE73900000C
S3150203E5C00000000000000000000000009AD61CE7CD
S3150203E5D00000000000000000000000000000E31835
S3150203E5E0FFFF14A500000000000000000000000069
S3150203E5F00000000000000000000000000000000010
S3150203E60000000000000000000000000000000000FF
S3150203E61000000000000000000000000000000000EF
S3150203E62000000000000000000000000000000000DF
S3150203E63000000000000000000000000000000000CF
S3150203E64000000000000000000000000000000000BF
S3150203E65000000000000000000000000000000000AF
S3150203E660000000000000000000000000000000009F
S3150203E670000000000000000000000000000000008F
S3150203E680000000000000000000000000000000007F
S3150203E690000000000000000000000000000000006F
S3150203E6A0000000000000000000000000000000005F
S3150203E6B0000000000000000000000000000000004F
S3150203E6C0000000000000000000000000000000003F
S3150203E6D0000000000000000000000000000000002F
S3150203E6E0000000000000000000000000000000001F
S3150203E6F0000000000000000000000000000000000F
S3150203E70000000000000000000000000000000000FE
S3150203E71000000000000000000000000000000000EE
S3150203E72000000000000000000000000000000000DE
S3150203E73000000000000000000000000000000000CE
S3150203E74000000000000000000000000000000000BE
S3150203E75000000000000000000000000000000000AE
S3150203E760000000000000000000000000000000009E
S3150203E770000000000000000000000000000000008E
S3150203E780000000000000000000000000000000007E
S3150203E790000000000000000000000000000000006E
S3150203E7A0000000000000000000000000000000005E
S3150203E7B0000000000000000000000000000000004E
S3150203E7C0000000000000000000000000000000003E
S3150203E7D0380000000A0000001600000002000000D4
S3150203E7E0000000000000000000000000000000001E
S3150203E7F0000000000000000014A57DEFFFFFFFFFED
S3150203E8009AD6AA5200000000000014A5BEF76D6B4B
S3150203E8100000000096B5BEF7E739000000007DEF61
S3150203E820F7BD0000000000000000BEF7F7BD0000C0
S3150203E830E739FFFF6D6B0000000000000000DBDE1E
S3150203E840DBDE00006D6BFFFF6D6B00000000000056
S3150203E8500000DBDEDBDE0000E739FFFF1084000089
S3150203E860000000000000DBDE9AD6000000007DEF08
S3150203E870F7BD000000000000E318BEF79294000003
S3150203E88000001084FFFF92940000E31838C61CE7C9
S3150203E890E31800000000000038C6FFFFFFFFFFFF7A
S3150203E8A07DEFAA52000000000000DBDEBEF76D6BAF
S3150203E8B00000E318F7BDFFFF6D6B0000AA52FFFFCE
S3150203E8C0929400000000000000001CE79AD60000A4
S3150203E8D06D6BFFFFE739000000000000000038C639
S3150203E8E0DBDE00001084FFFF0000000000000000D2
S3150203E8F0000096B51CE700006D6BFFFFE7390000C9
S3150203E90000000000000038C6DBDE0000E739FFFF27
S3150203E910929400000000000000007DEF38C600005C
S3150203E9200000F7BD7DEFE73900000000F7BDBEF733
S3150203E930E73900000000000096B57DEFFFFFFFFFF9
S3150203E9409AD6AA5200000000000000000000000050
S3150203E95000000000000000000000000000000000AC
S3150203E960000000000000000000000000000000009C
S3150203E970000000000000000000000000000000008C
S3150203E980000000000000000000000000000000007C
S3150203E990000000000000000000000000000000006C
S3150203E9A0000000000000000000000000000000005C
S3150203E9B0000000000000000000000000000000004C
S3150203E9C0000000000000000000000000000000003C
S3150203E9D0000000000000000000000000000000002C
S3150203E9E0000000000000000000000000000000001C
S3150203E9F0000000000000000000000000000000000C
S3150203EA0000000000000000000000000000000000FB
S3150203EA1000000000000000000000000000000000EB
S3150203EA2000000000000000000000000000000000DB
S3150203EA3000000000000000000000000000000000CB
S3150203EA4000000000000000000000000000000000BB
S3150203EA5000000000000000000000000000000000AB
S3150203EA60000000000000000000000000000000009B
S3150203EA70000000000000000000000000000000008B
S3150203EA80000000000000000000000000000000007B
S3150203EA90000000000000000000000000000000006B
S3150203EAA0000000000000000000000000000000005B
S3150203EAB0000000000000000000000000000000004B
S3150203EAC0000000000000000000000000000000003B
S3150203EAD0000000000000000000000000000000002B
S3150203EAE0000000000000000000000000000000001B
S3150203EAF0000000000000000000000000000000000B
S3150203EB0000000000000000000000000000000000FA
S3150203EB1000000000000000000000000000000000EA
S3150203EB200000000000000000390000000A00000097
S3150203EB3016000000020000000000000000000000B2
S3150203EB400000000000000000000000000000AA52BE
S3150203EB509AD6FFFFFFFF7DEF10840000000000003E
S3150203EB60E318BEF738C6000000006D6BBEF71084CB
S3150203EB700000000096B5BEF7E3180000000000008F
S3150203EB80F7BD1CE700000000DBDEDBDE0000000051
S3150203EB90000000001084FFFF00000000DBDEDBDE66
S3150203EBA000000000000000006D6BFFFFE318000089
S3150203EBB01CE7DBDE00000000000000006D6BFFFFB8
S3150203EBC06D6B0000DBDEDBDE0000000000000000F0
S3150203EBD09294FFFF6D6B000038C6BEF7E318000080
S3150203EBE00000000038C6FFFF6D6B0000AA52FFFF4C
S3150203EBF038C6E318000014A5FFFFFFFF6D6B000084
S3150203EC00000010841CE7FFFFFFFF9AD614A5FFFF3F
S3150203EC106D6B000000000000000000000000000011
S3150203EC206D6BFFFF6D6B000000000000000000002B
S3150203EC30000000006D6BFFFF0000000000000000F3
S3150203EC4000000000000000001084FFFF0000000027
S3150203EC509AD6DBDE000000000000000096B57DEFC9
S3150203EC600000000096B5FFFF000000000000000050
S3150203EC70DBDE38C600000000E739BEF796B50000B2
S3150203EC8000009294FFFFE739000000000000AA5239
S3150203EC909AD6FFFFFFFF1CE76D6B00000000000022
S3150203ECA00000000000000000000000000000000059
S3150203ECB00000000000000000000000000000000049
S3150203ECC00000000000000000000000000000000039
S3150203ECD00000000000000000000000000000000029
S3150203ECE00000000000000000000000000000000019
S3150203ECF00000000000000000000000000000000009
S3150203ED0000000000000000000000000000000000F8
S3150203ED1000000000000000000000000000000000E8
S3150203ED2000000000000000000000000000000000D8
S3150203ED3000000000000000000000000000000000C8
S3150203ED4000000000000000000000000000000000B8
S3150203ED5000000000000000000000000000000000A8
S3150203ED600000000000000000000000000000000098
S3150203ED700000000000000000000000000000000088
S3150203ED800000000000000000000000000000000078
S3150203ED900000000000000000000000000000000068
S3150203EDA00000000000000000000000000000000058
S3150203EDB00000000000000000000000000000000048
S3150203EDC00000000000000000000000000000000038
S3150203EDD00000000000000000000000000000000028
S3150203EDE00000000000000000000000000000000018
S3150203EDF00000000000000000000000000000000008
S3150203EE0000000000000000000000000000000000F7
S3150203EE1000000000000000000000000000000000E7
S3150203EE2000000000000000000000000000000000D7
S3150203EE3000000000000000000000000000000000C7
S3150203EE4000000000000000000000000000000000B7
S3150203EE5000000000000000000000000000000000A7
S3150203EE600000000000000000000000000000000097
S3150203EE700000000000000000000000000000000087
S3150203EE803A00000003000000160000000200000022
S3150203EE900000000000000000000000000000000067
S3150203EEA00000000000000000000000000000000057
S3150203EEB000000000DBDEFFFF0000DBDEFFFF0000D9
S3150203EEC00000000000000000000000000000000037
S3150203EED00000000000000000000000000000000027
S3150203EEE000000000DBDEFFFF0000DBDEFFFF0000A9
S3150203EEF00000000000000000000000000000000007
S3150203EF0000000000000000000000000000000000F6
S3150203EF1000000000000000000000000000000000E6
S3150203EF2000000000000000000000000000000000D6
S3150203EF3000000000000000000000000000000000C6
S3150203EF4000000000000000000000000000000000B6
S3150203EF5000000000000000000000000000000000A6
S3150203EF600000000000000000000000000000000096
S3150203EF700000000000000000000000000000000086
S3150203EF800000000000000000000000000000000076
S3150203EF900000000000000000000000000000000066
S3150203EFA00000000000000000000000000000000056
S3150203EFB00000000000000000000000000000000046
S3150203EFC00000000000000000000000000000000036
S3150203EFD00000000000000000000000000000000026
S3150203EFE00000000000000000000000000000000016
S3150203EFF00000000000000000000000000000000006
S3150203F00000000000000000000000000000000000F5
S3150203F01000000000000000000000000000000000E5
S3150203F02000000000000000000000000000000000D5
S3150203F03000000000000000000000000000000000C5
S3150203F04000000000000000000000000000000000B5
S3150203F05000000000000000000000000000000000A5
S3150203F0600000000000000000000000000000000095
S3150203F0700000000000000000000000000000000085
S3150203F0800000000000000000000000000000000075
S3150203F0900000000000000000000000000000000065
S3150203F0A00000000000000000000000000000000055
S3150203F0B00000000000000000000000000000000045
S3150203F0C00000000000000000000000000000000035
S3150203F0D00000000000000000000000000000000025
S3150203F0E00000000000000000000000000000000015
S3150203F0F00000000000000000000000000000000005
S3150203F10000000000000000000000000000000000F4
S3150203F11000000000000000000000000000000000E4
S3150203F12000000000000000000000000000000000D4
S3150203F13000000000000000000000000000000000C4
S3150203F14000000000000000000000000000000000B4
S3150203F15000000000000000000000000000000000A4
S3150203F1600000000000000000000000000000000094
S3150203F1700000000000000000000000000000000084
S3150203F1800000000000000000000000000000000074
S3150203F1900000000000000000000000000000000064
S3150203F1A00000000000000000000000000000000054
S3150203F1B00000000000000000000000000000000044
S3150203F1C00000000000000000000000000000000034
S3150203F1D00000000000000000410000000D000000D6
S3150203F1E016000000020000000000000000000000FC
S3150203F1F00000000000000000000000000000000004
S3150203F20000000000000000000000E318FFFFBEF745
S3150203F21000000000000000000000000000000000E3
S3150203F220000000001084FFFFFFFF108400000000AF
S3150203F230000000000000000000000000000038C6C5
S3150203F2401CE77DEF38C60000000000000000000046
S3150203F2500000000000000000BEF714A538C67DEFCB
S3150203F2600000000000000000000000000000000093
S3150203F270AA52FFFFE7391084FFFFAA5200000000DB
S3150203F28000000000000000000000F7BD7DEF000053
S3150203F2900000BEF796B50000000000000000000063
S3150203F2A0000000007DEFF7BD0000000038C61CE732
S3150203F2B0000000000000000000000000E739FFFF25
S3150203F2C0AA52000000009294FFFFE73900000000F3
S3150203F2D000000000000014A57DEF000000000000FE
S3150203F2E0E318FFFF14A50000000000000000000061
S3150203F2F01CE738C600000000000000009AD69AD622
S3150203F3000000000000000000E318FFFF1084000065
S3150203F3100000000000009294FFFFE31800000000C3
S3150203F32000009294FFFFFFFFFFFFFFFFFFFFFFFFB8
S3150203F330FFFFFFFF10840000000000009AD6F7BD0E
S3150203F3400000000000000000000000009AD638C644
S3150203F350000000000000FFFF108400000000000010
S3150203F36000000000000014A5BEF700000000108490
S3150203F370FFFFE31800000000000000000000000089
S3150203F380AA52FFFF6D6B000038C61CE7000000009F
S3150203F3900000000000000000000000007DEFF7BD42
S3150203F3A000007DEF96B5000000000000000000009B
S3150203F3B000000000000038C67DEF000000000000D8
S3150203F3C00000000000000000000000000000000032
S3150203F3D00000000000000000000000000000000022
S3150203F3E00000000000000000000000000000000012
S3150203F3F00000000000000000000000000000000002
S3150203F40000000000000000000000000000000000F1
S3150203F41000000000000000000000000000000000E1
S3150203F42000000000000000000000000000000000D1
S3150203F43000000000000000000000000000000000C1
S3150203F44000000000000000000000000000000000B1
S3150203F45000000000000000000000000000000000A1
S3150203F4600000000000000000000000000000000091
S3150203F4700000000000000000000000000000000081
S3150203F4800000000000000000000000000000000071
S3150203F4900000000000000000000000000000000061
S3150203F4A00000000000000000000000000000000051
S3150203F4B00000000000000000000000000000000041
S3150203F4C00000000000000000000000000000000031
S3150203F4D00000000000000000000000000000000021
S3150203F4E00000000000000000000000000000000011
S3150203F4F00000000000000000000000000000000001
S3150203F50000000000000000000000000000000000F0
S3150203F51000000000000000000000000000000000E0
S3150203F52000000000000000000000000000000000D0
S3150203F530420000000B00000016000000020000005B
S3150203F54000000000000000000000000000000000B0
S3150203F55000000000000096B5FFFFFFFFFFFFFFFF5D
S3150203F560FFFF1CE7108400000000000096B5FFFFB2
S3150203F570000000000000E739F7BDFFFF108400001A
S3150203F580000096B5FFFF0000000000000000000027
S3150203F5901CE7DBDE0000000096B5FFFF000000005B
S3150203F5A000000000000096B5FFFF0000000096B5BC
S3150203F5B0FFFF0000000000000000000096B5FFFFF9
S3150203F5C00000000096B5FFFF0000000000000000E7
S3150203F5D00000F7BDFFFF0000000096B5FFFF000025
S3150203F5E000000000000000007DEF9AD60000000034
S3150203F5F096B5FFFF000000000000E7399AD6BEF772
S3150203F600AA520000000096B5FFFFFFFFFFFFFFFFB0
S3150203F610FFFFBEF76D6B00000000000096B5FFFF0B
S3150203F620000000000000E31896B5FFFF9294000065
S3150203F630000096B5FFFF0000000000000000000076
S3150203F64038C6FFFFE318000096B5FFFF000000006F
S3150203F6500000000000006D6BFFFF6D6B000096B5A6
S3150203F660FFFF000000000000000000006D6BFFFFBB
S3150203F6706D6B000096B5FFFF00000000000000005E
S3150203F68000006D6BFFFF6D6B000096B5FFFF000078
S3150203F690000000000000000096B5FFFFE31800001B
S3150203F6A096B5FFFF000000000000E3189294BEF730
S3150203F6B0F7BD0000000096B5FFFFFFFFFFFFFFFF48
S3150203F6C0FFFF1CE714A50000000000000000000075
S3150203F6D0000000000000000000000000000000001F
S3150203F6E0000000000000000000000000000000000F
S3150203F6F000000000000000000000000000000000FF
S3150203F70000000000000000000000000000000000EE
S3150203F71000000000000000000000000000000000DE
S3150203F72000000000000000000000000000000000CE
S3150203F73000000000000000000000000000000000BE
S3150203F74000000000000000000000000000000000AE
S3150203F750000000000000000000000000000000009E
S3150203F760000000000000000000000000000000008E
S3150203F770000000000000000000000000000000007E
S3150203F780000000000000000000000000000000006E
S3150203F790000000000000000000000000000000005E
S3150203F7A0000000000000000000000000000000004E
S3150203F7B0000000000000000000000000000000003E
S3150203F7C0000000000000000000000000000000002E
S3150203F7D0000000000000000000000000000000001E
S3150203F7E0000000000000000000000000000000000E
S3150203F7F000000000000000000000000000000000FE
S3150203F80000000000000000000000000000000000ED
S3150203F81000000000000000000000000000000000DD
S3150203F82000000000000000000000000000000000CD
S3150203F83000000000000000000000000000000000BD
S3150203F84000000000000000000000000000000000AD
S3150203F850000000000000000000000000000000009D
S3150203F860000000000000000000000000000000008D
S3150203F870000000000000000000000000000000007D
S3150203F8800000000000000000430000000B0000001F
S3150203F8901600000002000000000000000000000045
S3150203F8A0000000000000000000000000000000004D
S3150203F8B0000014A59AD696B596B5DBDE96B5E3187F
S3150203F8C000000000000038C6DBDE00000000000076
S3150203F8D00000DBDEDBDE000000006D6BFFFFE739B5
S3150203F8E000000000000000001084FFFFAA5200007F
S3150203F8F0F7BDBEF7000000000000000000006D6BBC
S3150203F900FFFF10840000DBDEDBDE000000000000E8
S3150203F91000000000E3186D6BE7390000DBDEDBDE77
S3150203F92000000000000000000000000000000000CC
S3150203F9300000FFFFDBDE0000000000000000000005
S3150203F9400000000000000000FFFFDBDE00000000F5
S3150203F9500000000000000000000000000000FFFF9E
S3150203F960DBDE0000000000000000000000000000D3
S3150203F97000000000FFFFDBDE0000000000000000C5
S3150203F98000000000000000000000FFFFDBDE0000B5
S3150203F990000000000000000000000000000000005C
S3150203F9A01CE7DBDE00000000000000000000000090
S3150203F9B0000000000000DBDEDBDE000000000000CA
S3150203F9C0000000000000FFFF96B5000038C67DEF79
S3150203F9D000000000000000000000E318FFFF14A56A
S3150203F9E000009294FFFFE7390000000000000000C8
S3150203F9F01084FFFFE739000000001CE79AD60000D7
S3150203FA0000000000E3181CE7F7BD00000000000039
S3150203FA10E31896B5DBDEDBDEDBDEDBDE929400008B
S3150203FA2000000000000000000000000000000000CB
S3150203FA3000000000000000000000000000000000BB
S3150203FA4000000000000000000000000000000000AB
S3150203FA50000000000000000000000000000000009B
S3150203FA60000000000000000000000000000000008B
S3150203FA70000000000000000000000000000000007B
S3150203FA80000000000000000000000000000000006B
S3150203FA90000000000000000000000000000000005B
S3150203FAA0000000000000000000000000000000004B
S3150203FAB0000000000000000000000000000000003B
S3150203FAC0000000000000000000000000000000002B
S3150203FAD0000000000000000000000000000000001B
S3150203FAE0000000000000000000000000000000000B
S3150203FAF000000000000000000000000000000000FB
S3150203FB0000000000000000000000000000000000EA
S3150203FB1000000000000000000000000000000000DA
S3150203FB2000000000000000000000000000000000CA
S3150203FB3000000000000000000000000000000000BA
S3150203FB4000000000000000000000000000000000AA
S3150203FB50000000000000000000000000000000009A
S3150203FB60000000000000000000000000000000008A
S3150203FB70000000000000000000000000000000007A
S3150203FB80000000000000000000000000000000006A
S3150203FB90000000000000000000000000000000005A
S3150203FBA0000000000000000000000000000000004A
S3150203FBB0000000000000000000000000000000003A
S3150203FBC0000000000000000000000000000000002A
S3150203FBD0000000000000000000000000000000001A
S3150203FBE0440000000B0000001600000002000000A3
S3150203FBF000000000000000000000000000000000FA
S3150203FC0000000000000096B5FFFFFFFFFFFFFFFFA6
S3150203FC10FFFFDBDE929400000000000096B5FFFFB3
S3150203FC20000000000000E3189294BEF738C60000F5
S3150203FC30000096B5FFFF0000000000000000000070
S3150203FC401084FFFF9294000096B5FFFF00000000A8
S3150203FC500000000000000000BEF79AD6000096B529
S3150203FC60FFFF000000000000000000000000DBDED2
S3150203FC70BEF7000096B5FFFF00000000000000007B
S3150203FC8000000000F7BDFFFF000096B5FFFF00006E
S3150203FC900000000000000000000096B5FFFF000010
S3150203FCA096B5FFFF00000000000000000000000000
S3150203FCB096B5FFFF000096B5FFFF000000000000A7
S3150203FCC000000000000096B5FFFF000096B5FFFF97
S3150203FCD000000000000000000000000096B5FFFFD0
S3150203FCE0000096B5FFFF00000000000000000000C0
S3150203FCF0000096B5FFFF000096B5FFFF0000000067
S3150203FD000000000000000000F7BDFFFF000096B5EB
S3150203FD10FFFF000000000000000000000000DBDE21
S3150203FD20DBDE000096B5FFFF0000000000000000C6
S3150203FD3000000000BEF738C6000096B5FFFF0000BC
S3150203FD4000000000000000009294FFFF6D6B0000AC
S3150203FD5096B5FFFF00000000000000009294BEF774
S3150203FD60F7BD0000000096B5FFFFFFFFFFFFFFFF91
S3150203FD70FFFFDBDE1084000000000000000000002D
S3150203FD800000000000000000000000000000000068
S3150203FD900000000000000000000000000000000058
S3150203FDA00000000000000000000000000000000048
S3150203FDB00000000000000000000000000000000038
S3150203FDC00000000000000000000000000000000028
S3150203FDD00000000000000000000000000000000018
S3150203FDE00000000000000000000000000000000008
S3150203FDF000000000000000000000000000000000F8
S3150203FE0000000000000000000000000000000000E7
S3150203FE1000000000000000000000000000000000D7
S3150203FE2000000000000000000000000000000000C7
S3150203FE3000000000000000000000000000000000B7
S3150203FE4000000000000000000000000000000000A7
S3150203FE500000000000000000000000000000000097
S3150203FE600000000000000000000000000000000087
S3150203FE700000000000000000000000000000000077
S3150203FE800000000000000000000000000000000067
S3150203FE900000000000000000000000000000000057
S3150203FEA00000000000000000000000000000000047
S3150203FEB00000000000000000000000000000000037
S3150203FEC00000000000000000000000000000000027
S3150203FED00000000000000000000000000000000017
S3150203FEE00000000000000000000000000000000007
S3150203FEF000000000000000000000000000000000F7
S3150203FF0000000000000000000000000000000000E6
S3150203FF1000000000000000000000000000000000D6
S3150203FF2000000000000000000000000000000000C6
S3150203FF300000000000000000450000000B00000066
S3150203FF40160000000200000000000000000000008E
S3150203FF5000000000000000000000000000006D6BBE
S3150203FF60FFFFFFFFFFFFFFFFFFFFFFFFFFFF6D6BBC
S3150203FF70000000006D6BFFFF6D6B000000000000C8
S3150203FF80000000000000000000006D6BFFFF6D6BB8
S3150203FF900000000000000000000000000000000056
S3150203FFA06D6BFFFF6D6B0000000000000000000098
S3150203FFB00000000000006D6BFFFF6D6B0000000088
S3150203FFC00000000000000000000000006D6BFFFF50
S3150203FFD06D6B00000000000000000000000000003E
S3150203FFE000006D6BFFFF6D6B000000000000000058
S3150203FFF000000000000000006D6BFFFF6D6B000048
S3150204000000000000000000000000000000006D6B0C
S31502040010FFFFFFFFFFFFFFFFFFFFFFFFFFFF0000E2
S31502040020000000006D6BFFFF6D6B00000000000016
S31502040030000000000000000000006D6BFFFF6D6B06
S3150204004000000000000000000000000000000000A4
S315020400506D6BFFFF6D6B00000000000000000000E6
S315020400600000000000006D6BFFFF6D6B00000000D6
S315020400700000000000000000000000006D6BFFFF9E
S315020400806D6B00000000000000000000000000008C
S3150204009000006D6BFFFF6D6B0000000000000000A6
S315020400A000000000000000006D6BFFFF6D6B000096
S315020400B000000000000000000000000000006D6B5C
S315020400C0FFFFFFFFFFFFFFFFFFFFFFFFFFFF96B5E7
S315020400D00000000000000000000000000000000014
S315020400E00000000000000000000000000000000004
S315020400F000000000000000000000000000000000F4
S3150204010000000000000000000000000000000000E3
S3150204011000000000000000000000000000000000D3
S3150204012000000000000000000000000000000000C3
S3150204013000000000000000000000000000000000B3
S3150204014000000000000000000000000000000000A3
S315020401500000000000000000000000000000000093
S315020401600000000000000000000000000000000083
S315020401700000000000000000000000000000000073
S315020401800000000000000000000000000000000063
S315020401900000000000000000000000000000000053
S315020401A00000000000000000000000000000000043
S315020401B00000000000000000000000000000000033
S315020401C00000000000000000000000000000000023
S315020401D00000000000000000000000000000000013
S315020401E00000000000000000000000000000000003
S315020401F000000000000000000000000000000000F3
S3150204020000000000000000000000000000000000E2
S3150204021000000000000000000000000000000000D2
S3150204022000000000000000000000000000000000C2
S3150204023000000000000000000000000000000000B2
S3150204024000000000000000000000000000000000A2
S315020402500000000000000000000000000000000092
S315020402600000000000000000000000000000000082
S315020402700000000000000000000000000000000072
S315020402800000000000000000000000000000000062
S3150204029046000000090000001600000002000000EB
S315020402A00000000000000000000000000000000042
S315020402B0000096B5FFFFFFFFFFFFFFFFFFFFFFFFF3
S315020402C096B5000096B5FFFF00000000000000008E
S315020402D000000000000096B5FFFF000000000000C9
S315020402E0000000000000000096B5FFFF00000000B9
S315020402F00000000000000000000096B5FFFF0000A9
S3150204030000000000000000000000000096B5FFFF98
S31502040310000000000000000000000000000096B586
S31502040320FFFF0000000000000000000000000000C3
S3150204033096B5FFFF00000000000000000000000068
S31502040340000096B5FFFFFFFFFFFFFFFFFFFFFFFF62
S315020403506D6B000096B5FFFF000000000000000070
S3150204036000000000000096B5FFFF00000000000038
S31502040370000000000000000096B5FFFF0000000028
S315020403800000000000000000000096B5FFFF000018
S3150204039000000000000000000000000096B5FFFF08
S315020403A0000000000000000000000000000096B5F6
S315020403B0FFFF000000000000000000000000000033
S315020403C096B5FFFF000000000000000000000000D8
S315020403D0000096B5FFFF00000000000000000000C8
S315020403E00000000000000000000000000000000001
S315020403F000000000000000000000000000000000F1
S3150204040000000000000000000000000000000000E0
S3150204041000000000000000000000000000000000D0
S3150204042000000000000000000000000000000000C0
S3150204043000000000000000000000000000000000B0
S3150204044000000000000000000000000000000000A0
S315020404500000000000000000000000000000000090
S315020404600000000000000000000000000000000080
S315020404700000000000000000000000000000000070
S315020404800000000000000000000000000000000060
S315020404900000000000000000000000000000000050
S315020404A00000000000000000000000000000000040
S315020404B00000000000000000000000000000000030
S315020404C00000000000000000000000000000000020
S315020404D00000000000000000000000000000000010
S315020404E00000000000000000000000000000000000
S315020404F000000000000000000000000000000000F0
S3150204050000000000000000000000000000000000DF
S3150204051000000000000000000000000000000000CF
S3150204052000000000000000000000000000000000BF
S3150204053000000000000000000000000000000000AF
S31502040540000000000000000000000000000000009F
S31502040550000000000000000000000000000000008F
S31502040560000000000000000000000000000000007F
S31502040570000000000000000000000000000000006F
S31502040580000000000000000000000000000000005F
S31502040590000000000000000000000000000000004F
S315020405A0000000000000000000000000000000003F
S315020405B0000000000000000000000000000000002F
S315020405C0000000000000000000000000000000001F
S315020405D0000000000000000000000000000000000F
S315020405E00000000000000000470000000C000000AC
S315020405F016000000020000000000000000000000D7
S3150204060000000000000000000000000000000000DE
S3150204061000000000E31838C67DEFFFFFFFFF1CE76A
S3150204062092940000000000000000E3181CE79AD62A
S31502040630E739000000006D6BBEF7F7BD000000004D
S31502040640000038C67DEFE318000000000000000039
S3150204065014A5FFFFE31800000000BEF7F7BD000073
S3150204066000000000000000006D6BFFFF6D6B0000D0
S31502040670AA52FFFF108400000000000000000000E0
S31502040680E73996B5E73900006D6BFFFF6D6B000025
S31502040690000000000000000000000000000000004E
S315020406A09294FFFF6D6B0000000000000000000042
S315020406B0000000000000000096B5FFFF6D6B00000D
S315020406C0000000000000000000000000000000001E
S315020406D096B5FFFF6D6B00000000DBDEFFFFFFFF38
S315020406E0FFFFFFFF6D6B000096B5FFFF6D6B000009
S315020406F000000000000000006D6BFFFF6D6B000040
S3150204070096B5FFFF6D6B00000000000000000000BC
S315020407106D6BFFFF6D6B00006D6BFFFF6D6B000071
S3150204072000000000000000006D6BFFFF6D6B00000F
S315020407306D6BFFFF6D6B00000000000000000000FF
S315020407406D6BFFFF6D6B00000000FFFF14A5000038
S3150204075000000000000000006D6BFFFF6D6B0000DF
S3150204076000009AD67DEF00000000000000000000A1
S315020407706D6BFFFF6D6B00000000E739BEF79AD67A
S31502040780E73900000000E31896B5FFFF6D6B000021
S3150204079000000000E73938C67DEFFFFFFFFFBEF712
S315020407A0DBDE14A5E31800000000000000000000D0
S315020407B0000000000000000000000000000000002D
S315020407C0000000000000000000000000000000001D
S315020407D0000000000000000000000000000000000D
S315020407E000000000000000000000000000000000FD
S315020407F000000000000000000000000000000000ED
S3150204080000000000000000000000000000000000DC
S3150204081000000000000000000000000000000000CC
S3150204082000000000000000000000000000000000BC
S3150204083000000000000000000000000000000000AC
S31502040840000000000000000000000000000000009C
S31502040850000000000000000000000000000000008C
S31502040860000000000000000000000000000000007C
S31502040870000000000000000000000000000000006C
S31502040880000000000000000000000000000000005C
S31502040890000000000000000000000000000000004C
S315020408A0000000000000000000000000000000003C
S315020408B0000000000000000000000000000000002C
S315020408C0000000000000000000000000000000001C
S315020408D0000000000000000000000000000000000C
S315020408E000000000000000000000000000000000FC
S315020408F000000000000000000000000000000000EC
S3150204090000000000000000000000000000000000DB
S3150204091000000000000000000000000000000000CB
S3150204092000000000000000000000000000000000BB
S3150204093000000000000000000000000000000000AB
S31502040940480000000C00000016000000020000002F
S31502040950000000000000000000000000000000008B
S315020409600000000000000000FFFF96B50000000032
S315020409700000000000000000FFFF96B50000000022
S31502040980FFFF96B500000000000000000000000012
S31502040990FFFF96B500000000FFFF96B500000000B9
S315020409A00000000000000000FFFF96B500000000F2
S315020409B0FFFF96B5000000000000000000000000E2
S315020409C0FFFF96B500000000FFFF96B50000000089
S315020409D00000000000000000FFFF96B500000000C2
S315020409E0FFFF96B5000000000000000000000000B2
S315020409F0FFFF96B500000000FFFF96B50000000059
S31502040A000000000000000000FFFF96B50000000091
S31502040A10FFFF96B500000000000000000000000081
S31502040A20FFFF96B500000000FFFFFFFFFFFFFFFF79
S31502040A30FFFFFFFFFFFFFFFFFFFF96B50000000069
S31502040A40FFFF96B500000000000000000000000051
S31502040A50FFFF96B500000000FFFF96B500000000F8
S31502040A600000000000000000FFFF96B50000000031
S31502040A70FFFF96B500000000000000000000000021
S31502040A80FFFF96B500000000FFFF96B500000000C8
S31502040A900000000000000000FFFF96B50000000001
S31502040AA0FFFF96B5000000000000000000000000F1
S31502040AB0FFFF96B500000000FFFF96B50000000098
S31502040AC00000000000000000FFFF96B500000000D1
S31502040AD0FFFF96B5000000000000000000000000C1
S31502040AE0FFFF96B500000000FFFF96B50000000068
S31502040AF00000000000000000FFFF96B500000000A1
S31502040B0000000000000000000000000000000000D9
S31502040B1000000000000000000000000000000000C9
S31502040B2000000000000000000000000000000000B9
S31502040B3000000000000000000000000000000000A9
S31502040B400000000000000000000000000000000099
S31502040B500000000000000000000000000000000089
S31502040B600000000000000000000000000000000079
S31502040B700000000000000000000000000000000069
S31502040B800000000000000000000000000000000059
S31502040B900000000000000000000000000000000049
S31502040BA00000000000000000000000000000000039
S31502040BB00000000000000000000000000000000029
S31502040BC00000000000000000000000000000000019
S31502040BD00000000000000000000000000000000009
S31502040BE000000000000000000000000000000000F9
S31502040BF000000000000000000000000000000000E9
S31502040C0000000000000000000000000000000000D8
S31502040C1000000000000000000000000000000000C8
S31502040C2000000000000000000000000000000000B8
S31502040C3000000000000000000000000000000000A8
S31502040C400000000000000000000000000000000098
S31502040C500000000000000000000000000000000088
S31502040C600000000000000000000000000000000078
S31502040C700000000000000000000000000000000068
S31502040C800000000000000000000000000000000058
S31502040C9000000000000000004900000003000000FC
S31502040CA0160000000200000000000000000096B5D5
S31502040CB0FFFF000096B5FFFF000096B5FFFF000098
S31502040CC096B5FFFF000096B5FFFF000096B5FFFF3D
S31502040CD0000096B5FFFF000096B5FFFF000096B52B
S31502040CE0FFFF000096B5FFFF000096B5FFFF000068
S31502040CF096B5FFFF000096B5FFFF000096B5FFFF0D
S31502040D00000096B5FFFF000096B5FFFF000096B5FA
S31502040D10FFFF0000000000000000000000000000C9
S31502040D2000000000000000000000000000000000B7
S31502040D3000000000000000000000000000000000A7
S31502040D400000000000000000000000000000000097
S31502040D500000000000000000000000000000000087
S31502040D600000000000000000000000000000000077
S31502040D700000000000000000000000000000000067
S31502040D800000000000000000000000000000000057
S31502040D900000000000000000000000000000000047
S31502040DA00000000000000000000000000000000037
S31502040DB00000000000000000000000000000000027
S31502040DC00000000000000000000000000000000017
S31502040DD00000000000000000000000000000000007
S31502040DE000000000000000000000000000000000F7
S31502040DF000000000000000000000000000000000E7
S31502040E0000000000000000000000000000000000D6
S31502040E1000000000000000000000000000000000C6
S31502040E2000000000000000000000000000000000B6
S31502040E3000000000000000000000000000000000A6
S31502040E400000000000000000000000000000000096
S31502040E500000000000000000000000000000000086
S31502040E600000000000000000000000000000000076
S31502040E700000000000000000000000000000000066
S31502040E800000000000000000000000000000000056
S31502040E900000000000000000000000000000000046
S31502040EA00000000000000000000000000000000036
S31502040EB00000000000000000000000000000000026
S31502040EC00000000000000000000000000000000016
S31502040ED00000000000000000000000000000000006
S31502040EE000000000000000000000000000000000F6
S31502040EF000000000000000000000000000000000E6
S31502040F0000000000000000000000000000000000D5
S31502040F1000000000000000000000000000000000C5
S31502040F2000000000000000000000000000000000B5
S31502040F3000000000000000000000000000000000A5
S31502040F400000000000000000000000000000000095
S31502040F500000000000000000000000000000000085
S31502040F600000000000000000000000000000000075
S31502040F700000000000000000000000000000000065
S31502040F800000000000000000000000000000000055
S31502040F900000000000000000000000000000000045
S31502040FA00000000000000000000000000000000035
S31502040FB00000000000000000000000000000000025
S31502040FC00000000000000000000000000000000015
S31502040FD00000000000000000000000000000000005
S31502040FE000000000000000000000000000000000F5
S31502040FF04A0000000A000000160000000200000079
S3150204100000000000000000000000000000000000D4
S3150204101000000000000000000000000000000000C4
S315020410200000DBDEDBDE0000000000000000000042
S31502041030000000000000DBDEDBDE00000000000032
S3150204104000000000000000000000DBDEDBDE000022
S315020410500000000000000000000000000000DBDECB
S31502041060DBDE0000000000000000000000000000BB
S315020410700000DBDEDBDE00000000000000000000F2
S31502041080000000000000DBDEDBDE000000000000E2
S3150204109000000000000000000000DBDEDBDE0000D2
S315020410A00000000000000000000000000000DBDE7B
S315020410B0DBDE00000000000000000000000000006B
S315020410C00000DBDEDBDE00000000000000000000A2
S315020410D0000000000000DBDEDBDE00000000000092
S315020410E000000000000000000000DBDEDBDE000082
S315020410F00000000000000000000000000000DBDE2B
S315020411009AD600006D6BFFFF6D6B000000000000B5
S315020411100000DBDE96B500006D6BFFFF6D6B000011
S315020411200000000000007DEF96B50000E318FFFF03
S315020411309294000000000000E318FFFF10840000F0
S31502041140000038C67DEFE7390000E31838C61CE70D
S31502041150000000000000E31896B57DEFFFFFBEF71E
S3150204116038C6E73900000000000000000000000055
S315020411700000000000000000000000000000000063
S315020411800000000000000000000000000000000053
S315020411900000000000000000000000000000000043
S315020411A00000000000000000000000000000000033
S315020411B00000000000000000000000000000000023
S315020411C00000000000000000000000000000000013
S315020411D00000000000000000000000000000000003
S315020411E000000000000000000000000000000000F3
S315020411F000000000000000000000000000000000E3
S3150204120000000000000000000000000000000000D2
S3150204121000000000000000000000000000000000C2
S3150204122000000000000000000000000000000000B2
S3150204123000000000000000000000000000000000A2
S315020412400000000000000000000000000000000092
S315020412500000000000000000000000000000000082
S315020412600000000000000000000000000000000072
S315020412700000000000000000000000000000000062
S315020412800000000000000000000000000000000052
S315020412900000000000000000000000000000000042
S315020412A00000000000000000000000000000000032
S315020412B00000000000000000000000000000000022
S315020412C00000000000000000000000000000000012
S315020412D00000000000000000000000000000000002
S315020412E000000000000000000000000000000000F2
S315020412F000000000000000000000000000000000E2
S3150204130000000000000000000000000000000000D1
S3150204131000000000000000000000000000000000C1
S3150204132000000000000000000000000000000000B1
S3150204133000000000000000000000000000000000A1
S3150204134000000000000000004B0000000B0000003B
S315020413501600000002000000000000000000000069
S31502041360000000000000000000000000000096B526
S31502041370FFFF0000000000000000000096B5FFFF1A
S315020413801084000096B5FFFF000000000000000074
S315020413906D6BFFFF96B50000000096B5FFFF0000D7
S315020413A000000000E3187DEFDBDE00000000000011
S315020413B096B5FFFF0000000000009AD6BEF7E318B8
S315020413C000000000000096B5FFFF0000000014A50F
S315020413D0FFFF6D6B000000000000000096B5FFFFE2
S315020413E00000AA52BEF796B50000000000000000F5
S315020413F0000096B5FFFFE3181CE7DBDE00000000E1
S31502041400000000000000000096B5FFFF38C6BEF7D4
S31502041410E31800000000000000000000000096B57A
S31502041420FFFFF7BDBEF7E739000000000000000029
S315020414300000000096B5FFFFE3187DEFDBDE000037
S315020414400000000000000000000096B5FFFF000047
S315020414506D6BFFFF14A500000000000000000000F1
S3150204146096B5FFFF00000000F7BDBEF7E73900009E
S3150204147000000000000096B5FFFF00000000E3181C
S315020414807DEFDBDE000000000000000096B5FFFFE2
S315020414900000000000006D6BFFFF14A500000000B1
S315020414A0000096B5FFFF0000000000000000F7BD33
S315020414B0BEF7E7390000000096B5FFFF0000000002
S315020414C000000000E3187DEF1CE70000000096B55B
S315020414D0FFFF000000000000000000006D6BFFFF2C
S315020414E096B50000000000000000000000000000A5
S315020414F000000000000000000000000000000000E0
S3150204150000000000000000000000000000000000CF
S3150204151000000000000000000000000000000000BF
S3150204152000000000000000000000000000000000AF
S31502041530000000000000000000000000000000009F
S31502041540000000000000000000000000000000008F
S31502041550000000000000000000000000000000007F
S31502041560000000000000000000000000000000006F
S31502041570000000000000000000000000000000005F
S31502041580000000000000000000000000000000004F
S31502041590000000000000000000000000000000003F
S315020415A0000000000000000000000000000000002F
S315020415B0000000000000000000000000000000001F
S315020415C0000000000000000000000000000000000F
S315020415D000000000000000000000000000000000FF
S315020415E000000000000000000000000000000000EF
S315020415F000000000000000000000000000000000DF
S3150204160000000000000000000000000000000000CE
S3150204161000000000000000000000000000000000BE
S3150204162000000000000000000000000000000000AE
S31502041630000000000000000000000000000000009E
S31502041640000000000000000000000000000000008E
S31502041650000000000000000000000000000000007E
S31502041660000000000000000000000000000000006E
S31502041670000000000000000000000000000000005E
S31502041680000000000000000000000000000000004E
S31502041690000000000000000000000000000000003E
S315020416A04C000000080000001600000002000000C2
S315020416B0000000000000000000000000000000001E
S315020416C0FFFF96B5000000000000000000000000C5
S315020416D0FFFF96B5000000000000000000000000B5
S315020416E0FFFF96B5000000000000000000000000A5
S315020416F0FFFF96B500000000000000000000000095
S31502041700FFFF96B500000000000000000000000084
S31502041710FFFF96B500000000000000000000000074
S31502041720FFFF96B500000000000000000000000064
S31502041730FFFF96B500000000000000000000000054
S31502041740FFFF96B500000000000000000000000044
S31502041750FFFF96B500000000000000000000000034
S31502041760FFFF96B500000000000000000000000024
S31502041770FFFF96B500000000000000000000000014
S31502041780FFFF96B500000000000000000000000004
S31502041790FFFF96B5000000000000000000000000F4
S315020417A0FFFF96B5000000000000000000000000E4
S315020417B0FFFF96B5000000000000000000000000D4
S315020417C0FFFFFFFFFFFFFFFFFFFFFFFFFFFF00001B
S315020417D000000000000000000000000000000000FD
S315020417E000000000000000000000000000000000ED
S315020417F000000000000000000000000000000000DD
S3150204180000000000000000000000000000000000CC
S3150204181000000000000000000000000000000000BC
S3150204182000000000000000000000000000000000AC
S31502041830000000000000000000000000000000009C
S31502041840000000000000000000000000000000008C
S31502041850000000000000000000000000000000007C
S31502041860000000000000000000000000000000006C
S31502041870000000000000000000000000000000005C
S31502041880000000000000000000000000000000004C
S31502041890000000000000000000000000000000003C
S315020418A0000000000000000000000000000000002C
S315020418B0000000000000000000000000000000001C
S315020418C0000000000000000000000000000000000C
S315020418D000000000000000000000000000000000FC
S315020418E000000000000000000000000000000000EC
S315020418F000000000000000000000000000000000DC
S3150204190000000000000000000000000000000000CB
S3150204191000000000000000000000000000000000BB
S3150204192000000000000000000000000000000000AB
S31502041930000000000000000000000000000000009B
S31502041940000000000000000000000000000000008B
S31502041950000000000000000000000000000000007B
S31502041960000000000000000000000000000000006B
S31502041970000000000000000000000000000000005B
S31502041980000000000000000000000000000000004B
S31502041990000000000000000000000000000000003B
S315020419A0000000000000000000000000000000002B
S315020419B0000000000000000000000000000000001B
S315020419C0000000000000000000000000000000000B
S315020419D000000000000000000000000000000000FB
S315020419E000000000000000000000000000000000EB
S315020419F000000000000000004D000000100000007E
S31502041A0016000000020000000000000000000000B2
S31502041A1000000000000000000000000000000000BA
S31502041A20000000000000000096B5FFFFFFFFE31868
S31502041A30000000000000000000000000000000009A
S31502041A4038C6FFFFDBDE000096B5FFFFFFFF929468
S31502041A50000000000000000000000000000000007A
S31502041A60BEF71CE7DBDE000096B5FFFF9AD69AD6D0
S31502041A7000000000000000000000000000006D6B82
S31502041A80FFFF96B5DBDE000096B5FFFF9294BEF724
S31502041A900000000000000000000000000000F7BD86
S31502041AA09AD696B5DBDE000096B5FFFFE318FFFF74
S31502041AB010840000000000000000000000007DEF1A
S31502041AC0929496B5DBDE000096B5FFFF00001CE794
S31502041AD038C600000000000000000000E739FFFFDE
S31502041AE0E31896B5DBDE000096B5FFFF000014A5E9
S31502041AF07DEF0000000000000000000014A51CE7B2
S31502041B00000096B5DBDE000096B5FFFF0000E7395C
S31502041B10FFFFAA520000000000000000DBDE14A54D
S31502041B20000096B5DBDE000096B5FFFF000000005C
S31502041B301CE7F7BD000000000000E318FFFFE739C9
S31502041B40000096B5DBDE000096B5FFFF000000003C
S31502041B50F7BD7DEF00000000000092947DEF0000C7
S31502041B60000096B5DBDE000096B5FFFF000000001C
S31502041B70AA52FFFFE739000000009AD6F7BD00001B
S31502041B80000096B5DBDE000096B5FFFF00000000FC
S31502041B9000007DEF14A500000000BEF7AA52000063
S31502041BA0000096B5DBDE000096B5FFFF00000000DC
S31502041BB00000F7BD1CE700001084BEF70000000019
S31502041BC0000096B5DBDE000096B5FFFF00000000BC
S31502041BD000001084FFFFE318F7BD38C600000000BA
S31502041BE0000096B5DBDE000096B5FFFF000000009C
S31502041BF000000000BEF792947DEF108400000000FE
S31502041C00000096B5DBDE000096B5FFFF000000007B
S31502041C100000000038C67DEFFFFF00000000000050
S31502041C20000096B5DBDE000096B5FFFF000000005B
S31502041C30000000009294FFFF9AD600000000000004
S31502041C40000096B5DBDE0000000000000000000084
S31502041C500000000000000000000000000000000078
S31502041C600000000000000000000000000000000068
S31502041C700000000000000000000000000000000058
S31502041C800000000000000000000000000000000048
S31502041C900000000000000000000000000000000038
S31502041CA00000000000000000000000000000000028
S31502041CB00000000000000000000000000000000018
S31502041CC00000000000000000000000000000000008
S31502041CD000000000000000000000000000000000F8
S31502041CE000000000000000000000000000000000E8
S31502041CF000000000000000000000000000000000D8
S31502041D0000000000000000000000000000000000C7
S31502041D1000000000000000000000000000000000B7
S31502041D2000000000000000000000000000000000A7
S31502041D300000000000000000000000000000000097
S31502041D400000000000000000000000000000000087
S31502041D504E0000000D000000160000000200000004
S31502041D600000000000000000000000000000000067
S31502041D70000000000000000000006D6BFFFFFFFF83
S31502041D801084000000000000000000006D6BFFFFDD
S31502041D906D6B00006D6BFFFFBEF7DBDE000000001B
S31502041DA00000000000006D6BFFFF6D6B00006D6BA1
S31502041DB0FFFFF7BDFFFFE739000000000000000047
S31502041DC06D6BFFFF6D6B00006D6BFFFF6D6B7DEF3F
S31502041DD038C600000000000000006D6BFFFF6D6B4B
S31502041DE000006D6BFFFF6D6B14A5BEF7E3180000D0
S31502041DF0000000006D6BFFFF6D6B00006D6BFFFF53
S31502041E006D6BE318BEF714A50000000000006D6BAD
S31502041E10FFFF6D6B00006D6BFFFF6D6B000038C634
S31502041E207DEF0000000000006D6BFFFF6D6B00008C
S31502041E306D6BFFFF6D6B0000E739FFFF1084000036
S31502041E4000006D6BFFFF6D6B00006D6BFFFF6D6B2A
S31502041E5000000000DBDEDBDE000000006D6BFFFF2E
S31502041E606D6B00006D6BFFFF6D6B0000000010844C
S31502041E70FFFFE73900006D6BFFFF6D6B00006D6BB2
S31502041E80FFFF6D6B0000000000007DEF38C6000006
S31502041E906D6BFFFF6D6B00006D6BFFFF6D6B0000DA
S31502041EA00000000014A5BEF7E3186D6BFFFF6D6B0F
S31502041EB000006D6BFFFF6D6B000000000000E3186D
S31502041EC0BEF714A56D6BFFFF6D6B00006D6BFFFF14
S31502041ED06D6B000000000000000038C67DEF6D6BDC
S31502041EE0FFFF6D6B00006D6BFFFF6D6B0000000062
S31502041EF000000000E739FFFFF7BDFFFF6D6B00002E
S31502041F006D6BFFFF6D6B0000000000000000000017
S31502041F10DBDEBEF7FFFF6D6B00006D6BFFFF6D6BC3
S31502041F20000000000000000000001084FFFFFFFF15
S31502041F306D6B0000000000000000000000000000BD
S31502041F400000000000000000000000000000000085
S31502041F500000000000000000000000000000000075
S31502041F600000000000000000000000000000000065
S31502041F700000000000000000000000000000000055
S31502041F800000000000000000000000000000000045
S31502041F900000000000000000000000000000000035
S31502041FA00000000000000000000000000000000025
S31502041FB00000000000000000000000000000000015
S31502041FC00000000000000000000000000000000005
S31502041FD000000000000000000000000000000000F5
S31502041FE000000000000000000000000000000000E5
S31502041FF000000000000000000000000000000000D5
S3150204200000000000000000000000000000000000C4
S3150204201000000000000000000000000000000000B4
S3150204202000000000000000000000000000000000A4
S315020420300000000000000000000000000000000094
S315020420400000000000000000000000000000000084
S315020420500000000000000000000000000000000074
S315020420600000000000000000000000000000000064
S315020420700000000000000000000000000000000054
S315020420800000000000000000000000000000000044
S315020420900000000000000000000000000000000034
S315020420A000000000000000004F0000000C000000C9
S315020420B016000000020000000000000000000000FC
S315020420C00000000000000000000000000000000004
S315020420D000000000E31896B57DEFFFFFFFFF1CE743
S315020420E092940000000000000000E3181CE71CE7BD
S315020420F0E739000000006D6BBEF7F7BD0000000073
S31502042100000096B5FFFFE73900000000000000005A
S3150204211014A5FFFFE739000000007DEF9AD6000000
S315020421200000000000000000E318FFFF96B500005F
S315020421300000FFFF96B5000000000000000000004A
S315020421400000BEF7DBDE0000E739FFFF96B50000AC
S3150204215000000000000000000000DBDEDBDE000001
S315020421606D6BFFFF96B50000000000000000000042
S315020421700000DBDEDBDE00006D6BFFFF96B50000C0
S3150204218000000000000000000000DBDEDBDE0000D1
S315020421906D6BFFFF96B50000000000000000000012
S315020421A00000DBDEDBDE00006D6BFFFF96B5000090
S315020421B000000000000000000000DBDEDBDE0000A1
S315020421C06D6BFFFF96B500000000000000000000E2
S315020421D00000DBDEDBDE0000E739FFFF96B5000018
S315020421E000000000000000000000DBDEDBDE000071
S315020421F00000FFFF96B5000000000000000000008A
S315020422000000BEF738C6000000001CE79AD600009C
S315020422100000000000000000E739FFFF14A50000DB
S31502042220000096B5BEF7E3180000000000000000A7
S3150204223096B5FFFFE73900000000E3181CE79AD6BB
S31502042240E739000000001084FFFF14A50000000017
S3150204225000000000E31896B57DEFFFFFFFFF1CE7C1
S3150204226010840000000000000000000000000000CE
S315020422700000000000000000000000000000000052
S315020422800000000000000000000000000000000042
S315020422900000000000000000000000000000000032
S315020422A00000000000000000000000000000000022
S315020422B00000000000000000000000000000000012
S315020422C00000000000000000000000000000000002
S315020422D000000000000000000000000000000000F2
S315020422E000000000000000000000000000000000E2
S315020422F000000000000000000000000000000000D2
S3150204230000000000000000000000000000000000C1
S3150204231000000000000000000000000000000000B1
S3150204232000000000000000000000000000000000A1
S315020423300000000000000000000000000000000091
S315020423400000000000000000000000000000000081
S315020423500000000000000000000000000000000071
S315020423600000000000000000000000000000000061
S315020423700000000000000000000000000000000051
S315020423800000000000000000000000000000000041
S315020423900000000000000000000000000000000031
S315020423A00000000000000000000000000000000021
S315020423B00000000000000000000000000000000011
S315020423C00000000000000000000000000000000001
S315020423D000000000000000000000000000000000F1
S315020423E000000000000000000000000000000000E1
S315020423F000000000000000000000000000000000D1
S31502042400500000000A00000016000000020000004E
S3150204241000000000000000000000000000000000B0
S315020424200000000096B5FFFFFFFFFFFFFFFFBEF7A8
S3150204243038C6AA520000000096B5FFFF000000004D
S315020424400000AA521CE7BEF7E739000096B5FFFF63
S315020424500000000000000000E739FFFF14A5000099
S3150204246096B5FFFF00000000000000000000FFFF19
S315020424709AD6000096B5FFFF000000000000000097
S315020424800000FFFFDBDE000096B5FFFF0000000040
S31502042490000000000000FFFF38C6000096B5FFFFEB
S315020424A00000000000000000AA52FFFF14A500006D
S315020424B096B5FFFF00000000000010841CE7BEF77B
S315020424C0E318000096B5FFFFFFFFFFFFFFFF1CE7BF
S315020424D038C6E7390000000096B5FFFF0000000089
S315020424E000000000000000000000000096B5FFFF97
S315020424F000000000000000000000000000000000D0
S3150204250096B5FFFF00000000000000000000000076
S315020425100000000096B5FFFF000000000000000066
S31502042520000000000000000096B5FFFF0000000056
S3150204253000000000000000000000000096B5FFFF46
S31502042540000000000000000000000000000000007F
S3150204255096B5FFFF00000000000000000000000026
S315020425600000000096B5FFFF000000000000000016
S31502042570000000000000000000000000000000004F
S31502042580000000000000000000000000000000003F
S31502042590000000000000000000000000000000002F
S315020425A0000000000000000000000000000000001F
S315020425B0000000000000000000000000000000000F
S315020425C000000000000000000000000000000000FF
S315020425D000000000000000000000000000000000EF
S315020425E000000000000000000000000000000000DF
S315020425F000000000000000000000000000000000CF
S3150204260000000000000000000000000000000000BE
S3150204261000000000000000000000000000000000AE
S31502042620000000000000000000000000000000009E
S31502042630000000000000000000000000000000008E
S31502042640000000000000000000000000000000007E
S31502042650000000000000000000000000000000006E
S31502042660000000000000000000000000000000005E
S31502042670000000000000000000000000000000004E
S31502042680000000000000000000000000000000003E
S31502042690000000000000000000000000000000002E
S315020426A0000000000000000000000000000000001E
S315020426B0000000000000000000000000000000000E
S315020426C000000000000000000000000000000000FE
S315020426D000000000000000000000000000000000EE
S315020426E000000000000000000000000000000000DE
S315020426F000000000000000000000000000000000CE
S3150204270000000000000000000000000000000000BD
S3150204271000000000000000000000000000000000AD
S31502042720000000000000000000000000000000009D
S31502042730000000000000000000000000000000008D
S31502042740000000000000000000000000000000007D
S315020427500000000000000000510000000D0000000F
S315020427601600000002000000000000000000000045
S31502042770000000000000000000000000000000004D
S315020427800000000000009294DBDEDBDEDBDEDBDE33
S3150204279096B5E31800000000000000000000F7BD33
S315020427A01CE7E3180000000000009AD6DBDE0000F6
S315020427B0000000000000E739FFFF6D6B0000000017
S315020427C000000000E739FFFF9294000000000000B9
S315020427D096B5FFFF000000000000000000000000A4
S315020427E01CE79AD6000000000000DBDEDBDE0000F8
S315020427F000000000000000000000DBDEBEF700005F
S31502042800000000001CE7DBDE000000000000000000
S315020428100000000096B5FFFF000000000000FFFF65
S31502042820DBDE00000000000000000000000096B598
S31502042830FFFF000000000000FFFFDBDE00000000D7
S31502042840000000000000000096B5FFFF0000000033
S315020428500000FFFFDBDE00000000000000000000B5
S31502042860000096B5FFFF000000000000FFFFDBDE5C
S3150204287000000000000000000000000096B5FFFF03
S31502042880000000000000FFFFDBDE00000000000085
S3150204289000000000000096B5FFFF000000000000E3
S315020428A0DBDEDBDE000000000000000000000000AA
S315020428B096B5FFFF000000000000DBDEDBDE000051
S315020428C00000000000000000000038C6FFFF000000
S315020428D000000000F7BD7DEF0000000000000000CC
S315020428E000000000DBDEDBDE0000000000006D6B92
S315020428F0FFFFAA520000000000000000E739FFFFB4
S3150204290096B5000000000000000038C61CE7E31874
S3150204291000000000E3189AD6BEF7E3180000000090
S3150204292000000000000096B5DBDEDBDEDBDE7DEFB9
S31502042930FFFF7DEFBEF7FFFF6D6B00000000000096
S31502042940000000000000000000000000000000007B
S31502042950000000000000000000000000000000006B
S31502042960000000000000000000000000000000005B
S31502042970000000000000000000000000000000004B
S31502042980000000000000000000000000000000003B
S31502042990000000000000000000000000000000002B
S315020429A0000000000000000000000000000000001B
S315020429B0000000000000000000000000000000000B
S315020429C000000000000000000000000000000000FB
S315020429D000000000000000000000000000000000EB
S315020429E000000000000000000000000000000000DB
S315020429F000000000000000000000000000000000CB
S31502042A0000000000000000000000000000000000BA
S31502042A1000000000000000000000000000000000AA
S31502042A20000000000000000000000000000000009A
S31502042A30000000000000000000000000000000008A
S31502042A40000000000000000000000000000000007A
S31502042A50000000000000000000000000000000006A
S31502042A60000000000000000000000000000000005A
S31502042A70000000000000000000000000000000004A
S31502042A80000000000000000000000000000000003A
S31502042A90000000000000000000000000000000002A
S31502042AA0000000000000000000000000000000001A
S31502042AB0520000000A000000160000000200000096
S31502042AC000000000000000000000000000000000FA
S31502042AD00000000096B5FFFFFFFFFFFFFFFFFFFFA9
S31502042AE01CE796B50000000096B5FFFF0000000043
S31502042AF0000000009294FFFF96B5000096B5FFFF12
S31502042B000000000000000000000038C6BEF7000006
S31502042B1096B5FFFF0000000000000000000096B515
S31502042B20FFFF000096B5FFFF000000000000000052
S31502042B30000096B5FFFF000096B5FFFF00000000F7
S31502042B400000000000009AD67DEF000096B5FFFF54
S31502042B50000000000000E73996B5BEF710840000B5
S31502042B6096B5FFFFFFFFFFFFFFFFFFFFFFFF6D6B42
S31502042B700000000096B5FFFF000000000000E31805
S31502042B8014A5FFFF6D6B000096B5FFFF0000000061
S31502042B900000000000007DEF9AD6000096B5FFFF04
S31502042BA000000000000000000000DBDEDBDE0000A7
S31502042BB096B5FFFF00000000000000000000DBDE07
S31502042BC0DBDE000096B5FFFF0000000000000000F7
S31502042BD00000DBDEDBDE000096B5FFFF000000002E
S31502042BE000000000000096B5DBDE000096B5FFFF8C
S31502042BF00000000000000000000096B57DEF000012
S31502042C0096B5FFFF0000000000000000000096B524
S31502042C10FFFF000096B5FFFF000000000000000061
S31502042C20000096B5FFFF000000000000000000004F
S31502042C300000000000000000000000000000000088
S31502042C400000000000000000000000000000000078
S31502042C500000000000000000000000000000000068
S31502042C600000000000000000000000000000000058
S31502042C700000000000000000000000000000000048
S31502042C800000000000000000000000000000000038
S31502042C900000000000000000000000000000000028
S31502042CA00000000000000000000000000000000018
S31502042CB00000000000000000000000000000000008
S31502042CC000000000000000000000000000000000F8
S31502042CD000000000000000000000000000000000E8
S31502042CE000000000000000000000000000000000D8
S31502042CF000000000000000000000000000000000C8
S31502042D0000000000000000000000000000000000B7
S31502042D1000000000000000000000000000000000A7
S31502042D200000000000000000000000000000000097
S31502042D300000000000000000000000000000000087
S31502042D400000000000000000000000000000000077
S31502042D500000000000000000000000000000000067
S31502042D600000000000000000000000000000000057
S31502042D700000000000000000000000000000000047
S31502042D800000000000000000000000000000000037
S31502042D900000000000000000000000000000000027
S31502042DA00000000000000000000000000000000017
S31502042DB00000000000000000000000000000000007
S31502042DC000000000000000000000000000000000F7
S31502042DD000000000000000000000000000000000E7
S31502042DE000000000000000000000000000000000D7
S31502042DF000000000000000000000000000000000C7
S31502042E000000000000000000530000000A00000059
S31502042E10160000000200000000000000000000008E
S31502042E200000000000000000000000000000E73976
S31502042E3038C6BEF7FFFFFFFF9AD66D6B000000008F
S31502042E40E318BEF738C6E3180000000014A5FFFF16
S31502042E506D6B0000F7BD7DEF00000000000000006E
S31502042E6000007DEF9AD60000DBDEDBDE0000000008
S31502042E70000000000000DBDEDBDE0000DBDE7DEFAF
S31502042E8000000000000000000000AA52AA5200003E
S31502042E9096B5FFFF38C600000000000000000000DF
S31502042EA000000000E318BEF7FFFFDBDEE73900008F
S31502042EB000000000000000000000E739DBDEFFFF2F
S31502042EC0FFFF96B5000000000000000000000000AD
S31502042ED000009294BEF7FFFF1CE7AA52000000000E
S31502042EE00000000000000000E3189AD6FFFFBEF7B8
S31502042EF0E7390000000000000000000000000000A6
S31502042F0014A5FFFF38C60000000000000000000000
S31502042F100000000000007DEF7DEF0000FFFF96B584
S31502042F2000000000000000000000DBDEFFFF0000DE
S31502042F30FFFF96B500000000000000000000DBDE83
S31502042F407DEF00009AD61CE7000000000000000096
S31502042F5000007DEF38C60000AA52BEF7F7BD000096
S31502042F600000000038C6BEF7E73900000000AA5286
S31502042F709AD6BEF7FFFFBEF738C6E739000000004F
S31502042F800000000000000000000000000000000035
S31502042F900000000000000000000000000000000025
S31502042FA00000000000000000000000000000000015
S31502042FB00000000000000000000000000000000005
S31502042FC000000000000000000000000000000000F5
S31502042FD000000000000000000000000000000000E5
S31502042FE000000000000000000000000000000000D5
S31502042FF000000000000000000000000000000000C5
S3150204300000000000000000000000000000000000B4
S3150204301000000000000000000000000000000000A4
S315020430200000000000000000000000000000000094
S315020430300000000000000000000000000000000084
S315020430400000000000000000000000000000000074
S315020430500000000000000000000000000000000064
S315020430600000000000000000000000000000000054
S315020430700000000000000000000000000000000044
S315020430800000000000000000000000000000000034
S315020430900000000000000000000000000000000024
S315020430A00000000000000000000000000000000014
S315020430B00000000000000000000000000000000004
S315020430C000000000000000000000000000000000F4
S315020430D000000000000000000000000000000000E4
S315020430E000000000000000000000000000000000D4
S315020430F000000000000000000000000000000000C4
S3150204310000000000000000000000000000000000B3
S3150204311000000000000000000000000000000000A3
S315020431200000000000000000000000000000000093
S315020431300000000000000000000000000000000083
S315020431400000000000000000000000000000000073
S315020431500000000000000000000000000000000063
S31502043160540000000B0000001600000002000000DC
S315020431700000000000000000000000000000000043
S31502043180000000000000DBDEFFFFFFFFFFFFFFFF82
S31502043190FFFFFFFFFFFFFFFFDBDE00000000000072
S315020431A000000000DBDEDBDE0000000000000000A1
S315020431B000000000000000000000DBDEDBDE000091
S315020431C000000000000000000000000000000000F3
S315020431D0DBDEDBDE00000000000000000000000071
S315020431E0000000000000DBDEDBDE00000000000061
S315020431F0000000000000000000000000DBDEDBDE51
S3150204320000000000000000000000000000000000B2
S315020432100000DBDEDBDE0000000000000000000030
S315020432200000000000000000DBDEDBDE0000000020
S315020432300000000000000000000000000000DBDEC9
S31502043240DBDE0000000000000000000000000000B9
S3150204325000000000DBDEDBDE0000000000000000F0
S3150204326000000000000000000000DBDEDBDE0000E0
S315020432700000000000000000000000000000000042
S31502043280DBDEDBDE000000000000000000000000C0
S31502043290000000000000DBDEDBDE000000000000B0
S315020432A0000000000000000000000000DBDEDBDEA0
S315020432B00000000000000000000000000000000002
S315020432C00000DBDEDBDE0000000000000000000080
S315020432D00000000000000000DBDEDBDE0000000070
S315020432E00000000000000000000000000000DBDE19
S315020432F0DBDE000000000000000000000000000009
S3150204330000000000000000000000000000000000B1
S3150204331000000000000000000000000000000000A1
S315020433200000000000000000000000000000000091
S315020433300000000000000000000000000000000081
S315020433400000000000000000000000000000000071
S315020433500000000000000000000000000000000061
S315020433600000000000000000000000000000000051
S315020433700000000000000000000000000000000041
S315020433800000000000000000000000000000000031
S315020433900000000000000000000000000000000021
S315020433A00000000000000000000000000000000011
S315020433B00000000000000000000000000000000001
S315020433C000000000000000000000000000000000F1
S315020433D000000000000000000000000000000000E1
S315020433E000000000000000000000000000000000D1
S315020433F000000000000000000000000000000000C1
S3150204340000000000000000000000000000000000B0
S3150204341000000000000000000000000000000000A0
S315020434200000000000000000000000000000000090
S315020434300000000000000000000000000000000080
S315020434400000000000000000000000000000000070
S315020434500000000000000000000000000000000060
S315020434600000000000000000000000000000000050
S315020434700000000000000000000000000000000040
S315020434800000000000000000000000000000000030
S315020434900000000000000000000000000000000020
S315020434A00000000000000000000000000000000010
S315020434B00000000000000000550000000C0000009F
S315020434C016000000020000000000000000000000D8
S315020434D000000000000000000000000000000000E0
S315020434E06D6BFFFF6D6B0000000000000000000022
S315020434F06D6BFFFF6D6B00006D6BFFFF6D6B000064
S3150204350000000000000000006D6BFFFF6D6B000001
S315020435106D6BFFFF6D6B00000000000000000000F1
S315020435206D6BFFFF6D6B00006D6BFFFF6D6B000033
S3150204353000000000000000006D6BFFFF6D6B0000D1
S315020435406D6BFFFF6D6B00000000000000000000C1
S315020435506D6BFFFF6D6B00006D6BFFFF6D6B000003
S3150204356000000000000000006D6BFFFF6D6B0000A1
S315020435706D6BFFFF6D6B0000000000000000000091
S315020435806D6BFFFF6D6B00006D6BFFFF6D6B0000D3
S3150204359000000000000000006D6BFFFF6D6B000071
S315020435A06D6BFFFF6D6B0000000000000000000061
S315020435B06D6BFFFF6D6B00006D6BFFFF6D6B0000A3
S315020435C000000000000000006D6BFFFF6D6B000041
S315020435D06D6BFFFF6D6B0000000000000000000031
S315020435E06D6BFFFF6D6B00006D6BFFFF6D6B000073
S315020435F000000000000000006D6BFFFF6D6B000011
S315020436006D6BFFFF6D6B0000000000000000000000
S315020436106D6BFFFF6D6B0000E739FFFF108400003E
S3150204362000000000000000001084FFFF00000000FC
S3150204363000001CE738C6000000000000000000007D
S3150204364038C6DBDE0000000000006D6BFFFF14A528
S3150204365000000000000014A5FFFF6D6B00000000CF
S31502043660000000006D6B9AD6FFFFFFFFFFFF9AD69C
S315020436706D6B000000000000000000000000000066
S31502043680000000000000000000000000000000002E
S31502043690000000000000000000000000000000001E
S315020436A0000000000000000000000000000000000E
S315020436B000000000000000000000000000000000FE
S315020436C000000000000000000000000000000000EE
S315020436D000000000000000000000000000000000DE
S315020436E000000000000000000000000000000000CE
S315020436F000000000000000000000000000000000BE
S3150204370000000000000000000000000000000000AD
S31502043710000000000000000000000000000000009D
S31502043720000000000000000000000000000000008D
S31502043730000000000000000000000000000000007D
S31502043740000000000000000000000000000000006D
S31502043750000000000000000000000000000000005D
S31502043760000000000000000000000000000000004D
S31502043770000000000000000000000000000000003D
S31502043780000000000000000000000000000000002D
S31502043790000000000000000000000000000000001D
S315020437A0000000000000000000000000000000000D
S315020437B000000000000000000000000000000000FD
S315020437C000000000000000000000000000000000ED
S315020437D000000000000000000000000000000000DD
S315020437E000000000000000000000000000000000CD
S315020437F000000000000000000000000000000000BD
S3150204380000000000000000000000000000000000AC
S31502043810560000000D000000160000000200000021
S31502043820000000000000000000000000000000008C
S31502043830000000000000000000001084FFFF108456
S315020438400000000000000000000000000000FFFF6E
S3150204385014A500000000BEF7F7BD0000000000003A
S315020438600000000000006D6BFFFFE7390000000056
S315020438709AD61CE7000000000000000000000000C9
S3150204388096B57DEF00000000000014A5FFFFE318C3
S3150204389000000000000000000000DBDE38C6000065
S315020438A000000000AA52FFFF10840000000000007E
S315020438B000000000FFFF92940000000000000000D8
S315020438C07DEFF7BD00000000000000006D6BFFFFF6
S315020438D0E318000000000000000038C61CE70000E0
S315020438E000000000000096B51CE70000000000007E
S315020438F0000000009294FFFFE3180000000000009D
S31502043900DBDEF7BD00000000000000000000E31843
S31502043910FFFF929400000000E318FFFF6D6B0000A6
S31502043920000000000000000000001CE738C600008A
S3150204393000001084FFFF00000000000000000000E9
S3150204394000000000F7BD7DEF00000000F7BDDBDEDE
S3150204395000000000000000000000000000001084C7
S31502043960FFFFE73900001CE714A500000000000071
S3150204397000000000000000000000FFFF9294E3181C
S31502043980FFFFAA5200000000000000000000000031
S3150204399000000000DBDE38C61084BEF7000000001B
S315020439A0000000000000000000000000000014A552
S315020439B07DEFF7BD38C600000000000000000000DD
S315020439C00000000000000000AA52FFFF7DEF92945F
S315020439D000000000000000000000000000000000DB
S315020439E000000000BEF7FFFFE739000000000000F8
S315020439F000000000000000000000000000000000BB
S31502043A0000000000000000000000000000000000AA
S31502043A10000000000000000000000000000000009A
S31502043A20000000000000000000000000000000008A
S31502043A30000000000000000000000000000000007A
S31502043A40000000000000000000000000000000006A
S31502043A50000000000000000000000000000000005A
S31502043A60000000000000000000000000000000004A
S31502043A70000000000000000000000000000000003A
S31502043A80000000000000000000000000000000002A
S31502043A90000000000000000000000000000000001A
S31502043AA0000000000000000000000000000000000A
S31502043AB000000000000000000000000000000000FA
S31502043AC000000000000000000000000000000000EA
S31502043AD000000000000000000000000000000000DA
S31502043AE000000000000000000000000000000000CA
S31502043AF000000000000000000000000000000000BA
S31502043B0000000000000000000000000000000000A9
S31502043B100000000000000000000000000000000099
S31502043B200000000000000000000000000000000089
S31502043B300000000000000000000000000000000079
S31502043B400000000000000000000000000000000069
S31502043B500000000000000000000000000000000059
S31502043B6000000000000000005700000013000000DF
S31502043B701600000002000000000000000000000021
S31502043B800000000000000000000000000000000029
S31502043B900000000000000000000000000000FFFF1B
S31502043BA0AA5200000000000000000000AA52FFFF13
S31502043BB01CE7000000000000000000000000F7BD42
S31502043BC07DEF0000FFFF9294000000000000000059
S31502043BD0000014A5FFFFFFFFE31800000000000029
S31502043BE000000000DBDE38C60000BEF738C600005F
S31502043BF0000000000000000038C696B5FFFF6D6B9A
S31502043C0000000000000000000000FFFF9294000084
S31502043C109AD61CE7000000000000000000007DEFB9
S31502043C2010841CE796B500000000000000006D6BCE
S31502043C30FFFFE739000014A5FFFFE31800000000A8
S31502043C400000E318FFFFE31838C69AD60000000006
S31502043C500000000096B5BEF700000000AA52FFFF5E
S31502043C606D6B00000000000010847DEF000092944A
S31502043C70BEF700000000000000009AD69AD60000A3
S31502043C8000000000FFFF96B5000000000000F7BD2B
S31502043C9038C60000AA52FFFFE73900000000000000
S31502043CA0BEF714A5000000000000DBDE9AD6000071
S31502043CB000000000DBDE14A500000000FFFF1084F4
S31502043CC000000000E739FFFFAA52000000000000CE
S31502043CD096B5BEF7000000000000FFFFAA520000DE
S31502043CE00000DBDEF7BD000000009294BEF7000080
S31502043CF00000000000006D6BFFFFE73900006D6BEA
S31502043D00FFFF00000000000096B5DBDE00000000A5
S31502043D1038C69AD60000000000000000E318FFFF30
S31502043D209294000014A5DBDE00000000000010845B
S31502043D30FFFF000000001CE714A5000000000000BD
S31502043D40000000001CE7F7BD00009AD696B50000F5
S31502043D5000000000E739FFFFAA52E318FFFF6D6B6C
S31502043D6000000000000000000000F7BDDBDE0000DA
S31502043D707DEF108400000000000000007DEF14A512
S31502043D806D6BFFFF00000000000000000000000051
S31502043D901084FFFFE739FFFFE3180000000000006C
S31502043DA000009AD638C696B5DBDE00000000000095
S31502043DB0000000000000E739FFFF38C67DEF00006F
S31502043DC0000000000000000096B51CE7DBDE96B595
S31502043DD000000000000000000000000000007DEF6B
S31502043DE0BEF738C6000000000000000000006D6B3C
S31502043DF0FFFFFFFF6D6B00000000000000000000E3
S31502043E000000000038C6FFFF14A5000000000000F1
S31502043E10000000000000FFFFFFFF0000000000009A
S31502043E200000E3180000000000000000000000008B
S31502043E300000000000000000000000000000000076
S31502043E400000000000000000000000000000000066
S31502043E500000000000000000000000000000000056
S31502043E600000000000000000000000000000000046
S31502043E700000000000000000000000000000000036
S31502043E800000000000000000000000000000000026
S31502043E900000000000000000000000000000000016
S31502043EA00000000000000000000000000000000006
S31502043EB000000000000000000000000000000000F6
S31502043EC0580000000B00000016000000020000006B
S31502043ED000000000000000000000000000000000D6
S31502043EE000000000000096B5BEF7E31800000000CB
S31502043EF00000000000009294FFFFAA52E318BEF7E6
S31502043F0096B5000000000000000000007DEF38C6F0
S31502043F100000000096B5BEF7000000000000000095
S31502043F206D6BFFFFE73900000000E318BEF79294B9
S31502043F30000000000000DBDE38C6000000000000BE
S31502043F40000096B57DEF000000006D6BFFFFE739B8
S31502043F500000000000000000E318BEF76D6B0000CD
S31502043F6038C638C600000000000000000000000049
S31502043F7096B5DBDEE739FFFFE739000000000000F3
S31502043F80000000000000E318BEF7DBDEF7BD000008
S31502043F9000000000000000000000000000001CE712
S31502043FA0FFFF9294000000000000000000000000E1
S31502043FB000001084FFFFDBDE7DEF0000000000003E
S31502043FC000000000000000007DEF38C6E739FFFF5D
S31502043FD09294000000000000000000009294FFFF8B
S31502043FE0E739000038C67DEF00000000000000003B
S31502043FF000007DEF38C600000000E739FFFF14A574
S315020440000000000000009294FFFFE7390000000060
S31502044010000038C6BEF7E318000000007DEF38C67C
S315020440200000000000000000E739FFFF96B500001B
S315020440309294FFFFE7390000000000000000000030
S3150204404038C6BEF7E3187DEF38C60000000000004C
S31502044050000000000000E739FFFF96B500000000EB
S315020440600000000000000000000000000000000044
S315020440700000000000000000000000000000000034
S315020440800000000000000000000000000000000024
S315020440900000000000000000000000000000000014
S315020440A00000000000000000000000000000000004
S315020440B000000000000000000000000000000000F4
S315020440C000000000000000000000000000000000E4
S315020440D000000000000000000000000000000000D4
S315020440E000000000000000000000000000000000C4
S315020440F000000000000000000000000000000000B4
S3150204410000000000000000000000000000000000A3
S315020441100000000000000000000000000000000093
S315020441200000000000000000000000000000000083
S315020441300000000000000000000000000000000073
S315020441400000000000000000000000000000000063
S315020441500000000000000000000000000000000053
S315020441600000000000000000000000000000000043
S315020441700000000000000000000000000000000033
S315020441800000000000000000000000000000000023
S315020441900000000000000000000000000000000013
S315020441A00000000000000000000000000000000003
S315020441B000000000000000000000000000000000F3
S315020441C000000000000000000000000000000000E3
S315020441D000000000000000000000000000000000D3
S315020441E000000000000000000000000000000000C3
S315020441F000000000000000000000000000000000B3
S3150204420000000000000000000000000000000000A2
S315020442100000000000000000590000000C0000002D
S31502044220160000000200000000000000000000006A
S315020442300000000000000000000000000000000072
S315020442401084FFFF1084000000000000000000003C
S31502044250000096B5BEF7E31800007DEFDBDE000032
S31502044260000000000000000000007DEF38C60000D8
S3150204427000009294FFFFAA52000000000000000012
S315020442809294FFFFE7390000000000007DEF38C674
S3150204429000000000000000001CE738C60000000011
S315020442A00000000096B5FFFFE318000000006D6BE6
S315020442B0FFFFE7390000000000000000E318BEF724
S315020442C096B50000000038C6DBDE000000000000E0
S315020442D0000000000000F7BDBEF70000E739FFFF4B
S315020442E06D6B000000000000000000000000E739CA
S315020442F0FFFF9294F7BDDBDE000000000000000021
S31502044300000000000000000038C67DEFBEF792945C
S315020443100000000000000000000000000000000091
S31502044320E739FFFF7DEF00000000000000000000F7
S3150204433000000000000000000000FFFF96B5000028
S315020443400000000000000000000000000000000061
S315020443500000FFFF96B50000000000000000000008
S3150204436000000000000000000000FFFF96B50000F8
S315020443700000000000000000000000000000000031
S315020443800000FFFF96B500000000000000000000D8
S3150204439000000000000000000000FFFF96B50000C8
S315020443A00000000000000000000000000000000001
S315020443B00000FFFF96B500000000000000000000A8
S315020443C000000000000000000000FFFF96B5000098
S315020443D000000000000000000000000000000000D1
S315020443E000000000000000000000000000000000C1
S315020443F000000000000000000000000000000000B1
S3150204440000000000000000000000000000000000A0
S315020444100000000000000000000000000000000090
S315020444200000000000000000000000000000000080
S315020444300000000000000000000000000000000070
S315020444400000000000000000000000000000000060
S315020444500000000000000000000000000000000050
S315020444600000000000000000000000000000000040
S315020444700000000000000000000000000000000030
S315020444800000000000000000000000000000000020
S315020444900000000000000000000000000000000010
S315020444A00000000000000000000000000000000000
S315020444B000000000000000000000000000000000F0
S315020444C000000000000000000000000000000000E0
S315020444D000000000000000000000000000000000D0
S315020444E000000000000000000000000000000000C0
S315020444F000000000000000000000000000000000B0
S31502044500000000000000000000000000000000009F
S31502044510000000000000000000000000000000008F
S31502044520000000000000000000000000000000007F
S31502044530000000000000000000000000000000006F
S31502044540000000000000000000000000000000005F
S31502044550000000000000000000000000000000004F
S31502044560000000000000000000000000000000003F
S315020445705A0000000A0000001600000002000000B3
S31502044580000000000000000000000000000000001F
S315020445900000000096B5FFFFFFFFFFFFFFFFFFFFCE
S315020445A0FFFFFFFFFFFF0000000000000000000005
S315020445B0000000000000DBDEBEF700000000000081
S315020445C000000000000000006D6BFFFF96B50000BE
S315020445D0000000000000000000000000DBDEBEF761
S315020445E0E3180000000000000000000000006D6BEC
S315020445F0FFFF96B500000000000000000000000066
S315020446000000DBDEBEF7E318000000000000000035
S31502044610000000001084FFFF9294000000000000D6
S3150204462000000000000000007DEF7DEF00000000A6
S31502044630000000000000000000009294FFFF929424
S3150204464000000000000000000000000000007DEFF2
S315020446507DEF0000000000000000000000000000E2
S315020446609294FFFF929400000000000000000000F4
S31502044670000000007DEF7DEF000000000000000056
S315020446800000000000009294FFFF929400000000D4
S31502044690000000000000000000007DEF7DEF000036
S315020446A00000000000000000000000009294FFFFDA
S315020446B092940000000000000000000000000000C8
S315020446C07DEF7DEF00000000000000000000000006
S315020446D000000000FFFFFFFFFFFFFFFFFFFFFFFFDA
S315020446E0FFFFFFFFFFFF00000000000000000000C4
S315020446F000000000000000000000000000000000AE
S31502044700000000000000000000000000000000009D
S31502044710000000000000000000000000000000008D
S31502044720000000000000000000000000000000007D
S31502044730000000000000000000000000000000006D
S31502044740000000000000000000000000000000005D
S31502044750000000000000000000000000000000004D
S31502044760000000000000000000000000000000003D
S31502044770000000000000000000000000000000002D
S31502044780000000000000000000000000000000001D
S31502044790000000000000000000000000000000000D
S315020447A000000000000000000000000000000000FD
S315020447B000000000000000000000000000000000ED
S315020447C000000000000000000000000000000000DD
S315020447D000000000000000000000000000000000CD
S315020447E000000000000000000000000000000000BD
S315020447F000000000000000000000000000000000AD
S31502044800000000000000000000000000000000009C
S31502044810000000000000000000000000000000008C
S31502044820000000000000000000000000000000007C
S31502044830000000000000000000000000000000006C
S31502044840000000000000000000000000000000005C
S31502044850000000000000000000000000000000004C
S31502044860000000000000000000000000000000003C
S31502044870000000000000000000000000000000002C
S31502044880000000000000000000000000000000001C
S31502044890000000000000000000000000000000000C
S315020448A000000000000000000000000000000000FC
S315020448B000000000000000000000000000000000EC
S315020448C00000000000000000610000000A00000071
S315020448D016000000020000000000000000000000B4
S315020448E000000000000000000000000000000000BC
S315020448F000000000000000000000000000000000AC
S31502044900000000000000000000000000000000009B
S31502044910000000000000000000000000000000008B
S31502044920000000000000000000000000000000007B
S31502044930000000000000000000000000000000006B
S31502044940000000000000000000000000000000005B
S315020449500000000010841CE7FFFFFFFF1CE7108421
S315020449600000000000001084FFFF6D6B00000000D1
S31502044970F7BDFFFFE73900000000DBDEDBDE0000E7
S31502044980000000000000FFFF9294000000000000F7
S3150204499000000000000000000000FFFF96B50000C2
S315020449A00000000000000000000000000000FFFFFD
S315020449B096B50000000000006D6B38C6DBDEFFFF13
S315020449C0FFFFFFFF96B500000000F7BDFFFF96B597
S315020449D0AA5200000000FFFF96B50000E739FFFF68
S315020449E096B50000000000000000FFFF96B5000027
S315020449F06D6BFFFF6D6B0000000000000000FFFFFF
S31502044A0096B500006D6BFFFF6D6B000000000000A1
S31502044A106D6BFFFF96B5000000007DEF9AD6E31892
S31502044A200000E739DBDE1CE796B500000000AA5257
S31502044A30DBDEFFFFFFFF9AD6E739DBDE96B5000021
S31502044A40000000000000000000000000000000005A
S31502044A50000000000000000000000000000000004A
S31502044A60000000000000000000000000000000003A
S31502044A70000000000000000000000000000000002A
S31502044A80000000000000000000000000000000001A
S31502044A90000000000000000000000000000000000A
S31502044AA000000000000000000000000000000000FA
S31502044AB000000000000000000000000000000000EA
S31502044AC000000000000000000000000000000000DA
S31502044AD000000000000000000000000000000000CA
S31502044AE000000000000000000000000000000000BA
S31502044AF000000000000000000000000000000000AA
S31502044B000000000000000000000000000000000099
S31502044B100000000000000000000000000000000089
S31502044B200000000000000000000000000000000079
S31502044B300000000000000000000000000000000069
S31502044B400000000000000000000000000000000059
S31502044B500000000000000000000000000000000049
S31502044B600000000000000000000000000000000039
S31502044B700000000000000000000000000000000029
S31502044B800000000000000000000000000000000019
S31502044B900000000000000000000000000000000009
S31502044BA000000000000000000000000000000000F9
S31502044BB000000000000000000000000000000000E9
S31502044BC000000000000000000000000000000000D9
S31502044BD000000000000000000000000000000000C9
S31502044BE000000000000000000000000000000000B9
S31502044BF000000000000000000000000000000000A9
S31502044C000000000000000000000000000000000098
S31502044C100000000000000000000000000000000088
S31502044C2062000000090000001600000002000000F5
S31502044C300000000000000000000000000000000068
S31502044C400000FFFF96B5000000000000000000000F
S31502044C5000000000FFFF96B50000000000000000FF
S31502044C60000000000000FFFF96B5000000000000EF
S31502044C700000000000000000FFFF96B500000000DF
S31502044C8000000000000000000000FFFF96B50000CF
S31502044C90000000000000000000000000FFFFF7BD56
S31502044CA0F7BDBEF7FFFF1CE7108400000000FFFFFC
S31502044CB0FFFF14A50000000014A5FFFF6D6B0000A2
S31502044CC0FFFF1CE700000000000000001CE738C6D6
S31502044CD00000FFFF96B50000000000000000F7BDCB
S31502044CE01CE70000FFFF9294000000000000000091
S31502044CF096B5FFFF0000FFFF6D6B00000000000089
S31502044D00000096B5FFFF0000FFFF6D6B0000000078
S31502044D100000000096B5FFFF0000FFFF10840000AC
S31502044D2000000000000096B5FFFF0000FFFF96B5E5
S31502044D300000000000000000F7BDDBDE0000FFFFFC
S31502044D409AD600000000000000001CE7F7BD000030
S31502044D50FFFF7DEF92940000000014A5BEF7E73929
S31502044D600000FFFF1084F7BDBEF7FFFF1CE76D6B63
S31502044D700000000000000000000000000000000027
S31502044D800000000000000000000000000000000017
S31502044D900000000000000000000000000000000007
S31502044DA000000000000000000000000000000000F7
S31502044DB000000000000000000000000000000000E7
S31502044DC000000000000000000000000000000000D7
S31502044DD000000000000000000000000000000000C7
S31502044DE000000000000000000000000000000000B7
S31502044DF000000000000000000000000000000000A7
S31502044E000000000000000000000000000000000096
S31502044E100000000000000000000000000000000086
S31502044E200000000000000000000000000000000076
S31502044E300000000000000000000000000000000066
S31502044E400000000000000000000000000000000056
S31502044E500000000000000000000000000000000046
S31502044E600000000000000000000000000000000036
S31502044E700000000000000000000000000000000026
S31502044E800000000000000000000000000000000016
S31502044E900000000000000000000000000000000006
S31502044EA000000000000000000000000000000000F6
S31502044EB000000000000000000000000000000000E6
S31502044EC000000000000000000000000000000000D6
S31502044ED000000000000000000000000000000000C6
S31502044EE000000000000000000000000000000000B6
S31502044EF000000000000000000000000000000000A6
S31502044F000000000000000000000000000000000095
S31502044F100000000000000000000000000000000085
S31502044F200000000000000000000000000000000075
S31502044F300000000000000000000000000000000065
S31502044F400000000000000000000000000000000055
S31502044F500000000000000000000000000000000045
S31502044F600000000000000000000000000000000035
S31502044F7000000000000000006300000009000000B9
S31502044F8016000000020000000000000000000000FD
S31502044F900000000000000000000000000000000005
S31502044FA000000000000000000000000000000000F5
S31502044FB000000000000000000000000000000000E5
S31502044FC000000000000000000000000000000000D5
S31502044FD000000000000000000000000000000000C5
S31502044FE000000000000000000000000000000000B5
S31502044FF0000000000000E31838C6BEF7FFFFBEF744
S3150204500038C6E31800000000DBDE7DEFAA5200007A
S315020450106D6BBEF738C60000E739FFFF92940000B5
S3150204502000000000F7BDDBDE00009294FFFFE318E8
S315020450300000000000000000E318000096B5FFFF20
S31502045040000000000000000000000000000096B509
S31502045050FFFF000000000000000000000000000046
S3150204506096B5FFFF000000000000000000000000EB
S31502045070000096B5FFFF00000000000000000000DB
S31502045080000000009294FFFFE318000000000000F5
S3150204509096B51CE70000AA52FFFF10840000000028
S315020450A000009AD69AD600000000DBDEDBDEE318A7
S315020450B00000AA52BEF7108400000000E31838C6A6
S315020450C0BEF7FFFF7DEF14A50000000000000000FC
S315020450D000000000000000000000000000000000C4
S315020450E000000000000000000000000000000000B4
S315020450F000000000000000000000000000000000A4
S315020451000000000000000000000000000000000093
S315020451100000000000000000000000000000000083
S315020451200000000000000000000000000000000073
S315020451300000000000000000000000000000000063
S315020451400000000000000000000000000000000053
S315020451500000000000000000000000000000000043
S315020451600000000000000000000000000000000033
S315020451700000000000000000000000000000000023
S315020451800000000000000000000000000000000013
S315020451900000000000000000000000000000000003
S315020451A000000000000000000000000000000000F3
S315020451B000000000000000000000000000000000E3
S315020451C000000000000000000000000000000000D3
S315020451D000000000000000000000000000000000C3
S315020451E000000000000000000000000000000000B3
S315020451F000000000000000000000000000000000A3
S315020452000000000000000000000000000000000092
S315020452100000000000000000000000000000000082
S315020452200000000000000000000000000000000072
S315020452300000000000000000000000000000000062
S315020452400000000000000000000000000000000052
S315020452500000000000000000000000000000000042
S315020452600000000000000000000000000000000032
S315020452700000000000000000000000000000000022
S315020452800000000000000000000000000000000012
S315020452900000000000000000000000000000000002
S315020452A000000000000000000000000000000000F2
S315020452B000000000000000000000000000000000E2
S315020452C000000000000000000000000000000000D2
S315020452D0640000000900000016000000020000003D
S315020452E000000000000000000000000000000000B2
S315020452F0000000000000000000000000000096B557
S31502045300FFFF000000000000000000000000000093
S3150204531096B5FFFF00000000000000000000000038
S31502045320000096B5FFFF0000000000000000000028
S315020453300000000096B5FFFF000000000000000018
S3150204534000000000000096B5FFFF00000000AA520C
S31502045350DBDEFFFFFFFF9AD6F7BDFFFF0000E7394A
S31502045360BEF714A5000000009294FFFFFFFF0000A1
S31502045370F7BD1CE700000000000000009AD6FFFFFC
S315020453800000DBDE96B5000000000000000096B5C2
S31502045390FFFF0000FFFF96B50000000000000000BA
S315020453A01084FFFF0000FFFF96B500000000000016
S315020453B000006D6BFFFF0000FFFF96B500000000C2
S315020453C0000000006D6BFFFF0000FFFF96B50000B2
S315020453D00000000000006D6BFFFF0000DBDE96B5E7
S315020453E0000000000000000096B5FFFF0000F7BDB4
S315020453F01CE7000000000000000038C6FFFF0000A2
S31502045400E739BEF792940000000092947DEFFFFF05
S3150204541000000000AA521CE7FFFFBEF7F7BD108486
S31502045420FFFFE31800000000000000000000000077
S315020454300000000000000000000000000000000060
S315020454400000000000000000000000000000000050
S315020454500000000000000000000000000000000040
S315020454600000000000000000000000000000000030
S315020454700000000000000000000000000000000020
S315020454800000000000000000000000000000000010
S315020454900000000000000000000000000000000000
S315020454A000000000000000000000000000000000F0
S315020454B000000000000000000000000000000000E0
S315020454C000000000000000000000000000000000D0
S315020454D000000000000000000000000000000000C0
S315020454E000000000000000000000000000000000B0
S315020454F000000000000000000000000000000000A0
S31502045500000000000000000000000000000000008F
S31502045510000000000000000000000000000000007F
S31502045520000000000000000000000000000000006F
S31502045530000000000000000000000000000000005F
S31502045540000000000000000000000000000000004F
S31502045550000000000000000000000000000000003F
S31502045560000000000000000000000000000000002F
S31502045570000000000000000000000000000000001F
S31502045580000000000000000000000000000000000F
S3150204559000000000000000000000000000000000FF
S315020455A000000000000000000000000000000000EF
S315020455B000000000000000000000000000000000DF
S315020455C000000000000000000000000000000000CF
S315020455D000000000000000000000000000000000BF
S315020455E000000000000000000000000000000000AF
S315020455F0000000000000000000000000000000009F
S31502045600000000000000000000000000000000008E
S31502045610000000000000000000000000000000007E
S315020456200000000000000000650000000900000000
S315020456301600000002000000000000000000000046
S31502045640000000000000000000000000000000004E
S31502045650000000000000000000000000000000003E
S31502045660000000000000000000000000000000002E
S31502045670000000000000000000000000000000001E
S31502045680000000000000000000000000000000000E
S3150204569000000000000000000000000000000000FE
S315020456A0000000000000AA529AD6FFFFFFFF7DEF1A
S315020456B0929400000000E739BEF714A5000000002A
S315020456C06D6BFFFF10840000F7BD1CE700000000AD
S315020456D00000000038C6DBDE0000DBDEF7BD00009A
S315020456E000000000000096B5FFFF0000FFFF96B51C
S315020456F0000000000000000096B5FFFF0000FFFF57
S31502045700FFFFFFFFFFFFFFFFFFFFFFFFFFFF00009B
S31502045710FFFF96B500000000000000000000000034
S315020457200000FFFF96B50000000000000000000024
S31502045730000000007DEF96B50000000000000000A6
S3150204574096B5BEF700009AD6DBDE00000000000024
S31502045750000038C69AD600006D6BFFFF92940000D3
S3150204576000006D6BFFFF6D6B0000000010841CE7E8
S31502045770FFFFFFFF1CE7108400000000000000008A
S31502045780000000000000000000000000000000000D
S3150204579000000000000000000000000000000000FD
S315020457A000000000000000000000000000000000ED
S315020457B000000000000000000000000000000000DD
S315020457C000000000000000000000000000000000CD
S315020457D000000000000000000000000000000000BD
S315020457E000000000000000000000000000000000AD
S315020457F0000000000000000000000000000000009D
S31502045800000000000000000000000000000000008C
S31502045810000000000000000000000000000000007C
S31502045820000000000000000000000000000000006C
S31502045830000000000000000000000000000000005C
S31502045840000000000000000000000000000000004C
S31502045850000000000000000000000000000000003C
S31502045860000000000000000000000000000000002C
S31502045870000000000000000000000000000000001C
S31502045880000000000000000000000000000000000C
S3150204589000000000000000000000000000000000FC
S315020458A000000000000000000000000000000000EC
S315020458B000000000000000000000000000000000DC
S315020458C000000000000000000000000000000000CC
S315020458D000000000000000000000000000000000BC
S315020458E000000000000000000000000000000000AC
S315020458F0000000000000000000000000000000009C
S31502045900000000000000000000000000000000008B
S31502045910000000000000000000000000000000007B
S31502045920000000000000000000000000000000006B
S31502045930000000000000000000000000000000005B
S31502045940000000000000000000000000000000004B
S31502045950000000000000000000000000000000003B
S31502045960000000000000000000000000000000002B
S31502045970000000000000000000000000000000001B
S315020459806600000008000000160000000200000085
S3150204599000000000000000000000000000000000FB
S315020459A000000000000092947DEFFFFF6D6B000083
S315020459B000000000E739FFFF929400000000000097
S315020459C0000000006D6BFFFF0000000000000000F5
S315020459D0000000001084FFFF000000000000000029
S315020459E00000000096B5FFFF000000000000000062
S315020459F06D6BFFFFFFFFFFFFFFFFFFFF6D6B0000F5
S31502045A000000000096B5FFFF000000000000000041
S31502045A100000000096B5FFFF000000000000000031
S31502045A200000000096B5FFFF000000000000000021
S31502045A300000000096B5FFFF000000000000000011
S31502045A400000000096B5FFFF000000000000000001
S31502045A500000000096B5FFFF0000000000000000F1
S31502045A600000000096B5FFFF0000000000000000E1
S31502045A700000000096B5FFFF0000000000000000D1
S31502045A800000000096B5FFFF0000000000000000C1
S31502045A900000000096B5FFFF0000000000000000B1
S31502045AA00000000096B5FFFF0000000000000000A1
S31502045AB000000000000000000000000000000000DA
S31502045AC000000000000000000000000000000000CA
S31502045AD000000000000000000000000000000000BA
S31502045AE000000000000000000000000000000000AA
S31502045AF0000000000000000000000000000000009A
S31502045B000000000000000000000000000000000089
S31502045B100000000000000000000000000000000079
S31502045B200000000000000000000000000000000069
S31502045B300000000000000000000000000000000059
S31502045B400000000000000000000000000000000049
S31502045B500000000000000000000000000000000039
S31502045B600000000000000000000000000000000029
S31502045B700000000000000000000000000000000019
S31502045B800000000000000000000000000000000009
S31502045B9000000000000000000000000000000000F9
S31502045BA000000000000000000000000000000000E9
S31502045BB000000000000000000000000000000000D9
S31502045BC000000000000000000000000000000000C9
S31502045BD000000000000000000000000000000000B9
S31502045BE000000000000000000000000000000000A9
S31502045BF00000000000000000000000000000000099
S31502045C000000000000000000000000000000000088
S31502045C100000000000000000000000000000000078
S31502045C200000000000000000000000000000000068
S31502045C300000000000000000000000000000000058
S31502045C400000000000000000000000000000000048
S31502045C500000000000000000000000000000000038
S31502045C600000000000000000000000000000000028
S31502045C700000000000000000000000000000000018
S31502045C800000000000000000000000000000000008
S31502045C9000000000000000000000000000000000F8
S31502045CA000000000000000000000000000000000E8
S31502045CB000000000000000000000000000000000D8
S31502045CC000000000000000000000000000000000C8
S31502045CD00000000000000000670000000900000048
S31502045CE01600000002000000000000000000000090
S31502045CF00000000000000000000000000000000098
S31502045D000000000000000000000000000000000087
S31502045D100000000000000000000000000000000077
S31502045D200000000000000000000000000000000067
S31502045D300000000000000000000000000000000057
S31502045D400000000000000000000000000000000047
S31502045D50000000000000AA52DBDEFFFFFFFF38C688
S31502045D601084FFFF0000E318BEF714A5000000002C
S31502045D7092947DEFFFFF000014A51CE700000000CB
S31502045D8000000000DBDEFFFF0000DBDE96B500004C
S31502045D9000000000000096B5FFFF0000BEF796B5AE
S31502045DA0000000000000000096B5FFFF0000FFFFA0
S31502045DB096B5000000000000000096B5FFFF000043
S31502045DC0FFFF96B5000000000000000096B5FFFF35
S31502045DD00000FFFF96B5000000000000000096B523
S31502045DE0FFFF00007DEF96B50000000000000000F2
S31502045DF096B5FFFF00009AD69AD60000000000006E
S31502045E0000007DEFFFFF00006D6BFFFF14A500008D
S31502045E10E31838C61CE7FFFF0000000010847DEF7C
S31502045E20FFFF7DEF929496B5FFFF0000AA52AA5295
S31502045E30000000000000000096B5FFFF000038C60F
S31502045E401CE7000000000000000038C6DBDE00008C
S31502045E506D6BFFFF9294000000006D6BFFFF92943E
S31502045E600000000010841CE7FFFFFFFF1CE792946A
S31502045E700000000000000000000000000000000016
S31502045E800000000000000000000000000000000006
S31502045E9000000000000000000000000000000000F6
S31502045EA000000000000000000000000000000000E6
S31502045EB000000000000000000000000000000000D6
S31502045EC000000000000000000000000000000000C6
S31502045ED000000000000000000000000000000000B6
S31502045EE000000000000000000000000000000000A6
S31502045EF00000000000000000000000000000000096
S31502045F000000000000000000000000000000000085
S31502045F100000000000000000000000000000000075
S31502045F200000000000000000000000000000000065
S31502045F300000000000000000000000000000000055
S31502045F400000000000000000000000000000000045
S31502045F500000000000000000000000000000000035
S31502045F600000000000000000000000000000000025
S31502045F700000000000000000000000000000000015
S31502045F800000000000000000000000000000000005
S31502045F9000000000000000000000000000000000F5
S31502045FA000000000000000000000000000000000E5
S31502045FB000000000000000000000000000000000D5
S31502045FC000000000000000000000000000000000C5
S31502045FD000000000000000000000000000000000B5
S31502045FE000000000000000000000000000000000A5
S31502045FF00000000000000000000000000000000095
S315020460000000000000000000000000000000000084
S315020460100000000000000000000000000000000074
S315020460200000000000000000000000000000000064
S31502046030680000000A0000001600000002000000CA
S315020460400000000000000000000000000000000044
S315020460500000000096B5FFFF0000000000000000EB
S31502046060000000000000000096B5FFFF00000000DB
S3150204607000000000000000000000000096B5FFFFCB
S315020460800000000000000000000000000000000004
S3150204609096B5FFFF000000000000000000000000AB
S315020460A00000000096B5FFFF00000000000000009B
S315020460B0000000000000000096B5FFFFAA529AD61F
S315020460C0FFFFFFFF9AD6E3180000000096B5FFFF14
S315020460D01CE7E7390000E3181CE7DBDE00000000DA
S315020460E096B5FFFF10840000000000001084FFFF35
S315020460F0E318000096B5FFFF000000000000000050
S315020461006D6BFFFF6D6B000096B5FFFF000000008C
S31502046110000000006D6BFFFF6D6B000096B5FFFF7C
S3150204612000000000000000006D6BFFFF6D6B0000B5
S3150204613096B5FFFF00000000000000006D6BFFFF34
S315020461406D6B000096B5FFFF000000000000000022
S315020461506D6BFFFF6D6B000096B5FFFF000000003C
S31502046160000000006D6BFFFF6D6B000096B5FFFF2C
S3150204617000000000000000006D6BFFFF6D6B000065
S3150204618096B5FFFF00000000000000006D6BFFFFE4
S315020461906D6B000096B5FFFF0000000000000000D2
S315020461A06D6BFFFF6D6B0000000000000000000035
S315020461B000000000000000000000000000000000D3
S315020461C000000000000000000000000000000000C3
S315020461D000000000000000000000000000000000B3
S315020461E000000000000000000000000000000000A3
S315020461F00000000000000000000000000000000093
S315020462000000000000000000000000000000000082
S315020462100000000000000000000000000000000072
S315020462200000000000000000000000000000000062
S315020462300000000000000000000000000000000052
S315020462400000000000000000000000000000000042
S315020462500000000000000000000000000000000032
S315020462600000000000000000000000000000000022
S315020462700000000000000000000000000000000012
S315020462800000000000000000000000000000000002
S3150204629000000000000000000000000000000000F2
S315020462A000000000000000000000000000000000E2
S315020462B000000000000000000000000000000000D2
S315020462C000000000000000000000000000000000C2
S315020462D000000000000000000000000000000000B2
S315020462E000000000000000000000000000000000A2
S315020462F00000000000000000000000000000000092
S315020463000000000000000000000000000000000081
S315020463100000000000000000000000000000000071
S315020463200000000000000000000000000000000061
S315020463300000000000000000000000000000000051
S315020463400000000000000000000000000000000041
S315020463500000000000000000000000000000000031
S315020463600000000000000000000000000000000021
S315020463700000000000000000000000000000000011
S315020463800000000000000000690000000300000095
S315020463901600000002000000000000000000DBDE20
S315020463A0FFFF0000DBDEFFFF00000000000000002C
S315020463B000000000000000000000000096B5FFFF88
S315020463C0000096B5FFFF000096B5FFFF000096B5E4
S315020463D0FFFF000096B5FFFF000096B5FFFF000021
S315020463E096B5FFFF000096B5FFFF000096B5FFFFC6
S315020463F0000096B5FFFF000096B5FFFF000096B5B4
S31502046400FFFF000000000000000000000000000082
S315020464100000000000000000000000000000000070
S315020464200000000000000000000000000000000060
S315020464300000000000000000000000000000000050
S315020464400000000000000000000000000000000040
S315020464500000000000000000000000000000000030
S315020464600000000000000000000000000000000020
S315020464700000000000000000000000000000000010
S315020464800000000000000000000000000000000000
S3150204649000000000000000000000000000000000F0
S315020464A000000000000000000000000000000000E0
S315020464B000000000000000000000000000000000D0
S315020464C000000000000000000000000000000000C0
S315020464D000000000000000000000000000000000B0
S315020464E000000000000000000000000000000000A0
S315020464F00000000000000000000000000000000090
S31502046500000000000000000000000000000000007F
S31502046510000000000000000000000000000000006F
S31502046520000000000000000000000000000000005F
S31502046530000000000000000000000000000000004F
S31502046540000000000000000000000000000000003F
S31502046550000000000000000000000000000000002F
S31502046560000000000000000000000000000000001F
S31502046570000000000000000000000000000000000F
S3150204658000000000000000000000000000000000FF
S3150204659000000000000000000000000000000000EF
S315020465A000000000000000000000000000000000DF
S315020465B000000000000000000000000000000000CF
S315020465C000000000000000000000000000000000BF
S315020465D000000000000000000000000000000000AF
S315020465E0000000000000000000000000000000009F
S315020465F0000000000000000000000000000000008F
S31502046600000000000000000000000000000000007E
S31502046610000000000000000000000000000000006E
S31502046620000000000000000000000000000000005E
S31502046630000000000000000000000000000000004E
S31502046640000000000000000000000000000000003E
S31502046650000000000000000000000000000000002E
S31502046660000000000000000000000000000000001E
S31502046670000000000000000000000000000000000E
S3150204668000000000000000000000000000000000FE
S3150204669000000000000000000000000000000000EE
S315020466A000000000000000000000000000000000DE
S315020466B000000000000000000000000000000000CE
S315020466C000000000000000000000000000000000BE
S315020466D000000000000000000000000000000000AE
S315020466E06A00000005000000160000000200000017
S315020466F00000000000000000000000000000DBDED5
S31502046700FFFF000000000000DBDEFFFF00000000C8
S31502046710000000000000000000000000000000006D
S31502046720000000000000000000000000000000005D
S3150204673096B5FFFF00000000000096B5FFFF0000BB
S315020467400000000096B5FFFF00000000000096B5A9
S31502046750FFFF00000000000096B5FFFF00000000E6
S31502046760000096B5FFFF00000000000096B5FFFF8B
S3150204677000000000000096B5FFFF000000000000C4
S3150204678096B5FFFF00000000000096B5FFFF00006B
S315020467900000000096B5FFFF00000000000096B559
S315020467A0FFFF00000000000096B5FFFF0000000096
S315020467B0000096B5FFFF0000000000009AD6DBDE5B
S315020467C0000096B5FFFF7DEFAA520000000000000C
S315020467D000000000000000000000000000000000AD
S315020467E0000000000000000000000000000000009D
S315020467F0000000000000000000000000000000008D
S31502046800000000000000000000000000000000007C
S31502046810000000000000000000000000000000006C
S31502046820000000000000000000000000000000005C
S31502046830000000000000000000000000000000004C
S31502046840000000000000000000000000000000003C
S31502046850000000000000000000000000000000002C
S31502046860000000000000000000000000000000001C
S31502046870000000000000000000000000000000000C
S3150204688000000000000000000000000000000000FC
S3150204689000000000000000000000000000000000EC
S315020468A000000000000000000000000000000000DC
S315020468B000000000000000000000000000000000CC
S315020468C000000000000000000000000000000000BC
S315020468D000000000000000000000000000000000AC
S315020468E0000000000000000000000000000000009C
S315020468F0000000000000000000000000000000008C
S31502046900000000000000000000000000000000007B
S31502046910000000000000000000000000000000006B
S31502046920000000000000000000000000000000005B
S31502046930000000000000000000000000000000004B
S31502046940000000000000000000000000000000003B
S31502046950000000000000000000000000000000002B
S31502046960000000000000000000000000000000001B
S31502046970000000000000000000000000000000000B
S3150204698000000000000000000000000000000000FB
S3150204699000000000000000000000000000000000EB
S315020469A000000000000000000000000000000000DB
S315020469B000000000000000000000000000000000CB
S315020469C000000000000000000000000000000000BB
S315020469D000000000000000000000000000000000AB
S315020469E0000000000000000000000000000000009B
S315020469F0000000000000000000000000000000008B
S31502046A00000000000000000000000000000000007A
S31502046A10000000000000000000000000000000006A
S31502046A20000000000000000000000000000000005A
S31502046A3000000000000000006B00000009000000D6
S31502046A401600000002000000000000000000000022
S31502046A5000000000000000000000DBDEDBDE0000B8
S31502046A60000000000000000000000000DBDEDBDEA8
S31502046A700000000000000000000000000000DBDE51
S31502046A80DBDE000000000000000000000000000041
S31502046A90DBDEDBDE00000000000000000000000078
S31502046AA00000DBDEDBDE0000000000000000000068
S31502046AB000000000DBDEDBDE0000000000009AD6E8
S31502046AC0BEF7E7390000DBDEDBDE0000000014A5BA
S31502046AD0FFFFAA5200000000DBDEDBDE0000AA5242
S31502046AE0FFFF14A5000000000000DBDEDBDEE31876
S31502046AF07DEF38C60000000000000000DBDEDBDEAE
S31502046B009AD61CE7E3180000000000000000DBDE52
S31502046B107DEFFFFF14A50000000000000000000046
S31502046B20DBDEDBDE96B5BEF7E739000000000000C7
S31502046B300000DBDEDBDE00001CE7DBDE000000001B
S31502046B4000000000DBDEDBDE0000AA52FFFF14A514
S31502046B50000000000000DBDEDBDE00000000F7BD03
S31502046B60BEF7E73900000000DBDEDBDE00000000D2
S31502046B70E3187DEFDBDE00000000DBDEDBDE000077
S31502046B80000000006D6BFFFF14A50000000000006A
S31502046B9000000000000000000000000000000000E9
S31502046BA000000000000000000000000000000000D9
S31502046BB000000000000000000000000000000000C9
S31502046BC000000000000000000000000000000000B9
S31502046BD000000000000000000000000000000000A9
S31502046BE00000000000000000000000000000000099
S31502046BF00000000000000000000000000000000089
S31502046C000000000000000000000000000000000078
S31502046C100000000000000000000000000000000068
S31502046C200000000000000000000000000000000058
S31502046C300000000000000000000000000000000048
S31502046C400000000000000000000000000000000038
S31502046C500000000000000000000000000000000028
S31502046C600000000000000000000000000000000018
S31502046C700000000000000000000000000000000008
S31502046C8000000000000000000000000000000000F8
S31502046C9000000000000000000000000000000000E8
S31502046CA000000000000000000000000000000000D8
S31502046CB000000000000000000000000000000000C8
S31502046CC000000000000000000000000000000000B8
S31502046CD000000000000000000000000000000000A8
S31502046CE00000000000000000000000000000000098
S31502046CF00000000000000000000000000000000088
S31502046D000000000000000000000000000000000077
S31502046D100000000000000000000000000000000067
S31502046D200000000000000000000000000000000057
S31502046D300000000000000000000000000000000047
S31502046D400000000000000000000000000000000037
S31502046D500000000000000000000000000000000027
S31502046D600000000000000000000000000000000017
S31502046D700000000000000000000000000000000007
S31502046D8000000000000000000000000000000000F7
S31502046D906C0000000400000016000000020000005F
S31502046DA000000000000000006D6BFFFF6D6B000029
S31502046DB06D6BFFFF6D6B00006D6BFFFF6D6B00006B
S31502046DC06D6BFFFF6D6B00006D6BFFFF6D6B00005B
S31502046DD06D6BFFFF6D6B00006D6BFFFF6D6B00004B
S31502046DE06D6BFFFF6D6B00006D6BFFFF6D6B00003B
S31502046DF06D6BFFFF6D6B00006D6BFFFF6D6B00002B
S31502046E006D6BFFFF6D6B00006D6BFFFF6D6B00001A
S31502046E106D6BFFFF6D6B00006D6BFFFF6D6B00000A
S31502046E206D6BFFFF6D6B00006D6BFFFF6D6B0000FA
S31502046E300000000000000000000000000000000046
S31502046E400000000000000000000000000000000036
S31502046E500000000000000000000000000000000026
S31502046E600000000000000000000000000000000016
S31502046E700000000000000000000000000000000006
S31502046E8000000000000000000000000000000000F6
S31502046E9000000000000000000000000000000000E6
S31502046EA000000000000000000000000000000000D6
S31502046EB000000000000000000000000000000000C6
S31502046EC000000000000000000000000000000000B6
S31502046ED000000000000000000000000000000000A6
S31502046EE00000000000000000000000000000000096
S31502046EF00000000000000000000000000000000086
S31502046F000000000000000000000000000000000075
S31502046F100000000000000000000000000000000065
S31502046F200000000000000000000000000000000055
S31502046F300000000000000000000000000000000045
S31502046F400000000000000000000000000000000035
S31502046F500000000000000000000000000000000025
S31502046F600000000000000000000000000000000015
S31502046F700000000000000000000000000000000005
S31502046F8000000000000000000000000000000000F5
S31502046F9000000000000000000000000000000000E5
S31502046FA000000000000000000000000000000000D5
S31502046FB000000000000000000000000000000000C5
S31502046FC000000000000000000000000000000000B5
S31502046FD000000000000000000000000000000000A5
S31502046FE00000000000000000000000000000000095
S31502046FF00000000000000000000000000000000085
S315020470000000000000000000000000000000000074
S315020470100000000000000000000000000000000064
S315020470200000000000000000000000000000000054
S315020470300000000000000000000000000000000044
S315020470400000000000000000000000000000000034
S315020470500000000000000000000000000000000024
S315020470600000000000000000000000000000000014
S315020470700000000000000000000000000000000004
S3150204708000000000000000000000000000000000F4
S3150204709000000000000000000000000000000000E4
S315020470A000000000000000000000000000000000D4
S315020470B000000000000000000000000000000000C4
S315020470C000000000000000000000000000000000B4
S315020470D000000000000000000000000000000000A4
S315020470E000000000000000006D0000000F00000018
S315020470F0160000000200000000000000000000006C
S315020471000000000000000000000000000000000073
S315020471100000000000000000000000000000000063
S315020471200000000000000000000000000000000053
S315020471300000000000000000000000000000000043
S315020471400000000000000000000000000000000033
S315020471500000000000000000000000000000000023
S315020471600000000000000000000000000000000013
S315020471700000000000000000000000000000000003
S3150204718000000000000000000000000000000000F3
S3150204719000000000000000000000000000000000E3
S315020471A000000000000000000000000096B5DBDECF
S315020471B0AA52DBDEFFFFBEF79294000092947DEFA3
S315020471C0FFFFDBDEE3180000000096B51CE79AD643
S315020471D0E31800001084FFFF96B596B50000000080
S315020471E09AD6DBDE0000000096B5FFFF108400008D
S315020471F000000000BEF77DEF0000000000006D6B8A
S31502047200FFFF0000000096B5FFFF0000000000002B
S315020472100000DBDE38C60000000000006D6BFFFFD5
S315020472206D6B000096B5FFFF000000000000000031
S31502047230DBDE96B50000000000006D6BFFFF6D6B90
S31502047240000096B5FFFF0000000000000000DBDE30
S3150204725096B50000000000006D6BFFFF6D6B000029
S3150204726096B5FFFF0000000000000000DBDE96B5C5
S315020472700000000000006D6BFFFF6D6B000096B509
S31502047280FFFF0000000000000000DBDE96B50000F0
S31502047290000000006D6BFFFF6D6B000096B5FFFFEB
S315020472A00000000000000000DBDE96B500000000CE
S315020472B000006D6BFFFF6D6B000096B5FFFF0000CB
S315020472C0000000000000DBDE96B5000000000000AE
S315020472D06D6BFFFF6D6B000096B5FFFF00000000AB
S315020472E000000000DBDE96B50000000000006D6BB6
S315020472F0FFFF6D6B000096B5FFFF00000000000063
S315020473000000DBDE96B50000000000006D6BFFFF97
S315020473106D6B000000000000000000000000000089
S315020473200000000000000000000000000000000051
S315020473300000000000000000000000000000000041
S315020473400000000000000000000000000000000031
S315020473500000000000000000000000000000000021
S315020473600000000000000000000000000000000011
S315020473700000000000000000000000000000000001
S3150204738000000000000000000000000000000000F1
S3150204739000000000000000000000000000000000E1
S315020473A000000000000000000000000000000000D1
S315020473B000000000000000000000000000000000C1
S315020473C000000000000000000000000000000000B1
S315020473D000000000000000000000000000000000A1
S315020473E00000000000000000000000000000000091
S315020473F00000000000000000000000000000000081
S315020474000000000000000000000000000000000070
S315020474100000000000000000000000000000000060
S315020474200000000000000000000000000000000050
S315020474300000000000000000000000000000000040
S315020474406E0000000A0000001600000002000000A0
S315020474500000000000000000000000000000000020
S315020474600000000000000000000000000000000010
S315020474700000000000000000000000000000000000
S3150204748000000000000000000000000000000000F0
S3150204749000000000000000000000000000000000E0
S315020474A000000000000000000000000000000000D0
S315020474B000000000000000000000000000000000C0
S315020474C000000000000000006D6BFFFFE318F7BD2B
S315020474D0BEF7FFFF1CE7AA52000000006D6BFFFF18
S315020474E09AD66D6B0000000038C6BEF7E31800009A
S315020474F06D6BFFFF96B5000000000000E318FFFF66
S31502047500108400006D6BFFFF6D6B0000000000002D
S315020475100000FFFF96B500006D6BFFFF6D6B000068
S31502047520000000000000FFFF96B500006D6BFFFF30
S315020475306D6B0000000000000000FFFF96B500001E
S315020475406D6BFFFF6D6B0000000000000000FFFF83
S3150204755096B500006D6BFFFF6D6B00000000000026
S315020475600000FFFF96B500006D6BFFFF6D6B000018
S31502047570000000000000FFFF96B500006D6BFFFFE0
S315020475806D6B0000000000000000FFFF96B50000CE
S315020475906D6BFFFF6D6B0000000000000000FFFF33
S315020475A096B500006D6BFFFF6D6B000000000000D6
S315020475B00000FFFF96B50000000000000000000076
S315020475C000000000000000000000000000000000AF
S315020475D0000000000000000000000000000000009F
S315020475E0000000000000000000000000000000008F
S315020475F0000000000000000000000000000000007F
S31502047600000000000000000000000000000000006E
S31502047610000000000000000000000000000000005E
S31502047620000000000000000000000000000000004E
S31502047630000000000000000000000000000000003E
S31502047640000000000000000000000000000000002E
S31502047650000000000000000000000000000000001E
S31502047660000000000000000000000000000000000E
S3150204767000000000000000000000000000000000FE
S3150204768000000000000000000000000000000000EE
S3150204769000000000000000000000000000000000DE
S315020476A000000000000000000000000000000000CE
S315020476B000000000000000000000000000000000BE
S315020476C000000000000000000000000000000000AE
S315020476D0000000000000000000000000000000009E
S315020476E0000000000000000000000000000000008E
S315020476F0000000000000000000000000000000007E
S31502047700000000000000000000000000000000006D
S31502047710000000000000000000000000000000005D
S31502047720000000000000000000000000000000004D
S31502047730000000000000000000000000000000003D
S31502047740000000000000000000000000000000002D
S31502047750000000000000000000000000000000001D
S31502047760000000000000000000000000000000000D
S3150204777000000000000000000000000000000000FD
S3150204778000000000000000000000000000000000ED
S3150204779000000000000000006F0000000A00000064
S315020477A016000000020000000000000000000000B5
S315020477B000000000000000000000000000000000BD
S315020477C000000000000000000000000000000000AD
S315020477D0000000000000000000000000000000009D
S315020477E0000000000000000000000000000000008D
S315020477F0000000000000000000000000000000007D
S31502047800000000000000000000000000000000006C
S31502047810000000000000000000000000000000005C
S315020478200000E31896B57DEFFFFFBEF738C6E318EE
S3150204783000000000000038C61CE7E7390000E31820
S315020478401CE7DBDE00000000E739FFFF10840000BE
S31502047850000000001084FFFFAA5200001084FFFFFC
S3150204786000000000000000000000FFFF92940000E8
S3150204787096B5FFFF00000000000000000000FFFFB5
S3150204788096B5000096B5FFFF000000000000000058
S315020478900000FFFF96B5000096B5FFFF000000004A
S315020478A0000000000000FFFF96B5000096B5FFFF3A
S315020478B000000000000000000000FFFF96B5000073
S315020478C09294FFFF00000000000000000000FFFF8A
S315020478D010840000AA52FFFFAA5200000000000012
S315020478E0AA52FFFFE73900000000DBDE1CE7E318BB
S315020478F00000E3181CE7DBDE000000000000E318CA
S3150204790038C6BEF7FFFFBEF738C6E318000000000C
S31502047910000000000000000000000000000000005B
S31502047920000000000000000000000000000000004B
S31502047930000000000000000000000000000000003B
S31502047940000000000000000000000000000000002B
S31502047950000000000000000000000000000000001B
S31502047960000000000000000000000000000000000B
S3150204797000000000000000000000000000000000FB
S3150204798000000000000000000000000000000000EB
S3150204799000000000000000000000000000000000DB
S315020479A000000000000000000000000000000000CB
S315020479B000000000000000000000000000000000BB
S315020479C000000000000000000000000000000000AB
S315020479D0000000000000000000000000000000009B
S315020479E0000000000000000000000000000000008B
S315020479F0000000000000000000000000000000007B
S31502047A00000000000000000000000000000000006A
S31502047A10000000000000000000000000000000005A
S31502047A20000000000000000000000000000000004A
S31502047A30000000000000000000000000000000003A
S31502047A40000000000000000000000000000000002A
S31502047A50000000000000000000000000000000001A
S31502047A60000000000000000000000000000000000A
S31502047A7000000000000000000000000000000000FA
S31502047A8000000000000000000000000000000000EA
S31502047A9000000000000000000000000000000000DA
S31502047AA000000000000000000000000000000000CA
S31502047AB000000000000000000000000000000000BA
S31502047AC000000000000000000000000000000000AA
S31502047AD0000000000000000000000000000000009A
S31502047AE0000000000000000000000000000000008A
S31502047AF0700000000A0000001600000002000000E8
S31502047B000000000000000000000000000000000069
S31502047B100000000000000000000000000000000059
S31502047B200000000000000000000000000000000049
S31502047B300000000000000000000000000000000039
S31502047B400000000000000000000000000000000029
S31502047B500000000000000000000000000000000019
S31502047B600000000000000000000000000000000009
S31502047B70000000000000000096B5DBDEAA521CE7F6
S31502047B80FFFFBEF738C6E3180000000096B57DEF86
S31502047B90DBDEE7390000E3181CE79AD60000000092
S31502047BA096B5FFFF6D6B0000000000001084FFFF16
S31502047BB0E739000096B5FFFF000000000000000050
S31502047BC00000FFFF1084000096B57DEF0000000060
S31502047BD0000000000000FFFF96B5000096B5DBDE4C
S31502047BE000000000000000000000FFFF96B5000040
S31502047BF096B5DBDE00000000000000000000FFFF77
S31502047C0096B5000096B5DBDE000000000000000019
S31502047C100000FFFF96B5000096B5FFFF00000000C6
S31502047C20000000000000FFFF1084000096B5FFFF6D
S31502047C30E7390000000000001084FFFFE739000066
S31502047C4096B5FFFFDBDEE3180000E3181CE79AD6BD
S31502047C500000000096B5FFFFAA521CE7FFFFBEF71D
S31502047C6038C6E3180000000096B5FFFF00000000C6
S31502047C7000000000000000000000000096B5FFFFAF
S31502047C8000000000000000000000000000000000E8
S31502047C9096B5FFFF0000000000000000000000008F
S31502047CA00000000096B5FFFF00000000000000007F
S31502047CB000000000000000000000000000000000B8
S31502047CC000000000000000000000000000000000A8
S31502047CD00000000000000000000000000000000098
S31502047CE00000000000000000000000000000000088
S31502047CF00000000000000000000000000000000078
S31502047D000000000000000000000000000000000067
S31502047D100000000000000000000000000000000057
S31502047D200000000000000000000000000000000047
S31502047D300000000000000000000000000000000037
S31502047D400000000000000000000000000000000027
S31502047D500000000000000000000000000000000017
S31502047D600000000000000000000000000000000007
S31502047D7000000000000000000000000000000000F7
S31502047D8000000000000000000000000000000000E7
S31502047D9000000000000000000000000000000000D7
S31502047DA000000000000000000000000000000000C7
S31502047DB000000000000000000000000000000000B7
S31502047DC000000000000000000000000000000000A7
S31502047DD00000000000000000000000000000000097
S31502047DE00000000000000000000000000000000087
S31502047DF00000000000000000000000000000000077
S31502047E000000000000000000000000000000000066
S31502047E100000000000000000000000000000000056
S31502047E200000000000000000000000000000000046
S31502047E300000000000000000000000000000000036
S31502047E4000000000000000007100000009000000AC
S31502047E5016000000020000000000000000000000FE
S31502047E600000000000000000000000000000000006
S31502047E7000000000000000000000000000000000F6
S31502047E8000000000000000000000000000000000E6
S31502047E9000000000000000000000000000000000D6
S31502047EA000000000000000000000000000000000C6
S31502047EB000000000000000000000000000000000B6
S31502047EC0000000000000AA52DBDEFFFFFFFF38C6F7
S31502047ED01084FFFFE318E739BEF714A5000000007B
S31502047EE092947DEFFFFF0000F7BD1CE7000000003F
S31502047EF0000000009AD6FFFF0000DBDE96B5000004
S31502047F0000000000000096B5FFFF0000FFFF96B5D3
S31502047F1000000000000000001084FFFF0000FFFFC5
S31502047F2096B500000000000000006D6BFFFF000024
S31502047F30FFFF96B500000000000000006D6BFFFF16
S31502047F400000FFFF96B500000000000000006D6B04
S31502047F50FFFF0000DBDE96B5000000000000000013
S31502047F6096B5FFFF0000F7BD1CE700000000000005
S31502047F70000038C6FFFF0000E739BEF792940000FE
S31502047F8000009294BEF7FFFF00000000AA521CE70D
S31502047F90FFFFBEF7F7BD96B5FFFF00000000000025
S31502047FA0000000000000000096B5FFFF000000007C
S31502047FB00000000000000000000096B5FFFF00006C
S31502047FC000000000000000000000000096B5FFFF5C
S31502047FD0000000000000000000000000000096B54A
S31502047FE0FFFF000000000000000000000000000087
S31502047FF00000000000000000000000000000000075
S315020480000000000000000000000000000000000064
S315020480100000000000000000000000000000000054
S315020480200000000000000000000000000000000044
S315020480300000000000000000000000000000000034
S315020480400000000000000000000000000000000024
S315020480500000000000000000000000000000000014
S315020480600000000000000000000000000000000004
S3150204807000000000000000000000000000000000F4
S3150204808000000000000000000000000000000000E4
S3150204809000000000000000000000000000000000D4
S315020480A000000000000000000000000000000000C4
S315020480B000000000000000000000000000000000B4
S315020480C000000000000000000000000000000000A4
S315020480D00000000000000000000000000000000094
S315020480E00000000000000000000000000000000084
S315020480F00000000000000000000000000000000074
S315020481000000000000000000000000000000000063
S315020481100000000000000000000000000000000053
S315020481200000000000000000000000000000000043
S315020481300000000000000000000000000000000033
S315020481400000000000000000000000000000000023
S315020481500000000000000000000000000000000013
S315020481600000000000000000000000000000000003
S3150204817000000000000000000000000000000000F3
S3150204818000000000000000000000000000000000E3
S3150204819000000000000000000000000000000000D3
S315020481A07200000006000000160000000200000033
S315020481B000000000000000000000000000000000B3
S315020481C000000000000000000000000000000000A3
S315020481D00000000000000000000000000000000093
S315020481E00000000000000000000000000000000083
S315020481F0000000000000000096B5DBDEAA52DBDEBA
S31502048200FFFF000096B57DEFDBDEE73900000000D4
S3150204821096B5FFFFE73900000000000096B5FFFFA0
S31502048220000000000000000096B5FFFF00000000F9
S315020482300000000096B5FFFF0000000000000000E9
S3150204824096B5FFFF000000000000000096B5FFFF90
S31502048250000000000000000096B5FFFF00000000C9
S315020482600000000096B5FFFF0000000000000000B9
S3150204827096B5FFFF000000000000000096B5FFFF60
S3150204828000000000000000000000000000000000E2
S3150204829000000000000000000000000000000000D2
S315020482A000000000000000000000000000000000C2
S315020482B000000000000000000000000000000000B2
S315020482C000000000000000000000000000000000A2
S315020482D00000000000000000000000000000000092
S315020482E00000000000000000000000000000000082
S315020482F00000000000000000000000000000000072
S315020483000000000000000000000000000000000061
S315020483100000000000000000000000000000000051
S315020483200000000000000000000000000000000041
S315020483300000000000000000000000000000000031
S315020483400000000000000000000000000000000021
S315020483500000000000000000000000000000000011
S315020483600000000000000000000000000000000001
S3150204837000000000000000000000000000000000F1
S3150204838000000000000000000000000000000000E1
S3150204839000000000000000000000000000000000D1
S315020483A000000000000000000000000000000000C1
S315020483B000000000000000000000000000000000B1
S315020483C000000000000000000000000000000000A1
S315020483D00000000000000000000000000000000091
S315020483E00000000000000000000000000000000081
S315020483F00000000000000000000000000000000071
S315020484000000000000000000000000000000000060
S315020484100000000000000000000000000000000050
S315020484200000000000000000000000000000000040
S315020484300000000000000000000000000000000030
S315020484400000000000000000000000000000000020
S315020484500000000000000000000000000000000010
S315020484600000000000000000000000000000000000
S3150204847000000000000000000000000000000000F0
S3150204848000000000000000000000000000000000E0
S3150204849000000000000000000000000000000000D0
S315020484A000000000000000000000000000000000C0
S315020484B000000000000000000000000000000000B0
S315020484C000000000000000000000000000000000A0
S315020484D00000000000000000000000000000000090
S315020484E00000000000000000000000000000000080
S315020484F000000000000000007300000008000000F5
S315020485001600000002000000000000000000000047
S31502048510000000000000000000000000000000004F
S31502048520000000000000000000000000000000003F
S31502048530000000000000000000000000000000002F
S31502048540000000000000000000000000000000001F
S31502048550000000000000000000000000000000000F
S315020485600000000000000000000096B57DEFFFFF4A
S31502048570BEF7F7BD000000009294BEF7AA520000AF
S31502048580E3187DEF96B50000DBDEDBDE00000000BB
S315020485900000F7BDDBDE0000F7BD7DEFE318000047
S315020485A00000000000000000E739BEF71CE7E739C7
S315020485B000000000000000000000E31896B5BEF7B4
S315020485C096B5E31800000000000000000000E73939
S315020485D09AD61CE7E3180000000000000000000021
S315020485E000007DEF38C60000FFFF96B500000000CC
S315020485F0000096B51CE700007DEF96B5000000006A
S315020486000000F7BDDBDE000096B57DEFE31800003F
S31502048610E7397DEF96B500000000F7BDBEF7FFFF10
S315020486207DEF96B500000000000000000000000087
S31502048630000000000000000000000000000000002E
S31502048640000000000000000000000000000000001E
S31502048650000000000000000000000000000000000E
S3150204866000000000000000000000000000000000FE
S3150204867000000000000000000000000000000000EE
S3150204868000000000000000000000000000000000DE
S3150204869000000000000000000000000000000000CE
S315020486A000000000000000000000000000000000BE
S315020486B000000000000000000000000000000000AE
S315020486C0000000000000000000000000000000009E
S315020486D0000000000000000000000000000000008E
S315020486E0000000000000000000000000000000007E
S315020486F0000000000000000000000000000000006E
S31502048700000000000000000000000000000000005D
S31502048710000000000000000000000000000000004D
S31502048720000000000000000000000000000000003D
S31502048730000000000000000000000000000000002D
S31502048740000000000000000000000000000000001D
S31502048750000000000000000000000000000000000D
S3150204876000000000000000000000000000000000FD
S3150204877000000000000000000000000000000000ED
S3150204878000000000000000000000000000000000DD
S3150204879000000000000000000000000000000000CD
S315020487A000000000000000000000000000000000BD
S315020487B000000000000000000000000000000000AD
S315020487C0000000000000000000000000000000009D
S315020487D0000000000000000000000000000000008D
S315020487E0000000000000000000000000000000007D
S315020487F0000000000000000000000000000000006D
S31502048800000000000000000000000000000000005C
S31502048810000000000000000000000000000000004C
S31502048820000000000000000000000000000000003C
S31502048830000000000000000000000000000000002C
S31502048840000000000000000000000000000000001C
S315020488507400000007000000160000000200000079
S3150204886000000000000000000000000000000000FC
S3150204887000000000000000000000000000000000EC
S315020488800000000000000000000000000000108448
S3150204889038C600000000000000000000DBDEDBDE5C
S315020488A000000000000000000000DBDEDBDE00004A
S315020488B00000000096B5FFFFFFFFFFFFFFFFFFFF6B
S315020488C0000000000000DBDEDBDE0000000000002A
S315020488D000000000DBDEDBDE00000000000000001A
S315020488E00000DBDEDBDE000000000000000000000A
S315020488F0DBDEDBDE00000000000000000000DBDE41
S31502048900DBDE00000000000000000000DBDEDBDE30
S3150204891000000000000000000000DBDEDBDE0000D9
S315020489200000000000000000DBDEDBDE00000000C9
S31502048930000000000000F7BDDBDE000000000000BE
S315020489400000000096B5BEF7E31800000000000020
S315020489500000E318DBDEFFFFFFFF0000000000005B
S3150204896000000000000000000000000000000000FB
S3150204897000000000000000000000000000000000EB
S3150204898000000000000000000000000000000000DB
S3150204899000000000000000000000000000000000CB
S315020489A000000000000000000000000000000000BB
S315020489B000000000000000000000000000000000AB
S315020489C0000000000000000000000000000000009B
S315020489D0000000000000000000000000000000008B
S315020489E0000000000000000000000000000000007B
S315020489F0000000000000000000000000000000006B
S31502048A00000000000000000000000000000000005A
S31502048A10000000000000000000000000000000004A
S31502048A20000000000000000000000000000000003A
S31502048A30000000000000000000000000000000002A
S31502048A40000000000000000000000000000000001A
S31502048A50000000000000000000000000000000000A
S31502048A6000000000000000000000000000000000FA
S31502048A7000000000000000000000000000000000EA
S31502048A8000000000000000000000000000000000DA
S31502048A9000000000000000000000000000000000CA
S31502048AA000000000000000000000000000000000BA
S31502048AB000000000000000000000000000000000AA
S31502048AC0000000000000000000000000000000009A
S31502048AD0000000000000000000000000000000008A
S31502048AE0000000000000000000000000000000007A
S31502048AF0000000000000000000000000000000006A
S31502048B000000000000000000000000000000000059
S31502048B100000000000000000000000000000000049
S31502048B200000000000000000000000000000000039
S31502048B300000000000000000000000000000000029
S31502048B400000000000000000000000000000000019
S31502048B500000000000000000000000000000000009
S31502048B6000000000000000000000000000000000F9
S31502048B7000000000000000000000000000000000E9
S31502048B8000000000000000000000000000000000D9
S31502048B9000000000000000000000000000000000C9
S31502048BA0000000000000000075000000090000003B
S31502048BB01600000002000000000000000000000091
S31502048BC00000000000000000000000000000000099
S31502048BD00000000000000000000000000000000089
S31502048BE00000000000000000000000000000000079
S31502048BF00000000000000000000000000000000069
S31502048C000000000000000000000000000000000058
S31502048C100000000000000000000000000000000048
S31502048C2000000000DBDE96B5000000000000000034
S31502048C3096B5FFFF0000DBDE96B5000000000000DB
S31502048C40000096B5FFFF0000DBDE96B500000000CB
S31502048C500000000096B5FFFF0000DBDE96B50000BB
S31502048C6000000000000096B5FFFF0000DBDE96B5AB
S31502048C70000000000000000096B5FFFF0000DBDEE6
S31502048C8096B5000000000000000096B5FFFF000044
S31502048C90DBDE96B5000000000000000096B5FFFF7B
S31502048CA00000DBDE96B5000000000000000096B569
S31502048CB0FFFF0000DBDE96B50000000000000000A6
S31502048CC0F7BDFFFF00009AD69AD600000000000006
S31502048CD000001CE7FFFF00001084BEF7E318000043
S31502048CE0000092941CE7FFFF0000000096B5DBDE4D
S31502048CF0DBDE38C6929496B5FFFF00000000000042
S31502048D000000000000000000000000000000000057
S31502048D100000000000000000000000000000000047
S31502048D200000000000000000000000000000000037
S31502048D300000000000000000000000000000000027
S31502048D400000000000000000000000000000000017
S31502048D500000000000000000000000000000000007
S31502048D6000000000000000000000000000000000F7
S31502048D7000000000000000000000000000000000E7
S31502048D8000000000000000000000000000000000D7
S31502048D9000000000000000000000000000000000C7
S31502048DA000000000000000000000000000000000B7
S31502048DB000000000000000000000000000000000A7
S31502048DC00000000000000000000000000000000097
S31502048DD00000000000000000000000000000000087
S31502048DE00000000000000000000000000000000077
S31502048DF00000000000000000000000000000000067
S31502048E000000000000000000000000000000000056
S31502048E100000000000000000000000000000000046
S31502048E200000000000000000000000000000000036
S31502048E300000000000000000000000000000000026
S31502048E400000000000000000000000000000000016
S31502048E500000000000000000000000000000000006
S31502048E6000000000000000000000000000000000F6
S31502048E7000000000000000000000000000000000E6
S31502048E8000000000000000000000000000000000D6
S31502048E9000000000000000000000000000000000C6
S31502048EA000000000000000000000000000000000B6
S31502048EB000000000000000000000000000000000A6
S31502048EC00000000000000000000000000000000096
S31502048ED00000000000000000000000000000000086
S31502048EE00000000000000000000000000000000076
S31502048EF00000000000000000000000000000000066
S31502048F0076000000090000001600000002000000BE
S31502048F100000000000000000000000000000000045
S31502048F200000000000000000000000000000000035
S31502048F300000000000000000000000000000000025
S31502048F400000000000000000000000000000000015
S31502048F500000000000000000000000000000000005
S31502048F6000000000000000000000000000000000F5
S31502048F700000000000000000000000007DEF38C67B
S31502048F800000000000000000E318FFFF0000F7BD28
S31502048F907DEF00000000000000001084BEF7000010
S31502048FA01084FFFFE73900000000000038C69AD695
S31502048FB000000000FFFF14A50000000000007DEF82
S31502048FC09294000000009AD69AD600000000E7396F
S31502048FD0FFFFE7390000000014A5BEF700000000F9
S31502048FE014A51CE7000000000000E739FFFFAA529F
S31502048FF000009AD6F7BD00000000000000007DEFD5
S3150204900014A50000BEF76D6B00000000000000000E
S31502049010F7BDDBDEAA52BEF7000000000000000026
S3150204902000001084FFFF96B59AD6000000000000E7
S31502049030000000000000FFFFFFFF92940000000002
S3150204904000000000000000009AD6FFFFE739000086
S315020490500000000000000000000000000000000004
S3150204906000000000000000000000000000000000F4
S3150204907000000000000000000000000000000000E4
S3150204908000000000000000000000000000000000D4
S3150204909000000000000000000000000000000000C4
S315020490A000000000000000000000000000000000B4
S315020490B000000000000000000000000000000000A4
S315020490C00000000000000000000000000000000094
S315020490D00000000000000000000000000000000084
S315020490E00000000000000000000000000000000074
S315020490F00000000000000000000000000000000064
S315020491000000000000000000000000000000000053
S315020491100000000000000000000000000000000043
S315020491200000000000000000000000000000000033
S315020491300000000000000000000000000000000023
S315020491400000000000000000000000000000000013
S315020491500000000000000000000000000000000003
S3150204916000000000000000000000000000000000F3
S3150204917000000000000000000000000000000000E3
S3150204918000000000000000000000000000000000D3
S3150204919000000000000000000000000000000000C3
S315020491A000000000000000000000000000000000B3
S315020491B000000000000000000000000000000000A3
S315020491C00000000000000000000000000000000093
S315020491D00000000000000000000000000000000083
S315020491E00000000000000000000000000000000073
S315020491F00000000000000000000000000000000063
S315020492000000000000000000000000000000000052
S315020492100000000000000000000000000000000042
S315020492200000000000000000000000000000000032
S315020492300000000000000000000000000000000022
S315020492400000000000000000000000000000000012
S315020492500000000000000000770000000F0000007C
S3150204926016000000020000000000000000000000DA
S3150204927000000000000000000000000000000000E2
S3150204928000000000000000000000000000000000D2
S3150204929000000000000000000000000000000000C2
S315020492A000000000000000000000000000000000B2
S315020492B000000000000000000000000000000000A2
S315020492C00000000000000000000000000000000092
S315020492D00000000000000000000000000000000082
S315020492E00000000000000000000000000000000072
S315020492F00000000000000000000000000000000062
S315020493000000000000000000000000000000000051
S31502049310000000000000000000000000FFFFE73923
S31502049320000000000000E318FFFF7DEF00000000CC
S31502049330000000006D6BFFFF0000FFFF9294000027
S31502049340000000006D6BFFFFFFFFE739000000001D
S31502049350000096B57DEF00001CE738C60000000049
S31502049360000096B59AD6FFFF929400000000000012
S31502049370DBDE38C6000096B57DEF00000000000073
S31502049380DBDE14A5DBDEF7BD000000000000BEF73D
S31502049390108400006D6BFFFFE73900000000FFFF39
S315020493A0AA5296B51CE700000000AA52FFFFE31872
S315020493B000000000FFFF92940000AA52BEF70000CC
S315020493C06D6BFFFFE318000014A51CE70000000004
S315020493D00000DBDE38C6000014A5DBDE0000000058
S315020493E0FFFF108400009AD6F7BD000000000000BB
S315020493F014A57DEF000038C696B500000000DBDE3A
S31502049400F7BD00007DEF1084000000000000AA52A0
S31502049410FFFFE3187DEF6D6B0000000096B51CE7B5
S31502049420E739FFFF00000000000000000000BEF75D
S3150204943014A5FFFF0000000000006D6BFFFF14A5DA
S31502049440DBDE000000000000000000009AD61CE7E4
S315020494501CE70000000000000000FFFF7DEF96B548
S315020494600000000000000000000014A5FFFFF7BD85
S315020494700000000000000000DBDEFFFF6D6B000051
S3150204948000000000000000000000000000000000D0
S3150204949000000000000000000000000000000000C0
S315020494A000000000000000000000000000000000B0
S315020494B000000000000000000000000000000000A0
S315020494C00000000000000000000000000000000090
S315020494D00000000000000000000000000000000080
S315020494E00000000000000000000000000000000070
S315020494F00000000000000000000000000000000060
S31502049500000000000000000000000000000000004F
S31502049510000000000000000000000000000000003F
S31502049520000000000000000000000000000000002F
S31502049530000000000000000000000000000000001F
S31502049540000000000000000000000000000000000F
S3150204955000000000000000000000000000000000FF
S3150204956000000000000000000000000000000000EF
S3150204957000000000000000000000000000000000DF
S3150204958000000000000000000000000000000000CF
S3150204959000000000000000000000000000000000BF
S315020495A000000000000000000000000000000000AF
S315020495B07800000009000000160000000200000006
S315020495C0000000000000000000000000000000008F
S315020495D0000000000000000000000000000000007F
S315020495E0000000000000000000000000000000006F
S315020495F0000000000000000000000000000000005F
S31502049600000000000000000000000000000000004E
S31502049610000000000000000000000000000000003E
S315020496200000000000000000000000006D6BFFFF58
S315020496309294000000000000DBDEDBDE0000000086
S31502049640DBDE7DEF000000006D6BFFFF6D6B00003B
S3150204965000006D6BFFFF10840000DBDEDBDE000022
S31502049660000000000000DBDEDBDE6D6BFFFFE73986
S3150204967000000000000000006D6BFFFF7DEF38C69E
S315020496800000000000000000000000001CE7FFFFCD
S31502049690AA5200000000000000000000E739FFFFA4
S315020496A0BEF796B50000000000000000000038C6B0
S315020496B0DBDE96B5BEF7E318000000000000E739CA
S315020496C0FFFF6D6BE318BEF796B5000000000000BD
S315020496D09AD6DBDE0000000096B5FFFFE7390000EC
S315020496E06D6BFFFF6D6B00000000E318BEF738C612
S315020496F00000DBDEDBDE000000000000000096B5A1
S31502049700FFFFAA5200000000000000000000000053
S31502049710000000000000000000000000000000003D
S31502049720000000000000000000000000000000002D
S31502049730000000000000000000000000000000001D
S31502049740000000000000000000000000000000000D
S3150204975000000000000000000000000000000000FD
S3150204976000000000000000000000000000000000ED
S3150204977000000000000000000000000000000000DD
S3150204978000000000000000000000000000000000CD
S3150204979000000000000000000000000000000000BD
S315020497A000000000000000000000000000000000AD
S315020497B0000000000000000000000000000000009D
S315020497C0000000000000000000000000000000008D
S315020497D0000000000000000000000000000000007D
S315020497E0000000000000000000000000000000006D
S315020497F0000000000000000000000000000000005D
S31502049800000000000000000000000000000000004C
S31502049810000000000000000000000000000000003C
S31502049820000000000000000000000000000000002C
S31502049830000000000000000000000000000000001C
S31502049840000000000000000000000000000000000C
S3150204985000000000000000000000000000000000FC
S3150204986000000000000000000000000000000000EC
S3150204987000000000000000000000000000000000DC
S3150204988000000000000000000000000000000000CC
S3150204989000000000000000000000000000000000BC
S315020498A000000000000000000000000000000000AC
S315020498B0000000000000000000000000000000009C
S315020498C0000000000000000000000000000000008C
S315020498D0000000000000000000000000000000007C
S315020498E0000000000000000000000000000000006C
S315020498F0000000000000000000000000000000005C
S315020499000000000000000000790000000A000000C8
S315020499101600000002000000000000000000000023
S31502049920000000000000000000000000000000002B
S31502049930000000000000000000000000000000001B
S31502049940000000000000000000000000000000000B
S3150204995000000000000000000000000000000000FB
S3150204996000000000000000000000000000000000EB
S3150204997000000000000000000000000000000000DB
S3150204998000000000000000000000000000000000CB
S315020499907DEFF7BD0000000000000000E739FFFF7D
S315020499A06D6B0000F7BD7DEF0000000000000000B3
S315020499B014A5BEF700000000AA52FFFFE739000013
S315020499C0000000009AD638C60000000000007DEFB1
S315020499D014A5000000000000BEF710840000000079
S315020499E0000038C69AD6000000006D6BFFFFE3182C
S315020499F00000000000001084FFFF00000000F7BD15
S31502049A00DBDE00000000000000000000BEF7108448
S31502049A1000001CE714A5000000000000000000007E
S31502049A209AD6F7BDE739FFFFE739000000000000C8
S31502049A300000000092947DEF92947DEF00000000F6
S31502049A400000000000000000E318FFFFDBDEF7BDA4
S31502049A5000000000000000000000000000009AD68A
S31502049A60FFFF6D6B00000000000000000000000014
S31502049A70000096B5BEF700000000000000000000DA
S31502049A8000000000000038C638C6000000000000CE
S31502049A9000000000000000000000BEF792940000DF
S31502049AA00000000000000000000000001084FFFF18
S31502049AB0E31800000000000000000000000000009F
S31502049AC0F7BDDBDE0000000000000000000000001D
S31502049AD0000000000000000000000000000000007A
S31502049AE0000000000000000000000000000000006A
S31502049AF0000000000000000000000000000000005A
S31502049B000000000000000000000000000000000049
S31502049B100000000000000000000000000000000039
S31502049B200000000000000000000000000000000029
S31502049B300000000000000000000000000000000019
S31502049B400000000000000000000000000000000009
S31502049B5000000000000000000000000000000000F9
S31502049B6000000000000000000000000000000000E9
S31502049B7000000000000000000000000000000000D9
S31502049B8000000000000000000000000000000000C9
S31502049B9000000000000000000000000000000000B9
S31502049BA000000000000000000000000000000000A9
S31502049BB00000000000000000000000000000000099
S31502049BC00000000000000000000000000000000089
S31502049BD00000000000000000000000000000000079
S31502049BE00000000000000000000000000000000069
S31502049BF00000000000000000000000000000000059
S31502049C000000000000000000000000000000000048
S31502049C100000000000000000000000000000000038
S31502049C200000000000000000000000000000000028
S31502049C300000000000000000000000000000000018
S31502049C400000000000000000000000000000000008
S31502049C5000000000000000000000000000000000F8
S31502049C607A0000000800000016000000020000004E
S31502049C7000000000000000000000000000000000D8
S31502049C8000000000000000000000000000000000C8
S31502049C9000000000000000000000000000000000B8
S31502049CA000000000000000000000000000000000A8
S31502049CB00000000000000000000000000000000098
S31502049CC00000000000000000000000000000000088
S31502049CD00000FFFFFFFFFFFFFFFFFFFFFFFF000084
S31502049CE000000000000000000000DBDEDBDE0000F6
S31502049CF000000000000000006D6BFFFF6D6B0000AA
S31502049D000000000000000000DBDEDBDE00000000D5
S31502049D100000000000006D6BFFFF6D6B0000000089
S31502049D20000000000000DBDEDBDE000000000000B5
S31502049D30000000006D6BFFFF92940000000000001B
S31502049D4000000000DBDE7DEF0000000000000000E2
S31502049D5000006D6BFFFF92940000000000000000FB
S31502049D600000DBDE7DEF00000000000000000000C2
S31502049D70AA52FFFF929400000000000000000000B7
S31502049D806D6BFFFFFFFFFFFFFFFFFFFFFFFF0000FB
S31502049D9000000000000000000000000000000000B7
S31502049DA000000000000000000000000000000000A7
S31502049DB00000000000000000000000000000000097
S31502049DC00000000000000000000000000000000087
S31502049DD00000000000000000000000000000000077
S31502049DE00000000000000000000000000000000067
S31502049DF00000000000000000000000000000000057
S31502049E000000000000000000000000000000000046
S31502049E100000000000000000000000000000000036
S31502049E200000000000000000000000000000000026
S31502049E300000000000000000000000000000000016
S31502049E400000000000000000000000000000000006
S31502049E5000000000000000000000000000000000F6
S31502049E6000000000000000000000000000000000E6
S31502049E7000000000000000000000000000000000D6
S31502049E8000000000000000000000000000000000C6
S31502049E9000000000000000000000000000000000B6
S31502049EA000000000000000000000000000000000A6
S31502049EB00000000000000000000000000000000096
S31502049EC00000000000000000000000000000000086
S31502049ED00000000000000000000000000000000076
S31502049EE00000000000000000000000000000000066
S31502049EF00000000000000000000000000000000056
S31502049F000000000000000000000000000000000045
S31502049F100000000000000000000000000000000035
S31502049F200000000000000000000000000000000025
S31502049F300000000000000000000000000000000015
S31502049F400000000000000000000000000000000005
S31502049F5000000000000000000000000000000000F5
S31502049F6000000000000000000000000000000000E5
S31502049F7000000000000000000000000000000000D5
S31502049F8000000000000000000000000000000000C5
S31502049F9000000000000000000000000000000000B5
S31502049FA000000000000000000000000000000000A5
S31502049FB000000000000000003D508000FFFFFF008B
S31502049FC00331110008308200AAAAFF0008304200B9
S31502049FD003310300AAAA0500173000001830000056
S31502049FE034301800373013002C30C2000831010017
S31502049FF030362E003236E200333623002136E000B4
S3150204A0000437A00003375A001537780017370100C2
S3150204A0100B37600005371A000539020006391000AD
S3150204A02001390A00313712000036080001363300BE
S3150204A0302D306000203652001B3720001C4750008A
S3150204A040183A0000193AF80035361C003436400036
S3150204A05022360100043C2800053C9800063C000018
S3150204A060073C0800083C0000093C1C000A3C9C0012
S3150204A0700B3C400020384100213801000038000022
S3150204A08001382000023800000338160004380A009A
S3150204A09005382000063807000738960010380000F5
S3150204A0A01138100012380000133810000838010065
S3150204A0B0093840000A3800000B38F0001438310021
S3150204A0C015383100083764000140020005401A00C1
S3150204A0D00030000002301C000430FF000630C300CA
S3150204A0E00E3044002E300800004332001F50000098
S3150204A0F0074404000050A700063401000034060099
S3150204A10001348000023404000334000004340600DF
S3150204A110053400008051FF008151F2008251000093
S3150204A120835114008451250085512400865116005A
S3150204A1308751160088511600895162008A516200BD
S3150204A1408B51F0008C51B2008D5150008E5130006B
S3150204A1508F513000905150009151F80092510400F1
S3150204A160935170009451F0009551F00096510300FA
S3150204A1709751010098510400995112009A51040012
S3150204A1809B5100009C5106009D5182009E5138004D
S3150204A19081531E0082535B008353140084530600CA
S3150204A1A0855382008653880087537C008853600057
S3150204A1B089531C008A5301008B53980000530800EC
S3150204A1C00153300002533F000353100004530800A6
S3150204A1D00553300006531800075328000953080094
S3150204A1E00A5330000B5304000C530600805401003A
S3150204A1F081540600825412008354240084544A0073
S3150204A20085545800865465008754720088547D002C
S3150204A210895488008A5492008B54A3008C54B20049
S3150204A2208D54C8008E54DD008F54F00090541500EE
S3150204A2308055060083554000845520008955100038
S3150204A2408A5500008B55F800855500008655200076
S3150204A25087550000885501001D5040000050A70094
S3150204A2600058200001581900025817000358160016
S3150204A270045818000558210006580F0007580A000A
S3150204A28008580700095807000A580A000B580C0018
S3150204A2900C580A000D5803000E5801000F5801000D
S3150204A2A0105803001158090012580A0013580300E3
S3150204A2B014580100155801001658030017580800CF
S3150204A2C01858100019580A001A5806001B58060096
S3150204A2D01C5808001D580E001E5822001F5818004C
S3150204A2E020581300215812002258160023581E0023
S3150204A2F02458640025582A0026582C0027582A0078
S3150204A3002858460029582A002A5826002B58240081
S3150204A3102C5826002D582A002E5828002F58420061
S3150204A3203058400031584200325808003358280049
S3150204A33034582600355824003658260037582A0041
S3150204A3403858440039584A003A582C003B582A00D7
S3150204A3503C5846003D58CE008856220089562200B3
S3150204A3608A5642008B5624008C5642008D5624008F
S3150204A3708E5622008F562200255000000F3A3000D6
S3150204A380103A28001B3A30001E3A2800113A61009E
S3150204A3901F3A1000004824000730FB000C380B005B
S3150204A3A00D381C000E3807000F38B000013CB4000B
S3150204A3B0003C0400083A0000093A93000E3A0600EB
S3150204A3C00A3A00000B3A7B000D3A0800003A3C00B8
S3150204A3D0023A0500033AC400143A0500153AC400C9
S3150204A3E0183600001236290008376400093752006D
S3150204A3F00C37030004400200134703000B463500E2
S3150204A4000C46220037480A00243801000150A300F2
S3150204A410063400000335000008300200AAAA05002B
S3150204A4203D50000041470000FFFFFF00000000000E
S3150204A430243B0302303B0302343B0302403B030248
S3150204A440483B03020000006800C0126800EC25685D
S3150204A450232D302B2000686C4C0065666745464701
S3150204A4600030313233343536373839414243444584
S3150204A47046003031323334353637383961626364F3
S3150204A480656600004275696C7420776974682052A7
S3150204A490656E6573617320416476616E63656420DB
S3150204A4A0466C657869626C6520536F66747761726F
S3150204A4B065205061636B6167652076657273696FA7
S3150204A4C06E20362E342E3000362E342E3000000006
S3090204A4D00000040672
S3090204A4D4F8B500BF0C
S3090204A4D8F8B500BF08
S3090204A4DCED0102027E
S3090204A4E0C5010202A2
S30D0204A4E44C7DFE7F010000001D
S70502029F5DFA
