S016000074726F6E5F656467655F666F6D6F2E7372656347
S3150200000000850222DDA60202B5A40202D9A60202D8
S31502000010D9A60202D9A60202D9A60202D9A60202CC
S31502000020000000000000000000000000D9A6020245
S31502000030D9A6020200000000D9A60202D9A602022F
S315020000408D87020221890202458A0202298B020257
S315020000506D990202619B02026979020271790202BA
S315020000600D7F0202657F02020180020259800202AE
S30902000070B18002024F
S315020000740101000000B001000000000000000000C1
S315020000842000002200000000000000000000000022
S31502000094C0B61222010000000000000001030000A5
S315020000A4F1D502020B0000000080000000000000EF
S315020000B4000000000103000015DE02020A0000002F
S315020000C4000400000000000000000000010300001C
S315020000D42DDE02020A00000000800000000000007B
S315020000E47400002200000000380F1522A00F15220A
S315020000F408101522000000000000000000000000A5
S3150200010400000000000000000000000000000000E3
S3150200011400000000000000000000000000000000D3
S3150200012400000000000000000000000000000000C3
S3150200013400000000000000000000000000000000B3
S3150200014400000000000000000000000000000000A3
S315020001540000000000000000000000000000000093
S315020001640000000000000000000000000000000083
S315020001740000000000000000000000000000000073
S315020001840000000000000000000000000000000063
S315020001940000000000000000000000000000000053
S315020001A40000000000000000000000000000000043
S315020001B40000000000000000000000000000000033
S315020001C40000000000000000000000000000000023
S315020001D40000000000000000000000000000000013
S315020001E40000000000000000000000000000000003
S315020001F400000000000000000000000000000000F3
S3150200020400000000000000000000000000000000E2
S3150200021400000000000000000000000000000000D2
S3150200022400000000000000000000000000000000C2
S3150200023400000000000000000000000000000000B2
S3150200024400000000000000000000000000000000A2
S315020002540000000000000000000000000000000092
S315020002640000000000000000000000000000000082
S315020002740000000000000000000000000000000072
S315020002840000000000000000000000000000000062
S315020002940000000000000000000000000000000052
S315020002A40000000000000000000000000000000042
S315020002B40000000000000000000000000000000032
S315020002C40000000000000000000000000000000022
S315020002D40000000000000000000000000000000012
S315020002E40000000000000000000000000000000002
S315020002F400000000000000000000000000000000F2
S3150200030400000000000000000000000000000000E1
S3150200031400000000000000000000000000000000D1
S3150200032400000000000000000000000000000000C1
S3150200033400000000000000000000000000000000B1
S3150200034400000000000000000000000000000000A1
S315020003540000000000000000000000000000000091
S315020003640000000000000000000000000000000081
S315020003740000000000000000000000000000000071
S315020003840000000000000000000000000000000061
S315020003940000000000000000000000000000000051
S315020003A40000000000000000000000000000000041
S315020003B40000000000000000000000000000000031
S315020003C40000000000000000000000000000000021
S315020003D40000000000000000000000000000000011
S315020003E40000000000000000000000000000000001
S315020003F400000000000000000000000000000000F1
S3150200040400000000000000000000000000000000E0
S3150200041400000000000000000000000000000000D0
S3150200042400000000000000000000000000000000C0
S3150200043400000000000000000000000000000000B0
S3150200044400000000000000000000000000000000A0
S315020004540000000000000000000000000000000090
S315020004640000000000000000000000000000000080
S315020004740000000000000000000000000000000070
S315020004840000000000000000000000000000000060
S315020004940000000000000000000000000000000050
S315020004A40000000000000000000000000000000040
S315020004B40000000000000000000000000000000030
S315020004C40000000000000000000000000000000020
S315020004D40000000000000000000000000000000010
S315020004E40000000000000000000000000000000000
S315020004F400000000000000000000000000000000F0
S3150200050400000000000000000000000000000000DF
S3150200051400000000000000000000000000000000CF
S3150200052400000000000000000000000000000000BF
S3150200053400000000000000000000000000000000AF
S31502000544000000000000000000000000000000009F
S31502000554000000000000000000000000000000008F
S31502000564000000000000000000000000000000007F
S31502000574000000000000000000000000000000006F
S31502000584000000000000000000000000000000005F
S31502000594000000000000000000000000000000004F
S315020005A4000000000000000000000000000000003F
S315020005B4000000000000000000000000000000002F
S315020005C4000000000000000000000000000000001F
S315020005D4000000000000000000000000000000000F
S315020005E400000000000000000000000000000000FF
S315020005F400000000000000000000000000000000EF
S3150200060400000000000000000000000000000000DE
S3150200061400000000000000000000000000000000CE
S3150200062400000000000000000000000000000000BE
S3150200063400000000000000000000000000000000AE
S31502000644000000000000000000000000000000009E
S31502000654000000000000000000000000000000008E
S31502000664000000000000000000000000000000007E
S31502000674000000000000000000000000000000006E
S31502000684000000000000000000000000000000005E
S31502000694000000000000000000000000000000004E
S315020006A4000000000000000000000000000000003E
S315020006B4000000000000000000000000000000002E
S315020006C4000000000000000000000000000000001E
S315020006D4000000000000000000000000000000000E
S315020006E400000000000000000000000000000000FE
S315020006F400000000000000000000000000000000EE
S3150200070400000000000000000000000000000000DD
S3150200071400000000000000000000000000000000CD
S3150200072400000000000000000000000000000000BD
S3150200073400000000000000000000000000000000AD
S31502000744000000000000000000000000000000009D
S31502000754000000000000000000000000000000008D
S31502000764000000000000000000000000000000007D
S31502000774000000000000000000000000000000006D
S31502000784000000000000000000000000000000005D
S31502000794000000000000000000000000000000004D
S315020007A4000000000000000000000000000000003D
S315020007B4000000000000000000000000000000002D
S315020007C4000000000000000000000000000000001D
S315020007D4000000000000000000000000000000000D
S315020007E400000000000000000000000000000000FD
S315020007F400000000000000000000000000000000ED
S3150200080400000000000000000000000000000000DC
S3150200081400000000000000000000000000000000CC
S3150200082400000000000000000000000000000000BC
S3150200083400000000000000000000000000000000AC
S31502000844000000000000000000000000000000009C
S31502000854000000000000000000000000000000008C
S31502000864000000000000000000000000000000007C
S31502000874000000000000000000000000000000006C
S31502000884000000000000000000000000000000005C
S31502000894000000000000000000000000000000004C
S315020008A4000000000000000000000000000000003C
S315020008B4000000000000000000000000000000002C
S315020008C4000000000000000000000000000000001C
S315020008D4000000000000000000000000000000000C
S315020008E400000000000000000000000000000000FC
S315020008F400000000000000000000000000000000EC
S3150200090400000000000000000000000000000000DB
S3150200091400000000000000000000000000000000CB
S3150200092400000000000000000000000000000000BB
S3150200093400000000000000000000000000000000AB
S31502000944000000000000000000000000000000009B
S31502000954000000000000000000000000000000008B
S31502000964000000000000000000000000000000007B
S31502000974000000000000000000000000000000006B
S31502000984000000000000000000000000000000005B
S31502000994000000000000000000000000000000004B
S315020009A4000000000000000000000000000000003B
S315020009B4000000000000000000000000000000002B
S315020009C4000000000000000000000000000000001B
S315020009D4000000000000000000000000000000000B
S315020009E400000000000000000000000000000000FB
S315020009F400000000000000000000000000000000EB
S31502000A0400000000000000000000000000000000DA
S31502000A1400000000000000000000000000000000CA
S31502000A2400000000000000000000000000000000BA
S31502000A3400000000000000000000000000000000AA
S31502000A44000000000000000000000000000000009A
S31502000A54000000000000000000000000000000008A
S31502000A64000000000000000000000000000000007A
S31502000A74000000000000000000000000000000006A
S31502000A84000000000000000000000000000000005A
S31502000A94000000000000000000000000000000004A
S31502000AA4000000000000000000000000000000003A
S31502000AB4000000000000000000000000000000002A
S31502000AC4000000000000000000000000000000001A
S31502000AD4000000000000000000000000000000000A
S31502000AE400000000000000000000000000000000FA
S31502000AF400000000000000000000000000000000EA
S31502000B0400000000000000000000000000000000D9
S31502000B1400000000000000000000000000000000C9
S31502000B2400000000000000000000000000000000B9
S31502000B3400000000000000000000000000000000A9
S31502000B440000000000000000000000000000000099
S31502000B540000000000000000000000000000000089
S31502000B640000000000000000000000000000000079
S31502000B740000000000000000000000000000000069
S31502000B840000000000000000000000000000000059
S31502000B940000000000000000000000000000000049
S31502000BA40000000000000000000000000000000039
S31502000BB40000000000000000000000000000000029
S31502000BC40000000000000000000000000000000019
S31502000BD40000000000000000000000000000000009
S31502000BE400000000000000000000000000000000F9
S31502000BF400000000000000000000000000000000E9
S31502000C0400000000000000000000000000000000D8
S31502000C1400000000000000000000000000000000C8
S31502000C2400000000000000000000000000000000B8
S31502000C3400000000000000000000000000000000A8
S31502000C440000000000000000000000000000000098
S31502000C540000000000000000000000000000000088
S31502000C640000000000000000000000000000000078
S31502000C740000000000000000000000000000000068
S31502000C840000000000000000000000000000000058
S31502000C940000000000000000000000000000000048
S31502000CA40000000000000000000000000000000038
S31502000CB40000000000000000000000000000000028
S31502000CC40000000000000000000000000000000018
S31502000CD40000000000000000000000000000000008
S31502000CE400000000000000000000000000000000F8
S31502000CF400000000000000000000000000000000E8
S31502000D0400000000000000000000000000000000D7
S31502000D1400000000000000000000000000000000C7
S31502000D2400000000000000000000000000000000B7
S31502000D3400000000000000000000000000000000A7
S31502000D440000000000000000000000000000000097
S31502000D540000000000000000000000000000000087
S31502000D640000000000000000000000000000000077
S31502000D740000000000000000000000000000000067
S31502000D840000000000000000000000000000000057
S31502000D940000000000000000000000000000000047
S31502000DA40000000000000000000000000000000037
S31502000DB40000000000000000000000000000000027
S31502000DC40000000000000000000000000000000017
S31502000DD40000000000000000000000000000000007
S31502000DE400000000000000000000000000000000F7
S31502000DF400000000000000000000000000000000E7
S31502000E0400000000000000000000000000000000D6
S31502000E1400000000000000000000000000000000C6
S31502000E2400000000000000000000000000000000B6
S31502000E3400000000000000000000000000000000A6
S31502000E440000000000000000000000000000000096
S31502000E540000000000000000000000000000000086
S31502000E640000000000000000000000000000000076
S31502000E740000000000000000000000000000000066
S31502000E840000000000000000000000000000000056
S31502000E940000000000000000000000000000000046
S31502000EA40000000000000000000000000000000036
S31502000EB40000000000000000000000000000000026
S31502000EC40000000000000000000000000000000016
S31502000ED40000000000000000000000000000000006
S31502000EE400000000000000000000000000000000F6
S31502000EF400000000000000000000000000000000E6
S31502000F0400000000000000000000000000000000D5
S31502000F1400000000000000000000000000000000C5
S31502000F2400000000000000000000000000000000B5
S31502000F3400000000000000000000000000000000A5
S31502000F440000000000000000000000000000000095
S31502000F540000000000000000000000000000000085
S31502000F640000000000000000000000000000000075
S31502000F740000000000000000000000000000000065
S31502000F840000000000000000000000000000000055
S31502000F940000000000000000000000000000000045
S31502000FA40000000000000000000000000000000035
S31502000FB40000000000000000000000000000000025
S31502000FC40000000000000000000000000000000015
S31502000FD40000000000000000000000000000000005
S31502000FE400000000000000000000000000000000F5
S31502000FF400000000000000000000000000000000E5
S3150200100400000000000000000000000000000000D4
S3150200101400000000000000000000000000000000C4
S3150200102400000000000000000000000000000000B4
S3150200103400000000000000000000000000000000A4
S315020010440000000000000000000000000000000094
S315020010540000000000000000000000000000000084
S315020010640000000000000000000000000000000074
S315020010740000000000000000000000000000000064
S315020010840000000000000000000000000000000054
S315020010940000000000000000000000000000000044
S315020010A40000000000000000000000000000000034
S315020010B40000000000000000000000000000000024
S315020010C40000000000000000000000000000000014
S315020010D40000000000000000000000000000000004
S315020010E400000000000000000000000000000000F4
S315020010F400000000000000000000000000000000E4
S3150200110400000000000000000000000000000000D3
S3150200111400000000000000000000000000000000C3
S3150200112400000000000000000000000000000000B3
S3150200113400000000000000000000000000000000A3
S315020011440000000000000000000000000000000093
S315020011540000000000000000000000000000000083
S315020011640000000000000000000000000000000073
S315020011740000000000000000000000000000000063
S315020011840000000000000000000000000000000053
S315020011940000000000000000000000000000000043
S315020011A40000000000000000000000000000000033
S315020011B40000000000000000000000000000000023
S315020011C40000000000000000000000000000000013
S315020011D40000000000000000000000000000000003
S315020011E400000000000000000000000000000000F3
S315020011F400000000000000000000000000000000E3
S3150200120400000000000000000000000000000000D2
S3150200121400000000000000000000000000000000C2
S3150200122400000000000000000000000000000000B2
S3150200123400000000000000000000000000000000A2
S315020012440000000000000000000000000000000092
S315020012540000000000000000000000000000000082
S315020012640000000000000000000000000000000072
S315020012740000000000000000000000000000000062
S315020012840000000000000000000000000000000052
S315020012940000000000000000000000000000000042
S315020012A40000000000000000000000000000000032
S315020012B40000000000000000000000000000000022
S315020012C40000000000000000000000000000000012
S315020012D40000000000000000000000000000000002
S315020012E400000000000000000000000000000000F2
S315020012F400000000000000000000000000000000E2
S3150200130400000000000000000000000000000000D1
S3150200131400000000000000000000000000000000C1
S3150200132400000000000000000000000000000000B1
S3150200133400000000000000000000000000000000A1
S315020013440000000000000000000000000000000091
S315020013540000000000000000000000000000000081
S315020013640000000000000000000000000000000071
S315020013740000000000000000000000000000000061
S315020013840000000000000000000000000000000051
S315020013940000000000000000000000000000000041
S315020013A40000000000000000000000000000000031
S315020013B40000000000000000000000000000000021
S315020013C40000000000000000000000000000000011
S315020013D40000000000000000000000000000000001
S315020013E400000000000000000000000000000000F1
S315020013F400000000000000000000000000000000E1
S3150200140400000000000000000000000000000000D0
S3150200141400000000000000000000000000000000C0
S3150200142400000000000000000000000000000000B0
S3150200143400000000000000000000000000000000A0
S315020014440000000000000000000000000000000090
S315020014540000000000000000000000000000000080
S315020014640000000000000000000000000000000070
S315020014740000000000000000000000000000000060
S315020014840000000000000000000000000000000050
S315020014940000000000000000000000000000000040
S315020014A40000000000000000000000000000000030
S315020014B40000000000000000000000000000000020
S315020014C40000000000000000000000000000000010
S315020014D40000000000000000000000000000000000
S315020014E400000000000000000000000000000000F0
S315020014F400000000000000000000000000000000E0
S3150200150400000000000000000000000000000000CF
S3150200151400000000000000000000000000000000BF
S3150200152400000000000000000000000000000000AF
S31502001534000000000000000000000000000000009F
S31502001544000000000000000000000000000000008F
S31502001554000000000000000000000000000000007F
S31502001564000000000000000000000000000000006F
S31502001574000000000000000000000000000000005F
S31502001584000000000000000000000000000000004F
S31502001594000000000000000000000000000000003F
S315020015A4000000000000000000000000000000002F
S315020015B4000000000000000000000000000000001F
S315020015C4000000000000000000000000000000000F
S315020015D400000000000000000000000000000000FF
S315020015E400000000000000000000000000000000EF
S315020015F400000000000000000000000000000000DF
S3150200160400000000000000000000000000000000CE
S3150200161400000000000000000000000000000000BE
S3150200162400000000000000000000000000000000AE
S31502001634000000000000000000000000000000009E
S31502001644000000000000000000000000000000008E
S31502001654000000000000000000000000000000007E
S31502001664000000000000000000000000000000006E
S31502001674000000000000000000000000000000005E
S31502001684000000000000000000000000000000004E
S31502001694000000000000000000000000000000003E
S315020016A4000000000000000000000000000000002E
S315020016B4000000000000000000000000000000001E
S315020016C4000000000000000000000000000000000E
S315020016D400000000000000000000000000000000FE
S315020016E400000000000000000000000000000000EE
S315020016F400000000000000000000000000000000DE
S3150200170400000000000000000000000000000000CD
S3150200171400000000000000000000000000000000BD
S3150200172400000000000000000000000000000000AD
S31502001734000000000000000000000000000000009D
S31502001744000000000000000000000000000000008D
S31502001754000000000000000000000000000000007D
S31502001764000000000000000000000000000000006D
S31502001774000000000000000000000000000000005D
S31502001784000000000000000000000000000000004D
S31502001794000000000000000000000000000000003D
S315020017A4000000000000000000000000000000002D
S315020017B4000000000000000000000000000000001D
S315020017C4000000000000000000000000000000000D
S315020017D400000000000000000000000000000000FD
S315020017E400000000000000000000000000000000ED
S315020017F400000000000000000000000000000000DD
S3150200180400000000000000000000000000000000CC
S3150200181400000000000000000000000000000000BC
S3150200182400000000000000000000000000000000AC
S31502001834000000000000000000000000000000009C
S31502001844000000000000000000000000000000008C
S31502001854000000000000000000000000000000007C
S31502001864000000000000000000000000000000006C
S31502001874000000000000000000000000000000005C
S31502001884000000000000000000000000000000004C
S31502001894000000000000000000000000000000003C
S315020018A4000000000000000000000000000000002C
S315020018B4000000000000000000000000000000001C
S315020018C4000000000000000000000000000000000C
S315020018D400000000000000000000000000000000FC
S315020018E400000000000000000000000000000000EC
S315020018F400000000000000000000000000000000DC
S3150200190400000000000000000000000000000000CB
S3150200191400000000000000000000000000000000BB
S3150200192400000000000000000000000000000000AB
S31502001934000000000000000000000000000000009B
S31502001944000000000000000000000000000000008B
S31502001954000000000000000000000000000000007B
S31502001964000000000000000000000000000000006B
S31502001974000000000000000000000000000000005B
S31502001984000000000000000000000000000000004B
S31502001994000000000000000000000000000000003B
S315020019A4000000000000000000000000000000002B
S315020019B4000000000000000000000000000000001B
S315020019C4000000000000000000000000000000000B
S315020019D400000000000000000000000000000000FB
S315020019E400000000000000000000000000000000EB
S315020019F400000000000000000000000000000000DB
S31502001A0400000000000000000000000000000000CA
S31502001A1400000000000000000000000000000000BA
S31502001A2400000000000000000000000000000000AA
S31502001A34000000000000000000000000000000009A
S31502001A44000000000000000000000000000000008A
S31502001A54000000000000000000000000000000007A
S31502001A64000000000000000000000000000000006A
S31502001A74000000000000000000000000000000005A
S31502001A84000000000000000000000000000000004A
S31502001A94000000000000000000000000000000003A
S31502001AA4000000000000000000000000000000002A
S31502001AB4000000000000000000000000000000001A
S31502001AC4000000000000000000000000000000000A
S31502001AD400000000000000000000000000000000FA
S31502001AE400000000000000000000000000000000EA
S31502001AF400000000000000000000000000000000DA
S31502001B0400000000000000000000000000000000C9
S31502001B1400000000000000000000000000000000B9
S31502001B2400000000000000000000000000000000A9
S31502001B340000000000000000000000000000000099
S31502001B440000000000000000000000000000000089
S31502001B540000000000000000000000000000000079
S31502001B640000000000000000000000000000000069
S31502001B740000000000000000000000000000000059
S31502001B840000000000000000000000000000000049
S31502001B940000000000000000000000000000000039
S31502001BA40000000000000000000000000000000029
S31502001BB40000000000000000000000000000000019
S31502001BC40000000000000000000000000000000009
S31502001BD400000000000000000000000000000000F9
S31502001BE400000000000000000000000000000000E9
S31502001BF400000000000000000000000000000000D9
S31502001C0400000000000000000000000000000000C8
S31502001C1400000000000000000000000000000000B8
S31502001C2400000000000000000000000000000000A8
S31502001C340000000000000000000000000000000098
S31502001C440000000000000000000000000000000088
S31502001C540000000000000000000000000000000078
S31502001C640000000000000000000000000000000068
S31502001C740000000000000000000000000000000058
S31502001C840000000000000000000000000000000048
S31502001C940000000000000000000000000000000038
S31502001CA40000000000000000000000000000000028
S31502001CB40000000000000000000000000000000018
S31502001CC40000000000000000000000000000000008
S31502001CD400000000000000000000000000000000F8
S31502001CE400000000000000000000000000000000E8
S31502001CF400000000000000000000000000000000D8
S31502001D0400000000000000000000000000000000C7
S31502001D1400000000000000000000000000000000B7
S31502001D2400000000000000000000000000000000A7
S31502001D340000000000000000000000000000000097
S31502001D440000000000000000000000000000000087
S31502001D540000000000000000000000000000000077
S31502001D640000000000000000000000000000000067
S31502001D740000000000000000000000000000000057
S31502001D840000000000000000000000000000000047
S31502001D940000000000000000000000000000000037
S31502001DA40000000000000000000000000000000027
S31502001DB40000000000000000000000000000000017
S31502001DC40000000000000000000000000000000007
S31502001DD400000000000000000000000000000000F7
S31502001DE400000000000000000000000000000000E7
S31502001DF400000000000000000000000000000000D7
S31502001E0400000000000000000000000000000000C6
S31502001E1400000000000000000000000000000000B6
S31502001E2400000000000000000000000000000000A6
S31502001E340000000000000000000000000000000096
S31502001E440000000000000000000000000000000086
S31502001E540000000000000000000000000000000076
S31502001E640000000000000000000000000000000066
S31502001E740000000000000000000000000000000056
S31502001E840000000000000000000000000000000046
S31502001E940000000000000000000000000000000036
S31502001EA40000000000000000000000000000000026
S31502001EB40000000000000000000000000000000016
S31502001EC40000000000000000000000000000000006
S31502001ED400000000000000000000000000000000F6
S31502001EE400000000000000000000000000000000E6
S31502001EF400000000000000000000000000000000D6
S31502001F0400000000000000000000000000000000C5
S31502001F1400000000000000000000000000000000B5
S31502001F2400000000000000000000000000000000A5
S31502001F340000000000000000000000000000000095
S31502001F440000000000000000000000000000000085
S31502001F540000000000000000000000000000000075
S31502001F640000000000000000000000000000000065
S31502001F740000000000000000000000000000000055
S31502001F840000000000000000000000000000000045
S31502001F940000000000000000000000000000000035
S31502001FA40000000000000000000000000000000025
S31502001FB40000000000000000000000000000000015
S31502001FC40000000000000000000000000000000005
S31502001FD400000000000000000000000000000000F5
S31502001FE400000000000000000000000000000000E5
S31502001FF400000000000000000000000000000000D5
S3150200200400000000000000000000000000000000C4
S3150200201400000000000000000000000000000000B4
S3150200202400000000000000000000000000000000A4
S315020020340000000000000000000000000000000094
S315020020440000000000000000000000000000000084
S315020020540000000000000000000000000000000074
S315020020640000000000000000000000000000000064
S315020020740000000000000000000000000000000054
S315020020840000000000000000000000000000000044
S315020020940000000000000000000000000000000034
S315020020A40000000000000000000000000000000024
S315020020B40000000000000000000000000000000014
S315020020C40000000000000000000000000000000004
S315020020D400000000000000000000000000000000F4
S315020020E400000000000000000000000000000000E4
S315020020F400000000000000000000000000000000D4
S3150200210400000000000000000000000000000000C3
S3150200211400000000000000000000000000000000B3
S3150200212400000000000000000000000000000000A3
S315020021340000000000000000000000000000000093
S315020021440000000000000000000000000000000083
S315020021540000000000000000000000000000000073
S315020021640000000000000000000000000000000063
S315020021740000000000000000000000000000000053
S315020021840000000000000000000000000000000043
S315020021940000000000000000000000000000000033
S315020021A40000000000000000000000000000000023
S315020021B40000000000000000000000000000000013
S315020021C40000000000000000000000000000000003
S315020021D400000000000000000000000000000000F3
S315020021E400000000000000000000000000000000E3
S315020021F400000000000000000000000000000000D3
S3150200220400000000000000000000000000000000C2
S3150200221400000000000000000000000000000000B2
S3150200222400000000000000000000000000000000A2
S315020022340000000000000000000000000000000092
S315020022440000000000000000000000000000000082
S315020022540000000000000000000000000000000072
S315020022640000000000000000000000000000000062
S315020022740000000000000000000000000000000052
S315020022840000000000000000000000000000000042
S315020022940000000000000000000000000000000032
S315020022A40000000000000000000000000000000022
S315020022B40000000000000000000000000000000012
S315020022C40000000000000000000000000000000002
S315020022D400000000000000000000000000000000F2
S315020022E400000000000000000000000000000000E2
S315020022F400000000000000000000000000000000D2
S3150200230400000000000000000000000000000000C1
S3150200231400000000000000000000000000000000B1
S3150200232400000000000000000000000000000000A1
S315020023340000000000000000000000000000000091
S315020023440000000000000000000000000000000081
S315020023540000000000000000000000000000000071
S315020023640000000000000000000000000000000061
S315020023740000000000000000000000000000000051
S315020023840000000000000000000000000000000041
S315020023940000000000000000000000000000000031
S315020023A40000000000000000000000000000000021
S315020023B40000000000000000000000000000000011
S315020023C40000000000000000000000000000000001
S315020023D400000000000000000000000000000000F1
S315020023E400000000000000000000000000000000E1
S315020023F400000000000000000000000000000000D1
S3150200240400000000000000000000000000000000C0
S3150200241400000000000000000000000000000000B0
S3150200242400000000000000000000000000000000A0
S315020024340000000000000000000000000000000090
S315020024440000000000000000000000000000000080
S315020024540000000000000000000000000000000070
S315020024640000000000000000000000000000000060
S315020024740000000000000000000000000000000050
S315020024840000000000000000000000000000000040
S315020024940000000000000000000000000000000030
S315020024A40000000000000000000000000000000020
S315020024B40000000000000000000000000000000010
S315020024C40000000000000000000000000000000000
S315020024D400000000000000000000000000000000F0
S315020024E400000000000000000000000000000000E0
S315020024F400000000000000000000000000000000D0
S3150200250400000000000000000000000000000000BF
S3150200251400000000000000000000000000000000AF
S31502002524000000000000000000000000000000009F
S31502002534000000000000000000000000000000008F
S31502002544000000000000000000000000000000007F
S31502002554000000000000000000000000000000006F
S31502002564000000000000000000000000000000005F
S31502002574000000000000000000000000000000004F
S31502002584000000000000000000000000000000003F
S31502002594000000000000000000000000000000002F
S315020025A4000000000000000000000000000000001F
S315020025B4000000000000000000000000000000000F
S315020025C400000000000000000000000000000000FF
S315020025D400000000000000000000000000000000EF
S315020025E400000000000000000000000000000000DF
S315020025F400000000000000000000000000000000CF
S3150200260400000000000000000000000000000000BE
S3150200261400000000000000000000000000000000AE
S31502002624000000000000000000000000000000009E
S31502002634000000000000000000000000000000008E
S31502002644000000000000000000000000000000007E
S31502002654000000000000000000000000000000006E
S31502002664000000000000000000000000000000005E
S31502002674000000000000000000000000000000004E
S31502002684000000000000000000000000000000003E
S31502002694000000000000000000000000000000002E
S315020026A4000000000000000000000000000000001E
S315020026B4000000000000000000000000000000000E
S315020026C400000000000000000000000000000000FE
S315020026D400000000000000000000000000000000EE
S315020026E400000000000000000000000000000000DE
S315020026F400000000000000000000000000000000CE
S3150200270400000000000000000000000000000000BD
S3150200271400000000000000000000000000000000AD
S31502002724000000000000000000000000000000009D
S31502002734000000000000000000000000000000008D
S31502002744000000000000000000000000000000007D
S31502002754000000000000000000000000000000006D
S31502002764000000000000000000000000000000005D
S31502002774000000000000000000000000000000004D
S31502002784000000000000000000000000000000003D
S31502002794000000000000000000000000000000002D
S315020027A4000000000000000000000000000000001D
S315020027B4000000000000000000000000000000000D
S315020027C400000000000000000000000000000000FD
S315020027D400000000000000000000000000000000ED
S315020027E400000000000000000000000000000000DD
S315020027F400000000000000000000000000000000CD
S3150200280400000000000000000000000000000000BC
S3150200281400000000000000000000000000000000AC
S31502002824000000000000000000000000000000009C
S31502002834000000000000000000000000000000008C
S31502002844000000000000000000000000000000007C
S31502002854000000000000000000000000000000006C
S31502002864000000000000000000000000000000005C
S31502002874000000000000000000000000000000004C
S31502002884000000000000000000000000000000003C
S31502002894000000000000000000000000000000002C
S315020028A4000000000000000000000000000000001C
S315020028B4000000000000000000000000000000000C
S315020028C400000000000000000000000000000000FC
S315020028D400000000000000000000000000000000EC
S315020028E400000000000000000000000000000000DC
S315020028F400000000000000000000000000000000CC
S3150200290400000000000000000000000000000000BB
S3150200291400000000000000000000000000000000AB
S31502002924000000000000000000000000000000009B
S31502002934000000000000000000000000000000008B
S31502002944000000000000000000000000000000007B
S31502002954000000000000000000000000000000006B
S31502002964000000000000000000000000000000005B
S31502002974000000000000000000000000000000004B
S31502002984000000000000000000000000000000003B
S31502002994000000000000000000000000000000002B
S315020029A4000000000000000000000000000000001B
S315020029B4000000000000000000000000000000000B
S315020029C400000000000000000000000000000000FB
S315020029D400000000000000000000000000000000EB
S315020029E400000000000000000000000000000000DB
S315020029F400000000000000000000000000000000CB
S31502002A0400000000000000000000000000000000BA
S31502002A1400000000000000000000000000000000AA
S31502002A24000000000000000000000000000000009A
S31502002A34000000000000000000000000000000008A
S31502002A44000000000000000000000000000000007A
S31502002A54000000000000000000000000000000006A
S31502002A64000000000000000000000000000000005A
S31502002A74000000000000000000000000000000004A
S31502002A84000000000000000000000000000000003A
S31502002A94000000000000000000000000000000002A
S31502002AA4000000000000000000000000000000001A
S31502002AB4000000000000000000000000000000000A
S31502002AC400000000000000000000000000000000FA
S31502002AD400000000000000000000000000000000EA
S31502002AE400000000000000000000000000000000DA
S31502002AF400000000000000000000000000000000CA
S31502002B0400000000000000000000000000000000B9
S31502002B1400000000000000000000000000000000A9
S31502002B240000000000000000000000000000000099
S31502002B340000000000000000000000000000000089
S31502002B440000000000000000000000000000000079
S31502002B540000000000000000000000000000000069
S31502002B640000000000000000000000000000000059
S31502002B740000000000000000000000000000000049
S31502002B840000000000000000000000000000000039
S31502002B940000000000000000000000000000000029
S31502002BA40000000000000000000000000000000019
S31502002BB40000000000000000000000000000000009
S31502002BC400000000000000000000000000000000F9
S31502002BD400000000000000000000000000000000E9
S31502002BE400000000000000000000000000000000D9
S31502002BF400000000000000000000000000000000C9
S31502002C0400000000000000000000000000000000B8
S31502002C1400000000000000000000000000000000A8
S31502002C240000000000000000000000000000000098
S31502002C340000000000000000000000000000000088
S31502002C440000000000000000000000000000000078
S31502002C540000000000000000000000000000000068
S31502002C640000000000000000000000000000000058
S31502002C740000000000000000000000000000000048
S31502002C840000000000000000000000000000000038
S31502002C940000000000000000000000000000000028
S31502002CA40000000000000000000000000000000018
S31502002CB40000000000000000000000000000000008
S31502002CC400000000000000000000000000000000F8
S31502002CD400000000000000000000000000000000E8
S31502002CE400000000000000000000000000000000D8
S31502002CF400000000000000000000000000000000C8
S31502002D0400000000000000000000000000000000B7
S31502002D1400000000000000000000000000000000A7
S31502002D240000000000000000000000000000000097
S31502002D340000000000000000000000000000000087
S31502002D440000000000000000000000000000000077
S31502002D540000000000000000000000000000000067
S31502002D640000000000000000000000000000000057
S31502002D740000000000000000000000000000000047
S31502002D840000000000000000000000000000000037
S31502002D940000000000000000000000000000000027
S31502002DA40000000000000000000000000000000017
S31502002DB40000000000000000000000000000000007
S31502002DC400000000000000000000000000000000F7
S31502002DD400000000000000000000000000000000E7
S31502002DE400000000000000000000000000000000D7
S31502002DF400000000000000000000000000000000C7
S31502002E0400000000000000000000000000000000B6
S31502002E1400000000000000000000000000000000A6
S31502002E240000000000000000000000000000000096
S31502002E340000000000000000000000000000000086
S31502002E440000000000000000000000000000000076
S31502002E540000000000000000000000000000000066
S31502002E640000000000000000000000000000000056
S31502002E740000000000000000000000000000000046
S31502002E840000000000000000000000000000000036
S31502002E940000000000000000000000000000000026
S31502002EA40000000000000000000000000000000016
S31502002EB40000000000000000000000000000000006
S31502002EC400000000000000000000000000000000F6
S31502002ED400000000000000000000000000000000E6
S31502002EE400000000000000000000000000000000D6
S31502002EF400000000000000000000000000000000C6
S31502002F0400000000000000000000000000000000B5
S31502002F1400000000000000000000000000000000A5
S31502002F240000000000000000000000000000000095
S31502002F340000000000000000000000000000000085
S31502002F440000000000000000000000000000000075
S31502002F540000000000000000000000000000000065
S31502002F640000000000000000000000000000000055
S31502002F740000000000000000000000000000000045
S31502002F840000000000000000000000000000000035
S31502002F940000000000000000000000000000000025
S31502002FA40000000000000000000000000000000015
S31502002FB40000000000000000000000000000000005
S31502002FC400000000000000000000000000000000F5
S31502002FD400000000000000000000000000000000E5
S31502002FE400000000000000000000000000000000D5
S31502002FF400000000000000000000000000000000C5
S3150200300400000000000000000000000000000000B4
S3150200301400000000000000000000000000000000A4
S315020030240000000000000000000000000000000094
S315020030340000000000000000000000000000000084
S315020030440000000000000000000000000000000074
S315020030540000000000000000000000000000000064
S315020030640000000000000000000000000000000054
S315020030740000000000000000000000000000000044
S315020030840000000000000000000000000000000034
S315020030940000000000000000000000000000000024
S315020030A40000000000000000000000000000000014
S315020030B40000000000000000000000000000000004
S315020030C400000000000000000000000000000000F4
S315020030D400000000000000000000000000000000E4
S315020030E400000000000000000000000000000000D4
S315020030F400000000000000000000000000000000C4
S3150200310400000000000000000000000000000000B3
S3150200311400000000000000000000000000000000A3
S315020031240000000000000000000000000000000093
S315020031340000000000000000000000000000000083
S315020031440000000000000000000000000000000073
S315020031540000000000000000000000000000000063
S315020031640000000000000000000000000000000053
S315020031740000000000000000000000000000000043
S315020031840000000000000000000000000000000033
S315020031940000000000000000000000000000000023
S315020031A40000000000000000000000000000000013
S315020031B40000000000000000000000000000000003
S315020031C400000000000000000000000000000000F3
S315020031D400000000000000000000000000000000E3
S315020031E400000000000000000000000000000000D3
S315020031F400000000000000000000000000000000C3
S3150200320400000000000000000000000000000000B2
S3150200321400000000000000000000000000000000A2
S315020032240000000000000000000000000000000092
S315020032340000000000000000000000000000000082
S315020032440000000000000000000000000000000072
S315020032540000000000000000000000000000000062
S315020032640000000000000000000000000000000052
S315020032740000000000000000000000000000000042
S315020032840000000000000000000000000000000032
S315020032940000000000000000000000000000000022
S315020032A40000000000000000000000000000000012
S315020032B40000000000000000000000000000000002
S315020032C400000000000000000000000000000000F2
S315020032D400000000000000000000000000000000E2
S315020032E400000000000000000000000000000000D2
S315020032F400000000000000000000000000000000C2
S3150200330400000000000000000000000000000000B1
S3150200331400000000000000000000000000000000A1
S315020033240000000000000000000000000000000091
S315020033340000000000000000000000000000000081
S315020033440000000000000000000000000000000071
S315020033540000000000000000000000000000000061
S315020033640000000000000000000000000000000051
S315020033740000000000000000000000000000000041
S315020033840000000000000000000000000000000031
S315020033940000000000000000000000000000000021
S315020033A40000000000000000000000000000000011
S315020033B40000000000000000000000000000000001
S315020033C400000000000000000000000000000000F1
S315020033D400000000000000000000000000000000E1
S315020033E400000000000000000000000000000000D1
S315020033F400000000000000000000000000000000C1
S3150200340400000000000000000000000000000000B0
S3150200341400000000000000000000000000000000A0
S315020034240000000000000000000000000000000090
S315020034340000000000000000000000000000000080
S315020034440000000000000000000000000000000070
S315020034540000000000000000000000000000000060
S315020034640000000000000000000000000000000050
S315020034740000000000000000000000000000000040
S315020034840000000000000000000000000000000030
S315020034940000000000000000000000000000000020
S315020034A40000000000000000000000000000000010
S315020034B40000000000000000000000000000000000
S315020034C400000000000000000000000000000000F0
S315020034D400000000000000000000000000000000E0
S315020034E400000000000000000000000000000000D0
S315020034F400000000000000000000000000000000C0
S3150200350400000000000000000000000000000000AF
S31502003514000000000000000000000000000000009F
S31502003524000000000000000000000000000000008F
S31502003534000000000000000000000000000000007F
S31502003544000000000000000000000000000000006F
S31502003554000000000000000000000000000000005F
S31502003564000000000000000000000000000000004F
S31502003574000000000000000000000000000000003F
S31502003584000000000000000000000000000000002F
S31502003594000000000000000000000000000000001F
S315020035A4000000000000000000000000000000000F
S315020035B400000000000000000000000000000000FF
S315020035C400000000000000000000000000000000EF
S315020035D400000000000000000000000000000000DF
S315020035E400000000000000000000000000000000CF
S315020035F400000000000000000000000000000000BF
S3150200360400000000000000000000000000000000AE
S31502003614000000000000000000000000000000009E
S31502003624000000000000000000000000000000008E
S31502003634000000000000000000000000000000007E
S31502003644000000000000000000000000000000006E
S31502003654000000000000000000000000000000005E
S31502003664000000000000000000000000000000004E
S31502003674000000000000000000000000000000003E
S31502003684000000000000000000000000000000002E
S31502003694000000000000000000000000000000001E
S315020036A4000000000000000000000000000000000E
S315020036B400000000000000000000000000000000FE
S315020036C400000000000000000000000000000000EE
S315020036D400000000000000000000000000000000DE
S315020036E400000000000000000000000000000000CE
S315020036F400000000000000000000000000000000BE
S3150200370400000000000000000000000000000000AD
S31502003714000000000000000000000000000000009D
S31502003724000000000000000000000000000000008D
S31502003734000000000000000000000000000000007D
S31502003744000000000000000000000000000000006D
S31502003754000000000000000000000000000000005D
S31502003764000000000000000000000000000000004D
S31502003774000000000000000000000000000000003D
S31502003784000000000000000000000000000000002D
S31502003794000000000000000000000000000000001D
S315020037A4000000000000000000000000000000000D
S315020037B400000000000000000000000000000000FD
S315020037C400000000000000000000000000000000ED
S315020037D400000000000000000000000000000000DD
S315020037E400000000000000000000000000000000CD
S315020037F400000000000000000000000000000000BD
S3150200380400000000000000000000000000000000AC
S31502003814000000000000000000000000000000009C
S31502003824000000000000000000000000000000008C
S31502003834000000000000000000000000000000007C
S31502003844000000000000000000000000000000006C
S31502003854000000000000000000000000000000005C
S31502003864000000000000000000000000000000004C
S31502003874000000000000000000000000000000003C
S31502003884000000000000000000000000000000002C
S31502003894000000000000000000000000000000001C
S315020038A4000000000000000000000000000000000C
S315020038B400000000000000000000000000000000FC
S315020038C400000000000000000000000000000000EC
S315020038D400000000000000000000000000000000DC
S315020038E400000000000000000000000000000000CC
S315020038F400000000000000000000000000000000BC
S3150200390400000000000000000000000000000000AB
S31502003914000000000000000000000000000000009B
S31502003924000000000000000000000000000000008B
S31502003934000000000000000000000000000000007B
S31502003944000000000000000000000000000000006B
S31502003954000000000000000000000000000000005B
S31502003964000000000000000000000000000000004B
S31502003974000000000000000000000000000000003B
S31502003984000000000000000000000000000000002B
S31502003994000000000000000000000000000000001B
S315020039A4000000000000000000000000000000000B
S315020039B400000000000000000000000000000000FB
S315020039C400000000000000000000000000000000EB
S315020039D400000000000000000000000000000000DB
S315020039E400000000000000000000000000000000CB
S315020039F400000000000000000000000000000000BB
S31502003A0400000000000000000000000000000000AA
S31502003A14000000000000000000000000000000009A
S31502003A24000000000000000000000000000000008A
S31502003A34000000000000000000000000000000007A
S31502003A44000000000000000000000000000000006A
S31502003A54000000000000000000000000000000005A
S31502003A64000000000000000000000000000000004A
S31502003A74000000000000000000000000000000003A
S31502003A84000000000000000000000000000000002A
S31502003A94000000000000000000000000000000001A
S31502003AA4000000000000000000000000000000000A
S31502003AB400000000000000000000000000000000FA
S31502003AC400000000000000000000000000000000EA
S31502003AD400000000000000000000000000000000DA
S31502003AE400000000000000000000000000000000CA
S31502003AF400000000000000000000000000000000BA
S31502003B0400000000000000000000000000000000A9
S31502003B140000000000000000000000000000000099
S31502003B240000000000000000000000000000000089
S31502003B340000000000000000000000000000000079
S31502003B440000000000000000000000000000000069
S31502003B540000000000000000000000000000000059
S31502003B640000000000000000000000000000000049
S31502003B740000000000000000000000000000000039
S31502003B840000000000000000000000000000000029
S31502003B940000000000000000000000000000000019
S31502003BA40000000000000000000000000000000009
S31502003BB400000000000000000000000000000000F9
S31502003BC400000000000000000000000000000000E9
S31502003BD400000000000000000000000000000000D9
S31502003BE400000000000000000000000000000000C9
S31502003BF400000000000000000000000000000000B9
S31502003C0400000000000000000000000000000000A8
S31502003C140000000000000000000000000000000098
S31502003C240000000000000000000000000000000088
S31502003C340000000000000000000000000000000078
S31502003C440000000000000000000000000000000068
S31502003C540000000000000000000000000000000058
S31502003C640000000000000000000000000000000048
S31502003C740000000000000000000000000000000038
S31502003C840000000000000000000000000000000028
S31502003C940000000000000000000000000000000018
S31502003CA40000000000000000000000000000000008
S31502003CB400000000000000000000000000000000F8
S31502003CC400000000000000000000000000000000E8
S31502003CD400000000000000000000000000000000D8
S31502003CE400000000000000000000000000000000C8
S31502003CF400000000000000000000000000000000B8
S31502003D0400000000000000000000000000000000A7
S31502003D140000000000000000000000000000000097
S31502003D240000000000000000000000000000000087
S31502003D340000000000000000000000000000000077
S31502003D440000000000000000000000000000000067
S31502003D540000000000000000000000000000000057
S31502003D640000000000000000000000000000000047
S31502003D740000000000000000000000000000000037
S31502003D840000000000000000000000000000000027
S31502003D940000000000000000000000000000000017
S31502003DA40000000000000000000000000000000007
S31502003DB400000000000000000000000000000000F7
S31502003DC400000000000000000000000000000000E7
S31502003DD400000000000000000000000000000000D7
S31502003DE400000000000000000000000000000000C7
S31502003DF400000000000000000000000000000000B7
S31502003E0400000000000000000000000000000000A6
S31502003E140000000000000000000000000000000096
S31502003E240000000000000000000000000000000086
S31502003E340000000000000000000000000000000076
S31502003E440000000000000000000000000000000066
S31502003E540000000000000000000000000000000056
S31502003E640000000000000000000000000000000046
S31502003E740000000000000000000000000000000036
S31502003E840000000000000000000000000000000026
S31502003E940000000000000000000000000000000016
S31502003EA40000000000000000000000000000000006
S31502003EB400000000000000000000000000000000F6
S31502003EC400000000000000000000000000000000E6
S31502003ED400000000000000000000000000000000D6
S31502003EE400000000000000000000000000000000C6
S31502003EF400000000000000000000000000000000B6
S31502003F0400000000000000000000000000000000A5
S31502003F140000000000000000000000000000000095
S31502003F240000000000000000000000000000000085
S31502003F340000000000000000000000000000000075
S31502003F440000000000000000000000000000000065
S31502003F540000000000000000000000000000000055
S31502003F640000000000000000000000000000000045
S31502003F740000000000000000000000000000000035
S31502003F840000000000000000000000000000000025
S31502003F940000000000000000000000000000000015
S31502003FA40000000000000000000000000000000005
S31502003FB400000000000000000000000000000000F5
S31502003FC400000000000000000000000000000000E5
S31502003FD400000000000000000000000000000000D5
S31502003FE400000000000000000000000000000000C5
S31502003FF400000000000000000000000000000000B5
S3150200400400000000000000000000000000000000A4
S315020040140000000000000000000000000000000094
S315020040240000000000000000000000000000000084
S315020040340000000000000000000000000000000074
S315020040440000000000000000000000000000000064
S315020040540000000000000000000000000000000054
S315020040640000000000000000000000000000000044
S315020040740000000000000000000000000000000034
S315020040840000000000000000000000000000000024
S315020040940000000000000000000000000000000014
S315020040A40000000000000000000000000000000004
S315020040B400000000000000000000000000000000F4
S315020040C400000000000000000000000000000000E4
S315020040D400000000000000000000000000000000D4
S315020040E400000000000000000000000000000000C4
S315020040F400000000000000000000000000000000B4
S3150200410400000000000000000000000000000000A3
S315020041140000000000000000000000000000000093
S315020041240000000000000000000000000000000083
S315020041340000000000000000000000000000000073
S315020041440000000000000000000000000000000063
S315020041540000000000000000000000000000000053
S315020041640000000000000000000000000000000043
S315020041740000000000000000000000000000000033
S315020041840000000000000000000000000000000023
S315020041940000000000000000000000000000000013
S315020041A40000000000000000000000000000000003
S315020041B400000000000000000000000000000000F3
S315020041C400000000000000000000000000000000E3
S315020041D400000000000000000000000000000000D3
S315020041E400000000000000000000000000000000C3
S315020041F400000000000000000000000000000000B3
S3150200420400000000000000000000000000000000A2
S315020042140000000000000000000000000000000092
S315020042240000000000000000000000000000000082
S315020042340000000000000000000000000000000072
S315020042440000000000000000000000000000000062
S315020042540000000000000000000000000000000052
S315020042640000000000000000000000000000000042
S315020042740000000000000000000000000000000032
S315020042840000000000000000000000000000000022
S315020042940000000000000000000000000000000012
S315020042A40000000000000000000000000000000002
S315020042B400000000000000000000000000000000F2
S315020042C400000000000000000000000000000000E2
S315020042D400000000000000000000000000000000D2
S315020042E400000000000000000000000000000000C2
S315020042F400000000000000000000000000000000B2
S3150200430400000000000000000000000000000000A1
S315020043140000000000000000000000000000000091
S315020043240000000000000000000000000000000081
S315020043340000000000000000000000000000000071
S315020043440000000000000000000000000000000061
S315020043540000000000000000000000000000000051
S315020043640000000000000000000000000000000041
S315020043740000000000000000000000000000000031
S315020043840000000000000000000000000000000021
S315020043940000000000000000000000000000000011
S315020043A40000000000000000000000000000000001
S315020043B400000000000000000000000000000000F1
S315020043C400000000000000000000000000000000E1
S315020043D400000000000000000000000000000000D1
S315020043E400000000000000000000000000000000C1
S315020043F400000000000000000000000000000000B1
S3150200440400000000000000000000000000000000A0
S315020044140000000000000000000000000000000090
S315020044240000000000000000000000000000000080
S315020044340000000000000000000000000000000070
S315020044440000000000000000000000000000000060
S315020044540000000000000000000000000000000050
S315020044640000000000000000000000000000000040
S315020044740000000000000000000000000000000030
S315020044840000000000000000000000000000000020
S315020044940000000000000000000000000000000010
S315020044A40000000000000000000000000000000000
S315020044B400000000000000000000000000000000F0
S315020044C400000000000000000000000000000000E0
S315020044D400000000000000000000000000000000D0
S315020044E400000000000000000000000000000000C0
S315020044F400000000000000000000000000000000B0
S31502004504000000000000000000000000000000009F
S31502004514000000000000000000000000000000008F
S31502004524000000000000000000000000000000007F
S31502004534000000000000000000000000000000006F
S31502004544000000000000000000000000000000005F
S31502004554000000000000000000000000000000004F
S31502004564000000000000000000000000000000003F
S31502004574000000000000000000000000000000002F
S31502004584000000000000000000000000000000001F
S31502004594000000000000000000000000000000000F
S315020045A400000000000000000000000000000000FF
S315020045B400000000000000000000000000000000EF
S315020045C400000000000000000000000000000000DF
S315020045D400000000000000000000000000000000CF
S315020045E400000000000000000000000000000000BF
S315020045F400000000000000000000000000000000AF
S31502004604000000000000000000000000000000009E
S31502004614000000000000000000000000000000008E
S31502004624000000000000000000000000000000007E
S31502004634000000000000000000000000000000006E
S31502004644000000000000000000000000000000005E
S31502004654000000000000000000000000000000004E
S31502004664000000000000000000000000000000003E
S31502004674000000000000000000000000000000002E
S31502004684000000000000000000000000000000001E
S31502004694000000000000000000000000000000000E
S315020046A400000000000000000000000000000000FE
S315020046B400000000000000000000000000000000EE
S315020046C400000000000000000000000000000000DE
S315020046D400000000000000000000000000000000CE
S315020046E400000000000000000000000000000000BE
S315020046F400000000000000000000000000000000AE
S31502004704000000000000000000000000000000009D
S31502004714000000000000000000000000000000008D
S31502004724000000000000000000000000000000007D
S31502004734000000000000000000000000000000006D
S31502004744000000000000000000000000000000005D
S31502004754000000000000000000000000000000004D
S31502004764000000000000000000000000000000003D
S31502004774000000000000000000000000000000002D
S31502004784000000000000000000000000000000001D
S31502004794000000000000000000000000000000000D
S315020047A400000000000000000000000000000000FD
S315020047B400000000000000000000000000000000ED
S315020047C400000000000000000000000000000000DD
S315020047D400000000000000000000000000000000CD
S315020047E400000000000000000000000000000000BD
S315020047F400000000000000000000000000000000AD
S31502004804000000000000000000000000000000009C
S31502004814000000000000000000000000000000008C
S31502004824000000000000000000000000000000007C
S31502004834000000000000000000000000000000006C
S31502004844000000000000000000000000000000005C
S31502004854000000000000000000000000000000004C
S31502004864000000000000000000000000000000003C
S31502004874000000000000000000000000000000002C
S31502004884000000000000000000000000000000001C
S31502004894000000000000000000000000000000000C
S315020048A400000000000000000000000000000000FC
S315020048B400000000000000000000000000000000EC
S315020048C400000000000000000000000000000000DC
S315020048D400000000000000000000000000000000CC
S315020048E400000000000000000000000000000000BC
S315020048F400000000000000000000000000000000AC
S31502004904000000000000000000000000000000009B
S31502004914000000000000000000000000000000008B
S31502004924000000000000000000000000000000007B
S31502004934000000000000000000000000000000006B
S31502004944000000000000000000000000000000005B
S31502004954000000000000000000000000000000004B
S31502004964000000000000000000000000000000003B
S31502004974000000000000000000000000000000002B
S31502004984000000000000000000000000000000001B
S31502004994000000000000000000000000000000000B
S315020049A400000000000000000000000000000000FB
S315020049B400000000000000000000000000000000EB
S315020049C400000000000000000000000000000000DB
S315020049D400000000000000000000000000000000CB
S315020049E400000000000000000000000000000000BB
S315020049F400000000000000000000000000000000AB
S31502004A04000000000000000000000000000000009A
S31502004A14000000000000000000000000000000008A
S31502004A24000000000000000000000000000000007A
S31502004A34000000000000000000000000000000006A
S31502004A44000000000000000000000000000000005A
S31502004A54000000000000000000000000000000004A
S31502004A64000000000000000000000000000000003A
S31502004A74000000000000000000000000000000002A
S31502004A84000000000000000000000000000000001A
S31502004A94000000000000000000000000000000000A
S31502004AA400000000000000000000000000000000FA
S31502004AB400000000000000000000000000000000EA
S31502004AC400000000000000000000000000000000DA
S31502004AD400000000000000000000000000000000CA
S31502004AE400000000000000000000000000000000BA
S31502004AF400000000000000000000000000000000AA
S31502004B040000000000000000000000000000000099
S31502004B140000000000000000000000000000000089
S31502004B240000000000000000000000000000000079
S31502004B340000000000000000000000000000000069
S31502004B440000000000000000000000000000000059
S31502004B540000000000000000000000000000000049
S31502004B640000000000000000000000000000000039
S31502004B740000000000000000000000000000000029
S31502004B840000000000000000000000000000000019
S31502004B940000000000000000000000000000000009
S31502004BA400000000000000000000000000000000F9
S31502004BB400000000000000000000000000000000E9
S31502004BC400000000000000000000000000000000D9
S31502004BD400000000000000000000000000000000C9
S31502004BE400000000000000000000000000000000B9
S31502004BF400000000000000000000000000000000A9
S31502004C040000000000000000000000000000000098
S31502004C140000000000000000000000000000000088
S31502004C240000000000000000000000000000000078
S31502004C340000000000000000000000000000000068
S31502004C440000000000000000000000000000000058
S31502004C540000000000000000000000000000000048
S31502004C640000000000000000000000000000000038
S31502004C740000000000000000000000000000000028
S31502004C840000000000000000000000000000000018
S31502004C940000000000000000000000000000000008
S31502004CA400000000000000000000000000000000F8
S31502004CB400000000000000000000000000000000E8
S31502004CC400000000000000000000000000000000D8
S31502004CD400000000000000000000000000000000C8
S31502004CE400000000000000000000000000000000B8
S31502004CF400000000000000000000000000000000A8
S31502004D040000000000000000000000000000000097
S31502004D140000000000000000000000000000000087
S31502004D240000000000000000000000000000000077
S31502004D340000000000000000000000000000000067
S31502004D440000000000000000000000000000000057
S31502004D540000000000000000000000000000000047
S31502004D640000000000000000000000000000000037
S31502004D740000000000000000000000000000000027
S31502004D840000000000000000000000000000000017
S31502004D940000000000000000000000000000000007
S31502004DA400000000000000000000000000000000F7
S31502004DB400000000000000000000000000000000E7
S31502004DC400000000000000000000000000000000D7
S31502004DD400000000000000000000000000000000C7
S31502004DE400000000000000000000000000000000B7
S31502004DF400000000000000000000000000000000A7
S31502004E040000000000000000000000000000000096
S31502004E140000000000000000000000000000000086
S31502004E240000000000000000000000000000000076
S31502004E340000000000000000000000000000000066
S31502004E440000000000000000000000000000000056
S31502004E540000000000000000000000000000000046
S31502004E640000000000000000000000000000000036
S31502004E740000000000000000000000000000000026
S31502004E840000000000000000000000000000000016
S31502004E940000000000000000000000000000000006
S31502004EA400000000000000000000000000000000F6
S31502004EB400000000000000000000000000000000E6
S31502004EC400000000000000000000000000000000D6
S31502004ED400000000000000000000000000000000C6
S31502004EE400000000000000000000000000000000B6
S31502004EF400000000000000000000000000000000A6
S31502004F040000000000000000000000000000000095
S31502004F140000000000000000000000000000000085
S31502004F240000000000000000000000000000000075
S31502004F340000000000000000000000000000000065
S31502004F440000000000000000000000000000000055
S31502004F540000000000000000000000000000000045
S31502004F640000000000000000000000000000000035
S31502004F740000000000000000000000000000000025
S31502004F840000000000000000000000000000000015
S31502004F940000000000000000000000000000000005
S31502004FA400000000000000000000000000000000F5
S31502004FB400000000000000000000000000000000E5
S31502004FC400000000000000000000000000000000D5
S31502004FD400000000000000000000000000000000C5
S31502004FE400000000000000000000000000000000B5
S31502004FF400000000000000000000000000000000A5
S315020050040000000000000000000000000000000094
S315020050140000000000000000000000000000000084
S315020050240000000000000000000000000000000074
S315020050340000000000000000000000000000000064
S315020050440000000000000000000000000000000054
S315020050540000000000000000000000000000000044
S315020050640000000000000000000000000000000034
S315020050740000000000000000000000000000000024
S315020050840000000000000000000000000000000014
S315020050940000000000000000000000000000000004
S315020050A400000000000000000000000000000000F4
S315020050B400000000000000000000000000000000E4
S315020050C400000000000000000000000000000000D4
S315020050D400000000000000000000000000000000C4
S315020050E400000000000000000000000000000000B4
S315020050F400000000000000000000000000000000A4
S315020051040000000000000000000000000000000093
S315020051140000000000000000000000000000000083
S315020051240000000000000000000000000000000073
S315020051340000000000000000000000000000000063
S315020051440000000000000000000000000000000053
S315020051540000000000000000000000000000000043
S315020051640000000000000000000000000000000033
S315020051740000000000000000000000000000000023
S315020051840000000000000000000000000000000013
S315020051940000000000000000000000000000000003
S315020051A400000000000000000000000000000000F3
S315020051B400000000000000000000000000000000E3
S315020051C400000000000000000000000000000000D3
S315020051D400000000000000000000000000000000C3
S315020051E400000000000000000000000000000000B3
S315020051F400000000000000000000000000000000A3
S315020052040000000000000000000000000000000092
S315020052140000000000000000000000000000000082
S315020052240000000000000000000000000000000072
S315020052340000000000000000000000000000000062
S315020052440000000000000000000000000000000052
S315020052540000000000000000000000000000000042
S315020052640000000000000000000000000000000032
S315020052740000000000000000000000000000000022
S315020052840000000000000000000000000000000012
S315020052940000000000000000000000000000000002
S315020052A400000000000000000000000000000000F2
S315020052B400000000000000000000000000000000E2
S315020052C400000000000000000000000000000000D2
S315020052D400000000000000000000000000000000C2
S315020052E400000000000000000000000000000000B2
S315020052F400000000000000000000000000000000A2
S315020053040000000000000000000000000000000091
S315020053140000000000000000000000000000000081
S315020053240000000000000000000000000000000071
S315020053340000000000000000000000000000000061
S315020053440000000000000000000000000000000051
S315020053540000000000000000000000000000000041
S315020053640000000000000000000000000000000031
S315020053740000000000000000000000000000000021
S315020053840000000000000000000000000000000011
S315020053940000000000000000000000000000000001
S315020053A400000000000000000000000000000000F1
S315020053B400000000000000000000000000000000E1
S315020053C400000000000000000000000000000000D1
S315020053D400000000000000000000000000000000C1
S315020053E400000000000000000000000000000000B1
S315020053F400000000000000000000000000000000A1
S315020054040000000000000000000000000000000090
S315020054140000000000000000000000000000000080
S315020054240000000000000000000000000000000070
S315020054340000000000000000000000000000000060
S315020054440000000000000000000000000000000050
S315020054540000000000000000000000000000000040
S315020054640000000000000000000000000000000030
S315020054740000000000000000000000000000000020
S315020054840000000000000000000000000000000010
S315020054940000000000000000000000000000000000
S315020054A400000000000000000000000000000000F0
S315020054B400000000000000000000000000000000E0
S315020054C400000000000000000000000000000000D0
S315020054D400000000000000000000000000000000C0
S315020054E400000000000000000000000000000000B0
S315020054F400000000000000000000000000000000A0
S31502005504000000000000000000000000000000008F
S31502005514000000000000000000000000000000007F
S31502005524000000000000000000000000000000006F
S31502005534000000000000000000000000000000005F
S31502005544000000000000000000000000000000004F
S31502005554000000000000000000000000000000003F
S31502005564000000000000000000000000000000002F
S31502005574000000000000000000000000000000001F
S31502005584000000000000000000000000000000000F
S3150200559400000000000000000000000000000000FF
S315020055A400000000000000000000000000000000EF
S315020055B400000000000000000000000000000000DF
S315020055C400000000000000000000000000000000CF
S315020055D400000000000000000000000000000000BF
S315020055E400000000000000000000000000000000AF
S315020055F4000000000000000000000000000000009F
S31502005604000000000000000000000000000000008E
S31502005614000000000000000000000000000000007E
S31502005624000000000000000000000000000000006E
S31502005634000000000000000000000000000000005E
S31502005644000000000000000000000000000000004E
S31502005654000000000000000000000000000000003E
S31502005664000000000000000000000000000000002E
S31502005674000000000000000000000000000000001E
S31502005684000000000000000000000000000000000E
S3150200569400000000000000000000000000000000FE
S315020056A400000000000000000000000000000000EE
S315020056B400000000000000000000000000000000DE
S315020056C400000000000000000000000000000000CE
S315020056D400000000000000000000000000000000BE
S315020056E400000000000000000000000000000000AE
S315020056F4000000000000000000000000000000009E
S31502005704000000000000000000000000000000008D
S31502005714000000000000000000000000000000007D
S31502005724000000000000000000000000000000006D
S31502005734000000000000000000000000000000005D
S31502005744000000000000000000000000000000004D
S31502005754000000000000000000000000000000003D
S31502005764000000000000000000000000000000002D
S31502005774000000000000000000000000000000001D
S31502005784000000000000000000000000000000000D
S3150200579400000000000000000000000000000000FD
S315020057A400000000000000000000000000000000ED
S315020057B400000000000000000000000000000000DD
S315020057C400000000000000000000000000000000CD
S315020057D400000000000000000000000000000000BD
S315020057E400000000000000000000000000000000AD
S315020057F4000000000000000000000000000000009D
S31502005804000000000000000000000000000000008C
S31502005814000000000000000000000000000000007C
S31502005824000000000000000000000000000000006C
S31502005834000000000000000000000000000000005C
S31502005844000000000000000000000000000000004C
S31502005854000000000000000000000000000000003C
S31502005864000000000000000000000000000000002C
S31502005874000000000000000000000000000000001C
S31502005884000000000000000000000000000000000C
S3150200589400000000000000000000000000000000FC
S315020058A400000000000000000000000000000000EC
S315020058B400000000000000000000000000000000DC
S315020058C400000000000000000000000000000000CC
S315020058D400000000000000000000000000000000BC
S315020058E400000000000000000000000000000000AC
S315020058F4000000000000000000000000000000009C
S31502005904000000000000000000000000000000008B
S31502005914000000000000000000000000000000007B
S31502005924000000000000000000000000000000006B
S31502005934000000000000000000000000000000005B
S31502005944000000000000000000000000000000004B
S31502005954000000000000000000000000000000003B
S31502005964000000000000000000000000000000002B
S31502005974000000000000000000000000000000001B
S31502005984000000000000000000000000000000000B
S3150200599400000000000000000000000000000000FB
S315020059A400000000000000000000000000000000EB
S315020059B400000000000000000000000000000000DB
S315020059C400000000000000000000000000000000CB
S315020059D400000000000000000000000000000000BB
S315020059E400000000000000000000000000000000AB
S315020059F4000000000000000000000000000000009B
S31502005A04000000000000000000000000000000008A
S31502005A14000000000000000000000000000000007A
S31502005A24000000000000000000000000000000006A
S31502005A34000000000000000000000000000000005A
S31502005A44000000000000000000000000000000004A
S31502005A54000000000000000000000000000000003A
S31502005A64000000000000000000000000000000002A
S31502005A74000000000000000000000000000000001A
S31502005A84000000000000000000000000000000000A
S31502005A9400000000000000000000000000000000FA
S31502005AA400000000000000000000000000000000EA
S31502005AB400000000000000000000000000000000DA
S31502005AC400000000000000000000000000000000CA
S31502005AD400000000000000000000000000000000BA
S31502005AE400000000000000000000000000000000AA
S31502005AF4000000000000000000000000000000009A
S31502005B040000000000000000000000000000000089
S31502005B140000000000000000000000000000000079
S31502005B240000000000000000000000000000000069
S31502005B340000000000000000000000000000000059
S31502005B440000000000000000000000000000000049
S31502005B540000000000000000000000000000000039
S31502005B640000000000000000000000000000000029
S31502005B740000000000000000000000000000000019
S31502005B840000000000000000000000000000000009
S31502005B9400000000000000000000000000000000F9
S31502005BA400000000000000000000000000000000E9
S31502005BB400000000000000000000000000000000D9
S31502005BC400000000000000000000000000000000C9
S31502005BD400000000000000000000000000000000B9
S31502005BE400000000000000000000000000000000A9
S31502005BF40000000000000000000000000000000099
S31502005C040000000000000000000000000000000088
S31502005C140000000000000000000000000000000078
S31502005C240000000000000000000000000000000068
S31502005C340000000000000000000000000000000058
S31502005C440000000000000000000000000000000048
S31502005C540000000000000000000000000000000038
S31502005C640000000000000000000000000000000028
S31502005C740000000000000000000000000000000018
S31502005C840000000000000000000000000000000008
S31502005C9400000000000000000000000000000000F8
S31502005CA400000000000000000000000000000000E8
S31502005CB400000000000000000000000000000000D8
S31502005CC400000000000000000000000000000000C8
S31502005CD400000000000000000000000000000000B8
S31502005CE400000000000000000000000000000000A8
S31502005CF40000000000000000000000000000000098
S31502005D040000000000000000000000000000000087
S31502005D140000000000000000000000000000000077
S31502005D240000000000000000000000000000000067
S31502005D340000000000000000000000000000000057
S31502005D440000000000000000000000000000000047
S31502005D540000000000000000000000000000000037
S31502005D640000000000000000000000000000000027
S31502005D740000000000000000000000000000000017
S31502005D840000000000000000000000000000000007
S31502005D9400000000000000000000000000000000F7
S31502005DA400000000000000000000000000000000E7
S31502005DB400000000000000000000000000000000D7
S31502005DC400000000000000000000000000000000C7
S31502005DD400000000000000000000000000000000B7
S31502005DE400000000000000000000000000000000A7
S31502005DF40000000000000000000000000000000097
S31502005E040000000000000000000000000000000086
S31502005E140000000000000000000000000000000076
S31502005E240000000000000000000000000000000066
S31502005E340000000000000000000000000000000056
S31502005E440000000000000000000000000000000046
S31502005E540000000000000000000000000000000036
S31502005E640000000000000000000000000000000026
S31502005E740000000000000000000000000000000016
S31502005E840000000000000000000000000000000006
S31502005E9400000000000000000000000000000000F6
S31502005EA400000000000000000000000000000000E6
S31502005EB400000000000000000000000000000000D6
S31502005EC400000000000000000000000000000000C6
S31502005ED400000000000000000000000000000000B6
S31502005EE400000000000000000000000000000000A6
S31502005EF40000000000000000000000000000000096
S31502005F040000000000000000000000000000000085
S31502005F140000000000000000000000000000000075
S31502005F240000000000000000000000000000000065
S31502005F340000000000000000000000000000000055
S31502005F440000000000000000000000000000000045
S31502005F540000000000000000000000000000000035
S31502005F640000000000000000000000000000000025
S31502005F740000000000000000000000000000000015
S31502005F840000000000000000000000000000000005
S31502005F9400000000000000000000000000000000F5
S31502005FA400000000000000000000000000000000E5
S31502005FB400000000000000000000000000000000D5
S31502005FC400000000000000000000000000000000C5
S31502005FD400000000000000000000000000000000B5
S31502005FE400000000000000000000000000000000A5
S31502005FF40000000000000000000000000000000095
S315020060040000000000000000000000000000000084
S315020060140000000000000000000000000000000074
S315020060240000000000000000000000000000000064
S315020060340000000000000000000000000000000054
S315020060440000000000000000000000000000000044
S315020060540000000000000000000000000000000034
S315020060640000000000000000000000000000000024
S315020060740000000000000000000000000000000014
S315020060840000000000000000000000000000000004
S3150200609400000000000000000000000000000000F4
S315020060A400000000000000000000000000000000E4
S315020060B400000000000000000000000000000000D4
S315020060C400000000000000000000000000000000C4
S315020060D400000000000000000000000000000000B4
S315020060E400000000000000000000000000000000A4
S315020060F40000000000000000000000000000000094
S315020061040000000000000000000000000000000083
S315020061140000000000000000000000000000000073
S315020061240000000000000000000000000000000063
S315020061340000000000000000000000000000000053
S315020061440000000000000000000000000000000043
S315020061540000000000000000000000000000000033
S315020061640000000000000000000000000000000023
S315020061740000000000000000000000000000000013
S315020061840000000000000000000000000000000003
S3150200619400000000000000000000000000000000F3
S315020061A400000000000000000000000000000000E3
S315020061B400000000000000000000000000000000D3
S315020061C400000000000000000000000000000000C3
S315020061D400000000000000000000000000000000B3
S315020061E400000000000000000000000000000000A3
S315020061F40000000000000000000000000000000093
S315020062040000000000000000000000000000000082
S315020062140000000000000000000000000000000072
S315020062240000000000000000000000000000000062
S315020062340000000000000000000000000000000052
S315020062440000000000000000000000000000000042
S315020062540000000000000000000000000000000032
S315020062640000000000000000000000000000000022
S315020062740000000000000000000000000000000012
S315020062840000000000000000000000000000000002
S3150200629400000000000000000000000000000000F2
S315020062A400000000000000000000000000000000E2
S315020062B400000000000000000000000000000000D2
S315020062C400000000000000000000000000000000C2
S315020062D400000000000000000000000000000000B2
S315020062E400000000000000000000000000000000A2
S315020062F40000000000000000000000000000000092
S315020063040000000000000000000000000000000081
S315020063140000000000000000000000000000000071
S315020063240000000000000000000000000000000061
S315020063340000000000000000000000000000000051
S315020063440000000000000000000000000000000041
S315020063540000000000000000000000000000000031
S315020063640000000000000000000000000000000021
S315020063740000000000000000000000000000000011
S315020063840000000000000000000000000000000001
S3150200639400000000000000000000000000000000F1
S315020063A400000000000000000000000000000000E1
S315020063B400000000000000000000000000000000D1
S315020063C400000000000000000000000000000000C1
S315020063D400000000000000000000000000000000B1
S315020063E400000000000000000000000000000000A1
S315020063F40000000000000000000000000000000091
S315020064040000000000000000000000000000000080
S315020064140000000000000000000000000000000070
S315020064240000000000000000000000000000000060
S315020064340000000000000000000000000000000050
S315020064440000000000000000000000000000000040
S315020064540000000000000000000000000000000030
S315020064640000000000000000000000000000000020
S315020064740000000000000000000000000000000010
S315020064840000000000000000000000000000000000
S3150200649400000000000000000000000000000000F0
S315020064A400000000000000000000000000000000E0
S315020064B400000000000000000000000000000000D0
S315020064C400000000000000000000000000000000C0
S315020064D400000000000000000000000000000000B0
S315020064E400000000000000000000000000000000A0
S315020064F40000000000000000000000000000000090
S31502006504000000000000000000000000000000007F
S31502006514000000000000000000000000000000006F
S31502006524000000000000000000000000000000005F
S31502006534000000000000000000000000000000004F
S31502006544000000000000000000000000000000003F
S31502006554000000000000000000000000000000002F
S31502006564000000000000000000000000000000001F
S31502006574000000000000000000000000000000000F
S3150200658400000000000000000000000000000000FF
S3150200659400000000000000000000000000000000EF
S315020065A400000000000000000000000000000000DF
S315020065B400000000000000000000000000000000CF
S315020065C400000000000000000000000000000000BF
S315020065D400000000000000000000000000000000AF
S315020065E4000000000000000000000000000000009F
S315020065F4000000000000000000000000000000008F
S31502006604000000000000000000000000000000007E
S31502006614000000000000000000000000000000006E
S31502006624000000000000000000000000000000005E
S31502006634000000000000000000000000000000004E
S31502006644000000000000000000000000000000003E
S31502006654000000000000000000000000000000002E
S31502006664000000000000000000000000000000001E
S31502006674000000000000000000000000000000000E
S3150200668400000000000000000000000000000000FE
S3150200669400000000000000000000000000000000EE
S315020066A400000000000000000000000000000000DE
S315020066B400000000000000000000000000000000CE
S315020066C400000000000000000000000000000000BE
S315020066D400000000000000000000000000000000AE
S315020066E4000000000000000000000000000000009E
S315020066F4000000000000000000000000000000008E
S31502006704000000000000000000000000000000007D
S31502006714000000000000000000000000000000006D
S31502006724000000000000000000000000000000005D
S31502006734000000000000000000000000000000004D
S31502006744000000000000000000000000000000003D
S31502006754000000000000000000000000000000002D
S31502006764000000000000000000000000000000001D
S31502006774000000000000000000000000000000000D
S3150200678400000000000000000000000000000000FD
S3150200679400000000000000000000000000000000ED
S315020067A400000000000000000000000000000000DD
S315020067B400000000000000000000000000000000CD
S315020067C400000000000000000000000000000000BD
S315020067D400000000000000000000000000000000AD
S315020067E4000000000000000000000000000000009D
S315020067F4000000000000000000000000000000008D
S31502006804000000000000000000000000000000007C
S31502006814000000000000000000000000000000006C
S31502006824000000000000000000000000000000005C
S31502006834000000000000000000000000000000004C
S31502006844000000000000000000000000000000003C
S31502006854000000000000000000000000000000002C
S31502006864000000000000000000000000000000001C
S31502006874000000000000000000000000000000000C
S3150200688400000000000000000000000000000000FC
S3150200689400000000000000000000000000000000EC
S315020068A400000000000000000000000000000000DC
S315020068B400000000000000000000000000000000CC
S315020068C400000000000000000000000000000000BC
S315020068D400000000000000000000000000000000AC
S315020068E4000000000000000000000000000000009C
S315020068F4000000000000000000000000000000008C
S31502006904000000000000000000000000000000007B
S31502006914000000000000000000000000000000006B
S31502006924000000000000000000000000000000005B
S31502006934000000000000000000000000000000004B
S31502006944000000000000000000000000000000003B
S31502006954000000000000000000000000000000002B
S31502006964000000000000000000000000000000001B
S31502006974000000000000000000000000000000000B
S3150200698400000000000000000000000000000000FB
S3150200699400000000000000000000000000000000EB
S315020069A400000000000000000000000000000000DB
S315020069B400000000000000000000000000000000CB
S315020069C400000000000000000000000000000000BB
S315020069D400000000000000000000000000000000AB
S315020069E4000000000000000000000000000000009B
S315020069F4000000000000000000000000000000008B
S31502006A04000000000000000000000000000000007A
S31502006A14000000000000000000000000000000006A
S31502006A24000000000000000000000000000000005A
S31502006A34000000000000000000000000000000004A
S31502006A44000000000000000000000000000000003A
S31502006A54000000000000000000000000000000002A
S31502006A64000000000000000000000000000000001A
S31502006A74000000000000000000000000000000000A
S31502006A8400000000000000000000000000000000FA
S31502006A9400000000000000000000000000000000EA
S31502006AA400000000000000000000000000000000DA
S31502006AB400000000000000000000000000000000CA
S31502006AC400000000000000000000000000000000BA
S31502006AD400000000000000000000000000000000AA
S31502006AE4000000000000000000000000000000009A
S31502006AF4000000000000000000000000000000008A
S31502006B040000000000000000000000000000000079
S31502006B140000000000000000000000000000000069
S31502006B240000000000000000000000000000000059
S31502006B340000000000000000000000000000000049
S31502006B440000000000000000000000000000000039
S31502006B540000000000000000000000000000000029
S31502006B640000000000000000000000000000000019
S31502006B740000000000000000000000000000000009
S31502006B8400000000000000000000000000000000F9
S31502006B9400000000000000000000000000000000E9
S31502006BA400000000000000000000000000000000D9
S31502006BB400000000000000000000000000000000C9
S31502006BC400000000000000000000000000000000B9
S31502006BD400000000000000000000000000000000A9
S31502006BE40000000000000000000000000000000099
S31502006BF40000000000000000000000000000000089
S31502006C040000000000000000000000000000000078
S31502006C140000000000000000000000000000000068
S31502006C240000000000000000000000000000000058
S31502006C340000000000000000000000000000000048
S31502006C440000000000000000000000000000000038
S31502006C540000000000000000000000000000000028
S31502006C640000000000000000000000000000000018
S31502006C740000000000000000000000000000000008
S31502006C8400000000000000000000000000000000F8
S31502006C9400000000000000000000000000000000E8
S31502006CA400000000000000000000000000000000D8
S31502006CB400000000000000000000000000000000C8
S31502006CC400000000000000000000000000000000B8
S31502006CD400000000000000000000000000000000A8
S31502006CE40000000000000000000000000000000098
S31502006CF40000000000000000000000000000000088
S31502006D040000000000000000000000000000000077
S31502006D140000000000000000000000000000000067
S31502006D240000000000000000000000000000000057
S31502006D340000000000000000000000000000000047
S31502006D440000000000000000000000000000000037
S31502006D540000000000000000000000000000000027
S31502006D640000000000000000000000000000000017
S31502006D740000000000000000000000000000000007
S31502006D8400000000000000000000000000000000F7
S31502006D9400000000000000000000000000000000E7
S31502006DA400000000000000000000000000000000D7
S31502006DB400000000000000000000000000000000C7
S31502006DC400000000000000000000000000000000B7
S31502006DD400000000000000000000000000000000A7
S31502006DE40000000000000000000000000000000097
S31502006DF40000000000000000000000000000000087
S31502006E040000000000000000000000000000000076
S31502006E140000000000000000000000000000000066
S31502006E240000000000000000000000000000000056
S31502006E340000000000000000000000000000000046
S31502006E440000000000000000000000000000000036
S31502006E540000000000000000000000000000000026
S31502006E640000000000000000000000000000000016
S31502006E740000000000000000000000000000000006
S31502006E8400000000000000000000000000000000F6
S31502006E9400000000000000000000000000000000E6
S31502006EA400000000000000000000000000000000D6
S31502006EB400000000000000000000000000000000C6
S31502006EC400000000000000000000000000000000B6
S31502006ED400000000000000000000000000000000A6
S31502006EE40000000000000000000000000000000096
S31502006EF40000000000000000000000000000000086
S31502006F040000000000000000000000000000000075
S31502006F140000000000000000000000000000000065
S31502006F240000000000000000000000000000000055
S31502006F340000000000000000000000000000000045
S31502006F440000000000000000000000000000000035
S31502006F540000000000000000000000000000000025
S31502006F640000000000000000000000000000000015
S31502006F740000000000000000000000000000000005
S31502006F8400000000000000000000000000000000F5
S31502006F9400000000000000000000000000000000E5
S31502006FA400000000000000000000000000000000D5
S31502006FB400000000000000000000000000000000C5
S31502006FC400000000000000000000000000000000B5
S31502006FD400000000000000000000000000000000A5
S31502006FE40000000000000000000000000000000095
S31502006FF40000000000000000000000000000000085
S315020070040000000000000000000000000000000074
S315020070140000000000000000000000000000000064
S315020070240000000000000000000000000000000054
S315020070340000000000000000000000000000000044
S315020070440000000000000000000000000000000034
S315020070540000000000000000000000000000000024
S315020070640000000000000000000000000000000014
S315020070740000000000000000000000000000000004
S3150200708400000000000000000000000000000000F4
S3150200709400000000000000000000000000000000E4
S315020070A400000000000000000000000000000000D4
S315020070B400000000000000000000000000000000C4
S315020070C400000000000000000000000000000000B4
S315020070D400000000000000000000000000000000A4
S315020070E40000000000000000000000000000000094
S315020070F40000000000000000000000000000000084
S315020071040000000000000000000000000000000073
S315020071140000000000000000000000000000000063
S315020071240000000000000000000000000000000053
S315020071340000000000000000000000000000000043
S315020071440000000000000000000000000000000033
S315020071540000000000000000000000000000000023
S315020071640000000000000000000000000000000013
S315020071740000000000000000000000000000000003
S3150200718400000000000000000000000000000000F3
S3150200719400000000000000000000000000000000E3
S315020071A400000000000000000000000000000000D3
S315020071B400000000000000000000000000000000C3
S315020071C400000000000000000000000000000000B3
S315020071D400000000000000000000000000000000A3
S315020071E40000000000000000000000000000000093
S315020071F40000000000000000000000000000000083
S315020072040000000000000000000000000000000072
S315020072140000000000000000000000000000000062
S315020072240000000000000000000000000000000052
S315020072340000000000000000000000000000000042
S315020072440000000000000000000000000000000032
S315020072540000000000000000000000000000000022
S315020072640000000000000000000000000000000012
S315020072740000000000000000000000000000000002
S3150200728400000000000000000000000000000000F2
S3150200729400000000000000000000000000000000E2
S315020072A400000000000000000000000000000000D2
S315020072B400000000000000000000000000000000C2
S315020072C400000000000000000000000000000000B2
S315020072D400000000000000000000000000000000A2
S315020072E40000000000000000000000000000000092
S315020072F40000000000000000000000000000000082
S315020073040000000000000000000000000000000071
S315020073140000000000000000000000000000000061
S315020073240000000000000000000000000000000051
S315020073340000000000000000000000000000000041
S315020073440000000000000000000000000000000031
S315020073540000000000000000000000000000000021
S315020073640000000000000000000000000000000011
S315020073740000000000000000000000000000000001
S3150200738400000000000000000000000000000000F1
S3150200739400000000000000000000000000000000E1
S315020073A400000000000000000000000000000000D1
S315020073B400000000000000000000000000000000C1
S315020073C400000000000000000000000000000000B1
S315020073D400000000000000000000000000000000A1
S315020073E40000000000000000000000000000000091
S315020073F40000000000000000000000000000000081
S315020074040000000000000000000000000000000070
S315020074140000000000000000000000000000000060
S315020074240000000000000000000000000000000050
S315020074340000000000000000000000000000000040
S315020074440000000000000000000000000000000030
S315020074540000000000000000000000000000000020
S315020074640000000000000000000000000000000010
S315020074740000000000000000000000000000000000
S3150200748400000000000000000000000000000000F0
S3150200749400000000000000000000000000000000E0
S315020074A400000000000000000000000000000000D0
S315020074B400000000000000000000000000000000C0
S315020074C400000000000000000000000000000000B0
S315020074D400000000000000000000000000000000A0
S315020074E40000000000000000000000000000000090
S315020074F40000000000000000000000000000000080
S31502007504000000000000000000000000000000006F
S31502007514000000000000000000000000000000005F
S31502007524000000000000000000000000000000004F
S31502007534000000000000000000000000000000003F
S31502007544000000000000000000000000000000002F
S31502007554000000000000000000000000000000001F
S31502007564000000000000000000000000000000000F
S3150200757400000000000000000000000000000000FF
S3150200758400000000000000000000000000000000EF
S3150200759400000000000000000000000000000000DF
S315020075A400000000000000000000000000000000CF
S315020075B400000000000000000000000000000000BF
S315020075C400000000000000000000000000000000AF
S315020075D4000000000000000000000000000000009F
S315020075E4000000000000000000000000000000008F
S315020075F4000000000000000000000000000000007F
S31502007604000000000000000000000000000000006E
S31502007614000000000000000000000000000000005E
S31502007624000000000000000000000000000000004E
S31502007634000000000000000000000000000000003E
S31502007644000000000000000000000000000000002E
S31502007654000000000000000000000000000000001E
S31502007664000000000000000000000000000000000E
S3150200767400000000000000000000000000000000FE
S3150200768400000000000000000000000000000000EE
S3150200769400000000000000000000000000000000DE
S315020076A400000000000000000000000000000000CE
S315020076B400000000000000000000000000000000BE
S315020076C400000000000000000000000000000000AE
S315020076D4000000000000000000000000000000009E
S315020076E4000000000000000000000000000000008E
S315020076F4000000000000000000000000000000007E
S31502007704000000000000000000000000000000006D
S31502007714000000000000000000000000000000005D
S31502007724000000000000000000000000000000004D
S31502007734000000000000000000000000000000003D
S31502007744000000000000000000000000000000002D
S31502007754000000000000000000000000000000001D
S31502007764000000000000000000000000000000000D
S3150200777400000000000000000000000000000000FD
S3150200778400000000000000000000000000000000ED
S3150200779400000000000000000000000000000000DD
S315020077A400000000000000000000000000000000CD
S315020077B400000000000000000000000000000000BD
S315020077C400000000000000000000000000000000AD
S315020077D4000000000000000000000000000000009D
S315020077E4000000000000000000000000000000008D
S315020077F4000000000000000000000000000000007D
S31502007804000000000000000000000000000000006C
S31502007814000000000000000000000000000000005C
S31502007824000000000000000000000000000000004C
S31502007834000000000000000000000000000000003C
S31502007844000000000000000000000000000000002C
S31502007854000000000000000000000000000000001C
S31502007864000000000000000000000000000000000C
S3150200787400000000000000000000000000000000FC
S3150200788400000000000000000000000000000000EC
S3150200789400000000000000000000000000000000DC
S315020078A400000000000000000000000000000000CC
S315020078B400000000000000000000000000000000BC
S315020078C400000000000000000000000000000000AC
S315020078D4000000000000000000000000000000009C
S315020078E4000000000000000000000000000000008C
S315020078F4000000000000000000000000000000007C
S31502007904000000000000000000000000000000006B
S31502007914000000000000000000000000000000005B
S31502007924000000000000000000000000000000004B
S31502007934000000000000000000000000000000003B
S31502007944000000000000000000000000000000002B
S31502007954000000000000000000000000000000001B
S31502007964000000000000000000000000000000000B
S3150200797400000000000000000000000000000000FB
S3150200798400000000000000000000000000000000EB
S3150200799400000000000000000000000000000000DB
S315020079A400000000000000000000000000000000CB
S315020079B400000000000000000000000000000000BB
S315020079C400000000000000000000000000000000AB
S315020079D4000000000000000000000000000000009B
S315020079E4000000000000000000000000000000008B
S315020079F4000000000000000000000000000000007B
S31502007A04000000000000000000000000000000006A
S31502007A14000000000000000000000000000000005A
S31502007A24000000000000000000000000000000004A
S31502007A34000000000000000000000000000000003A
S31502007A44000000000000000000000000000000002A
S31502007A54000000000000000000000000000000001A
S31502007A64000000000000000000000000000000000A
S31502007A7400000000000000000000000000000000FA
S31502007A8400000000000000000000000000000000EA
S31502007A9400000000000000000000000000000000DA
S31502007AA400000000000000000000000000000000CA
S31502007AB400000000000000000000000000000000BA
S31502007AC400000000000000000000000000000000AA
S31502007AD4000000000000000000000000000000009A
S31502007AE4000000000000000000000000000000008A
S31502007AF4000000000000000000000000000000007A
S31502007B040000000000000000000000000000000069
S31502007B140000000000000000000000000000000059
S31502007B240000000000000000000000000000000049
S31502007B340000000000000000000000000000000039
S31502007B440000000000000000000000000000000029
S31502007B540000000000000000000000000000000019
S31502007B640000000000000000000000000000000009
S31502007B7400000000000000000000000000000000F9
S31502007B8400000000000000000000000000000000E9
S31502007B9400000000000000000000000000000000D9
S31502007BA400000000000000000000000000000000C9
S31502007BB400000000000000000000000000000000B9
S31502007BC400000000000000000000000000000000A9
S31502007BD40000000000000000000000000000000099
S31502007BE40000000000000000000000000000000089
S31502007BF40000000000000000000000000000000079
S31502007C040000000000000000000000000000000068
S31502007C140000000000000000000000000000000058
S31502007C240000000000000000000000000000000048
S31502007C340000000000000000000000000000000038
S31502007C440000000000000000000000000000000028
S31502007C540000000000000000000000000000000018
S31502007C640000000000000000000000000000000008
S31502007C7400000000000000000000000000000000F8
S31502007C8400000000000000000000000000000000E8
S31502007C9400000000000000000000000000000000D8
S31502007CA400000000000000000000000000000000C8
S31502007CB400000000000000000000000000000000B8
S31502007CC400000000000000000000000000000000A8
S31502007CD40000000000000000000000000000000098
S31502007CE40000000000000000000000000000000088
S31502007CF40000000000000000000000000000000078
S31502007D040000000000000000000000000000000067
S31502007D140000000000000000000000000000000057
S31502007D240000000000000000000000000000000047
S31502007D340000000000000000000000000000000037
S31502007D440000000000000000000000000000000027
S31502007D540000000000000000000000000000000017
S31502007D640000000000000000000000000000000007
S31502007D7400000000000000000000000000000000F7
S31502007D8400000000000000000000000000000000E7
S31502007D9400000000000000000000000000000000D7
S31502007DA400000000000000000000000000000000C7
S31502007DB400000000000000000000000000000000B7
S31502007DC400000000000000000000000000000000A7
S31502007DD40000000000000000000000000000000097
S31502007DE40000000000000000000000000000000087
S31502007DF40000000000000000000000000000000077
S31502007E040000000000000000000000000000000066
S31502007E140000000000000000000000000000000056
S31502007E240000000000000000000000000000000046
S31502007E340000000000000000000000000000000036
S31502007E440000000000000000000000000000000026
S31502007E540000000000000000000000000000000016
S31502007E640000000000000000000000000000000006
S31502007E7400000000000000000000000000000000F6
S31502007E8400000000000000000000000000000000E6
S31502007E9400000000000000000000000000000000D6
S31502007EA400000000000000000000000000000000C6
S31502007EB400000000000000000000000000000000B6
S31502007EC400000000000000000000000000000000A6
S31502007ED40000000000000000000000000000000096
S31502007EE40000000000000000000000000000000086
S31502007EF40000000000000000000000000000000076
S31502007F040000000000000000000000000000000065
S31502007F140000000000000000000000000000000055
S31502007F240000000000000000000000000000000045
S31502007F340000000000000000000000000000000035
S31502007F440000000000000000000000000000000025
S31502007F540000000000000000000000000000000015
S31502007F640000000000000000000000000000000005
S31502007F7400000000000000000000000000000000F5
S31502007F8400000000000000000000000000000000E5
S31502007F9400000000000000000000000000000000D5
S31502007FA400000000000000000000000000000000C5
S31502007FB400000000000000000000000000000000B5
S31502007FC400000000000000000000000000000000A5
S31502007FD40000000000000000000000000000000095
S31502007FE40000000000000000000000000000000085
S31502007FF40000000000000000000000000000000075
S315020080040000000000000000000000000000000064
S315020080140000000000000000000000000000000054
S315020080240000000000000000000000000000000044
S315020080340000000000000000000000000000000034
S315020080440000000000000000000000000000000024
S315020080540000000000000000000000000000000014
S315020080640000000000000000000000000000000004
S3150200807400000000000000000000000000000000F4
S3150200808400000000000000000000000000000000E4
S3150200809400000000000000000000000000000000D4
S315020080A400000000000000000000000000000000C4
S315020080B400000000000000000000000000000000B4
S315020080C400000000000000000000000000000000A4
S315020080D40000000000000000000000000000000094
S315020080E40000000000000000000000000000000084
S315020080F40000000000000000000000000000000074
S315020081040000000000000000000000000000000063
S315020081140000000000000000000000000000000053
S315020081240000000000000000000000000000000043
S315020081340000000000000000000000000000000033
S315020081440000000000000000000000000000000023
S315020081540000000000000000000000000000000013
S315020081640000000000000000000000000000000003
S3150200817400000000000000000000000000000000F3
S3150200818400000000000000000000000000000000E3
S3150200819400000000000000000000000000000000D3
S315020081A400000000000000000000000000000000C3
S315020081B400000000000000000000000000000000B3
S315020081C400000000000000000000000000000000A3
S315020081D40000000000000000000000000000000093
S315020081E40000000000000000000000000000000083
S315020081F40000000000000000000000000000000073
S315020082040000000000000000000000000000000062
S315020082140000000000000000000000000000000052
S315020082240000000000000000000000000000000042
S315020082340000000000000000000000000000000032
S315020082440000000000000000000000000000000022
S315020082540000000000000000000000000000000012
S315020082640000000000000000000000000000000002
S3150200827400000000000000000000000000000000F2
S3150200828400000000000000000000000000000000E2
S3150200829400000000000000000000000000000000D2
S315020082A400000000000000000000000000000000C2
S315020082B400000000000000000000000000000000B2
S315020082C400000000000000000000000000000000A2
S315020082D40000000000000000000000000000000092
S315020082E40000000000000000000000000000000082
S315020082F40000000000000000000000000000000072
S315020083040000000000000000000000000000000061
S315020083140000000000000000000000000000000051
S315020083240000000000000000000000000000000041
S315020083340000000000000000000000000000000031
S315020083440000000000000000000000000000000021
S315020083540000000000000000000000000000000011
S315020083640000000000000000000000000000000001
S3150200837400000000000000000000000000000000F1
S3150200838400000000000000000000000000000000E1
S3150200839400000000000000000000000000000000D1
S315020083A400000000000000000000000000000000C1
S315020083B400000000000000000000000000000000B1
S315020083C400000000000000000000000000000000A1
S315020083D40000000000000000000000000000000091
S315020083E40000000000000000000000000000000081
S315020083F40000000000000000000000000000000071
S315020084040000000000000000000000000000000060
S315020084140000000000000000000000000000000050
S315020084240000000000000000000000000000000040
S315020084340000000000000000000000000000000030
S315020084440000000000000000000000000000000020
S315020084540000000000000000000000000000000010
S315020084640000000000000000000000000000000000
S3150200847400000000000000000000000000000000F0
S3150200848400000000000000000000000000000000E0
S3150200849400000000000000000000000000000000D0
S315020084A400000000000000000000000000000000C0
S315020084B400000000000000000000000000000000B0
S315020084C400000000000000000000000000000000A0
S315020084D40000000000000000000000000000000090
S315020084E40000000000000000000000000000000080
S315020084F40000000000000000000000000000000070
S31502008504000000000000000000000000000000005F
S31502008514000000000000000000000000000000004F
S31502008524000000000000000000000000000000003F
S31502008534000000000000000000000000000000002F
S31502008544000000000000000000000000000000001F
S31502008554000000000000000000000000000000000F
S3150200856400000000000000000000000000000000FF
S3150200857400000000000000000000000000000000EF
S3150200858400000000000000000000000000000000DF
S3150200859400000000000000000000000000000000CF
S315020085A400000000000000000000000000000000BF
S315020085B400000000000000000000000000000000AF
S315020085C4000000000000000000000000000000009F
S315020085D4000000000000000000000000000000008F
S315020085E4000000000000000000000000000000007F
S315020085F4000000000000000000000000000000006F
S31502008604000000000000000000000000000000005E
S31502008614000000000000000000000000000000004E
S31502008624000000000000000000000000000000003E
S31502008634000000000000000000000000000000002E
S31502008644000000000000000000000000000000001E
S31502008654000000000000000000000000000000000E
S3150200866400000000000000000000000000000000FE
S3150200867400000000000000000000000000000000EE
S3150200868400000000000000000000000000000000DE
S3150200869400000000000000000000000000000000CE
S315020086A400000000000000000000000000000000BE
S315020086B400000000000000000000000000000000AE
S315020086C4000000000000000000000000000000009E
S315020086D4000000000000000000000000000000008E
S315020086E4000000000000000000000000000000007E
S315020086F4000000000000000000000000000000006E
S31502008704000000000000000000000000000000005D
S31502008714000000000000000000000000000000004D
S31502008724000000000000000000000000000000003D
S31502008734000000000000000000000000000000002D
S31502008744000000000000000000000000000000001D
S31502008754000000000000000000000000000000000D
S3150200876400000000000000000000000000000000FD
S3150200877400000000000000000000000000000000ED
S3150200878400000000000000000000000000000000DD
S3150200879400000000000000000000000000000000CD
S315020087A400000000000000000000000000000000BD
S315020087B400000000000000000000000000000000AD
S315020087C4000000000000000000000000000000009D
S315020087D4000000000000000000000000000000008D
S315020087E4000000000000000000000000000000007D
S315020087F4000000000000000000000000000000006D
S31502008804000000000000000000000000000000005C
S31502008814000000000000000000000000000000004C
S31502008824000000000000000000000000000000003C
S31502008834000000000000000000000000000000002C
S31502008844000000000000000000000000000000001C
S31502008854000000000000000000000000000000000C
S3150200886400000000000000000000000000000000FC
S3150200887400000000000000000000000000000000EC
S3150200888400000000000000000000000000000000DC
S3150200889400000000000000000000000000000000CC
S315020088A400000000000000000000000000000000BC
S315020088B400000000000000000000000000000000AC
S315020088C4000000000000000000000000000000009C
S315020088D4000000000000000000000000000000008C
S315020088E4000000000000000000000000000000007C
S315020088F4000000000000000000000000000000006C
S31502008904000000000000000000000000000000005B
S31502008914000000000000000000000000000000004B
S31502008924000000000000000000000000000000003B
S31502008934000000000000000000000000000000002B
S31502008944000000000000000000000000000000001B
S31502008954000000000000000000000000000000000B
S3150200896400000000000000000000000000000000FB
S3150200897400000000000000000000000000000000EB
S3150200898400000000000000000000000000000000DB
S3150200899400000000000000000000000000000000CB
S315020089A400000000000000000000000000000000BB
S315020089B400000000000000000000000000000000AB
S315020089C4000000000000000000000000000000009B
S315020089D4000000000000000000000000000000008B
S315020089E4000000000000000000000000000000007B
S315020089F4000000000000000000000000000000006B
S31502008A04000000000000000000000000000000005A
S31502008A14000000000000000000000000000000004A
S31502008A24000000000000000000000000000000003A
S31502008A34000000000000000000000000000000002A
S31502008A44000000000000000000000000000000001A
S31502008A54000000000000000000000000000000000A
S31502008A6400000000000000000000000000000000FA
S31502008A7400000000000000000000000000000000EA
S31502008A8400000000000000000000000000000000DA
S31502008A9400000000000000000000000000000000CA
S31502008AA400000000000000000000000000000000BA
S31502008AB400000000000000000000000000000000AA
S31502008AC4000000000000000000000000000000009A
S31502008AD4000000000000000000000000000000008A
S31502008AE4000000000000000000000000000000007A
S31502008AF4000000000000000000000000000000006A
S31502008B040000000000000000000000000000000059
S31502008B140000000000000000000000000000000049
S31502008B240000000000000000000000000000000039
S31502008B340000000000000000000000000000000029
S31502008B440000000000000000000000000000000019
S31502008B540000000000000000000000000000000009
S31502008B6400000000000000000000000000000000F9
S31502008B7400000000000000000000000000000000E9
S31502008B8400000000000000000000000000000000D9
S31502008B9400000000000000000000000000000000C9
S31502008BA400000000000000000000000000000000B9
S31502008BB400000000000000000000000000000000A9
S31502008BC40000000000000000000000000000000099
S31502008BD40000000000000000000000000000000089
S31502008BE40000000000000000000000000000000079
S31502008BF40000000000000000000000000000000069
S31502008C040000000000000000000000000000000058
S31502008C140000000000000000000000000000000048
S31502008C240000000000000000000000000000000038
S31502008C340000000000000000000000000000000028
S31502008C440000000000000000000000000000000018
S31502008C540000000000000000000000000000000008
S31502008C6400000000000000000000000000000000F8
S31502008C7400000000000000000000000000000000E8
S31502008C8400000000000000000000000000000000D8
S31502008C9400000000000000000000000000000000C8
S31502008CA400000000000000000000000000000000B8
S31502008CB400000000000000000000000000000000A8
S31502008CC40000000000000000000000000000000098
S31502008CD40000000000000000000000000000000088
S31502008CE40000000000000000000000000000000078
S31502008CF40000000000000000000000000000000068
S31502008D040000000000000000000000000000000057
S31502008D140000000000000000000000000000000047
S31502008D240000000000000000000000000000000037
S31502008D340000000000000000000000000000000027
S31502008D440000000000000000000000000000000017
S31502008D540000000000000000000000000000000007
S31502008D6400000000000000000000000000000000F7
S31502008D7400000000000000000000000000000000E7
S31502008D8400000000000000000000000000000000D7
S31502008D9400000000000000000000000000000000C7
S31502008DA400000000000000000000000000000000B7
S31502008DB400000000000000000000000000000000A7
S31502008DC40000000000000000000000000000000097
S31502008DD40000000000000000000000000000000087
S31502008DE40000000000000000000000000000000077
S31502008DF40000000000000000000000000000000067
S31502008E040000000000000000000000000000000056
S31502008E140000000000000000000000000000000046
S31502008E240000000000000000000000000000000036
S31502008E340000000000000000000000000000000026
S31502008E440000000000000000000000000000000016
S31502008E540000000000000000000000000000000006
S31502008E6400000000000000000000000000000000F6
S31502008E7400000000000000000000000000000000E6
S31502008E8400000000000000000000000000000000D6
S31502008E9400000000000000000000000000000000C6
S31502008EA400000000000000000000000000000000B6
S31502008EB400000000000000000000000000000000A6
S31502008EC40000000000000000000000000000000096
S31502008ED40000000000000000000000000000000086
S31502008EE40000000000000000000000000000000076
S31502008EF40000000000000000000000000000000066
S31502008F040000000000000000000000000000000055
S31502008F140000000000000000000000000000000045
S31502008F240000000000000000000000000000000035
S31502008F340000000000000000000000000000000025
S31502008F440000000000000000000000000000000015
S31502008F540000000000000000000000000000000005
S31502008F6400000000000000000000000000000000F5
S31502008F7400000000000000000000000000000000E5
S31502008F8400000000000000000000000000000000D5
S31502008F9400000000000000000000000000000000C5
S31502008FA400000000000000000000000000000000B5
S31502008FB400000000000000000000000000000000A5
S31502008FC40000000000000000000000000000000095
S31502008FD40000000000000000000000000000000085
S31502008FE40000000000000000000000000000000075
S31502008FF40000000000000000000000000000000065
S315020090040000000000000000000000000000000054
S315020090140000000000000000000000000000000044
S315020090240000000000000000000000000000000034
S315020090340000000000000000000000000000000024
S315020090440000000000000000000000000000000014
S315020090540000000000000000000000000000000004
S3150200906400000000000000000000000000000000F4
S3150200907400000000000000000000000000000000E4
S3150200908400000000000000000000000000000000D4
S3150200909400000000000000000000000000000000C4
S315020090A400000000000000000000000000000000B4
S315020090B400000000000000000000000000000000A4
S315020090C40000000000000000000000000000000094
S315020090D40000000000000000000000000000000084
S315020090E40000000000000000000000000000000074
S315020090F40000000000000000000000000000000064
S315020091040000000000000000000000000000000053
S315020091140000000000000000000000000000000043
S315020091240000000000000000000000000000000033
S315020091340000000000000000000000000000000023
S315020091440000000000000000000000000000000013
S315020091540000000000000000000000000000000003
S3150200916400000000000000000000000000000000F3
S3150200917400000000000000000000000000000000E3
S3150200918400000000000000000000000000000000D3
S3150200919400000000000000000000000000000000C3
S315020091A400000000000000000000000000000000B3
S315020091B400000000000000000000000000000000A3
S315020091C40000000000000000000000000000000093
S315020091D40000000000000000000000000000000083
S315020091E40000000000000000000000000000000073
S315020091F40000000000000000000000000000000063
S315020092040000000000000000000000000000000052
S315020092140000000000000000000000000000000042
S315020092240000000000000000000000000000000032
S315020092340000000000000000000000000000000022
S315020092440000000000000000000000000000000012
S315020092540000000000000000000000000000000002
S3150200926400000000000000000000000000000000F2
S3150200927400000000000000000000000000000000E2
S3150200928400000000000000000000000000000000D2
S3150200929400000000000000000000000000000000C2
S315020092A400000000000000000000000000000000B2
S315020092B400000000000000000000000000000000A2
S315020092C40000000000000000000000000000000092
S315020092D40000000000000000000000000000000082
S315020092E40000000000000000000000000000000072
S315020092F40000000000000000000000000000000062
S315020093040000000000000000000000000000000051
S315020093140000000000000000000000000000000041
S315020093240000000000000000000000000000000031
S315020093340000000000000000000000000000000021
S315020093440000000000000000000000000000000011
S315020093540000000000000000000000000000000001
S3150200936400000000000000000000000000000000F1
S3150200937400000000000000000000000000000000E1
S3150200938400000000000000000000000000000000D1
S3150200939400000000000000000000000000000000C1
S315020093A400000000000000000000000000000000B1
S315020093B400000000000000000000000000000000A1
S315020093C40000000000000000000000000000000091
S315020093D40000000000000000000000000000000081
S315020093E40000000000000000000000000000000071
S315020093F40000000000000000000000000000000061
S315020094040000000000000000000000000000000050
S315020094140000000000000000000000000000000040
S315020094240000000000000000000000000000000030
S315020094340000000000000000000000000000000020
S315020094440000000000000000000000000000000010
S315020094540000000000000000000000000000000000
S3150200946400000000000000000000000000000000F0
S3150200947400000000000000000000000000000000E0
S3150200948400000000000000000000000000000000D0
S3150200949400000000000000000000000000000000C0
S315020094A400000000000000000000000000000000B0
S315020094B400000000000000000000000000000000A0
S315020094C40000000000000000000000000000000090
S315020094D40000000000000000000000000000000080
S315020094E40000000000000000000000000000000070
S315020094F40000000000000000000000000000000060
S31502009504000000000000000000000000000000004F
S31502009514000000000000000000000000000000003F
S31502009524000000000000000000000000000000002F
S31502009534000000000000000000000000000000001F
S31502009544000000000000000000000000000000000F
S3150200955400000000000000000000000000000000FF
S3150200956400000000000000000000000000000000EF
S3150200957400000000000000000000000000000000DF
S3150200958400000000000000000000000000000000CF
S3150200959400000000000000000000000000000000BF
S315020095A400000000000000000000000000000000AF
S315020095B4000000000000000000000000000000009F
S315020095C4000000000000000000000000000000008F
S315020095D4000000000000000000000000000000007F
S315020095E4000000000000000000000000000000006F
S315020095F4000000000000000000000000000000005F
S31502009604000000000000000000000000000000004E
S31502009614000000000000000000000000000000003E
S31502009624000000000000000000000000000000002E
S31502009634000000000000000000000000000000001E
S31502009644000000000000000000000000000000000E
S3150200965400000000000000000000000000000000FE
S3150200966400000000000000000000000000000000EE
S3150200967400000000000000000000000000000000DE
S3150200968400000000000000000000000000000000CE
S3150200969400000000000000000000000000000000BE
S315020096A400000000000000000000000000000000AE
S315020096B4000000000000000000000000000000009E
S315020096C4000000000000000000000000000000008E
S315020096D4000000000000000000000000000000007E
S315020096E4000000000000000000000000000000006E
S315020096F4000000000000000000000000000000005E
S31502009704000000000000000000000000000000004D
S31502009714000000000000000000000000000000003D
S31502009724000000000000000000000000000000002D
S31502009734000000000000000000000000000000001D
S31502009744000000000000000000000000000000000D
S3150200975400000000000000000000000000000000FD
S3150200976400000000000000000000000000000000ED
S3150200977400000000000000000000000000000000DD
S3150200978400000000000000000000000000000000CD
S3150200979400000000000000000000000000000000BD
S315020097A400000000000000000000000000000000AD
S315020097B4000000000000000000000000000000009D
S315020097C4000000000000000000000000000000008D
S315020097D4000000000000000000000000000000007D
S315020097E4000000000000000000000000000000006D
S315020097F4000000000000000000000000000000005D
S31502009804000000000000000000000000000000004C
S31502009814000000000000000000000000000000003C
S31502009824000000000000000000000000000000002C
S31502009834000000000000000000000000000000001C
S31502009844000000000000000000000000000000000C
S3150200985400000000000000000000000000000000FC
S3150200986400000000000000000000000000000000EC
S3150200987400000000000000000000000000000000DC
S3150200988400000000000000000000000000000000CC
S3150200989400000000000000000000000000000000BC
S315020098A400000000000000000000000000000000AC
S315020098B4000000000000000000000000000000009C
S315020098C4000000000000000000000000000000008C
S315020098D4000000000000000000000000000000007C
S315020098E4000000000000000000000000000000006C
S315020098F4000000000000000000000000000000005C
S31502009904000000000000000000000000000000004B
S31502009914000000000000000000000000000000003B
S31502009924000000000000000000000000000000002B
S31502009934000000000000000000000000000000001B
S31502009944000000000000000000000000000000000B
S3150200995400000000000000000000000000000000FB
S3150200996400000000000000000000000000000000EB
S3150200997400000000000000000000000000000000DB
S3150200998400000000000000000000000000000000CB
S3150200999400000000000000000000000000000000BB
S315020099A400000000000000000000000000000000AB
S315020099B4000000000000000000000000000000009B
S315020099C4000000000000000000000000000000008B
S315020099D4000000000000000000000000000000007B
S315020099E4000000000000000000000000000000006B
S315020099F4000000000000000000000000000000005B
S31502009A04000000000000000000000000000000004A
S31502009A14000000000000000000000000000000003A
S31502009A24000000000000000000000000000000002A
S31502009A34000000000000000000000000000000001A
S31502009A44000000000000000000000000000000000A
S31502009A5400000000000000000000000000000000FA
S31502009A6400000000000000000000000000000000EA
S31502009A7400000000000000000000000000000000DA
S31502009A8400000000000000000000000000000000CA
S31502009A9400000000000000000000000000000000BA
S31502009AA400000000000000000000000000000000AA
S31502009AB4000000000000000000000000000000009A
S31502009AC4000000000000000000000000000000008A
S31502009AD4000000000000000000000000000000007A
S31502009AE4000000000000000000000000000000006A
S31502009AF4000000000000000000000000000000005A
S31502009B040000000000000000000000000000000049
S31502009B140000000000000000000000000000000039
S31502009B240000000000000000000000000000000029
S31502009B340000000000000000000000000000000019
S31502009B440000000000000000000000000000000009
S31502009B5400000000000000000000000000000000F9
S31502009B6400000000000000000000000000000000E9
S31502009B7400000000000000000000000000000000D9
S31502009B8400000000000000000000000000000000C9
S31502009B9400000000000000000000000000000000B9
S31502009BA400000000000000000000000000000000A9
S31502009BB40000000000000000000000000000000099
S31502009BC40000000000000000000000000000000089
S31502009BD40000000000000000000000000000000079
S31502009BE40000000000000000000000000000000069
S31502009BF40000000000000000000000000000000059
S31502009C040000000000000000000000000000000048
S31502009C140000000000000000000000000000000038
S31502009C240000000000000000000000000000000028
S31502009C340000000000000000000000000000000018
S31502009C440000000000000000000000000000000008
S31502009C5400000000000000000000000000000000F8
S31502009C6400000000000000000000000000000000E8
S31502009C7400000000000000000000000000000000D8
S31502009C8400000000000000000000000000000000C8
S31502009C9400000000000000000000000000000000B8
S31502009CA400000000000000000000000000000000A8
S31502009CB40000000000000000000000000000000098
S31502009CC40000000000000000000000000000000088
S31502009CD40000000000000000000000000000000078
S31502009CE40000000000000000000000000000000068
S31502009CF40000000000000000000000000000000058
S31502009D040000000000000000000000000000000047
S31502009D140000000000000000000000000000000037
S31502009D240000000000000000000000000000000027
S31502009D340000000000000000000000000000000017
S31502009D440000000000000000000000000000000007
S31502009D5400000000000000000000000000000000F7
S31502009D6400000000000000000000000000000000E7
S31502009D7400000000000000000000000000000000D7
S31502009D8400000000000000000000000000000000C7
S31502009D9400000000000000000000000000000000B7
S31502009DA400000000000000000000000000000000A7
S31502009DB40000000000000000000000000000000097
S31502009DC40000000000000000000000000000000087
S31502009DD40000000000000000000000000000000077
S31502009DE40000000000000000000000000000000067
S31502009DF40000000000000000000000000000000057
S31502009E040000000000000000000000000000000046
S31502009E140000000000000000000000000000000036
S31502009E240000000000000000000000000000000026
S31502009E340000000000000000000000000000000016
S31502009E440000000000000000000000000000000006
S31502009E5400000000000000000000000000000000F6
S31502009E6400000000000000000000000000000000E6
S31502009E7400000000000000000000000000000000D6
S31502009E8400000000000000000000000000000000C6
S31502009E9400000000000000000000000000000000B6
S31502009EA400000000000000000000000000000000A6
S31502009EB40000000000000000000000000000000096
S31502009EC40000000000000000000000000000000086
S31502009ED40000000000000000000000000000000076
S31502009EE40000000000000000000000000000000066
S31502009EF40000000000000000000000000000000056
S31502009F040000000000000000000000000000000045
S31502009F140000000000000000000000000000000035
S31502009F240000000000000000000000000000000025
S31502009F340000000000000000000000000000000015
S31502009F440000000000000000000000000000000005
S31502009F5400000000000000000000000000000000F5
S31502009F6400000000000000000000000000000000E5
S31502009F7400000000000000000000000000000000D5
S31502009F8400000000000000000000000000000000C5
S31502009F9400000000000000000000000000000000B5
S31502009FA400000000000000000000000000000000A5
S31502009FB40000000000000000000000000000000095
S31502009FC40000000000000000000000000000000085
S31502009FD40000000000000000000000000000000075
S31502009FE40000000000000000000000000000000065
S31502009FF40000000000000000000000000000000055
S3150200A0040000000000000000000000000000000044
S3150200A0140000000000000000000000000000000034
S3150200A0240000000000000000000000000000000024
S3150200A0340000000000000000000000000000000014
S3150200A0440000000000000000000000000000000004
S3150200A05400000000000000000000000000000000F4
S3150200A06400000000000000000000000000000000E4
S3150200A07400000000000000000000000000000000D4
S3150200A08400000000000000000000000000000000C4
S3150200A09400000000000000000000000000000000B4
S3150200A0A400000000000000000000000000000000A4
S3150200A0B40000000000000000000000000000000094
S3150200A0C40000000000000000000000000000000084
S3150200A0D40000000000000000000000000000000074
S3150200A0E40000000000000000000000000000000064
S3150200A0F40000000000000000000000000000000054
S3150200A1040000000000000000000000000000000043
S3150200A1140000000000000000000000000000000033
S3150200A1240000000000000000000000000000000023
S3150200A1340000000000000000000000000000000013
S3150200A1440000000000000000000000000000000003
S3150200A15400000000000000000000000000000000F3
S3150200A16400000000000000000000000000000000E3
S3150200A17400000000000000000000000000000000D3
S3150200A18400000000000000000000000000000000C3
S3150200A19400000000000000000000000000000000B3
S3150200A1A400000000000000000000000000000000A3
S3150200A1B40000000000000000000000000000000093
S3150200A1C40000000000000000000000000000000083
S3150200A1D40000000000000000000000000000000073
S3150200A1E40000000000000000000000000000000063
S3150200A1F40000000000000000000000000000000053
S3150200A2040000000000000000000000000000000042
S3150200A2140000000000000000000000000000000032
S3150200A2240000000000000000000000000000000022
S3150200A2340000000000000000000000000000000012
S3150200A2440000000000000000000000000000000002
S3150200A25400000000000000000000000000000000F2
S3150200A26400000000000000000000000000000000E2
S3150200A27400000000000000000000000000000000D2
S3150200A28400000000000000000000000000000000C2
S3150200A29400000000000000000000000000000000B2
S3150200A2A400000000000000000000000000000000A2
S3150200A2B40000000000000000000000000000000092
S3150200A2C40000000000000000000000000000000082
S3150200A2D40000000000000000000000000000000072
S3150200A2E40000000000000000000000000000000062
S3150200A2F40000000000000000000000000000000052
S3150200A3040000000000000000000000000000000041
S3150200A3140000000000000000000000000000000031
S3150200A3240000000000000000000000000000000021
S3150200A3340000000000000000000000000000000011
S3150200A3440000000000000000000000000000000001
S3150200A35400000000000000000000000000000000F1
S3150200A36400000000000000000000000000000000E1
S3150200A37400000000000000000000000000000000D1
S3150200A38400000000000000000000000000000000C1
S3150200A39400000000000000000000000000000000B1
S3150200A3A400000000000000000000000000000000A1
S3150200A3B40000000000000000000000000000000091
S3150200A3C40000000000000000000000000000000081
S3150200A3D40000000000000000000000000000000071
S3150200A3E40000000000000000000000000000000061
S3150200A3F40000000000000000000000000000000051
S3150200A4040000000000000000000000000000000040
S3150200A4140000000000000000000000000000000030
S3150200A4240000000000000000000000000000000020
S3150200A4340000000000000000000000000000000010
S3150200A4440000000000000000000000000000000000
S3150200A45400000000000000000000000000000000F0
S3150200A46400000000000000000000000000000000E0
S3150200A47400000000000000000000000000000000D0
S3150200A48400000000000000000000000000000000C0
S3150200A49400000000000000000000000000000000B0
S3150200A4A400000000000000000000000000000000A0
S3150200A4B40000000000000000000000000000000090
S3150200A4C40000000000000000000000000000000080
S3150200A4D40000000000000000000000000000000070
S3150200A4E40000000000000000000000000000000060
S3150200A4F40000000000000000000000000000000050
S3150200A504000000000000000000000000000000003F
S3150200A514000000000000000000000000000000002F
S3150200A524000000000000000000000000000000001F
S3150200A534000000000000000000000000000000000F
S3150200A54400000000000000000000000000000000FF
S3150200A55400000000000000000000000000000000EF
S3150200A56400000000000000000000000000000000DF
S3150200A57400000000000000000000000000000000CF
S3150200A58400000000000000000000000000000000BF
S3150200A59400000000000000000000000000000000AF
S3150200A5A4000000000000000000000000000000009F
S3150200A5B4000000000000000000000000000000008F
S3150200A5C4000000000000000000000000000000007F
S3150200A5D4000000000000000000000000000000006F
S3150200A5E4000000000000000000000000000000005F
S3150200A5F4000000000000000000000000000000004F
S3150200A604000000000000000000000000000000003E
S3150200A614000000000000000000000000000000002E
S3150200A624000000000000000000000000000000001E
S3150200A634000000000000000000000000000000000E
S3150200A64400000000000000000000000000000000FE
S3150200A65400000000000000000000000000000000EE
S3150200A66400000000000000000000000000000000DE
S3150200A67400000000000000000000000000000000CE
S3150200A68400000000000000000000000000000000BE
S3150200A69400000000000000000000000000000000AE
S3150200A6A4000000000000000000000000000000009E
S3150200A6B4000000000000000000000000000000008E
S3150200A6C4000000000000000000000000000000007E
S3150200A6D4000000000000000000000000000000006E
S3150200A6E4000000000000000000000000000000005E
S3150200A6F4000000000000000000000000000000004E
S3150200A704000000000000000000000000000000003D
S3150200A714000000000000000000000000000000002D
S3150200A724000000000000000000000000000000001D
S3150200A734000000000000000000000000000000000D
S3150200A74400000000000000000000000000000000FD
S3150200A75400000000000000000000000000000000ED
S3150200A76400000000000000000000000000000000DD
S3150200A77400000000000000000000000000000000CD
S3150200A78400000000000000000000000000000000BD
S3150200A79400000000000000000000000000000000AD
S3150200A7A4000000000000000000000000000000009D
S3150200A7B4000000000000000000000000000000008D
S3150200A7C4000000000000000000000000000000007D
S3150200A7D4000000000000000000000000000000006D
S3150200A7E4000000000000000000000000000000005D
S3150200A7F4000000000000000000000000000000004D
S3150200A804000000000000000000000000000000003C
S3150200A814000000000000000000000000000000002C
S3150200A824000000000000000000000000000000001C
S3150200A834000000000000000000000000000000000C
S3150200A84400000000000000000000000000000000FC
S3150200A85400000000000000000000000000000000EC
S3150200A86400000000000000000000000000000000DC
S3150200A87400000000000000000000000000000000CC
S3150200A88400000000000000000000000000000000BC
S3150200A89400000000000000000000000000000000AC
S3150200A8A4000000000000000000000000000000009C
S3150200A8B4000000000000000000000000000000008C
S3150200A8C4000000000000000000000000000000007C
S3150200A8D4000000000000000000000000000000006C
S3150200A8E4000000000000000000000000000000005C
S3150200A8F4000000000000000000000000000000004C
S3150200A904000000000000000000000000000000003B
S3150200A914000000000000000000000000000000002B
S3150200A924000000000000000000000000000000001B
S3150200A934000000000000000000000000000000000B
S3150200A94400000000000000000000000000000000FB
S3150200A95400000000000000000000000000000000EB
S3150200A96400000000000000000000000000000000DB
S3150200A97400000000000000000000000000000000CB
S3150200A98400000000000000000000000000000000BB
S3150200A99400000000000000000000000000000000AB
S3150200A9A4000000000000000000000000000000009B
S3150200A9B4000000000000000000000000000000008B
S3150200A9C4000000000000000000000000000000007B
S3150200A9D4000000000000000000000000000000006B
S3150200A9E4000000000000000000000000000000005B
S3150200A9F4000000000000000000000000000000004B
S3150200AA04000000000000000000000000000000003A
S3150200AA14000000000000000000000000000000002A
S3150200AA24000000000000000000000000000000001A
S3150200AA34000000000000000000000000000000000A
S3150200AA4400000000000000000000000000000000FA
S3150200AA5400000000000000000000000000000000EA
S3150200AA6400000000000000000000000000000000DA
S3150200AA7400000000000000000000000000000000CA
S3150200AA8400000000000000000000000000000000BA
S3150200AA9400000000000000000000000000000000AA
S3150200AAA4000000000000000000000000000000009A
S3150200AAB4000000000000000000000000000000008A
S3150200AAC4000000000000000000000000000000007A
S3150200AAD4000000000000000000000000000000006A
S3150200AAE4000000000000000000000000000000005A
S3150200AAF4000000000000000000000000000000004A
S3150200AB040000000000000000000000000000000039
S3150200AB140000000000000000000000000000000029
S3150200AB240000000000000000000000000000000019
S3150200AB340000000000000000000000000000000009
S3150200AB4400000000000000000000000000000000F9
S3150200AB5400000000000000000000000000000000E9
S3150200AB6400000000000000000000000000000000D9
S3150200AB7400000000000000000000000000000000C9
S3150200AB8400000000000000000000000000000000B9
S3150200AB9400000000000000000000000000000000A9
S3150200ABA40000000000000000000000000000000099
S3150200ABB40000000000000000000000000000000089
S3150200ABC40000000000000000000000000000000079
S3150200ABD40000000000000000000000000000000069
S3150200ABE40000000000000000000000000000000059
S3150200ABF40000000000000000000000000000000049
S3150200AC040000000000000000000000000000000038
S3150200AC140000000000000000000000000000000028
S3150200AC240000000000000000000000000000000018
S3150200AC340000000000000000000000000000000008
S3150200AC4400000000000000000000000000000000F8
S3150200AC5400000000000000000000000000000000E8
S3150200AC6400000000000000000000000000000000D8
S3150200AC7400000000000000000000000000000000C8
S3150200AC8400000000000000000000000000000000B8
S3150200AC9400000000000000000000000000000000A8
S3150200ACA40000000000000000000000000000000098
S3150200ACB40000000000000000000000000000000088
S3150200ACC40000000000000000000000000000000078
S3150200ACD40000000000000000000000000000000068
S3150200ACE40000000000000000000000000000000058
S3150200ACF40000000000000000000000000000000048
S3150200AD040000000000000000000000000000000037
S3150200AD140000000000000000000000000000000027
S3150200AD240000000000000000000000000000000017
S3150200AD340000000000000000000000000000000007
S3150200AD4400000000000000000000000000000000F7
S3150200AD5400000000000000000000000000000000E7
S3150200AD6400000000000000000000000000000000D7
S3150200AD7400000000000000000000000000000000C7
S3150200AD8400000000000000000000000000000000B7
S3150200AD9400000000000000000000000000000000A7
S3150200ADA40000000000000000000000000000000097
S3150200ADB40000000000000000000000000000000087
S3150200ADC40000000000000000000000000000000077
S3150200ADD40000000000000000000000000000000067
S3150200ADE40000000000000000000000000000000057
S3150200ADF40000000000000000000000000000000047
S3150200AE040000000000000000000000000000000036
S3150200AE140000000000000000000000000000000026
S3150200AE240000000000000000000000000000000016
S3150200AE340000000000000000000000000000000006
S3150200AE4400000000000000000000000000000000F6
S3150200AE5400000000000000000000000000000000E6
S3150200AE6400000000000000000000000000000000D6
S3150200AE7400000000000000000000000000000000C6
S3150200AE8400000000000000000000000000000000B6
S3150200AE9400000000000000000000000000000000A6
S3150200AEA40000000000000000000000000000000096
S3150200AEB40000000000000000000000000000000086
S3150200AEC40000000000000000000000000000000076
S3150200AED40000000000000000000000000000000066
S3150200AEE40000000000000000000000000000000056
S3150200AEF40000000000000000000000000000000046
S3150200AF040000000000000000000000000000000035
S3150200AF140000000000000000000000000000000025
S3150200AF240000000000000000000000000000000015
S3150200AF340000000000000000000000000000000005
S3150200AF4400000000000000000000000000000000F5
S3150200AF5400000000000000000000000000000000E5
S3150200AF6400000000000000000000000000000000D5
S3150200AF7400000000000000000000000000000000C5
S3150200AF8400000000000000000000000000000000B5
S3150200AF9400000000000000000000000000000000A5
S3150200AFA40000000000000000000000000000000095
S3150200AFB40000000000000000000000000000000085
S3150200AFC40000000000000000000000000000000075
S3150200AFD40000000000000000000000000000000065
S3150200AFE40000000000000000000000000000000055
S3150200AFF40000000000000000000000000000000045
S3150200B0040000000000000000000000000000000034
S3150200B0140000000000000000000000000000000024
S3150200B0240000000000000000000000000000000014
S3150200B0340000000000000000000000000000000004
S3150200B04400000000000000000000000000000000F4
S3150200B05400000000000000000000000000000000E4
S3150200B06400000000000000000000000000000000D4
S3150200B07400000000000000000000000000000000C4
S3150200B08400000000000000000000000000000000B4
S3150200B09400000000000000000000000000000000A4
S3150200B0A40000000000000000000000000000000094
S3150200B0B40000000000000000000000000000000084
S3150200B0C40000000000000000000000000000000074
S3150200B0D40000000000000000000000000000000064
S3150200B0E40000000000000000000000000000000054
S3150200B0F40000000000000000000000000000000044
S3150200B1040000000000000000000000000000000033
S3150200B1140000000000000000000000000000000023
S3150200B1240000000000000000000000000000000013
S3150200B1340000000000000000000000000000000003
S3150200B14400000000000000000000000000000000F3
S3150200B15400000000000000000000000000000000E3
S3150200B16400000000000000000000000000000000D3
S3150200B17400000000000000000000000000000000C3
S3150200B18400000000000000000000000000000000B3
S3150200B19400000000000000000000000000000000A3
S3150200B1A40000000000000000000000000000000093
S3150200B1B40000000000000000000000000000000083
S3150200B1C40000000000000000000000000000000073
S3150200B1D40000000000000000000000000000000063
S3150200B1E40000000000000000000000000000000053
S3150200B1F40000000000000000000000000000000043
S3150200B2040000000000000000000000000000000032
S3150200B2140000000000000000000000000000000022
S3150200B2240000000000000000000000000000000012
S3150200B2340000000000000000000000000000000002
S3150200B24400000000000000000000000000000000F2
S3150200B25400000000000000000000000000000000E2
S3150200B26400000000000000000000000000000000D2
S3150200B27400000000000000000000000000000000C2
S3150200B28400000000000000000000000000000000B2
S3150200B29400000000000000000000000000000000A2
S3150200B2A40000000000000000000000000000000092
S3150200B2B40000000000000000000000000000000082
S3150200B2C40000000000000000000000000000000072
S3150200B2D40000000000000000000000000000000062
S3150200B2E40000000000000000000000000000000052
S3150200B2F40000000000000000000000000000000042
S3150200B3040000000000000000000000000000000031
S3150200B3140000000000000000000000000000000021
S3150200B3240000000000000000000000000000000011
S3150200B3340000000000000000000000000000000001
S3150200B34400000000000000000000000000000000F1
S3150200B35400000000000000000000000000000000E1
S3150200B36400000000000000000000000000000000D1
S3150200B37400000000000000000000000000000000C1
S3150200B38400000000000000000000000000000000B1
S3150200B39400000000000000000000000000000000A1
S3150200B3A40000000000000000000000000000000091
S3150200B3B40000000000000000000000000000000081
S3150200B3C40000000000000000000000000000000071
S3150200B3D40000000000000000000000000000000061
S3150200B3E40000000000000000000000000000000051
S3150200B3F40000000000000000000000000000000041
S3150200B4040000000000000000000000000000000030
S3150200B4140000000000000000000000000000000020
S3150200B4240000000000000000000000000000000010
S3150200B4340000000000000000000000000000000000
S3150200B44400000000000000000000000000000000F0
S3150200B45400000000000000000000000000000000E0
S3150200B46400000000000000000000000000000000D0
S3150200B47400000000000000000000000000000000C0
S3150200B48400000000000000000000000000000000B0
S3150200B49400000000000000000000000000000000A0
S3150200B4A40000000000000000000000000000000090
S3150200B4B40000000000000000000000000000000080
S3150200B4C40000000000000000000000000000000070
S3150200B4D40000000000000000000000000000000060
S3150200B4E40000000000000000000000000000000050
S3150200B4F40000000000000000000000000000000040
S3150200B504000000000000000000000000000000002F
S3150200B514000000000000000000000000000000001F
S3150200B524000000000000000000000000000000000F
S3150200B53400000000000000000000000000000000FF
S3150200B54400000000000000000000000000000000EF
S3150200B55400000000000000000000000000000000DF
S3150200B56400000000000000000000000000000000CF
S3150200B57400000000000000000000000000000000BF
S3150200B58400000000000000000000000000000000AF
S3150200B594000000000000000000000000000000009F
S3150200B5A4000000000000000000000000000000008F
S3150200B5B4000000000000000000000000000000007F
S3150200B5C4000000000000000000000000000000006F
S3150200B5D4000000000000000000000000000000005F
S3150200B5E4000000000000000000000000000000004F
S3150200B5F4000000000000000000000000000000003F
S3150200B604000000000000000000000000000000002E
S3150200B614000000000000000000000000000000001E
S3150200B624000000000000000000000000000000000E
S3150200B63400000000000000000000000000000000FE
S3150200B64400000000000000000000000000000000EE
S3150200B65400000000000000000000000000000000DE
S3150200B66400000000000000000000000000000000CE
S3150200B67400000000000000000000000000000000BE
S3150200B68400000000000000000000000000000000AE
S3150200B694000000000000000000000000000000009E
S3150200B6A4000000000000000000000000000000008E
S3150200B6B4000000000000000000000000000000007E
S3150200B6C4000000000000000000000000000000006E
S3150200B6D4000000000000000000000000000000005E
S3150200B6E4000000000000000000000000000000004E
S3150200B6F4000000000000000000000000000000003E
S3150200B704000000000000000000000000000000002D
S3150200B714000000000000000000000000000000001D
S3150200B724000000000000000000000000000000000D
S3150200B73400000000000000000000000000000000FD
S3150200B74400000000000000000000000000000000ED
S3150200B75400000000000000000000000000000000DD
S3150200B76400000000000000000000000000000000CD
S3150200B77400000000000000000000000000000000BD
S3150200B78400000000000000000000000000000000AD
S3150200B794000000000000000000000000000000009D
S3150200B7A4000000000000000000000000000000008D
S3150200B7B4000000000000000000000000000000007D
S3150200B7C4000000000000000000000000000000006D
S3150200B7D4000000000000000000000000000000005D
S3150200B7E4000000000000000000000000000000004D
S3150200B7F4000000000000000000000000000000003D
S3150200B804000000000000000000000000000000002C
S3150200B814000000000000000000000000000000001C
S3150200B824000000000000000000000000000000000C
S3150200B83400000000000000000000000000000000FC
S3150200B84400000000000000000000000000000000EC
S3150200B85400000000000000000000000000000000DC
S3150200B86400000000000000000000000000000000CC
S3150200B87400000000000000000000000000000000BC
S3150200B88400000000000000000000000000000000AC
S3150200B894000000000000000000000000000000009C
S3150200B8A4000000000000000000000000000000008C
S3150200B8B4000000000000000000000000000000007C
S3150200B8C4000000000000000000000000000000006C
S3150200B8D4000000000000000000000000000000005C
S3150200B8E4000000000000000000000000000000004C
S3150200B8F4000000000000000000000000000000003C
S3150200B904000000000000000000000000000000002B
S3150200B914000000000000000000000000000000001B
S3150200B924000000000000000000000000000000000B
S3150200B93400000000000000000000000000000000FB
S3150200B94400000000000000000000000000000000EB
S3150200B95400000000000000000000000000000000DB
S3150200B96400000000000000000000000000000000CB
S3150200B97400000000000000000000000000000000BB
S3150200B98400000000000000000000000000000000AB
S3150200B994000000000000000000000000000000009B
S3150200B9A4000000000000000000000000000000008B
S3150200B9B4000000000000000000000000000000007B
S3150200B9C4000000000000000000000000000000006B
S3150200B9D4000000000000000000000000000000005B
S3150200B9E4000000000000000000000000000000004B
S3150200B9F4000000000000000000000000000000003B
S3150200BA04000000000000000000000000000000002A
S3150200BA14000000000000000000000000000000001A
S3150200BA24000000000000000000000000000000000A
S3150200BA3400000000000000000000000000000000FA
S3150200BA4400000000000000000000000000000000EA
S3150200BA5400000000000000000000000000000000DA
S3150200BA6400000000000000000000000000000000CA
S3150200BA7400000000000000000000000000000000BA
S3150200BA8400000000000000000000000000000000AA
S3150200BA94000000000000000000000000000000009A
S3150200BAA4000000000000000000000000000000008A
S3150200BAB4000000000000000000000000000000007A
S3150200BAC4000000000000000000000000000000006A
S3150200BAD4000000000000000000000000000000005A
S3150200BAE4000000000000000000000000000000004A
S3150200BAF4000000000000000000000000000000003A
S3150200BB040000000000000000000000000000000029
S3150200BB140000000000000000000000000000000019
S3150200BB240000000000000000000000000000000009
S3150200BB3400000000000000000000000000000000F9
S3150200BB4400000000000000000000000000000000E9
S3150200BB5400000000000000000000000000000000D9
S3150200BB6400000000000000000000000000000000C9
S3150200BB7400000000000000000000000000000000B9
S3150200BB8400000000000000000000000000000000A9
S3150200BB940000000000000000000000000000000099
S3150200BBA40000000000000000000000000000000089
S3150200BBB40000000000000000000000000000000079
S3150200BBC40000000000000000000000000000000069
S3150200BBD40000000000000000000000000000000059
S3150200BBE40000000000000000000000000000000049
S3150200BBF40000000000000000000000000000000039
S3150200BC040000000000000000000000000000000028
S3150200BC140000000000000000000000000000000018
S3150200BC240000000000000000000000000000000008
S3150200BC3400000000000000000000000000000000F8
S3150200BC4400000000000000000000000000000000E8
S3150200BC5400000000000000000000000000000000D8
S3150200BC6400000000000000000000000000000000C8
S3150200BC7400000000000000000000000000000000B8
S3150200BC8400000000000000000000000000000000A8
S3150200BC940000000000000000000000000000000098
S3150200BCA40000000000000000000000000000000088
S3150200BCB40000000000000000000000000000000078
S3150200BCC40000000000000000000000000000000068
S3150200BCD40000000000000000000000000000000058
S3150200BCE40000000000000000000000000000000048
S3150200BCF40000000000000000000000000000000038
S3150200BD040000000000000000000000000000000027
S3150200BD140000000000000000000000000000000017
S3150200BD240000000000000000000000000000000007
S3150200BD3400000000000000000000000000000000F7
S3150200BD4400000000000000000000000000000000E7
S3150200BD5400000000000000000000000000000000D7
S3150200BD6400000000000000000000000000000000C7
S3150200BD7400000000000000000000000000000000B7
S3150200BD8400000000000000000000000000000000A7
S3150200BD940000000000000000000000000000000097
S3150200BDA40000000000000000000000000000000087
S3150200BDB40000000000000000000000000000000077
S3150200BDC40000000000000000000000000000000067
S3150200BDD40000000000000000000000000000000057
S3150200BDE40000000000000000000000000000000047
S3150200BDF40000000000000000000000000000000037
S3150200BE040000000000000000000000000000000026
S3150200BE140000000000000000000000000000000016
S3150200BE240000000000000000000000000000000006
S3150200BE3400000000000000000000000000000000F6
S3150200BE4400000000000000000000000000000000E6
S3150200BE5400000000000000000000000000000000D6
S3150200BE6400000000000000000000000000000000C6
S3150200BE7400000000000000000000000000000000B6
S3150200BE8400000000000000000000000000000000A6
S3150200BE940000000000000000000000000000000096
S3150200BEA40000000000000000000000000000000086
S3150200BEB40000000000000000000000000000000076
S3150200BEC40000000000000000000000000000000066
S3150200BED40000000000000000000000000000000056
S3150200BEE40000000000000000000000000000000046
S3150200BEF40000000000000000000000000000000036
S3150200BF040000000000000000000000000000000025
S3150200BF140000000000000000000000000000000015
S3150200BF240000000000000000000000000000000005
S3150200BF3400000000000000000000000000000000F5
S3150200BF4400000000000000000000000000000000E5
S3150200BF5400000000000000000000000000000000D5
S3150200BF6400000000000000000000000000000000C5
S3150200BF7400000000000000000000000000000000B5
S3150200BF8400000000000000000000000000000000A5
S3150200BF940000000000000000000000000000000095
S3150200BFA40000000000000000000000000000000085
S3150200BFB40000000000000000000000000000000075
S3150200BFC40000000000000000000000000000000065
S3150200BFD40000000000000000000000000000000055
S3150200BFE40000000000000000000000000000000045
S3150200BFF40000000000000000000000000000000035
S3150200C0040000000000000000000000000000000024
S3150200C0140000000000000000000000000000000014
S3150200C0240000000000000000000000000000000004
S3150200C03400000000000000000000000000000000F4
S3150200C04400000000000000000000000000000000E4
S3150200C05400000000000000000000000000000000D4
S3150200C06400000000000000000000000000000000C4
S3150200C07400000000000000000000000000000000B4
S3150200C08400000000000000000000000000000000A4
S3150200C0940000000000000000000000000000000094
S3150200C0A40000000000000000000000000000000084
S3150200C0B40000000000000000000000000000000074
S3150200C0C40000000000000000000000000000000064
S3150200C0D40000000000000000000000000000000054
S3150200C0E40000000000000000000000000000000044
S3150200C0F40000000000000000000000000000000034
S3150200C1040000000000000000000000000000000023
S3150200C1140000000000000000000000000000000013
S3150200C1240000000000000000000000000000000003
S3150200C13400000000000000000000000000000000F3
S3150200C14400000000000000000000000000000000E3
S3150200C15400000000000000000000000000000000D3
S3150200C16400000000000000000000000000000000C3
S3150200C17400000000000000000000000000000000B3
S3150200C18400000000000000000000000000000000A3
S3150200C1940000000000000000000000000000000093
S3150200C1A40000000000000000000000000000000083
S3150200C1B40000000000000000000000000000000073
S3150200C1C40000000000000000000000000000000063
S3150200C1D40000000000000000000000000000000053
S3150200C1E40000000000000000000000000000000043
S3150200C1F40000000000000000000000000000000033
S3150200C2040000000000000000000000000000000022
S3150200C2140000000000000000000000000000000012
S3150200C2240000000000000000000000000000000002
S3150200C23400000000000000000000000000000000F2
S3150200C24400000000000000000000000000000000E2
S3150200C25400000000000000000000000000000000D2
S3150200C26400000000000000000000000000000000C2
S3150200C27400000000000000000000000000000000B2
S3150200C28400000000000000000000000000000000A2
S3150200C2940000000000000000000000000000000092
S3150200C2A40000000000000000000000000000000082
S3150200C2B40000000000000000000000000000000072
S3150200C2C40000000000000000000000000000000062
S3150200C2D40000000000000000000000000000000052
S3150200C2E40000000000000000000000000000000042
S3150200C2F40000000000000000000000000000000032
S3150200C3040000000000000000000000000000000021
S3150200C3140000000000000000000000000000000011
S3150200C3240000000000000000000000000000000001
S3150200C33400000000000000000000000000000000F1
S3150200C34400000000000000000000000000000000E1
S3150200C35400000000000000000000000000000000D1
S3150200C36400000000000000000000000000000000C1
S3150200C37400000000000000000000000000000000B1
S3150200C38400000000000000000000000000000000A1
S3150200C3940000000000000000000000000000000091
S3150200C3A40000000000000000000000000000000081
S3150200C3B40000000000000000000000000000000071
S3150200C3C40000000000000000000000000000000061
S3150200C3D40000000000000000000000000000000051
S3150200C3E40000000000000000000000000000000041
S3150200C3F40000000000000000000000000000000031
S3150200C4040000000000000000000000000000000020
S3150200C4140000000000000000000000000000000010
S3150200C4240000000000000000000000000000000000
S3150200C43400000000000000000000000000000000F0
S3150200C44400000000000000000000000000000000E0
S3150200C45400000000000000000000000000000000D0
S3150200C46400000000000000000000000000000000C0
S3150200C47400000000000000000000000000000000B0
S3150200C48400000000000000000000000000000000A0
S3150200C4940000000000000000000000000000000090
S3150200C4A40000000000000000000000000000000080
S3150200C4B40000000000000000000000000000000070
S3150200C4C40000000000000000000000000000000060
S3150200C4D40000000000000000000000000000000050
S3150200C4E40000000000000000000000000000000040
S3150200C4F40000000000000000000000000000000030
S3150200C504000000000000000000000000000000001F
S3150200C514000000000000000000000000000000000F
S3150200C52400000000000000000000000000000000FF
S3150200C53400000000000000000000000000000000EF
S3150200C54400000000000000000000000000000000DF
S3150200C55400000000000000000000000000000000CF
S3150200C56400000000000000000000000000000000BF
S3150200C57400000000000000000000000000000000AF
S3150200C584000000000000000000000000000000009F
S3150200C594000000000000000000000000000000008F
S3150200C5A4000000000000000000000000000000007F
S3150200C5B4000000000000000000000000000000006F
S3150200C5C4000000000000000000000000000000005F
S3150200C5D4000000000000000000000000000000004F
S3150200C5E4000000000000000000000000000000003F
S3150200C5F4000000000000000000000000000000002F
S3150200C604000000000000000000000000000000001E
S3150200C614000000000000000000000000000000000E
S3150200C62400000000000000000000000000000000FE
S3150200C63400000000000000000000000000000000EE
S3150200C64400000000000000000000000000000000DE
S3150200C65400000000000000000000000000000000CE
S3150200C66400000000000000000000000000000000BE
S3150200C67400000000000000000000000000000000AE
S3150200C684000000000000000000000000000000009E
S3150200C694000000000000000000000000000000008E
S3150200C6A4000000000000000000000000000000007E
S3150200C6B4000000000000000000000000000000006E
S3150200C6C4000000000000000000000000000000005E
S3150200C6D4000000000000000000000000000000004E
S3150200C6E4000000000000000000000000000000003E
S3150200C6F4000000000000000000000000000000002E
S3150200C704000000000000000000000000000000001D
S3150200C714000000000000000000000000000000000D
S3150200C72400000000000000000000000000000000FD
S3150200C73400000000000000000000000000000000ED
S3150200C74400000000000000000000000000000000DD
S3150200C75400000000000000000000000000000000CD
S3150200C76400000000000000000000000000000000BD
S3150200C77400000000000000000000000000000000AD
S3150200C784000000000000000000000000000000009D
S3150200C794000000000000000000000000000000008D
S3150200C7A4000000000000000000000000000000007D
S3150200C7B4000000000000000000000000000000006D
S3150200C7C4000000000000000000000000000000005D
S3150200C7D4000000000000000000000000000000004D
S3150200C7E4000000000000000000000000000000003D
S3150200C7F4000000000000000000000000000000002D
S3150200C804000000000000000000000000000000001C
S3150200C814000000000000000000000000000000000C
S3150200C82400000000000000000000000000000000FC
S3150200C83400000000000000000000000000000000EC
S3150200C84400000000000000000000000000000000DC
S3150200C85400000000000000000000000000000000CC
S3150200C86400000000000000000000000000000000BC
S3150200C87400000000000000000000000000000000AC
S3150200C884000000000000000000000000000000009C
S3150200C894000000000000000000000000000000008C
S3150200C8A4000000000000000000000000000000007C
S3150200C8B4000000000000000000000000000000006C
S3150200C8C4000000000000000000000000000000005C
S3150200C8D4000000000000000000000000000000004C
S3150200C8E4000000000000000000000000000000003C
S3150200C8F4000000000000000000000000000000002C
S3150200C904000000000000000000000000000000001B
S3150200C914000000000000000000000000000000000B
S3150200C92400000000000000000000000000000000FB
S3150200C93400000000000000000000000000000000EB
S3150200C94400000000000000000000000000000000DB
S3150200C95400000000000000000000000000000000CB
S3150200C96400000000000000000000000000000000BB
S3150200C97400000000000000000000000000000000AB
S3150200C984000000000000000000000000000000009B
S3150200C994000000000000000000000000000000008B
S3150200C9A4000000000000000000000000000000007B
S3150200C9B4000000000000000000000000000000006B
S3150200C9C4000000000000000000000000000000005B
S3150200C9D4000000000000000000000000000000004B
S3150200C9E4000000000000000000000000000000003B
S3150200C9F4000000000000000000000000000000002B
S3150200CA04000000000000000000000000000000001A
S3150200CA14000000000000000000000000000000000A
S3150200CA2400000000000000000000000000000000FA
S3150200CA3400000000000000000000000000000000EA
S3150200CA4400000000000000000000000000000000DA
S3150200CA5400000000000000000000000000000000CA
S3150200CA6400000000000000000000000000000000BA
S3150200CA7400000000000000000000000000000000AA
S3150200CA84000000000000000000000000000000009A
S3150200CA94000000000000000000000000000000008A
S3150200CAA4000000000000000000000000000000007A
S3150200CAB4000000000000000000000000000000006A
S3150200CAC4000000000000000000000000000000005A
S3150200CAD4000000000000000000000000000000004A
S3150200CAE4000000000000000000000000000000003A
S3150200CAF4000000000000000000000000000000002A
S3150200CB040000000000000000000000000000000019
S3150200CB140000000000000000000000000000000009
S3150200CB2400000000000000000000000000000000F9
S3150200CB3400000000000000000000000000000000E9
S3150200CB4400000000000000000000000000000000D9
S3150200CB5400000000000000000000000000000000C9
S3150200CB6400000000000000000000000000000000B9
S3150200CB7400000000000000000000000000000000A9
S3150200CB840000000000000000000000000000000099
S3150200CB940000000000000000000000000000000089
S3150200CBA40000000000000000000000000000000079
S3150200CBB40000000000000000000000000000000069
S3150200CBC40000000000000000000000000000000059
S3150200CBD40000000000000000000000000000000049
S3150200CBE40000000000000000000000000000000039
S3150200CBF40000000000000000000000000000000029
S3150200CC040000000000000000000000000000000018
S3150200CC140000000000000000000000000000000008
S3150200CC2400000000000000000000000000000000F8
S3150200CC3400000000000000000000000000000000E8
S3150200CC4400000000000000000000000000000000D8
S3150200CC5400000000000000000000000000000000C8
S3150200CC6400000000000000000000000000000000B8
S3150200CC7400000000000000000000000000000000A8
S3150200CC840000000000000000000000000000000098
S3150200CC940000000000000000000000000000000088
S3150200CCA40000000000000000000000000000000078
S3150200CCB40000000000000000000000000000000068
S3150200CCC40000000000000000000000000000000058
S3150200CCD40000000000000000000000000000000048
S3150200CCE40000000000000000000000000000000038
S3150200CCF40000000000000000000000000000000028
S3150200CD040000000000000000000000000000000017
S3150200CD140000000000000000000000000000000007
S3150200CD2400000000000000000000000000000000F7
S3150200CD3400000000000000000000000000000000E7
S3150200CD4400000000000000000000000000000000D7
S3150200CD5400000000000000000000000000000000C7
S3150200CD6400000000000000000000000000000000B7
S3150200CD7400000000000000000000000000000000A7
S3150200CD840000000000000000000000000000000097
S3150200CD940000000000000000000000000000000087
S3150200CDA40000000000000000000000000000000077
S3150200CDB40000000000000000000000000000000067
S3150200CDC40000000000000000000000000000000057
S3150200CDD40000000000000000000000000000000047
S3150200CDE40000000000000000000000000000000037
S3150200CDF40000000000000000000000000000000027
S3150200CE040000000000000000000000000000000016
S3150200CE140000000000000000000000000000000006
S3150200CE2400000000000000000000000000000000F6
S3150200CE3400000000000000000000000000000000E6
S3150200CE4400000000000000000000000000000000D6
S3150200CE5400000000000000000000000000000000C6
S3150200CE6400000000000000000000000000000000B6
S3150200CE7400000000000000000000000000000000A6
S3150200CE840000000000000000000000000000000096
S3150200CE940000000000000000000000000000000086
S3150200CEA40000000000000000000000000000000076
S3150200CEB40000000000000000000000000000000066
S3150200CEC40000000000000000000000000000000056
S3150200CED40000000000000000000000000000000046
S3150200CEE40000000000000000000000000000000036
S3150200CEF40000000000000000000000000000000026
S3150200CF040000000000000000000000000000000015
S3150200CF140000000000000000000000000000000005
S3150200CF2400000000000000000000000000000000F5
S3150200CF3400000000000000000000000000000000E5
S3150200CF4400000000000000000000000000000000D5
S3150200CF5400000000000000000000000000000000C5
S3150200CF6400000000000000000000000000000000B5
S3150200CF7400000000000000000000000000000000A5
S3150200CF840000000000000000000000000000000095
S3150200CF940000000000000000000000000000000085
S3150200CFA40000000000000000000000000000000075
S3150200CFB40000000000000000000000000000000065
S3150200CFC40000000000000000000000000000000055
S3150200CFD40000000000000000000000000000000045
S3150200CFE40000000000000000000000000000000035
S3150200CFF40000000000000000000000000000000025
S3150200D0040000000000000000000000000000000014
S3150200D0140000000000000000000000000000000004
S3150200D02400000000000000000000000000000000F4
S3150200D03400000000000000000000000000000000E4
S3150200D04400000000000000000000000000000000D4
S3150200D05400000000000000000000000000000000C4
S3150200D06400000000000000000000000000000000B4
S3150200D07400000000000000000000000000000000A4
S3150200D0840000000000000000000000000000000094
S3150200D0940000000000000000000000000000000084
S3150200D0A40000000000000000000000000000000074
S3150200D0B40000000000000000000000000000000064
S3150200D0C40000000000000000000000000000000054
S3150200D0D40000000000000000000000000000000044
S3150200D0E40000000000000000000000000000000034
S3150200D0F40000000000000000000000000000000024
S3150200D1040000000000000000000000000000000013
S3150200D1140000000000000000000000000000000003
S3150200D12400000000000000000000000000000000F3
S3150200D13400000000000000000000000000000000E3
S3150200D14400000000000000000000000000000000D3
S3150200D15400000000000000000000000000000000C3
S3150200D16400000000000000000000000000000000B3
S3150200D17400000000000000000000000000000000A3
S3150200D1840000000000000000000000000000000093
S3150200D1940000000000000000000000000000000083
S3150200D1A40000000000000000000000000000000073
S3150200D1B40000000000000000000000000000000063
S3150200D1C40000000000000000000000000000000053
S3150200D1D40000000000000000000000000000000043
S3150200D1E40000000000000000000000000000000033
S3150200D1F40000000000000000000000000000000023
S3150200D2040000000000000000000000000000000012
S3150200D2140000000000000000000000000000000002
S3150200D22400000000000000000000000000000000F2
S3150200D23400000000000000000000000000000000E2
S3150200D24400000000000000000000000000000000D2
S3150200D25400000000000000000000000000000000C2
S3150200D26400000000000000000000000000000000B2
S3150200D27400000000000000000000000000000000A2
S3150200D2840000000000000000000000000000000092
S3150200D2940000000000000000000000000000000082
S3150200D2A40000000000000000000000000000000072
S3150200D2B40000000000000000000000000000000062
S3150200D2C40000000000000000000000000000000052
S3150200D2D40000000000000000000000000000000042
S3150200D2E40000000000000000000000000000000032
S3150200D2F40000000000000000000000000000000022
S3150200D3040000000000000000000000000000000011
S3150200D3140000000000000000000000000000000001
S3150200D32400000000000000000000000000000000F1
S3150200D33400000000000000000000000000000000E1
S3150200D34400000000000000000000000000000000D1
S3150200D35400000000000000000000000000000000C1
S3150200D36400000000000000000000000000000000B1
S3150200D37400000000000000000000000000000000A1
S3150200D3840000000000000000000000000000000091
S3150200D3940000000000000000000000000000000081
S3150200D3A40000000000000000000000000000000071
S3150200D3B40000000000000000000000000000000061
S3150200D3C40000000000000000000000000000000051
S3150200D3D40000000000000000000000000000000041
S3150200D3E40000000000000000000000000000000031
S3150200D3F40000000000000000000000000000000021
S3150200D4040000000000000000000000000000000010
S3150200D4140000000000000000000000000000000000
S3150200D42400000000000000000000000000000000F0
S3150200D43400000000000000000000000000000000E0
S3150200D44400000000000000000000000000000000D0
S3150200D45400000000000000000000000000000000C0
S3150200D46400000000000000000000000000000000B0
S3150200D47400000000000000000000000000000000A0
S3150200D4840000000000000000000000000000000090
S3150200D4940000000000000000000000000000000080
S3150200D4A40000000000000000000000000000000070
S3150200D4B40000000000000000000000000000000060
S3150200D4C40000000000000000000000000000000050
S3150200D4D40000000000000000000000000000000040
S3150200D4E40000000000000000000000000000000030
S3150200D4F40000000000000000000000000000000020
S3150200D504000000000000000000000000000000000F
S3150200D51400000000000000000000000000000000FF
S3150200D52400000000000000000000000000000000EF
S3150200D53400000000000000000000000000000000DF
S3150200D54400000000000000000000000000000000CF
S3150200D55400000000000000000000000000000000BF
S3150200D56400000000000000000000000000000000AF
S3150200D574000000000000000000000000000000009F
S3150200D584000000000000000000000000000000008F
S3150200D594000000000000000000000000000000007F
S3150200D5A4000000000000000000000000000000006F
S3150200D5B4000000000000000000000000000000005F
S3150200D5C4000000000000000000000000000000004F
S3150200D5D4000000000000000000000000000000003F
S3150200D5E4000000000000000000000000000000002F
S3150200D5F4000000000000000000000000000000001F
S3150200D604000000000000000000000000000000000E
S3150200D61400000000000000000000000000000000FE
S3150200D62400000000000000000000000000000000EE
S3150200D63400000000000000000000000000000000DE
S3150200D64400000000000000000000000000000000CE
S3150200D65400000000000000000000000000000000BE
S3150200D66400000000000000000000000000000000AE
S3150200D674000000000000000000000000000000009E
S3150200D684000000000000000000000000000000008E
S3150200D694000000000000000000000000000000007E
S3150200D6A4000000000000000000000000000000006E
S3150200D6B4000000000000000000000000000000005E
S3150200D6C4000000000000000000000000000000004E
S3150200D6D4000000000000000000000000000000003E
S3150200D6E4000000000000000000000000000000002E
S3150200D6F4000000000000000000000000000000001E
S3150200D704000000000000000000000000000000000D
S3150200D71400000000000000000000000000000000FD
S3150200D72400000000000000000000000000000000ED
S3150200D73400000000000000000000000000000000DD
S3150200D74400000000000000000000000000000000CD
S3150200D75400000000000000000000000000000000BD
S3150200D76400000000000000000000000000000000AD
S3150200D774000000000000000000000000000000009D
S3150200D784000000000000000000000000000000008D
S3150200D794000000000000000000000000000000007D
S3150200D7A4000000000000000000000000000000006D
S3150200D7B4000000000000000000000000000000005D
S3150200D7C4000000000000000000000000000000004D
S3150200D7D4000000000000000000000000000000003D
S3150200D7E4000000000000000000000000000000002D
S3150200D7F4000000000000000000000000000000001D
S3150200D804000000000000000000000000000000000C
S3150200D81400000000000000000000000000000000FC
S3150200D82400000000000000000000000000000000EC
S3150200D83400000000000000000000000000000000DC
S3150200D84400000000000000000000000000000000CC
S3150200D85400000000000000000000000000000000BC
S3150200D86400000000000000000000000000000000AC
S3150200D874000000000000000000000000000000009C
S3150200D884000000000000000000000000000000008C
S3150200D894000000000000000000000000000000007C
S3150200D8A4000000000000000000000000000000006C
S3150200D8B4000000000000000000000000000000005C
S3150200D8C4000000000000000000000000000000004C
S3150200D8D4000000000000000000000000000000003C
S3150200D8E4000000000000000000000000000000002C
S3150200D8F4000000000000000000000000000000001C
S3150200D904000000000000000000000000000000000B
S3150200D91400000000000000000000000000000000FB
S3150200D92400000000000000000000000000000000EB
S3150200D93400000000000000000000000000000000DB
S3150200D94400000000000000000000000000000000CB
S3150200D95400000000000000000000000000000000BB
S3150200D96400000000000000000000000000000000AB
S3150200D974000000000000000000000000000000009B
S3150200D984000000000000000000000000000000008B
S3150200D994000000000000000000000000000000007B
S3150200D9A4000000000000000000000000000000006B
S3150200D9B4000000000000000000000000000000005B
S3150200D9C4000000000000000000000000000000004B
S3150200D9D4000000000000000000000000000000003B
S3150200D9E4000000000000000000000000000000002B
S3150200D9F4000000000000000000000000000000001B
S3150200DA04000000000000000000000000000000000A
S3150200DA1400000000000000000000000000000000FA
S3150200DA2400000000000000000000000000000000EA
S3150200DA3400000000000000000000000000000000DA
S3150200DA4400000000000000000000000000000000CA
S3150200DA5400000000000000000000000000000000BA
S3150200DA6400000000000000000000000000000000AA
S3150200DA74000000000000000000000000000000009A
S3150200DA84000000000000000000000000000000008A
S3150200DA94000000000000000000000000000000007A
S3150200DAA4000000000000000000000000000000006A
S3150200DAB4000000000000000000000000000000005A
S3150200DAC4000000000000000000000000000000004A
S3150200DAD4000000000000000000000000000000003A
S3150200DAE4000000000000000000000000000000002A
S3150200DAF4000000000000000000000000000000001A
S3150200DB040000000000000000000000000000000009
S3150200DB1400000000000000000000000000000000F9
S3150200DB2400000000000000000000000000000000E9
S3150200DB3400000000000000000000000000000000D9
S3150200DB4400000000000000000000000000000000C9
S3150200DB5400000000000000000000000000000000B9
S3150200DB6400000000000000000000000000000000A9
S3150200DB740000000000000000000000000000000099
S3150200DB840000000000000000000000000000000089
S3150200DB940000000000000000000000000000000079
S3150200DBA40000000000000000000000000000000069
S3150200DBB40000000000000000000000000000000059
S3150200DBC40000000000000000000000000000000049
S3150200DBD40000000000000000000000000000000039
S3150200DBE40000000000000000000000000000000029
S3150200DBF40000000000000000000000000000000019
S3150200DC040000000000000000000000000000000008
S3150200DC1400000000000000000000000000000000F8
S3150200DC2400000000000000000000000000000000E8
S3150200DC3400000000000000000000000000000000D8
S3150200DC4400000000000000000000000000000000C8
S3150200DC5400000000000000000000000000000000B8
S3150200DC6400000000000000000000000000000000A8
S3150200DC740000000000000000000000000000000098
S3150200DC840000000000000000000000000000000088
S3150200DC940000000000000000000000000000000078
S3150200DCA40000000000000000000000000000000068
S3150200DCB40000000000000000000000000000000058
S3150200DCC40000000000000000000000000000000048
S3150200DCD40000000000000000000000000000000038
S3150200DCE40000000000000000000000000000000028
S3150200DCF40000000000000000000000000000000018
S3150200DD040000000000000000000000000000000007
S3150200DD1400000000000000000000000000000000F7
S3150200DD2400000000000000000000000000000000E7
S3150200DD3400000000000000000000000000000000D7
S3150200DD4400000000000000000000000000000000C7
S3150200DD5400000000000000000000000000000000B7
S3150200DD6400000000000000000000000000000000A7
S3150200DD740000000000000000000000000000000097
S3150200DD840000000000000000000000000000000087
S3150200DD940000000000000000000000000000000077
S3150200DDA40000000000000000000000000000000067
S3150200DDB40000000000000000000000000000000057
S3150200DDC40000000000000000000000000000000047
S3150200DDD40000000000000000000000000000000037
S3150200DDE40000000000000000000000000000000027
S3150200DDF40000000000000000000000000000000017
S3150200DE040000000000000000000000000000000006
S3150200DE1400000000000000000000000000000000F6
S3150200DE2400000000000000000000000000000000E6
S3150200DE3400000000000000000000000000000000D6
S3150200DE4400000000000000000000000000000000C6
S3150200DE5400000000000000000000000000000000B6
S3150200DE6400000000000000000000000000000000A6
S3150200DE740000000000000000000000000000000096
S3150200DE840000000000000000000000000000000086
S3150200DE940000000000000000000000000000000076
S3150200DEA40000000000000000000000000000000066
S3150200DEB40000000000000000000000000000000056
S3150200DEC40000000000000000000000000000000046
S3150200DED40000000000000000000000000000000036
S3150200DEE40000000000000000000000000000000026
S3150200DEF40000000000000000000000000000000016
S3150200DF040000000000000000000000000000000005
S3150200DF1400000000000000000000000000000000F5
S3150200DF2400000000000000000000000000000000E5
S3150200DF3400000000000000000000000000000000D5
S3150200DF4400000000000000000000000000000000C5
S3150200DF5400000000000000000000000000000000B5
S3150200DF6400000000000000000000000000000000A5
S3150200DF740000000000000000000000000000000095
S3150200DF840000000000000000000000000000000085
S3150200DF940000000000000000000000000000000075
S3150200DFA40000000000000000000000000000000065
S3150200DFB40000000000000000000000000000000055
S3150200DFC40000000000000000000000000000000045
S3150200DFD40000000000000000000000000000000035
S3150200DFE40000000000000000000000000000000025
S3150200DFF40000000000000000000000000000000015
S3150200E0040000000000000000000000000000000004
S3150200E01400000000000000000000000000000000F4
S3150200E02400000000000000000000000000000000E4
S3150200E03400000000000000000000000000000000D4
S3150200E04400000000000000000000000000000000C4
S3150200E05400000000000000000000000000000000B4
S3150200E06400000000000000000000000000000000A4
S3150200E0740000000000000000000000000000000094
S3150200E0840000000000000000000000000000000084
S3150200E0940000000000000000000000000000000074
S3150200E0A40000000000000000000000000000000064
S3150200E0B40000000000000000000000000000000054
S3150200E0C40000000000000000000000000000000044
S3150200E0D40000000000000000000000000000000034
S3150200E0E40000000000000000000000000000000024
S3150200E0F40000000000000000000000000000000014
S3150200E1040000000000000000000000000000000003
S3150200E11400000000000000000000000000000000F3
S3150200E12400000000000000000000000000000000E3
S3150200E13400000000000000000000000000000000D3
S3150200E14400000000000000000000000000000000C3
S3150200E15400000000000000000000000000000000B3
S3150200E16400000000000000000000000000000000A3
S3150200E1740000000000000000000000000000000093
S3150200E1840000000000000000000000000000000083
S3150200E1940000000000000000000000000000000073
S3150200E1A40000000000000000000000000000000063
S3150200E1B40000000000000000000000000000000053
S3150200E1C40000000000000000000000000000000043
S3150200E1D40000000000000000000000000000000033
S3150200E1E40000000000000000000000000000000023
S3150200E1F40000000000000000000000000000000013
S3150200E2040000000000000000000000000000000002
S3150200E21400000000000000000000000000000000F2
S3150200E22400000000000000000000000000000000E2
S3150200E23400000000000000000000000000000000D2
S3150200E24400000000000000000000000000000000C2
S3150200E25400000000000000000000000000000000B2
S3150200E26400000000000000000000000000000000A2
S3150200E2740000000000000000000000000000000092
S3150200E2840000000000000000000000000000000082
S3150200E2940000000000000000000000000000000072
S3150200E2A40000000000000000000000000000000062
S3150200E2B40000000000000000000000000000000052
S3150200E2C40000000000000000000000000000000042
S3150200E2D40000000000000000000000000000000032
S3150200E2E40000000000000000000000000000000022
S3150200E2F40000000000000000000000000000000012
S3150200E3040000000000000000000000000000000001
S3150200E31400000000000000000000000000000000F1
S3150200E32400000000000000000000000000000000E1
S3150200E33400000000000000000000000000000000D1
S3150200E34400000000000000000000000000000000C1
S3150200E35400000000000000000000000000000000B1
S3150200E36400000000000000000000000000000000A1
S3150200E3740000000000000000000000000000000091
S3150200E3840000000000000000000000000000000081
S3150200E3940000000000000000000000000000000071
S3150200E3A40000000000000000000000000000000061
S3150200E3B40000000000000000000000000000000051
S3150200E3C40000000000000000000000000000000041
S3150200E3D40000000000000000000000000000000031
S3150200E3E40000000000000000000000000000000021
S3150200E3F40000000000000000000000000000000011
S3150200E4040000000000000000000000000000000000
S3150200E41400000000000000000000000000000000F0
S3150200E42400000000000000000000000000000000E0
S3150200E43400000000000000000000000000000000D0
S3150200E44400000000000000000000000000000000C0
S3150200E45400000000000000000000000000000000B0
S3150200E46400000000000000000000000000000000A0
S3150200E4740000000000000000000000000000000090
S3150200E4840000000000000000000000000000000080
S3150200E4940000000000000000000000000000000070
S3150200E4A40000000000000000000000000000000060
S3150200E4B40000000000000000000000000000000050
S3150200E4C40000000000000000000000000000000040
S3150200E4D40000000000000000000000000000000030
S3150200E4E40000000000000000000000000000000020
S3150200E4F40000000000000000000000000000000010
S3150200E50400000000000000000000000000000000FF
S3150200E51400000000000000000000000000000000EF
S3150200E52400000000000000000000000000000000DF
S3150200E53400000000000000000000000000000000CF
S3150200E54400000000000000000000000000000000BF
S3150200E55400000000000000000000000000000000AF
S3150200E564000000000000000000000000000000009F
S3150200E574000000000000000000000000000000008F
S3150200E584000000000000000000000000000000007F
S3150200E594000000000000000000000000000000006F
S3150200E5A4000000000000000000000000000000005F
S3150200E5B4000000000000000000000000000000004F
S3150200E5C4000000000000000000000000000000003F
S3150200E5D4000000000000000000000000000000002F
S3150200E5E4000000000000000000000000000000001F
S3150200E5F4000000000000000000000000000000000F
S3150200E60400000000000000000000000000000000FE
S3150200E61400000000000000000000000000000000EE
S3150200E62400000000000000000000000000000000DE
S3150200E63400000000000000000000000000000000CE
S3150200E64400000000000000000000000000000000BE
S3150200E65400000000000000000000000000000000AE
S3150200E664000000000000000000000000000000009E
S3150200E674000000000000000000000000000000008E
S3150200E684000000000000000000000000000000007E
S3150200E694000000000000000000000000000000006E
S3150200E6A4000000000000000000000000000000005E
S3150200E6B4000000000000000000000000000000004E
S3150200E6C4000000000000000000000000000000003E
S3150200E6D4000000000000000000000000000000002E
S3150200E6E4000000000000000000000000000000001E
S3150200E6F4000000000000000000000000000000000E
S3150200E70400000000000000000000000000000000FD
S3150200E71400000000000000000000000000000000ED
S3150200E72400000000000000000000000000000000DD
S3150200E73400000000000000000000000000000000CD
S3150200E74400000000000000000000000000000000BD
S3150200E75400000000000000000000000000000000AD
S3150200E764000000000000000000000000000000009D
S3150200E774000000000000000000000000000000008D
S3150200E784000000000000000000000000000000007D
S3150200E794000000000000000000000000000000006D
S3150200E7A4000000000000000000000000000000005D
S3150200E7B4000000000000000000000000000000004D
S3150200E7C4000000000000000000000000000000003D
S3150200E7D4000000000000000000000000000000002D
S3150200E7E4000000000000000000000000000000001D
S3150200E7F4000000000000000000000000000000000D
S3150200E80400000000000000000000000000000000FC
S3150200E81400000000000000000000000000000000EC
S3150200E82400000000000000000000000000000000DC
S3150200E83400000000000000000000000000000000CC
S3150200E84400000000000000000000000000000000BC
S3150200E85400000000000000000000000000000000AC
S3150200E864000000000000000000000000000000009C
S3150200E874000000000000000000000000000000008C
S3150200E884000000000000000000000000000000007C
S3150200E894000000000000000000000000000000006C
S3150200E8A4000000000000000000000000000000005C
S3150200E8B4000000000000000000000000000000004C
S3150200E8C4000000000000000000000000000000003C
S3150200E8D4000000000000000000000000000000002C
S3150200E8E4000000000000000000000000000000001C
S3150200E8F4000000000000000000000000000000000C
S3150200E90400000000000000000000000000000000FB
S3150200E91400000000000000000000000000000000EB
S3150200E92400000000000000000000000000000000DB
S3150200E93400000000000000000000000000000000CB
S3150200E94400000000000000000000000000000000BB
S3150200E95400000000000000000000000000000000AB
S3150200E964000000000000000000000000000000009B
S3150200E974000000000000000000000000000000008B
S3150200E984000000000000000000000000000000007B
S3150200E994000000000000000000000000000000006B
S3150200E9A4000000000000000000000000000000005B
S3150200E9B4000000000000000000000000000000004B
S3150200E9C4000000000000000000000000000000003B
S3150200E9D4000000000000000000000000000000002B
S3150200E9E4000000000000000000000000000000001B
S3150200E9F4000000000000000000000000000000000B
S3150200EA0400000000000000000000000000000000FA
S3150200EA1400000000000000000000000000000000EA
S3150200EA2400000000000000000000000000000000DA
S3150200EA3400000000000000000000000000000000CA
S3150200EA4400000000000000000000000000000000BA
S3150200EA5400000000000000000000000000000000AA
S3150200EA64000000000000000000000000000000009A
S3150200EA74000000000000000000000000000000008A
S3150200EA84000000000000000000000000000000007A
S3150200EA94000000000000000000000000000000006A
S3150200EAA4000000000000000000000000000000005A
S3150200EAB4000000000000000000000000000000004A
S3150200EAC4000000000000000000000000000000003A
S3150200EAD4000000000000000000000000000000002A
S3150200EAE4000000000000000000000000000000001A
S3150200EAF4000000000000000000000000000000000A
S3150200EB0400000000000000000000000000000000F9
S3150200EB1400000000000000000000000000000000E9
S3150200EB2400000000000000000000000000000000D9
S3150200EB3400000000000000000000000000000000C9
S3150200EB4400000000000000000000000000000000B9
S3150200EB5400000000000000000000000000000000A9
S3150200EB640000000000000000000000000000000099
S3150200EB740000000000000000000000000000000089
S3150200EB840000000000000000000000000000000079
S3150200EB940000000000000000000000000000000069
S3150200EBA40000000000000000000000000000000059
S3150200EBB40000000000000000000000000000000049
S3150200EBC40000000000000000000000000000000039
S3150200EBD40000000000000000000000000000000029
S3150200EBE40000000000000000000000000000000019
S3150200EBF40000000000000000000000000000000009
S3150200EC0400000000000000000000000000000000F8
S3150200EC1400000000000000000000000000000000E8
S3150200EC2400000000000000000000000000000000D8
S3150200EC3400000000000000000000000000000000C8
S3150200EC4400000000000000000000000000000000B8
S3150200EC5400000000000000000000000000000000A8
S3150200EC640000000000000000000000000000000098
S3150200EC740000000000000000000000000000000088
S3150200EC840000000000000000000000000000000078
S3150200EC940000000000000000000000000000000068
S3150200ECA40000000000000000000000000000000058
S3150200ECB40000000000000000000000000000000048
S3150200ECC40000000000000000000000000000000038
S3150200ECD40000000000000000000000000000000028
S3150200ECE40000000000000000000000000000000018
S3150200ECF40000000000000000000000000000000008
S3150200ED0400000000000000000000000000000000F7
S3150200ED1400000000000000000000000000000000E7
S3150200ED2400000000000000000000000000000000D7
S3150200ED3400000000000000000000000000000000C7
S3150200ED4400000000000000000000000000000000B7
S3150200ED5400000000000000000000000000000000A7
S3150200ED640000000000000000000000000000000097
S3150200ED740000000000000000000000000000000087
S3150200ED840000000000000000000000000000000077
S3150200ED940000000000000000000000000000000067
S3150200EDA40000000000000000000000000000000057
S3150200EDB40000000000000000000000000000000047
S3150200EDC40000000000000000000000000000000037
S3150200EDD40000000000000000000000000000000027
S3150200EDE40000000000000000000000000000000017
S3150200EDF40000000000000000000000000000000007
S3150200EE0400000000000000000000000000000000F6
S3150200EE1400000000000000000000000000000000E6
S3150200EE2400000000000000000000000000000000D6
S3150200EE3400000000000000000000000000000000C6
S3150200EE4400000000000000000000000000000000B6
S3150200EE5400000000000000000000000000000000A6
S3150200EE640000000000000000000000000000000096
S3150200EE740000000000000000000000000000000086
S3150200EE840000000000000000000000000000000076
S3150200EE940000000000000000000000000000000066
S3150200EEA40000000000000000000000000000000056
S3150200EEB40000000000000000000000000000000046
S3150200EEC40000000000000000000000000000000036
S3150200EED40000000000000000000000000000000026
S3150200EEE40000000000000000000000000000000016
S3150200EEF40000000000000000000000000000000006
S3150200EF0400000000000000000000000000000000F5
S3150200EF1400000000000000000000000000000000E5
S3150200EF2400000000000000000000000000000000D5
S3150200EF3400000000000000000000000000000000C5
S3150200EF4400000000000000000000000000000000B5
S3150200EF5400000000000000000000000000000000A5
S3150200EF640000000000000000000000000000000095
S3150200EF740000000000000000000000000000000085
S3150200EF840000000000000000000000000000000075
S3150200EF940000000000000000000000000000000065
S3150200EFA40000000000000000000000000000000055
S3150200EFB40000000000000000000000000000000045
S3150200EFC40000000000000000000000000000000035
S3150200EFD40000000000000000000000000000000025
S3150200EFE40000000000000000000000000000000015
S3150200EFF40000000000000000000000000000000005
S3150200F00400000000000000000000000000000000F4
S3150200F01400000000000000000000000000000000E4
S3150200F02400000000000000000000000000000000D4
S3150200F03400000000000000000000000000000000C4
S3150200F04400000000000000000000000000000000B4
S3150200F05400000000000000000000000000000000A4
S3150200F0640000000000000000000000000000000094
S3150200F0740000000000000000000000000000000084
S3150200F0840000000000000000000000000000000074
S3150200F0940000000000000000000000000000000064
S3150200F0A40000000000000000000000000000000054
S3150200F0B40000000000000000000000000000000044
S3150200F0C40000000000000000000000000000000034
S3150200F0D40000000000000000000000000000000024
S3150200F0E40000000000000000000000000000000014
S3150200F0F40000000000000000000000000000000004
S3150200F10400000000000000000000000000000000F3
S3150200F11400000000000000000000000000000000E3
S3150200F12400000000000000000000000000000000D3
S3150200F13400000000000000000000000000000000C3
S3150200F14400000000000000000000000000000000B3
S3150200F15400000000000000000000000000000000A3
S3150200F1640000000000000000000000000000000093
S3150200F1740000000000000000000000000000000083
S3150200F1840000000000000000000000000000000073
S3150200F1940000000000000000000000000000000063
S3150200F1A40000000000000000000000000000000053
S3150200F1B40000000000000000000000000000000043
S3150200F1C40000000000000000000000000000000033
S3150200F1D40000000000000000000000000000000023
S3150200F1E40000000000000000000000000000000013
S3150200F1F40000000000000000000000000000000003
S3150200F20400000000000000000000000000000000F2
S3150200F21400000000000000000000000000000000E2
S3150200F22400000000000000000000000000000000D2
S3150200F23400000000000000000000000000000000C2
S3150200F24400000000000000000000000000000000B2
S3150200F25400000000000000000000000000000000A2
S3150200F2640000000000000000000000000000000092
S3150200F2740000000000000000000000000000000082
S3150200F2840000000000000000000000000000000072
S3150200F2940000000000000000000000000000000062
S3150200F2A40000000000000000000000000000000052
S3150200F2B40000000000000000000000000000000042
S3150200F2C40000000000000000000000000000000032
S3150200F2D40000000000000000000000000000000022
S3150200F2E40000000000000000000000000000000012
S3150200F2F40000000000000000000000000000000002
S3150200F30400000000000000000000000000000000F1
S3150200F31400000000000000000000000000000000E1
S3150200F32400000000000000000000000000000000D1
S3150200F33400000000000000000000000000000000C1
S3150200F34400000000000000000000000000000000B1
S3150200F35400000000000000000000000000000000A1
S3150200F3640000000000000000000000000000000091
S3150200F3740000000000000000000000000000000081
S3150200F3840000000000000000000000000000000071
S3150200F3940000000000000000000000000000000061
S3150200F3A40000000000000000000000000000000051
S3150200F3B40000000000000000000000000000000041
S3150200F3C40000000000000000000000000000000031
S3150200F3D40000000000000000000000000000000021
S3150200F3E40000000000000000000000000000000011
S3150200F3F40000000000000000000000000000000001
S3150200F40400000000000000000000000000000000F0
S3150200F41400000000000000000000000000000000E0
S3150200F42400000000000000000000000000000000D0
S3150200F43400000000000000000000000000000000C0
S3150200F44400000000000000000000000000000000B0
S3150200F45400000000000000000000000000000000A0
S3150200F4640000000000000000000000000000000090
S3150200F4740000000000000000000000000000000080
S3150200F4840000000000000000000000000000000070
S3150200F4940000000000000000000000000000000060
S3150200F4A40000000000000000000000000000000050
S3150200F4B40000000000000000000000000000000040
S3150200F4C40000000000000000000000000000000030
S3150200F4D40000000000000000000000000000000020
S3150200F4E40000000000000000000000000000000010
S3150200F4F40000000000000000000000000000000000
S3150200F50400000000000000000000000000000000EF
S3150200F51400000000000000000000000000000000DF
S3150200F52400000000000000000000000000000000CF
S3150200F53400000000000000000000000000000000BF
S3150200F54400000000000000000000000000000000AF
S3150200F554000000000000000000000000000000009F
S3150200F564000000000000000000000000000000008F
S3150200F574000000000000000000000000000000007F
S3150200F584000000000000000000000000000000006F
S3150200F594000000000000000000000000000000005F
S3150200F5A4000000000000000000000000000000004F
S3150200F5B4000000000000000000000000000000003F
S3150200F5C4000000000000000000000000000000002F
S3150200F5D4000000000000000000000000000000001F
S3150200F5E4000000000000000000000000000000000F
S3150200F5F400000000000000000000000000000000FF
S3150200F60400000000000000000000000000000000EE
S3150200F61400000000000000000000000000000000DE
S3150200F62400000000000000000000000000000000CE
S3150200F63400000000000000000000000000000000BE
S3150200F64400000000000000000000000000000000AE
S3150200F654000000000000000000000000000000009E
S3150200F664000000000000000000000000000000008E
S3150200F674000000000000000000000000000000007E
S3150200F684000000000000000000000000000000006E
S3150200F694000000000000000000000000000000005E
S3150200F6A4000000000000000000000000000000004E
S3150200F6B4000000000000000000000000000000003E
S3150200F6C4000000000000000000000000000000002E
S3150200F6D4000000000000000000000000000000001E
S3150200F6E4000000000000000000000000000000000E
S3150200F6F400000000000000000000000000000000FE
S3150200F70400000000000000000000000000000000ED
S3150200F71400000000000000000000000000000000DD
S3150200F72400000000000000000000000000000000CD
S3150200F73400000000000000000000000000000000BD
S3150200F74400000000000000000000000000000000AD
S3150200F754000000000000000000000000000000009D
S3150200F764000000000000000000000000000000008D
S3150200F774000000000000000000000000000000007D
S3150200F784000000000000000000000000000000006D
S3150200F794000000000000000000000000000000005D
S3150200F7A4000000000000000000000000000000004D
S3150200F7B4000000000000000000000000000000003D
S3150200F7C4000000000000000000000000000000002D
S3150200F7D4000000000000000000000000000000001D
S3150200F7E4000000000000000000000000000000000D
S3150200F7F400000000000000000000000000000000FD
S3150200F80400000000000000000000000000000000EC
S3150200F81400000000000000000000000000000000DC
S3150200F82400000000000000000000000000000000CC
S3150200F83400000000000000000000000000000000BC
S3150200F84400000000000000000000000000000000AC
S3150200F854000000000000000000000000000000009C
S3150200F864000000000000000000000000000000008C
S3150200F874000000000000000000000000000000007C
S3150200F884000000000000000000000000000000006C
S3150200F894000000000000000000000000000000005C
S3150200F8A4000000000000000000000000000000004C
S3150200F8B4000000000000000000000000000000003C
S3150200F8C4000000000000000000000000000000002C
S3150200F8D4000000000000000000000000000000001C
S3150200F8E4000000000000000000000000000000000C
S3150200F8F400000000000000000000000000000000FC
S3150200F90400000000000000000000000000000000EB
S3150200F91400000000000000000000000000000000DB
S3150200F92400000000000000000000000000000000CB
S3150200F93400000000000000000000000000000000BB
S3150200F94400000000000000000000000000000000AB
S3150200F954000000000000000000000000000000009B
S3150200F964000000000000000000000000000000008B
S3150200F974000000000000000000000000000000007B
S3150200F984000000000000000000000000000000006B
S3150200F994000000000000000000000000000000005B
S3150200F9A4000000000000000000000000000000004B
S3150200F9B4000000000000000000000000000000003B
S3150200F9C4000000000000000000000000000000002B
S3150200F9D4000000000000000000000000000000001B
S3150200F9E4000000000000000000000000000000000B
S3150200F9F400000000000000000000000000000000FB
S3150200FA0400000000000000000000000000000000EA
S3150200FA1400000000000000000000000000000000DA
S3150200FA2400000000000000000000000000000000CA
S3150200FA3400000000000000000000000000000000BA
S3150200FA4400000000000000000000000000000000AA
S3150200FA54000000000000000000000000000000009A
S3150200FA64000000000000000000000000000000008A
S3150200FA74000000000000000000000000000000007A
S3150200FA84000000000000000000000000000000006A
S3150200FA94000000000000000000000000000000005A
S3150200FAA4000000000000000000000000000000004A
S3150200FAB4000000000000000000000000000000003A
S3150200FAC4000000000000000000000000000000002A
S3150200FAD4000000000000000000000000000000001A
S3150200FAE4000000000000000000000000000000000A
S3150200FAF400000000000000000000000000000000FA
S3150200FB0400000000000000000000000000000000E9
S3150200FB1400000000000000000000000000000000D9
S3150200FB2400000000000000000000000000000000C9
S3150200FB3400000000000000000000000000000000B9
S3150200FB4400000000000000000000000000000000A9
S3150200FB540000000000000000000000000000000099
S3150200FB640000000000000000000000000000000089
S3150200FB740000000000000000000000000000000079
S3150200FB840000000000000000000000000000000069
S3150200FB940000000000000000000000000000000059
S3150200FBA40000000000000000000000000000000049
S3150200FBB40000000000000000000000000000000039
S3150200FBC40000000000000000000000000000000029
S3150200FBD40000000000000000000000000000000019
S3150200FBE40000000000000000000000000000000009
S3150200FBF400000000000000000000000000000000F9
S3150200FC0400000000000000000000000000000000E8
S3150200FC1400000000000000000000000000000000D8
S3150200FC2400000000000000000000000000000000C8
S3150200FC3400000000000000000000000000000000B8
S3150200FC4400000000000000000000000000000000A8
S3150200FC540000000000000000000000000000000098
S3150200FC640000000000000000000000000000000088
S3150200FC740000000000000000000000000000000078
S3150200FC840000000000000000000000000000000068
S3150200FC940000000000000000000000000000000058
S3150200FCA40000000000000000000000000000000048
S3150200FCB40000000000000000000000000000000038
S3150200FCC40000000000000000000000000000000028
S3150200FCD40000000000000000000000000000000018
S3150200FCE40000000000000000000000000000000008
S3150200FCF400000000000000000000000000000000F8
S3150200FD0400000000000000000000000000000000E7
S3150200FD1400000000000000000000000000000000D7
S3150200FD2400000000000000000000000000000000C7
S3150200FD3400000000000000000000000000000000B7
S3150200FD4400000000000000000000000000000000A7
S3150200FD540000000000000000000000000000000097
S3150200FD640000000000000000000000000000000087
S3150200FD740000000000000000000000000000000077
S3150200FD840000000000000000000000000000000067
S3150200FD940000000000000000000000000000000057
S3150200FDA40000000000000000000000000000000047
S3150200FDB40000000000000000000000000000000037
S3150200FDC40000000000000000000000000000000027
S3150200FDD40000000000000000000000000000000017
S3150200FDE40000000000000000000000000000000007
S3150200FDF400000000000000000000000000000000F7
S3150200FE0400000000000000000000000000000000E6
S3150200FE1400000000000000000000000000000000D6
S3150200FE2400000000000000000000000000000000C6
S3150200FE3400000000000000000000000000000000B6
S3150200FE4400000000000000000000000000000000A6
S3150200FE540000000000000000000000000000000096
S3150200FE640000000000000000000000000000000086
S3150200FE740000000000000000000000000000000076
S3150200FE840000000000000000000000000000000066
S3150200FE940000000000000000000000000000000056
S3150200FEA40000000000000000000000000000000046
S3150200FEB40000000000000000000000000000000036
S3150200FEC40000000000000000000000000000000026
S3150200FED40000000000000000000000000000000016
S3150200FEE40000000000000000000000000000000006
S3150200FEF400000000000000000000000000000000F6
S3150200FF0400000000000000000000000000000000E5
S3150200FF1400000000000000000000000000000000D5
S3150200FF2400000000000000000000000000000000C5
S3150200FF3400000000000000000000000000000000B5
S3150200FF4400000000000000000000000000000000A5
S3150200FF540000000000000000000000000000000095
S3150200FF640000000000000000000000000000000085
S3150200FF740000000000000000000000000000000075
S3150200FF840000000000000000000000000000000065
S3150200FF940000000000000000000000000000000055
S3150200FFA40000000000000000000000000000000045
S3150200FFB40000000000000000000000000000000035
S3150200FFC40000000000000000000000000000000025
S3150200FFD40000000000000000000000000000000015
S3150200FFE40000000000000000000000000000000005
S3150200FFF400000000000000000000000000000000F5
S3150201000400000000000000000000000000000000E3
S3150201001400000000000000000000000000000000D3
S3150201002400000000000000000000000000000000C3
S3150201003400000000000000000000000000000000B3
S3150201004400000000000000000000000000000000A3
S315020100540000000000000000000000000000000093
S315020100640000000000000000000000000000000083
S315020100740000000000000000000000000000000073
S315020100840000000000000000000000000000000063
S315020100940000000000000000000000000000000053
S315020100A40000000000000000000000000000000043
S315020100B40000000000000000000000000000000033
S315020100C40000000000000000000000000000000023
S315020100D40000000000000000000000000000000013
S315020100E40000000000000000000000000000000003
S315020100F400000000000000000000000000000000F3
S3150201010400000000000000000000000000000000E2
S3150201011400000000000000000000000000000000D2
S3150201012400000000000000000000000000000000C2
S3150201013400000000000000000000000000000000B2
S3150201014400000000000000000000000000000000A2
S315020101540000000000000000000000000000000092
S315020101640000000000000000000000000000000082
S315020101740000000000000000000000000000000072
S315020101840000000000000000000000000000000062
S315020101940000000000000000000000000000000052
S315020101A40000000000000000000000000000000042
S315020101B40000000000000000000000000000000032
S315020101C40000000000000000000000000000000022
S315020101D40000000000000000000000000000000012
S315020101E40000000000000000000000000000000002
S315020101F400000000000000000000000000000000F2
S3150201020400000000000000000000000000000000E1
S3150201021400000000000000000000000000000000D1
S3150201022400000000000000000000000000000000C1
S3150201023400000000000000000000000000000000B1
S3150201024400000000000000000000000000000000A1
S315020102540000000000000000000000000000000091
S315020102640000000000000000000000000000000081
S315020102740000000000000000000000000000000071
S315020102840000000000000000000000000000000061
S315020102940000000000000000000000000000000051
S315020102A40000000000000000000000000000000041
S315020102B40000000000000000000000000000000031
S315020102C40000000000000000000000000000000021
S315020102D40000000000000000000000000000000011
S315020102E40000000000000000000000000000000001
S315020102F400000000000000000000000000000000F1
S3150201030400000000000000000000000000000000E0
S3150201031400000000000000000000000000000000D0
S3150201032400000000000000000000000000000000C0
S3150201033400000000000000000000000000000000B0
S3150201034400000000000000000000000000000000A0
S315020103540000000000000000000000000000000090
S315020103640000000000000000000000000000000080
S315020103740000000000000000000000000000000070
S315020103840000000000000000000000000000000060
S315020103940000000000000000000000000000000050
S315020103A40000000000000000000000000000000040
S315020103B40000000000000000000000000000000030
S315020103C40000000000000000000000000000000020
S315020103D40000000000000000000000000000000010
S315020103E40000000000000000000000000000000000
S315020103F400000000000000000000000000000000F0
S3150201040400000000000000000000000000000000DF
S3150201041400000000000000000000000000000000CF
S3150201042400000000000000000000000000000000BF
S3150201043400000000000000000000000000000000AF
S31502010444000000000000000000000000000000009F
S31502010454000000000000000000000000000000008F
S31502010464000000000000000000000000000000007F
S31502010474000000000000000000000000000000006F
S31502010484000000000000000000000000000000005F
S31502010494000000000000000000000000000000004F
S315020104A4000000000000000000000000000000003F
S315020104B4000000000000000000000000000000002F
S315020104C4000000000000000000000000000000001F
S315020104D4000000000000000000000000000000000F
S315020104E400000000000000000000000000000000FF
S315020104F400000000000000000000000000000000EF
S3150201050400000000000000000000000000000000DE
S3150201051400000000000000000000000000000000CE
S3150201052400000000000000000000000000000000BE
S3150201053400000000000000000000000000000000AE
S31502010544000000000000000000000000000000009E
S31502010554000000000000000000000000000000008E
S31502010564000000000000000000000000000000007E
S31502010574000000000000000000000000000000006E
S31502010584000000000000000000000000000000005E
S31502010594000000000000000000000000000000004E
S315020105A4000000000000000000000000000000003E
S315020105B4000000000000000000000000000000002E
S315020105C4000000000000000000000000000000001E
S315020105D4000000000000000000000000000000000E
S315020105E400000000000000000000000000000000FE
S315020105F400000000000000000000000000000000EE
S3150201060400000000000000000000000000000000DD
S3150201061400000000000000000000000000000000CD
S3150201062400000000000000000000000000000000BD
S3150201063400000000000000000000000000000000AD
S31502010644000000000000000000000000000000009D
S31502010654000000000000000000000000000000008D
S31502010664000000000000000000000000000000007D
S31502010674000000000000000000000000000000006D
S31502010684000000000000000000000000000000005D
S31502010694000000000000000000000000000000004D
S315020106A4000000000000000000000000000000003D
S315020106B4000000000000000000000000000000002D
S315020106C4000000000000000000000000000000001D
S315020106D4000000000000000000000000000000000D
S315020106E400000000000000000000000000000000FD
S315020106F400000000000000000000000000000000ED
S3150201070400000000000000000000000000000000DC
S3150201071400000000000000000000000000000000CC
S3150201072400000000000000000000000000000000BC
S3150201073400000000000000000000000000000000AC
S31502010744000000000000000000000000000000009C
S31502010754000000000000000000000000000000008C
S31502010764000000000000000000000000000000007C
S31502010774000000000000000000000000000000006C
S31502010784000000000000000000000000000000005C
S31502010794000000000000000000000000000000004C
S315020107A4000000000000000000000000000000003C
S315020107B4000000000000000000000000000000002C
S315020107C4000000000000000000000000000000001C
S315020107D4000000000000000000000000000000000C
S315020107E400000000000000000000000000000000FC
S315020107F400000000000000000000000000000000EC
S3150201080400000000000000000000000000000000DB
S3150201081400000000000000000000000000000000CB
S3150201082400000000000000000000000000000000BB
S3150201083400000000000000000000000000000000AB
S31502010844000000000000000000000000000000009B
S31502010854000000000000000000000000000000008B
S31502010864000000000000000000000000000000007B
S31502010874000000000000000000000000000000006B
S31502010884000000000000000000000000000000005B
S31502010894000000000000000000000000000000004B
S315020108A4000000000000000000000000000000003B
S315020108B4000000000000000000000000000000002B
S315020108C4000000000000000000000000000000001B
S315020108D4000000000000000000000000000000000B
S315020108E400000000000000000000000000000000FB
S315020108F400000000000000000000000000000000EB
S3150201090400000000000000000000000000000000DA
S3150201091400000000000000000000000000000000CA
S3150201092400000000000000000000000000000000BA
S3150201093400000000000000000000000000000000AA
S31502010944000000000000000000000000000000009A
S31502010954000000000000000000000000000000008A
S31502010964000000000000000000000000000000007A
S31502010974000000000000000000000000000000006A
S31502010984000000000000000000000000000000005A
S31502010994000000000000000000000000000000004A
S315020109A4000000000000000000000000000000003A
S315020109B4000000000000000000000000000000002A
S315020109C4000000000000000000000000000000001A
S315020109D4000000000000000000000000000000000A
S315020109E400000000000000000000000000000000FA
S315020109F400000000000000000000000000000000EA
S31502010A0400000000000000000000000000000000D9
S31502010A1400000000000000000000000000000000C9
S31502010A2400000000000000000000000000000000B9
S31502010A3400000000000000000000000000000000A9
S31502010A440000000000000000000000000000000099
S31502010A540000000000000000000000000000000089
S31502010A640000000000000000000000000000000079
S31502010A740000000000000000000000000000000069
S31502010A840000000000000000000000000000000059
S31502010A940000000000000000000000000000000049
S31502010AA40000000000000000000000000000000039
S31502010AB40000000000000000000000000000000029
S31502010AC40000000000000000000000000000000019
S31502010AD40000000000000000000000000000000009
S31502010AE400000000000000000000000000000000F9
S31502010AF400000000000000000000000000000000E9
S31502010B0400000000000000000000000000000000D8
S31502010B1400000000000000000000000000000000C8
S31502010B2400000000000000000000000000000000B8
S31502010B3400000000000000000000000000000000A8
S31502010B440000000000000000000000000000000098
S31502010B540000000000000000000000000000000088
S31502010B640000000000000000000000000000000078
S31502010B740000000000000000000000000000000068
S31502010B840000000000000000000000000000000058
S31502010B940000000000000000000000000000000048
S31502010BA40000000000000000000000000000000038
S31502010BB40000000000000000000000000000000028
S31502010BC40000000000000000000000000000000018
S31502010BD40000000000000000000000000000000008
S31502010BE400000000000000000000000000000000F8
S31502010BF400000000000000000000000000000000E8
S31502010C0400000000000000000000000000000000D7
S31502010C1400000000000000000000000000000000C7
S31502010C2400000000000000000000000000000000B7
S31502010C3400000000000000000000000000000000A7
S31502010C440000000000000000000000000000000097
S31502010C540000000000000000000000000000000087
S31502010C640000000000000000000000000000000077
S31502010C740000000000000000000000000000000067
S31502010C840000000000000000000000000000000057
S31502010C940000000000000000000000000000000047
S31502010CA40000000000000000000000000000000037
S31502010CB40000000000000000000000000000000027
S31502010CC40000000000000000000000000000000017
S31502010CD40000000000000000000000000000000007
S31502010CE400000000000000000000000000000000F7
S31502010CF400000000000000000000000000000000E7
S31502010D0400000000000000000000000000000000D6
S31502010D1400000000000000000000000000000000C6
S31502010D2400000000000000000000000000000000B6
S31502010D3400000000000000000000000000000000A6
S31502010D440000000000000000000000000000000096
S31502010D540000000000000000000000000000000086
S31502010D640000000000000000000000000000000076
S31502010D740000000000000000000000000000000066
S31502010D840000000000000000000000000000000056
S31502010D940000000000000000000000000000000046
S31502010DA40000000000000000000000000000000036
S31502010DB40000000000000000000000000000000026
S31502010DC40000000000000000000000000000000016
S31502010DD40000000000000000000000000000000006
S31502010DE400000000000000000000000000000000F6
S31502010DF400000000000000000000000000000000E6
S31502010E0400000000000000000000000000000000D5
S31502010E1400000000000000000000000000000000C5
S31502010E2400000000000000000000000000000000B5
S31502010E3400000000000000000000000000000000A5
S31502010E440000000000000000000000000000000095
S31502010E540000000000000000000000000000000085
S31502010E640000000000000000000000000000000075
S31502010E740000000000000000000000000000000065
S31502010E840000000000000000000000000000000055
S31502010E940000000000000000000000000000000045
S31502010EA40000000000000000000000000000000035
S31502010EB40000000000000000000000000000000025
S31502010EC40000000000000000000000000000000015
S31502010ED40000000000000000000000000000000005
S31502010EE400000000000000000000000000000000F5
S31502010EF400000000000000000000000000000000E5
S31502010F0400000000000000000000000000000000D4
S31502010F1400000000000000000000000000000000C4
S31502010F2400000000000000000000000000000000B4
S31502010F3400000000000000000000000000000000A4
S31502010F440000000000000000000000000000000094
S31502010F540000000000000000000000000000000084
S31502010F640000000000000000000000000000000074
S31502010F740000000000000000000000000000000064
S31502010F840000000000000000000000000000000054
S31502010F940000000000000000000000000000000044
S31502010FA40000000000000000000000000000000034
S31502010FB40000000000000000000000000000000024
S31502010FC40000000000000000000000000000000014
S31502010FD40000000000000000000000000000000004
S31502010FE400000000000000000000000000000000F4
S31502010FF400000000000000000000000000000000E4
S3150201100400000000000000000000000000000000D3
S3150201101400000000000000000000000000000000C3
S3150201102400000000000000000000000000000000B3
S3150201103400000000000000000000000000000000A3
S315020110440000000000000000000000000000000093
S315020110540000000000000000000000000000000083
S315020110640000000000000000000000000000000073
S315020110740000000000000000000000000000000063
S315020110840000000000000000000000000000000053
S315020110940000000000000000000000000000000043
S315020110A40000000000000000000000000000000033
S315020110B40000000000000000000000000000000023
S315020110C40000000000000000000000000000000013
S315020110D40000000000000000000000000000000003
S315020110E400000000000000000000000000000000F3
S315020110F400000000000000000000000000000000E3
S3150201110400000000000000000000000000000000D2
S3150201111400000000000000000000000000000000C2
S3150201112400000000000000000000000000000000B2
S3150201113400000000000000000000000000000000A2
S315020111440000000000000000000000000000000092
S315020111540000000000000000000000000000000082
S315020111640000000000000000000000000000000072
S315020111740000000000000000000000000000000062
S315020111840000000000000000000000000000000052
S315020111940000000000000000000000000000000042
S315020111A40000000000000000000000000000000032
S315020111B40000000000000000000000000000000022
S315020111C40000000000000000000000000000000012
S315020111D40000000000000000000000000000000002
S315020111E400000000000000000000000000000000F2
S315020111F400000000000000000000000000000000E2
S3150201120400000000000000000000000000000000D1
S3150201121400000000000000000000000000000000C1
S3150201122400000000000000000000000000000000B1
S3150201123400000000000000000000000000000000A1
S315020112440000000000000000000000000000000091
S315020112540000000000000000000000000000000081
S315020112640000000000000000000000000000000071
S315020112740000000000000000000000000000000061
S315020112840000000000000000000000000000000051
S315020112940000000000000000000000000000000041
S315020112A40000000000000000000000000000000031
S315020112B40000000000000000000000000000000021
S315020112C40000000000000000000000000000000011
S315020112D40000000000000000000000000000000001
S315020112E400000000000000000000000000000000F1
S315020112F400000000000000000000000000000000E1
S3150201130400000000000000000000000000000000D0
S3150201131400000000000000000000000000000000C0
S3150201132400000000000000000000000000000000B0
S3150201133400000000000000000000000000000000A0
S315020113440000000000000000000000000000000090
S315020113540000000000000000000000000000000080
S315020113640000000000000000000000000000000070
S315020113740000000000000000000000000000000060
S315020113840000000000000000000000000000000050
S315020113940000000000000000000000000000000040
S315020113A40000000000000000000000000000000030
S315020113B40000000000000000000000000000000020
S315020113C40000000000000000000000000000000010
S315020113D40000000000000000000000000000000000
S315020113E400000000000000000000000000000000F0
S315020113F400000000000000000000000000000000E0
S3150201140400000000000000000000000000000000CF
S3150201141400000000000000000000000000000000BF
S3150201142400000000000000000000000000000000AF
S31502011434000000000000000000000000000000009F
S31502011444000000000000000000000000000000008F
S31502011454000000000000000000000000000000007F
S31502011464000000000000000000000000000000006F
S31502011474000000000000000000000000000000005F
S31502011484000000000000000000000000000000004F
S31502011494000000000000000000000000000000003F
S315020114A4000000000000000000000000000000002F
S315020114B4000000000000000000000000000000001F
S315020114C4000000000000000000000000000000000F
S315020114D400000000000000000000000000000000FF
S315020114E400000000000000000000000000000000EF
S315020114F400000000000000000000000000000000DF
S3150201150400000000000000000000000000000000CE
S3150201151400000000000000000000000000000000BE
S3150201152400000000000000000000000000000000AE
S31502011534000000000000000000000000000000009E
S31502011544000000000000000000000000000000008E
S31502011554000000000000000000000000000000007E
S31502011564000000000000000000000000000000006E
S31502011574000000000000000000000000000000005E
S31502011584000000000000000000000000000000004E
S31502011594000000000000000000000000000000003E
S315020115A4000000000000000000000000000000002E
S315020115B4000000000000000000000000000000001E
S315020115C4000000000000000000000000000000000E
S315020115D400000000000000000000000000000000FE
S315020115E400000000000000000000000000000000EE
S315020115F400000000000000000000000000000000DE
S3150201160400000000000000000000000000000000CD
S3150201161400000000000000000000000000000000BD
S3150201162400000000000000000000000000000000AD
S31502011634000000000000000000000000000000009D
S31502011644000000000000000000000000000000008D
S31502011654000000000000000000000000000000007D
S31502011664000000000000000000000000000000006D
S31502011674000000000000000000000000000000005D
S31502011684000000000000000000000000000000004D
S31502011694000000000000000000000000000000003D
S315020116A4000000000000000000000000000000002D
S315020116B4000000000000000000000000000000001D
S315020116C4000000000000000000000000000000000D
S315020116D400000000000000000000000000000000FD
S315020116E400000000000000000000000000000000ED
S315020116F400000000000000000000000000000000DD
S3150201170400000000000000000000000000000000CC
S3150201171400000000000000000000000000000000BC
S3150201172400000000000000000000000000000000AC
S31502011734000000000000000000000000000000009C
S31502011744000000000000000000000000000000008C
S31502011754000000000000000000000000000000007C
S31502011764000000000000000000000000000000006C
S31502011774000000000000000000000000000000005C
S31502011784000000000000000000000000000000004C
S31502011794000000000000000000000000000000003C
S315020117A4000000000000000000000000000000002C
S315020117B4000000000000000000000000000000001C
S315020117C4000000000000000000000000000000000C
S315020117D400000000000000000000000000000000FC
S315020117E400000000000000000000000000000000EC
S315020117F400000000000000000000000000000000DC
S3150201180400000000000000000000000000000000CB
S3150201181400000000000000000000000000000000BB
S3150201182400000000000000000000000000000000AB
S31502011834000000000000000000000000000000009B
S31502011844000000000000000000000000000000008B
S31502011854000000000000000000000000000000007B
S31502011864000000000000000000000000000000006B
S31502011874000000000000000000000000000000005B
S31502011884000000000000000000000000000000004B
S31502011894000000000000000000000000000000003B
S315020118A4000000000000000000000000000000002B
S315020118B4000000000000000000000000000000001B
S315020118C4000000000000000000000000000000000B
S315020118D400000000000000000000000000000000FB
S315020118E400000000000000000000000000000000EB
S315020118F400000000000000000000000000000000DB
S3150201190400000000000000000000000000000000CA
S3150201191400000000000000000000000000000000BA
S3150201192400000000000000000000000000000000AA
S31502011934000000000000000000000000000000009A
S31502011944000000000000000000000000000000008A
S31502011954000000000000000000000000000000007A
S31502011964000000000000000000000000000000006A
S31502011974000000000000000000000000000000005A
S31502011984000000000000000000000000000000004A
S31502011994000000000000000000000000000000003A
S315020119A4000000000000000000000000000000002A
S315020119B4000000000000000000000000000000001A
S315020119C4000000000000000000000000000000000A
S315020119D400000000000000000000000000000000FA
S315020119E400000000000000000000000000000000EA
S315020119F400000000000000000000000000000000DA
S31502011A0400000000000000000000000000000000C9
S31502011A1400000000000000000000000000000000B9
S31502011A2400000000000000000000000000000000A9
S31502011A340000000000000000000000000000000099
S31502011A440000000000000000000000000000000089
S31502011A540000000000000000000000000000000079
S31502011A640000000000000000000000000000000069
S31502011A740000000000000000000000000000000059
S31502011A840000000000000000000000000000000049
S31502011A940000000000000000000000000000000039
S31502011AA40000000000000000000000000000000029
S31502011AB40000000000000000000000000000000019
S31502011AC40000000000000000000000000000000009
S31502011AD400000000000000000000000000000000F9
S31502011AE400000000000000000000000000000000E9
S31502011AF400000000000000000000000000000000D9
S31502011B0400000000000000000000000000000000C8
S31502011B1400000000000000000000000000000000B8
S31502011B2400000000000000000000000000000000A8
S31502011B340000000000000000000000000000000098
S31502011B440000000000000000000000000000000088
S31502011B540000000000000000000000000000000078
S31502011B640000000000000000000000000000000068
S31502011B740000000000000000000000000000000058
S31502011B840000000000000000000000000000000048
S31502011B940000000000000000000000000000000038
S31502011BA40000000000000000000000000000000028
S31502011BB40000000000000000000000000000000018
S31502011BC40000000000000000000000000000000008
S31502011BD400000000000000000000000000000000F8
S31502011BE400000000000000000000000000000000E8
S31502011BF400000000000000000000000000000000D8
S31502011C0400000000000000000000000000000000C7
S31502011C1400000000000000000000000000000000B7
S31502011C2400000000000000000000000000000000A7
S31502011C340000000000000000000000000000000097
S31502011C440000000000000000000000000000000087
S31502011C540000000000000000000000000000000077
S31502011C640000000000000000000000000000000067
S31502011C740000000000000000000000000000000057
S31502011C840000000000000000000000000000000047
S31502011C940000000000000000000000000000000037
S31502011CA40000000000000000000000000000000027
S31502011CB40000000000000000000000000000000017
S31502011CC40000000000000000000000000000000007
S31502011CD400000000000000000000000000000000F7
S31502011CE400000000000000000000000000000000E7
S31502011CF400000000000000000000000000000000D7
S31502011D0400000000000000000000000000000000C6
S31502011D1400000000000000000000000000000000B6
S31502011D2400000000000000000000000000000000A6
S31502011D340000000000000000000000000000000096
S31502011D440000000000000000000000000000000086
S31502011D540000000000000000000000000000000076
S31502011D640000000000000000000000000000000066
S31502011D740000000000000000000000000000000056
S31502011D840000000000000000000000000000000046
S31502011D940000000000000000000000000000000036
S31502011DA40000000000000000000000000000000026
S31502011DB40000000000000000000000000000000016
S31502011DC40000000000000000000000000000000006
S31502011DD400000000000000000000000000000000F6
S31502011DE400000000000000000000000000000000E6
S31502011DF400000000000000000000000000000000D6
S31502011E0400000000000000000000000000000000C5
S31502011E1400000000000000000000000000000000B5
S31502011E2400000000000000000000000000000000A5
S31502011E340000000000000000000000000000000095
S31502011E440000000000000000000000000000000085
S31502011E540000000000000000000000000000000075
S31502011E640000000000000000000000000000000065
S31502011E740000000000000000000000000000000055
S31502011E840000000000000000000000000000000045
S31502011E940000000000000000000000000000000035
S31502011EA40000000000000000000000000000000025
S31502011EB40000000000000000000000000000000015
S31502011EC40000000000000000000000000000000005
S31502011ED400000000000000000000000000000000F5
S31502011EE400000000000000000000000000000000E5
S31502011EF400000000000000000000000000000000D5
S31502011F0400000000000000000000000000000000C4
S31502011F1400000000000000000000000000000000B4
S31502011F2400000000000000000000000000000000A4
S31502011F340000000000000000000000000000000094
S31502011F440000000000000000000000000000000084
S31502011F540000000000000000000000000000000074
S31502011F640000000000000000000000000000000064
S31502011F740000000000000000000000000000000054
S31502011F840000000000000000000000000000000044
S31502011F940000000000000000000000000000000034
S31502011FA40000000000000000000000000000000024
S31502011FB40000000000000000000000000000000014
S31502011FC40000000000000000000000000000000004
S31502011FD400000000000000000000000000000000F4
S31502011FE400000000000000000000000000000000E4
S31502011FF400000000000000000000000000000000D4
S3150201200400000000000000000000000000000000C3
S3150201201400000000000000000000000000000000B3
S3150201202400000000000000000000000000000000A3
S315020120340000000000000000000000000000000093
S315020120440000000000000000000000000000000083
S315020120540000000000000000000000000000000073
S315020120640000000000000000000000000000000063
S315020120740000000000000000000000000000000053
S315020120840000000000000000000000000000000043
S315020120940000000000000000000000000000000033
S315020120A40000000000000000000000000000000023
S315020120B40000000000000000000000000000000013
S315020120C40000000000000000000000000000000003
S315020120D400000000000000000000000000000000F3
S315020120E400000000000000000000000000000000E3
S315020120F400000000000000000000000000000000D3
S3150201210400000000000000000000000000000000C2
S3150201211400000000000000000000000000000000B2
S3150201212400000000000000000000000000000000A2
S315020121340000000000000000000000000000000092
S315020121440000000000000000000000000000000082
S315020121540000000000000000000000000000000072
S315020121640000000000000000000000000000000062
S315020121740000000000000000000000000000000052
S315020121840000000000000000000000000000000042
S315020121940000000000000000000000000000000032
S315020121A40000000000000000000000000000000022
S315020121B40000000000000000000000000000000012
S315020121C40000000000000000000000000000000002
S315020121D400000000000000000000000000000000F2
S315020121E400000000000000000000000000000000E2
S315020121F400000000000000000000000000000000D2
S3150201220400000000000000000000000000000000C1
S3150201221400000000000000000000000000000000B1
S3150201222400000000000000000000000000000000A1
S315020122340000000000000000000000000000000091
S315020122440000000000000000000000000000000081
S315020122540000000000000000000000000000000071
S315020122640000000000000000000000000000000061
S315020122740000000000000000000000000000000051
S315020122840000000000000000000000000000000041
S315020122940000000000000000000000000000000031
S315020122A40000000000000000000000000000000021
S315020122B40000000000000000000000000000000011
S315020122C40000000000000000000000000000000001
S315020122D400000000000000000000000000000000F1
S315020122E400000000000000000000000000000000E1
S315020122F400000000000000000000000000000000D1
S3150201230400000000000000000000000000000000C0
S3150201231400000000000000000000000000000000B0
S3150201232400000000000000000000000000000000A0
S315020123340000000000000000000000000000000090
S315020123440000000000000000000000000000000080
S315020123540000000000000000000000000000000070
S315020123640000000000000000000000000000000060
S315020123740000000000000000000000000000000050
S315020123840000000000000000000000000000000040
S315020123940000000000000000000000000000000030
S315020123A40000000000000000000000000000000020
S315020123B40000000000000000000000000000000010
S315020123C40000000000000000000000000000000000
S315020123D400000000000000000000000000000000F0
S315020123E400000000000000000000000000000000E0
S315020123F400000000000000000000000000000000D0
S3150201240400000000000000000000000000000000BF
S3150201241400000000000000000000000000000000AF
S31502012424000000000000000000000000000000009F
S31502012434000000000000000000000000000000008F
S31502012444000000000000000000000000000000007F
S31502012454000000000000000000000000000000006F
S31502012464000000000000000000000000000000005F
S31502012474000000000000000000000000000000004F
S31502012484000000000000000000000000000000003F
S31502012494000000000000000000000000000000002F
S315020124A4000000000000000000000000000000001F
S315020124B4000000000000000000000000000000000F
S315020124C400000000000000000000000000000000FF
S315020124D400000000000000000000000000000000EF
S315020124E400000000000000000000000000000000DF
S315020124F400000000000000000000000000000000CF
S3150201250400000000000000000000000000000000BE
S3150201251400000000000000000000000000000000AE
S31502012524000000000000000000000000000000009E
S31502012534000000000000000000000000000000008E
S31502012544000000000000000000000000000000007E
S31502012554000000000000000000000000000000006E
S31502012564000000000000000000000000000000005E
S31502012574000000000000000000000000000000004E
S31502012584000000000000000000000000000000003E
S31502012594000000000000000000000000000000002E
S315020125A4000000000000000000000000000000001E
S315020125B4000000000000000000000000000000000E
S315020125C400000000000000000000000000000000FE
S315020125D400000000000000000000000000000000EE
S315020125E400000000000000000000000000000000DE
S315020125F400000000000000000000000000000000CE
S3150201260400000000000000000000000000000000BD
S3150201261400000000000000000000000000000000AD
S31502012624000000000000000000000000000000009D
S31502012634000000000000000000000000000000008D
S31502012644000000000000000000000000000000007D
S31502012654000000000000000000000000000000006D
S31502012664000000000000000000000000000000005D
S31502012674000000000000000000000000000000004D
S31502012684000000000000000000000000000000003D
S31502012694000000000000000000000000000000002D
S315020126A4000000000000000000000000000000001D
S315020126B4000000000000000000000000000000000D
S315020126C400000000000000000000000000000000FD
S315020126D400000000000000000000000000000000ED
S315020126E400000000000000000000000000000000DD
S315020126F400000000000000000000000000000000CD
S3150201270400000000000000000000000000000000BC
S3150201271400000000000000000000000000000000AC
S31502012724000000000000000000000000000000009C
S31502012734000000000000000000000000000000008C
S31502012744000000000000000000000000000000007C
S31502012754000000000000000000000000000000006C
S31502012764000000000000000000000000000000005C
S31502012774000000000000000000000000000000004C
S31502012784000000000000000000000000000000003C
S31502012794000000000000000000000000000000002C
S315020127A4000000000000000000000000000000001C
S315020127B4000000000000000000000000000000000C
S315020127C400000000000000000000000000000000FC
S315020127D400000000000000000000000000000000EC
S315020127E400000000000000000000000000000000DC
S315020127F400000000000000000000000000000000CC
S3150201280400000000000000000000000000000000BB
S3150201281400000000000000000000000000000000AB
S31502012824000000000000000000000000000000009B
S31502012834000000000000000000000000000000008B
S31502012844000000000000000000000000000000007B
S31502012854000000000000000000000000000000006B
S31502012864000000000000000000000000000000005B
S31502012874000000000000000000000000000000004B
S31502012884000000000000000000000000000000003B
S31502012894000000000000000000000000000000002B
S315020128A4000000000000000000000000000000001B
S315020128B4000000000000000000000000000000000B
S315020128C400000000000000000000000000000000FB
S315020128D400000000000000000000000000000000EB
S315020128E400000000000000000000000000000000DB
S315020128F400000000000000000000000000000000CB
S3150201290400000000000000000000000000000000BA
S3150201291400000000000000000000000000000000AA
S31502012924000000000000000000000000000000009A
S31502012934000000000000000000000000000000008A
S31502012944000000000000000000000000000000007A
S31502012954000000000000000000000000000000006A
S31502012964000000000000000000000000000000005A
S31502012974000000000000000000000000000000004A
S31502012984000000000000000000000000000000003A
S31502012994000000000000000000000000000000002A
S315020129A4000000000000000000000000000000001A
S315020129B4000000000000000000000000000000000A
S315020129C400000000000000000000000000000000FA
S315020129D400000000000000000000000000000000EA
S315020129E400000000000000000000000000000000DA
S315020129F400000000000000000000000000000000CA
S31502012A0400000000000000000000000000000000B9
S31502012A1400000000000000000000000000000000A9
S31502012A240000000000000000000000000000000099
S31502012A340000000000000000000000000000000089
S31502012A440000000000000000000000000000000079
S31502012A540000000000000000000000000000000069
S31502012A640000000000000000000000000000000059
S31502012A740000000000000000000000000000000049
S31502012A840000000000000000000000000000000039
S31502012A940000000000000000000000000000000029
S31502012AA40000000000000000000000000000000019
S31502012AB40000000000000000000000000000000009
S31502012AC400000000000000000000000000000000F9
S31502012AD400000000000000000000000000000000E9
S31502012AE400000000000000000000000000000000D9
S31502012AF400000000000000000000000000000000C9
S31502012B0400000000000000000000000000000000B8
S31502012B1400000000000000000000000000000000A8
S31502012B240000000000000000000000000000000098
S31502012B340000000000000000000000000000000088
S31502012B440000000000000000000000000000000078
S31502012B540000000000000000000000000000000068
S31502012B640000000000000000000000000000000058
S31502012B740000000000000000000000000000000048
S31502012B840000000000000000000000000000000038
S31502012B940000000000000000000000000000000028
S31502012BA40000000000000000000000000000000018
S31502012BB40000000000000000000000000000000008
S31502012BC400000000000000000000000000000000F8
S31502012BD400000000000000000000000000000000E8
S31502012BE400000000000000000000000000000000D8
S31502012BF400000000000000000000000000000000C8
S31502012C0400000000000000000000000000000000B7
S31502012C1400000000000000000000000000000000A7
S31502012C240000000000000000000000000000000097
S31502012C340000000000000000000000000000000087
S31502012C440000000000000000000000000000000077
S31502012C540000000000000000000000000000000067
S31502012C640000000000000000000000000000000057
S31502012C740000000000000000000000000000000047
S31502012C840000000000000000000000000000000037
S31502012C940000000000000000000000000000000027
S31502012CA40000000000000000000000000000000017
S31502012CB40000000000000000000000000000000007
S31502012CC400000000000000000000000000000000F7
S31502012CD400000000000000000000000000000000E7
S31502012CE400000000000000000000000000000000D7
S31502012CF400000000000000000000000000000000C7
S31502012D0400000000000000000000000000000000B6
S31502012D1400000000000000000000000000000000A6
S31502012D240000000000000000000000000000000096
S31502012D340000000000000000000000000000000086
S31502012D440000000000000000000000000000000076
S31502012D540000000000000000000000000000000066
S31502012D640000000000000000000000000000000056
S31502012D740000000000000000000000000000000046
S31502012D840000000000000000000000000000000036
S31502012D940000000000000000000000000000000026
S31502012DA40000000000000000000000000000000016
S31502012DB40000000000000000000000000000000006
S31502012DC400000000000000000000000000000000F6
S31502012DD400000000000000000000000000000000E6
S31502012DE400000000000000000000000000000000D6
S31502012DF400000000000000000000000000000000C6
S31502012E0400000000000000000000000000000000B5
S31502012E1400000000000000000000000000000000A5
S31502012E240000000000000000000000000000000095
S31502012E340000000000000000000000000000000085
S31502012E440000000000000000000000000000000075
S31502012E540000000000000000000000000000000065
S31502012E640000000000000000000000000000000055
S31502012E740000000000000000000000000000000045
S31502012E840000000000000000000000000000000035
S31502012E940000000000000000000000000000000025
S31502012EA40000000000000000000000000000000015
S31502012EB40000000000000000000000000000000005
S31502012EC400000000000000000000000000000000F5
S31502012ED400000000000000000000000000000000E5
S31502012EE400000000000000000000000000000000D5
S31502012EF400000000000000000000000000000000C5
S31502012F0400000000000000000000000000000000B4
S31502012F1400000000000000000000000000000000A4
S31502012F240000000000000000000000000000000094
S31502012F340000000000000000000000000000000084
S31502012F440000000000000000000000000000000074
S31502012F540000000000000000000000000000000064
S31502012F640000000000000000000000000000000054
S31502012F740000000000000000000000000000000044
S31502012F840000000000000000000000000000000034
S31502012F940000000000000000000000000000000024
S31502012FA40000000000000000000000000000000014
S31502012FB40000000000000000000000000000000004
S31502012FC400000000000000000000000000000000F4
S31502012FD400000000000000000000000000000000E4
S31502012FE400000000000000000000000000000000D4
S31502012FF400000000000000000000000000000000C4
S3150201300400000000000000000000000000000000B3
S3150201301400000000000000000000000000000000A3
S315020130240000000000000000000000000000000093
S315020130340000000000000000000000000000000083
S315020130440000000000000000000000000000000073
S315020130540000000000000000000000000000000063
S315020130640000000000000000000000000000000053
S315020130740000000000000000000000000000000043
S315020130840000000000000000000000000000000033
S315020130940000000000000000000000000000000023
S315020130A40000000000000000000000000000000013
S315020130B40000000000000000000000000000000003
S315020130C400000000000000000000000000000000F3
S315020130D400000000000000000000000000000000E3
S315020130E400000000000000000000000000000000D3
S315020130F400000000000000000000000000000000C3
S3150201310400000000000000000000000000000000B2
S3150201311400000000000000000000000000000000A2
S315020131240000000000000000000000000000000092
S315020131340000000000000000000000000000000082
S315020131440000000000000000000000000000000072
S315020131540000000000000000000000000000000062
S315020131640000000000000000000000000000000052
S315020131740000000000000000000000000000000042
S315020131840000000000000000000000000000000032
S315020131940000000000000000000000000000000022
S315020131A40000000000000000000000000000000012
S315020131B40000000000000000000000000000000002
S315020131C400000000000000000000000000000000F2
S315020131D400000000000000000000000000000000E2
S315020131E400000000000000000000000000000000D2
S315020131F400000000000000000000000000000000C2
S3150201320400000000000000000000000000000000B1
S3150201321400000000000000000000000000000000A1
S315020132240000000000000000000000000000000091
S315020132340000000000000000000000000000000081
S315020132440000000000000000000000000000000071
S315020132540000000000000000000000000000000061
S315020132640000000000000000000000000000000051
S315020132740000000000000000000000000000000041
S315020132840000000000000000000000000000000031
S315020132940000000000000000000000000000000021
S315020132A40000000000000000000000000000000011
S315020132B40000000000000000000000000000000001
S315020132C400000000000000000000000000000000F1
S315020132D400000000000000000000000000000000E1
S315020132E400000000000000000000000000000000D1
S315020132F400000000000000000000000000000000C1
S3150201330400000000000000000000000000000000B0
S3150201331400000000000000000000000000000000A0
S315020133240000000000000000000000000000000090
S315020133340000000000000000000000000000000080
S315020133440000000000000000000000000000000070
S315020133540000000000000000000000000000000060
S315020133640000000000000000000000000000000050
S315020133740000000000000000000000000000000040
S315020133840000000000000000000000000000000030
S315020133940000000000000000000000000000000020
S315020133A40000000000000000000000000000000010
S315020133B40000000000000000000000000000000000
S315020133C400000000000000000000000000000000F0
S315020133D400000000000000000000000000000000E0
S315020133E400000000000000000000000000000000D0
S315020133F400000000000000000000000000000000C0
S3150201340400000000000000000000000000000000AF
S31502013414000000000000000000000000000000009F
S31502013424000000000000000000000000000000008F
S31502013434000000000000000000000000000000007F
S31502013444000000000000000000000000000000006F
S31502013454000000000000000000000000000000005F
S31502013464000000000000000000000000000000004F
S31502013474000000000000000000000000000000003F
S31502013484000000000000000000000000000000002F
S31502013494000000000000000000000000000000001F
S315020134A4000000000000000000000000000000000F
S315020134B400000000000000000000000000000000FF
S315020134C400000000000000000000000000000000EF
S315020134D400000000000000000000000000000000DF
S315020134E400000000000000000000000000000000CF
S315020134F400000000000000000000000000000000BF
S3150201350400000000000000000000000000000000AE
S31502013514000000000000000000000000000000009E
S31502013524000000000000000000000000000000008E
S31502013534000000000000000000000000000000007E
S31502013544000000000000000000000000000000006E
S31502013554000000000000000000000000000000005E
S31502013564000000000000000000000000000000004E
S31502013574000000000000000000000000000000003E
S31502013584000000000000000000000000000000002E
S31502013594000000000000000000000000000000001E
S315020135A4000000000000000000000000000000000E
S315020135B400000000000000000000000000000000FE
S315020135C400000000000000000000000000000000EE
S315020135D400000000000000000000000000000000DE
S315020135E400000000000000000000000000000000CE
S315020135F400000000000000000000000000000000BE
S3150201360400000000000000000000000000000000AD
S31502013614000000000000000000000000000000009D
S31502013624000000000000000000000000000000008D
S31502013634000000000000000000000000000000007D
S31502013644000000000000000000000000000000006D
S31502013654000000000000000000000000000000005D
S31502013664000000000000000000000000000000004D
S31502013674000000000000000000000000000000003D
S31502013684000000000000000000000000000000002D
S31502013694000000000000000000000000000000001D
S315020136A4000000000000000000000000000000000D
S315020136B400000000000000000000000000000000FD
S315020136C400000000000000000000000000000000ED
S315020136D400000000000000000000000000000000DD
S315020136E400000000000000000000000000000000CD
S315020136F400000000000000000000000000000000BD
S3150201370400000000000000000000000000000000AC
S31502013714000000000000000000000000000000009C
S31502013724000000000000000000000000000000008C
S31502013734000000000000000000000000000000007C
S31502013744000000000000000000000000000000006C
S31502013754000000000000000000000000000000005C
S31502013764000000000000000000000000000000004C
S31502013774000000000000000000000000000000003C
S31502013784000000000000000000000000000000002C
S31502013794000000000000000000000000000000001C
S315020137A4000000000000000000000000000000000C
S315020137B400000000000000000000000000000000FC
S315020137C400000000000000000000000000000000EC
S315020137D400000000000000000000000000000000DC
S315020137E400000000000000000000000000000000CC
S315020137F400000000000000000000000000000000BC
S3150201380400000000000000000000000000000000AB
S31502013814000000000000000000000000000000009B
S31502013824000000000000000000000000000000008B
S31502013834000000000000000000000000000000007B
S31502013844000000000000000000000000000000006B
S31502013854000000000000000000000000000000005B
S31502013864000000000000000000000000000000004B
S31502013874000000000000000000000000000000003B
S31502013884000000000000000000000000000000002B
S31502013894000000000000000000000000000000001B
S315020138A4000000000000000000000000000000000B
S315020138B400000000000000000000000000000000FB
S315020138C400000000000000000000000000000000EB
S315020138D400000000000000000000000000000000DB
S315020138E400000000000000000000000000000000CB
S315020138F400000000000000000000000000000000BB
S3150201390400000000000000000000000000000000AA
S31502013914000000000000000000000000000000009A
S31502013924000000000000000000000000000000008A
S31502013934000000000000000000000000000000007A
S31502013944000000000000000000000000000000006A
S31502013954000000000000000000000000000000005A
S31502013964000000000000000000000000000000004A
S31502013974000000000000000000000000000000003A
S31502013984000000000000000000000000000000002A
S31502013994000000000000000000000000000000001A
S315020139A4000000000000000000000000000000000A
S315020139B400000000000000000000000000000000FA
S315020139C400000000000000000000000000000000EA
S315020139D400000000000000000000000000000000DA
S315020139E400000000000000000000000000000000CA
S315020139F400000000000000000000000000000000BA
S31502013A0400000000000000000000000000000000A9
S31502013A140000000000000000000000000000000099
S31502013A240000000000000000000000000000000089
S31502013A340000000000000000000000000000000079
S31502013A440000000000000000000000000000000069
S31502013A540000000000000000000000000000000059
S31502013A640000000000000000000000000000000049
S31502013A740000000000000000000000000000000039
S31502013A840000000000000000000000000000000029
S31502013A940000000000000000000000000000000019
S31502013AA40000000000000000000000000000000009
S31502013AB400000000000000000000000000000000F9
S31502013AC400000000000000000000000000000000E9
S31502013AD400000000000000000000000000000000D9
S31502013AE400000000000000000000000000000000C9
S31502013AF400000000000000000000000000000000B9
S31502013B0400000000000000000000000000000000A8
S31502013B140000000000000000000000000000000098
S31502013B240000000000000000000000000000000088
S31502013B340000000000000000000000000000000078
S31502013B440000000000000000000000000000000068
S31502013B540000000000000000000000000000000058
S31502013B640000000000000000000000000000000048
S31502013B740000000000000000000000000000000038
S31502013B840000000000000000000000000000000028
S31502013B940000000000000000000000000000000018
S31502013BA40000000000000000000000000000000008
S31502013BB400000000000000000000000000000000F8
S31502013BC400000000000000000000000000000000E8
S31502013BD400000000000000000000000000000000D8
S31502013BE400000000000000000000000000000000C8
S31502013BF400000000000000000000000000000000B8
S31502013C0400000000000000000000000000000000A7
S31502013C140000000000000000000000000000000097
S31502013C240000000000000000000000000000000087
S31502013C340000000000000000000000000000000077
S31502013C440000000000000000000000000000000067
S31502013C540000000000000000000000000000000057
S31502013C640000000000000000000000000000000047
S31502013C740000000000000000000000000000000037
S31502013C840000000000000000000000000000000027
S31502013C940000000000000000000000000000000017
S31502013CA40000000000000000000000000000000007
S31502013CB400000000000000000000000000000000F7
S31502013CC400000000000000000000000000000000E7
S31502013CD400000000000000000000000000000000D7
S31502013CE400000000000000000000000000000000C7
S31502013CF400000000000000000000000000000000B7
S31502013D0400000000000000000000000000000000A6
S31502013D140000000000000000000000000000000096
S31502013D240000000000000000000000000000000086
S31502013D340000000000000000000000000000000076
S31502013D440000000000000000000000000000000066
S31502013D540000000000000000000000000000000056
S31502013D640000000000000000000000000000000046
S31502013D740000000000000000000000000000000036
S31502013D840000000000000000000000000000000026
S31502013D940000000000000000000000000000000016
S31502013DA40000000000000000000000000000000006
S31502013DB400000000000000000000000000000000F6
S31502013DC400000000000000000000000000000000E6
S31502013DD400000000000000000000000000000000D6
S31502013DE400000000000000000000000000000000C6
S31502013DF400000000000000000000000000000000B6
S31502013E0400000000000000000000000000000000A5
S31502013E140000000000000000000000000000000095
S31502013E240000000000000000000000000000000085
S31502013E340000000000000000000000000000000075
S31502013E440000000000000000000000000000000065
S31502013E540000000000000000000000000000000055
S31502013E640000000000000000000000000000000045
S31502013E740000000000000000000000000000000035
S31502013E840000000000000000000000000000000025
S31502013E940000000000000000000000000000000015
S31502013EA40000000000000000000000000000000005
S31502013EB400000000000000000000000000000000F5
S31502013EC400000000000000000000000000000000E5
S31502013ED400000000000000000000000000000000D5
S31502013EE400000000000000000000000000000000C5
S31502013EF400000000000000000000000000000000B5
S31502013F0400000000000000000000000000000000A4
S31502013F140000000000000000000000000000000094
S31502013F240000000000000000000000000000000084
S31502013F340000000000000000000000000000000074
S31502013F440000000000000000000000000000000064
S31502013F540000000000000000000000000000000054
S31502013F640000000000000000000000000000000044
S31502013F740000000000000000000000000000000034
S31502013F840000000000000000000000000000000024
S31502013F940000000000000000000000000000000014
S31502013FA40000000000000000000000000000000004
S31502013FB400000000000000000000000000000000F4
S31502013FC400000000000000000000000000000000E4
S31502013FD400000000000000000000000000000000D4
S31502013FE400000000000000000000000000000000C4
S31502013FF400000000000000000000000000000000B4
S3150201400400000000000000000000000000000000A3
S315020140140000000000000000000000000000000093
S315020140240000000000000000000000000000000083
S315020140340000000000000000000000000000000073
S315020140440000000000000000000000000000000063
S315020140540000000000000000000000000000000053
S315020140640000000000000000000000000000000043
S315020140740000000000000000000000000000000033
S315020140840000000000000000000000000000000023
S315020140940000000000000000000000000000000013
S315020140A40000000000000000000000000000000003
S315020140B400000000000000000000000000000000F3
S315020140C400000000000000000000000000000000E3
S315020140D400000000000000000000000000000000D3
S315020140E400000000000000000000000000000000C3
S315020140F400000000000000000000000000000000B3
S3150201410400000000000000000000000000000000A2
S315020141140000000000000000000000000000000092
S315020141240000000000000000000000000000000082
S315020141340000000000000000000000000000000072
S315020141440000000000000000000000000000000062
S315020141540000000000000000000000000000000052
S315020141640000000000000000000000000000000042
S315020141740000000000000000000000000000000032
S315020141840000000000000000000000000000000022
S315020141940000000000000000000000000000000012
S315020141A40000000000000000000000000000000002
S315020141B400000000000000000000000000000000F2
S315020141C400000000000000000000000000000000E2
S315020141D400000000000000000000000000000000D2
S315020141E400000000000000000000000000000000C2
S315020141F400000000000000000000000000000000B2
S3150201420400000000000000000000000000000000A1
S315020142140000000000000000000000000000000091
S315020142240000000000000000000000000000000081
S315020142340000000000000000000000000000000071
S315020142440000000000000000000000000000000061
S315020142540000000000000000000000000000000051
S315020142640000000000000000000000000000000041
S315020142740000000000000000000000000000000031
S315020142840000000000000000000000000000000021
S315020142940000000000000000000000000000000011
S315020142A40000000000000000000000000000000001
S315020142B400000000000000000000000000000000F1
S315020142C400000000000000000000000000000000E1
S315020142D400000000000000000000000000000000D1
S315020142E400000000000000000000000000000000C1
S315020142F400000000000000000000000000000000B1
S3150201430400000000000000000000000000000000A0
S315020143140000000000000000000000000000000090
S315020143240000000000000000000000000000000080
S315020143340000000000000000000000000000000070
S315020143440000000000000000000000000000000060
S315020143540000000000000000000000000000000050
S315020143640000000000000000000000000000000040
S315020143740000000000000000000000000000000030
S315020143840000000000000000000000000000000020
S315020143940000000000000000000000000000000010
S315020143A40000000000000000000000000000000000
S315020143B400000000000000000000000000000000F0
S315020143C400000000000000000000000000000000E0
S315020143D400000000000000000000000000000000D0
S315020143E400000000000000000000000000000000C0
S315020143F400000000000000000000000000000000B0
S31502014404000000000000000000000000000000009F
S31502014414000000000000000000000000000000008F
S31502014424000000000000000000000000000000007F
S31502014434000000000000000000000000000000006F
S31502014444000000000000000000000000000000005F
S31502014454000000000000000000000000000000004F
S31502014464000000000000000000000000000000003F
S31502014474000000000000000000000000000000002F
S31502014484000000000000000000000000000000001F
S31502014494000000000000000000000000000000000F
S315020144A400000000000000000000000000000000FF
S315020144B400000000000000000000000000000000EF
S315020144C400000000000000000000000000000000DF
S315020144D400000000000000000000000000000000CF
S315020144E400000000000000000000000000000000BF
S315020144F400000000000000000000000000000000AF
S31502014504000000000000000000000000000000009E
S31502014514000000000000000000000000000000008E
S31502014524000000000000000000000000000000007E
S31502014534000000000000000000000000000000006E
S31502014544000000000000000000000000000000005E
S31502014554000000000000000000000000000000004E
S31502014564000000000000000000000000000000003E
S31502014574000000000000000000000000000000002E
S31502014584000000000000000000000000000000001E
S31502014594000000000000000000000000000000000E
S315020145A400000000000000000000000000000000FE
S315020145B400000000000000000000000000000000EE
S315020145C400000000000000000000000000000000DE
S315020145D400000000000000000000000000000000CE
S315020145E400000000000000000000000000000000BE
S315020145F400000000000000000000000000000000AE
S31502014604000000000000000000000000000000009D
S31502014614000000000000000000000000000000008D
S31502014624000000000000000000000000000000007D
S31502014634000000000000000000000000000000006D
S31502014644000000000000000000000000000000005D
S31502014654000000000000000000000000000000004D
S31502014664000000000000000000000000000000003D
S31502014674000000000000000000000000000000002D
S31502014684000000000000000000000000000000001D
S31502014694000000000000000000000000000000000D
S315020146A400000000000000000000000000000000FD
S315020146B400000000000000000000000000000000ED
S315020146C400000000000000000000000000000000DD
S315020146D400000000000000000000000000000000CD
S315020146E400000000000000000000000000000000BD
S315020146F400000000000000000000000000000000AD
S31502014704000000000000000000000000000000009C
S31502014714000000000000000000000000000000008C
S31502014724000000000000000000000000000000007C
S31502014734000000000000000000000000000000006C
S31502014744000000000000000000000000000000005C
S31502014754000000000000000000000000000000004C
S31502014764000000000000000000000000000000003C
S31502014774000000000000000000000000000000002C
S31502014784000000000000000000000000000000001C
S31502014794000000000000000000000000000000000C
S315020147A400000000000000000000000000000000FC
S315020147B400000000000000000000000000000000EC
S315020147C400000000000000000000000000000000DC
S315020147D400000000000000000000000000000000CC
S315020147E400000000000000000000000000000000BC
S315020147F400000000000000000000000000000000AC
S31502014804000000000000000000000000000000009B
S31502014814000000000000000000000000000000008B
S31502014824000000000000000000000000000000007B
S31502014834000000000000000000000000000000006B
S31502014844000000000000000000000000000000005B
S31502014854000000000000000000000000000000004B
S31502014864000000000000000000000000000000003B
S31502014874000000000000000000000000000000002B
S31502014884000000000000000000000000000000001B
S31502014894000000000000000000000000000000000B
S315020148A400000000000000000000000000000000FB
S315020148B400000000000000000000000000000000EB
S315020148C400000000000000000000000000000000DB
S315020148D400000000000000000000000000000000CB
S315020148E400000000000000000000000000000000BB
S315020148F400000000000000000000000000000000AB
S31502014904000000000000000000000000000000009A
S31502014914000000000000000000000000000000008A
S31502014924000000000000000000000000000000007A
S31502014934000000000000000000000000000000006A
S31502014944000000000000000000000000000000005A
S31502014954000000000000000000000000000000004A
S31502014964000000000000000000000000000000003A
S31502014974000000000000000000000000000000002A
S31502014984000000000000000000000000000000001A
S31502014994000000000000000000000000000000000A
S315020149A400000000000000000000000000000000FA
S315020149B400000000000000000000000000000000EA
S315020149C400000000000000000000000000000000DA
S315020149D400000000000000000000000000000000CA
S315020149E400000000000000000000000000000000BA
S315020149F400000000000000000000000000000000AA
S31502014A040000000000000000000000000000000099
S31502014A140000000000000000000000000000000089
S31502014A240000000000000000000000000000000079
S31502014A340000000000000000000000000000000069
S31502014A440000000000000000000000000000000059
S31502014A540000000000000000000000000000000049
S31502014A640000000000000000000000000000000039
S31502014A740000000000000000000000000000000029
S31502014A840000000000000000000000000000000019
S31502014A940000000000000000000000000000000009
S31502014AA400000000000000000000000000000000F9
S31502014AB400000000000000000000000000000000E9
S31502014AC400000000000000000000000000000000D9
S31502014AD400000000000000000000000000000000C9
S31502014AE400000000000000000000000000000000B9
S31502014AF400000000000000000000000000000000A9
S31502014B040000000000000000000000000000000098
S31502014B140000000000000000000000000000000088
S31502014B240000000000000000000000000000000078
S31502014B340000000000000000000000000000000068
S31502014B440000000000000000000000000000000058
S31502014B540000000000000000000000000000000048
S31502014B640000000000000000000000000000000038
S31502014B740000000000000000000000000000000028
S31502014B840000000000000000000000000000000018
S31502014B940000000000000000000000000000000008
S31502014BA400000000000000000000000000000000F8
S31502014BB400000000000000000000000000000000E8
S31502014BC400000000000000000000000000000000D8
S31502014BD400000000000000000000000000000000C8
S31502014BE400000000000000000000000000000000B8
S31502014BF400000000000000000000000000000000A8
S31502014C040000000000000000000000000000000097
S31502014C140000000000000000000000000000000087
S31502014C240000000000000000000000000000000077
S31502014C340000000000000000000000000000000067
S31502014C440000000000000000000000000000000057
S31502014C540000000000000000000000000000000047
S31502014C640000000000000000000000000000000037
S31502014C740000000000000000000000000000000027
S31502014C840000000000000000000000000000000017
S31502014C940000000000000000000000000000000007
S31502014CA400000000000000000000000000000000F7
S31502014CB400000000000000000000000000000000E7
S31502014CC400000000000000000000000000000000D7
S31502014CD400000000000000000000000000000000C7
S31502014CE400000000000000000000000000000000B7
S31502014CF400000000000000000000000000000000A7
S31502014D040000000000000000000000000000000096
S31502014D140000000000000000000000000000000086
S31502014D240000000000000000000000000000000076
S31502014D340000000000000000000000000000000066
S31502014D440000000000000000000000000000000056
S31502014D540000000000000000000000000000000046
S31502014D640000000000000000000000000000000036
S31502014D740000000000000000000000000000000026
S31502014D840000000000000000000000000000000016
S31502014D940000000000000000000000000000000006
S31502014DA400000000000000000000000000000000F6
S31502014DB400000000000000000000000000000000E6
S31502014DC400000000000000000000000000000000D6
S31502014DD400000000000000000000000000000000C6
S31502014DE400000000000000000000000000000000B6
S31502014DF400000000000000000000000000000000A6
S31502014E040000000000000000000000000000000095
S31502014E140000000000000000000000000000000085
S31502014E240000000000000000000000000000000075
S31502014E340000000000000000000000000000000065
S31502014E440000000000000000000000000000000055
S31502014E540000000000000000000000000000000045
S31502014E640000000000000000000000000000000035
S31502014E740000000000000000000000000000000025
S31502014E840000000000000000000000000000000015
S31502014E940000000000000000000000000000000005
S31502014EA400000000000000000000000000000000F5
S31502014EB400000000000000000000000000000000E5
S31502014EC400000000000000000000000000000000D5
S31502014ED400000000000000000000000000000000C5
S31502014EE400000000000000000000000000000000B5
S31502014EF400000000000000000000000000000000A5
S31502014F040000000000000000000000000000000094
S31502014F140000000000000000000000000000000084
S31502014F240000000000000000000000000000000074
S31502014F340000000000000000000000000000000064
S31502014F440000000000000000000000000000000054
S31502014F540000000000000000000000000000000044
S31502014F640000000000000000000000000000000034
S31502014F740000000000000000000000000000000024
S31502014F840000000000000000000000000000000014
S31502014F940000000000000000000000000000000004
S31502014FA400000000000000000000000000000000F4
S31502014FB400000000000000000000000000000000E4
S31502014FC400000000000000000000000000000000D4
S31502014FD400000000000000000000000000000000C4
S31502014FE400000000000000000000000000000000B4
S31502014FF400000000000000000000000000000000A4
S315020150040000000000000000000000000000000093
S315020150140000000000000000000000000000000083
S315020150240000000000000000000000000000000073
S315020150340000000000000000000000000000000063
S315020150440000000000000000000000000000000053
S315020150540000000000000000000000000000000043
S315020150640000000000000000000000000000000033
S315020150740000000000000000000000000000000023
S315020150840000000000000000000000000000000013
S315020150940000000000000000000000000000000003
S315020150A400000000000000000000000000000000F3
S315020150B400000000000000000000000000000000E3
S315020150C400000000000000000000000000000000D3
S315020150D400000000000000000000000000000000C3
S315020150E400000000000000000000000000000000B3
S315020150F400000000000000000000000000000000A3
S315020151040000000000000000000000000000000092
S315020151140000000000000000000000000000000082
S315020151240000000000000000000000000000000072
S315020151340000000000000000000000000000000062
S315020151440000000000000000000000000000000052
S315020151540000000000000000000000000000000042
S315020151640000000000000000000000000000000032
S315020151740000000000000000000000000000000022
S315020151840000000000000000000000000000000012
S315020151940000000000000000000000000000000002
S315020151A400000000000000000000000000000000F2
S315020151B400000000000000000000000000000000E2
S315020151C400000000000000000000000000000000D2
S315020151D400000000000000000000000000000000C2
S315020151E400000000000000000000000000000000B2
S315020151F400000000000000000000000000000000A2
S315020152040000000000000000000000000000000091
S315020152140000000000000000000000000000000081
S315020152240000000000000000000000000000000071
S315020152340000000000000000000000000000000061
S315020152440000000000000000000000000000000051
S315020152540000000000000000000000000000000041
S315020152640000000000000000000000000000000031
S315020152740000000000000000000000000000000021
S315020152840000000000000000000000000000000011
S315020152940000000000000000000000000000000001
S315020152A400000000000000000000000000000000F1
S315020152B400000000000000000000000000000000E1
S315020152C400000000000000000000000000000000D1
S315020152D400000000000000000000000000000000C1
S315020152E400000000000000000000000000000000B1
S315020152F400000000000000000000000000000000A1
S315020153040000000000000000000000000000000090
S315020153140000000000000000000000000000000080
S315020153240000000000000000000000000000000070
S315020153340000000000000000000000000000000060
S315020153440000000000000000000000000000000050
S315020153540000000000000000000000000000000040
S315020153640000000000000000000000000000000030
S315020153740000000000000000000000000000000020
S315020153840000000000000000000000000000000010
S315020153940000000000000000000000000000000000
S315020153A400000000000000000000000000000000F0
S315020153B400000000000000000000000000000000E0
S315020153C400000000000000000000000000000000D0
S315020153D400000000000000000000000000000000C0
S315020153E400000000000000000000000000000000B0
S315020153F400000000000000000000000000000000A0
S31502015404000000000000000000000000000000008F
S31502015414000000000000000000000000000000007F
S31502015424000000000000000000000000000000006F
S31502015434000000000000000000000000000000005F
S31502015444000000000000000000000000000000004F
S31502015454000000000000000000000000000000003F
S31502015464000000000000000000000000000000002F
S31502015474000000000000000000000000000000001F
S31502015484000000000000000000000000000000000F
S3150201549400000000000000000000000000000000FF
S315020154A400000000000000000000000000000000EF
S315020154B400000000000000000000000000000000DF
S315020154C400000000000000000000000000000000CF
S315020154D400000000000000000000000000000000BF
S315020154E400000000000000000000000000000000AF
S315020154F4000000000000000000000000000000009F
S31502015504000000000000000000000000000000008E
S31502015514000000000000000000000000000000007E
S31502015524000000000000000000000000000000006E
S31502015534000000000000000000000000000000005E
S31502015544000000000000000000000000000000004E
S31502015554000000000000000000000000000000003E
S31502015564000000000000000000000000000000002E
S31502015574000000000000000000000000000000001E
S31502015584000000000000000000000000000000000E
S3150201559400000000000000000000000000000000FE
S315020155A400000000000000000000000000000000EE
S315020155B400000000000000000000000000000000DE
S315020155C400000000000000000000000000000000CE
S315020155D400000000000000000000000000000000BE
S315020155E400000000000000000000000000000000AE
S315020155F4000000000000000000000000000000009E
S31502015604000000000000000000000000000000008D
S31502015614000000000000000000000000000000007D
S31502015624000000000000000000000000000000006D
S31502015634000000000000000000000000000000005D
S31502015644000000000000000000000000000000004D
S31502015654000000000000000000000000000000003D
S31502015664000000000000000000000000000000002D
S31502015674000000000000000000000000000000001D
S31502015684000000000000000000000000000000000D
S3150201569400000000000000000000000000000000FD
S315020156A400000000000000000000000000000000ED
S315020156B400000000000000000000000000000000DD
S315020156C400000000000000000000000000000000CD
S315020156D400000000000000000000000000000000BD
S315020156E400000000000000000000000000000000AD
S315020156F4000000000000000000000000000000009D
S31502015704000000000000000000000000000000008C
S31502015714000000000000000000000000000000007C
S31502015724000000000000000000000000000000006C
S31502015734000000000000000000000000000000005C
S31502015744000000000000000000000000000000004C
S31502015754000000000000000000000000000000003C
S31502015764000000000000000000000000000000002C
S31502015774000000000000000000000000000000001C
S31502015784000000000000000000000000000000000C
S3150201579400000000000000000000000000000000FC
S315020157A400000000000000000000000000000000EC
S315020157B400000000000000000000000000000000DC
S315020157C400000000000000000000000000000000CC
S315020157D400000000000000000000000000000000BC
S315020157E400000000000000000000000000000000AC
S315020157F4000000000000000000000000000000009C
S31502015804000000000000000000000000000000008B
S31502015814000000000000000000000000000000007B
S31502015824000000000000000000000000000000006B
S31502015834000000000000000000000000000000005B
S31502015844000000000000000000000000000000004B
S31502015854000000000000000000000000000000003B
S31502015864000000000000000000000000000000002B
S31502015874000000000000000000000000000000001B
S31502015884000000000000000000000000000000000B
S3150201589400000000000000000000000000000000FB
S315020158A400000000000000000000000000000000EB
S315020158B400000000000000000000000000000000DB
S315020158C400000000000000000000000000000000CB
S315020158D400000000000000000000000000000000BB
S315020158E400000000000000000000000000000000AB
S315020158F4000000000000000000000000000000009B
S31502015904000000000000000000000000000000008A
S31502015914000000000000000000000000000000007A
S31502015924000000000000000000000000000000006A
S31502015934000000000000000000000000000000005A
S31502015944000000000000000000000000000000004A
S31502015954000000000000000000000000000000003A
S31502015964000000000000000000000000000000002A
S31502015974000000000000000000000000000000001A
S31502015984000000000000000000000000000000000A
S3150201599400000000000000000000000000000000FA
S315020159A400000000000000000000000000000000EA
S315020159B400000000000000000000000000000000DA
S315020159C400000000000000000000000000000000CA
S315020159D400000000000000000000000000000000BA
S315020159E400000000000000000000000000000000AA
S315020159F4000000000000000000000000000000009A
S31502015A040000000000000000000000000000000089
S31502015A140000000000000000000000000000000079
S31502015A240000000000000000000000000000000069
S31502015A340000000000000000000000000000000059
S31502015A440000000000000000000000000000000049
S31502015A540000000000000000000000000000000039
S31502015A640000000000000000000000000000000029
S31502015A740000000000000000000000000000000019
S31502015A840000000000000000000000000000000009
S31502015A9400000000000000000000000000000000F9
S31502015AA400000000000000000000000000000000E9
S31502015AB400000000000000000000000000000000D9
S31502015AC400000000000000000000000000000000C9
S31502015AD400000000000000000000000000000000B9
S31502015AE400000000000000000000000000000000A9
S31502015AF40000000000000000000000000000000099
S31502015B040000000000000000000000000000000088
S31502015B140000000000000000000000000000000078
S31502015B240000000000000000000000000000000068
S31502015B340000000000000000000000000000000058
S31502015B440000000000000000000000000000000048
S31502015B540000000000000000000000000000000038
S31502015B640000000000000000000000000000000028
S31502015B740000000000000000000000000000000018
S31502015B840000000000000000000000000000000008
S31502015B9400000000000000000000000000000000F8
S31502015BA400000000000000000000000000000000E8
S31502015BB400000000000000000000000000000000D8
S31502015BC400000000000000000000000000000000C8
S31502015BD400000000000000000000000000000000B8
S31502015BE400000000000000000000000000000000A8
S31502015BF40000000000000000000000000000000098
S31502015C040000000000000000000000000000000087
S31502015C140000000000000000000000000000000077
S31502015C240000000000000000000000000000000067
S31502015C340000000000000000000000000000000057
S31502015C440000000000000000000000000000000047
S31502015C540000000000000000000000000000000037
S31502015C640000000000000000000000000000000027
S31502015C740000000000000000000000000000000017
S31502015C840000000000000000000000000000000007
S31502015C9400000000000000000000000000000000F7
S31502015CA400000000000000000000000000000000E7
S31502015CB400000000000000000000000000000000D7
S31502015CC400000000000000000000000000000000C7
S31502015CD400000000000000000000000000000000B7
S31502015CE400000000000000000000000000000000A7
S31502015CF40000000000000000000000000000000097
S31502015D040000000000000000000000000000000086
S31502015D140000000000000000000000000000000076
S31502015D240000000000000000000000000000000066
S31502015D340000000000000000000000000000000056
S31502015D440000000000000000000000000000000046
S31502015D540000000000000000000000000000000036
S31502015D640000000000000000000000000000000026
S31502015D740000000000000000000000000000000016
S31502015D840000000000000000000000000000000006
S31502015D9400000000000000000000000000000000F6
S31502015DA400000000000000000000000000000000E6
S31502015DB400000000000000000000000000000000D6
S31502015DC400000000000000000000000000000000C6
S31502015DD400000000000000000000000000000000B6
S31502015DE400000000000000000000000000000000A6
S31502015DF40000000000000000000000000000000096
S31502015E040000000000000000000000000000000085
S31502015E140000000000000000000000000000000075
S31502015E240000000000000000000000000000000065
S31502015E340000000000000000000000000000000055
S31502015E440000000000000000000000000000000045
S31502015E540000000000000000000000000000000035
S31502015E640000000000000000000000000000000025
S31502015E740000000000000000000000000000000015
S31502015E840000000000000000000000000000000005
S31502015E9400000000000000000000000000000000F5
S31502015EA400000000000000000000000000000000E5
S31502015EB400000000000000000000000000000000D5
S31502015EC400000000000000000000000000000000C5
S31502015ED400000000000000000000000000000000B5
S31502015EE400000000000000000000000000000000A5
S31502015EF40000000000000000000000000000000095
S31502015F040000000000000000000000000000000084
S31502015F140000000000000000000000000000000074
S31502015F240000000000000000000000000000000064
S31502015F340000000000000000000000000000000054
S31502015F440000000000000000000000000000000044
S31502015F540000000000000000000000000000000034
S31502015F640000000000000000000000000000000024
S31502015F740000000000000000000000000000000014
S31502015F840000000000000000000000000000000004
S31502015F9400000000000000000000000000000000F4
S31502015FA400000000000000000000000000000000E4
S31502015FB400000000000000000000000000000000D4
S31502015FC400000000000000000000000000000000C4
S31502015FD400000000000000000000000000000000B4
S31502015FE400000000000000000000000000000000A4
S31502015FF40000000000000000000000000000000094
S315020160040000000000000000000000000000000083
S315020160140000000000000000000000000000000073
S315020160240000000000000000000000000000000063
S315020160340000000000000000000000000000000053
S315020160440000000000000000000000000000000043
S315020160540000000000000000000000000000000033
S315020160640000000000000000000000000000000023
S315020160740000000000000000000000000000000013
S315020160840000000000000000000000000000000003
S3150201609400000000000000000000000000000000F3
S315020160A400000000000000000000000000000000E3
S315020160B400000000000000000000000000000000D3
S315020160C400000000000000000000000000000000C3
S315020160D400000000000000000000000000000000B3
S315020160E400000000000000000000000000000000A3
S315020160F40000000000000000000000000000000093
S315020161040000000000000000000000000000000082
S315020161140000000000000000000000000000000072
S315020161240000000000000000000000000000000062
S315020161340000000000000000000000000000000052
S315020161440000000000000000000000000000000042
S315020161540000000000000000000000000000000032
S315020161640000000000000000000000000000000022
S315020161740000000000000000000000000000000012
S315020161840000000000000000000000000000000002
S3150201619400000000000000000000000000000000F2
S315020161A400000000000000000000000000000000E2
S315020161B400000000000000000000000000000000D2
S315020161C400000000000000000000000000000000C2
S315020161D400000000000000000000000000000000B2
S315020161E400000000000000000000000000000000A2
S315020161F40000000000000000000000000000000092
S315020162040000000000000000000000000000000081
S315020162140000000000000000000000000000000071
S315020162240000000000000000000000000000000061
S315020162340000000000000000000000000000000051
S315020162440000000000000000000000000000000041
S315020162540000000000000000000000000000000031
S315020162640000000000000000000000000000000021
S315020162740000000000000000000000000000000011
S315020162840000000000000000000000000000000001
S3150201629400000000000000000000000000000000F1
S315020162A400000000000000000000000000000000E1
S315020162B400000000000000000000000000000000D1
S315020162C400000000000000000000000000000000C1
S315020162D400000000000000000000000000000000B1
S315020162E400000000000000000000000000000000A1
S315020162F40000000000000000000000000000000091
S315020163040000000000000000000000000000000080
S315020163140000000000000000000000000000000070
S315020163240000000000000000000000000000000060
S315020163340000000000000000000000000000000050
S315020163440000000000000000000000000000000040
S315020163540000000000000000000000000000000030
S315020163640000000000000000000000000000000020
S315020163740000000000000000000000000000000010
S315020163840000000000000000000000000000000000
S3150201639400000000000000000000000000000000F0
S315020163A400000000000000000000000000000000E0
S315020163B400000000000000000000000000000000D0
S315020163C400000000000000000000000000000000C0
S315020163D400000000000000000000000000000000B0
S315020163E400000000000000000000000000000000A0
S315020163F40000000000000000000000000000000090
S31502016404000000000000000000000000000000007F
S31502016414000000000000000000000000000000006F
S31502016424000000000000000000000000000000005F
S31502016434000000000000000000000000000000004F
S31502016444000000000000000000000000000000003F
S31502016454000000000000000000000000000000002F
S31502016464000000000000000000000000000000001F
S31502016474000000000000000000000000000000000F
S3150201648400000000000000000000000000000000FF
S3150201649400000000000000000000000000000000EF
S315020164A400000000000000000000000000000000DF
S315020164B400000000000000000000000000000000CF
S315020164C400000000000000000000000000000000BF
S315020164D400000000000000000000000000000000AF
S315020164E4000000000000000000000000000000009F
S315020164F4000000000000000000000000000000008F
S31502016504000000000000000000000000000000007E
S31502016514000000000000000000000000000000006E
S31502016524000000000000000000000000000000005E
S31502016534000000000000000000000000000000004E
S31502016544000000000000000000000000000000003E
S31502016554000000000000000000000000000000002E
S31502016564000000000000000000000000000000001E
S31502016574000000000000000000000000000000000E
S3150201658400000000000000000000000000000000FE
S3150201659400000000000000000000000000000000EE
S315020165A400000000000000000000000000000000DE
S315020165B400000000000000000000000000000000CE
S315020165C400000000000000000000000000000000BE
S315020165D400000000000000000000000000000000AE
S315020165E4000000000000000000000000000000009E
S315020165F4000000000000000000000000000000008E
S31502016604000000000000000000000000000000007D
S31502016614000000000000000000000000000000006D
S31502016624000000000000000000000000000000005D
S31502016634000000000000000000000000000000004D
S31502016644000000000000000000000000000000003D
S31502016654000000000000000000000000000000002D
S31502016664000000000000000000000000000000001D
S31502016674000000000000000000000000000000000D
S3150201668400000000000000000000000000000000FD
S3150201669400000000000000000000000000000000ED
S315020166A400000000000000000000000000000000DD
S315020166B400000000000000000000000000000000CD
S315020166C400000000000000000000000000000000BD
S315020166D400000000000000000000000000000000AD
S315020166E4000000000000000000000000000000009D
S315020166F4000000000000000000000000000000008D
S31502016704000000000000000000000000000000007C
S31502016714000000000000000000000000000000006C
S31502016724000000000000000000000000000000005C
S31502016734000000000000000000000000000000004C
S31502016744000000000000000000000000000000003C
S31502016754000000000000000000000000000000002C
S31502016764000000000000000000000000000000001C
S31502016774000000000000000000000000000000000C
S3150201678400000000000000000000000000000000FC
S3150201679400000000000000000000000000000000EC
S315020167A400000000000000000000000000000000DC
S315020167B400000000000000000000000000000000CC
S315020167C400000000000000000000000000000000BC
S315020167D400000000000000000000000000000000AC
S315020167E4000000000000000000000000000000009C
S315020167F4000000000000000000000000000000008C
S31502016804000000000000000000000000000000007B
S31502016814000000000000000000000000000000006B
S31502016824000000000000000000000000000000005B
S31502016834000000000000000000000000000000004B
S31502016844000000000000000000000000000000003B
S31502016854000000000000000000000000000000002B
S31502016864000000000000000000000000000000001B
S31502016874000000000000000000000000000000000B
S3150201688400000000000000000000000000000000FB
S3150201689400000000000000000000000000000000EB
S315020168A400000000000000000000000000000000DB
S315020168B400000000000000000000000000000000CB
S315020168C400000000000000000000000000000000BB
S315020168D400000000000000000000000000000000AB
S315020168E4000000000000000000000000000000009B
S315020168F4000000000000000000000000000000008B
S31502016904000000000000000000000000000000007A
S31502016914000000000000000000000000000000006A
S31502016924000000000000000000000000000000005A
S31502016934000000000000000000000000000000004A
S31502016944000000000000000000000000000000003A
S31502016954000000000000000000000000000000002A
S31502016964000000000000000000000000000000001A
S31502016974000000000000000000000000000000000A
S3150201698400000000000000000000000000000000FA
S3150201699400000000000000000000000000000000EA
S315020169A400000000000000000000000000000000DA
S315020169B400000000000000000000000000000000CA
S315020169C400000000000000000000000000000000BA
S315020169D400000000000000000000000000000000AA
S315020169E4000000000000000000000000000000009A
S315020169F4000000000000000000000000000000008A
S31502016A040000000000000000000000000000000079
S31502016A140000000000000000000000000000000069
S31502016A240000000000000000000000000000000059
S31502016A340000000000000000000000000000000049
S31502016A440000000000000000000000000000000039
S31502016A540000000000000000000000000000000029
S31502016A640000000000000000000000000000000019
S31502016A740000000000000000000000000000000009
S31502016A8400000000000000000000000000000000F9
S31502016A9400000000000000000000000000000000E9
S31502016AA400000000000000000000000000000000D9
S31502016AB400000000000000000000000000000000C9
S31502016AC400000000000000000000000000000000B9
S31502016AD400000000000000000000000000000000A9
S31502016AE40000000000000000000000000000000099
S31502016AF40000000000000000000000000000000089
S31502016B040000000000000000000000000000000078
S31502016B140000000000000000000000000000000068
S31502016B240000000000000000000000000000000058
S31502016B340000000000000000000000000000000048
S31502016B440000000000000000000000000000000038
S31502016B540000000000000000000000000000000028
S31502016B640000000000000000000000000000000018
S31502016B740000000000000000000000000000000008
S31502016B8400000000000000000000000000000000F8
S31502016B9400000000000000000000000000000000E8
S31502016BA400000000000000000000000000000000D8
S31502016BB400000000000000000000000000000000C8
S31502016BC400000000000000000000000000000000B8
S31502016BD400000000000000000000000000000000A8
S31502016BE40000000000000000000000000000000098
S31502016BF40000000000000000000000000000000088
S31502016C040000000000000000000000000000000077
S31502016C140000000000000000000000000000000067
S31502016C240000000000000000000000000000000057
S31502016C340000000000000000000000000000000047
S31502016C440000000000000000000000000000000037
S31502016C540000000000000000000000000000000027
S31502016C640000000000000000000000000000000017
S31502016C740000000000000000000000000000000007
S31502016C8400000000000000000000000000000000F7
S31502016C9400000000000000000000000000000000E7
S31502016CA400000000000000000000000000000000D7
S31502016CB400000000000000000000000000000000C7
S31502016CC400000000000000000000000000000000B7
S31502016CD400000000000000000000000000000000A7
S31502016CE40000000000000000000000000000000097
S31502016CF40000000000000000000000000000000087
S31502016D040000000000000000000000000000000076
S31502016D140000000000000000000000000000000066
S31502016D240000000000000000000000000000000056
S31502016D340000000000000000000000000000000046
S31502016D440000000000000000000000000000000036
S31502016D540000000000000000000000000000000026
S31502016D640000000000000000000000000000000016
S31502016D740000000000000000000000000000000006
S31502016D8400000000000000000000000000000000F6
S31502016D9400000000000000000000000000000000E6
S31502016DA400000000000000000000000000000000D6
S31502016DB400000000000000000000000000000000C6
S31502016DC400000000000000000000000000000000B6
S31502016DD400000000000000000000000000000000A6
S31502016DE40000000000000000000000000000000096
S31502016DF40000000000000000000000000000000086
S31502016E040000000000000000000000000000000075
S31502016E140000000000000000000000000000000065
S31502016E240000000000000000000000000000000055
S31502016E340000000000000000000000000000000045
S31502016E440000000000000000000000000000000035
S31502016E540000000000000000000000000000000025
S31502016E640000000000000000000000000000000015
S31502016E740000000000000000000000000000000005
S31502016E8400000000000000000000000000000000F5
S31502016E9400000000000000000000000000000000E5
S31502016EA400000000000000000000000000000000D5
S31502016EB400000000000000000000000000000000C5
S31502016EC400000000000000000000000000000000B5
S31502016ED400000000000000000000000000000000A5
S31502016EE40000000000000000000000000000000095
S31502016EF40000000000000000000000000000000085
S31502016F040000000000000000000000000000000074
S31502016F140000000000000000000000000000000064
S31502016F240000000000000000000000000000000054
S31502016F340000000000000000000000000000000044
S31502016F440000000000000000000000000000000034
S31502016F540000000000000000000000000000000024
S31502016F640000000000000000000000000000000014
S31502016F740000000000000000000000000000000004
S31502016F8400000000000000000000000000000000F4
S31502016F9400000000000000000000000000000000E4
S31502016FA400000000000000000000000000000000D4
S31502016FB400000000000000000000000000000000C4
S31502016FC400000000000000000000000000000000B4
S31502016FD400000000000000000000000000000000A4
S31502016FE40000000000000000000000000000000094
S31502016FF40000000000000000000000000000000084
S315020170040000000000000000000000000000000073
S315020170140000000000000000000000000000000063
S315020170240000000000000000000000000000000053
S315020170340000000000000000000000000000000043
S315020170440000000000000000000000000000000033
S315020170540000000000000000000000000000000023
S315020170640000000000000000000000000000000013
S315020170740000000000000000000000000000000003
S3150201708400000000000000000000000000000000F3
S3150201709400000000000000000000000000000000E3
S315020170A400000000000000000000000000000000D3
S315020170B400000000000000000000000000000000C3
S315020170C400000000000000000000000000000000B3
S315020170D400000000000000000000000000000000A3
S315020170E40000000000000000000000000000000093
S315020170F40000000000000000000000000000000083
S315020171040000000000000000000000000000000072
S315020171140000000000000000000000000000000062
S315020171240000000000000000000000000000000052
S315020171340000000000000000000000000000000042
S315020171440000000000000000000000000000000032
S315020171540000000000000000000000000000000022
S315020171640000000000000000000000000000000012
S315020171740000000000000000000000000000000002
S3150201718400000000000000000000000000000000F2
S3150201719400000000000000000000000000000000E2
S315020171A400000000000000000000000000000000D2
S315020171B400000000000000000000000000000000C2
S315020171C400000000000000000000000000000000B2
S315020171D400000000000000000000000000000000A2
S315020171E40000000000000000000000000000000092
S315020171F40000000000000000000000000000000082
S315020172040000000000000000000000000000000071
S315020172140000000000000000000000000000000061
S315020172240000000000000000000000000000000051
S315020172340000000000000000000000000000000041
S315020172440000000000000000000000000000000031
S315020172540000000000000000000000000000000021
S315020172640000000000000000000000000000000011
S315020172740000000000000000000000000000000001
S3150201728400000000000000000000000000000000F1
S3150201729400000000000000000000000000000000E1
S315020172A400000000000000000000000000000000D1
S315020172B400000000000000000000000000000000C1
S315020172C400000000000000000000000000000000B1
S315020172D400000000000000000000000000000000A1
S315020172E40000000000000000000000000000000091
S315020172F40000000000000000000000000000000081
S315020173040000000000000000000000000000000070
S315020173140000000000000000000000000000000060
S315020173240000000000000000000000000000000050
S315020173340000000000000000000000000000000040
S315020173440000000000000000000000000000000030
S315020173540000000000000000000000000000000020
S315020173640000000000000000000000000000000010
S315020173740000000000000000000000000000000000
S3150201738400000000000000000000000000000000F0
S3150201739400000000000000000000000000000000E0
S315020173A400000000000000000000000000000000D0
S315020173B400000000000000000000000000000000C0
S315020173C400000000000000000000000000000000B0
S315020173D400000000000000000000000000000000A0
S315020173E40000000000000000000000000000000090
S315020173F40000000000000000000000000000000080
S31502017404000000000000000000000000000000006F
S31502017414000000000000000000000000000000005F
S31502017424000000000000000000000000000000004F
S31502017434000000000000000000000000000000003F
S31502017444000000000000000000000000000000002F
S31502017454000000000000000000000000000000001F
S31502017464000000000000000000000000000000000F
S3150201747400000000000000000000000000000000FF
S3150201748400000000000000000000000000000000EF
S3150201749400000000000000000000000000000000DF
S315020174A400000000000000000000000000000000CF
S315020174B400000000000000000000000000000000BF
S315020174C400000000000000000000000000000000AF
S315020174D4000000000000000000000000000000009F
S315020174E4000000000000000000000000000000008F
S315020174F4000000000000000000000000000000007F
S31502017504000000000000000000000000000000006E
S31502017514000000000000000000000000000000005E
S31502017524000000000000000000000000000000004E
S31502017534000000000000000000000000000000003E
S31502017544000000000000000000000000000000002E
S31502017554000000000000000000000000000000001E
S31502017564000000000000000000000000000000000E
S3150201757400000000000000000000000000000000FE
S3150201758400000000000000000000000000000000EE
S3150201759400000000000000000000000000000000DE
S315020175A400000000000000000000000000000000CE
S315020175B400000000000000000000000000000000BE
S315020175C400000000000000000000000000000000AE
S315020175D4000000000000000000000000000000009E
S315020175E4000000000000000000000000000000008E
S315020175F4000000000000000000000000000000007E
S31502017604000000000000000000000000000000006D
S31502017614000000000000000000000000000000005D
S31502017624000000000000000000000000000000004D
S31502017634000000000000000000000000000000003D
S31502017644000000000000000000000000000000002D
S31502017654000000000000000000000000000000001D
S31502017664000000000000000000000000000000000D
S3150201767400000000000000000000000000000000FD
S3150201768400000000000000000000000000000000ED
S3150201769400000000000000000000000000000000DD
S315020176A400000000000000000000000000000000CD
S315020176B400000000000000000000000000000000BD
S315020176C400000000000000000000000000000000AD
S315020176D4000000000000000000000000000000009D
S315020176E4000000000000000000000000000000008D
S315020176F4000000000000000000000000000000007D
S31502017704000000000000000000000000000000006C
S31502017714000000000000000000000000000000005C
S31502017724000000000000000000000000000000004C
S31502017734000000000000000000000000000000003C
S31502017744000000000000000000000000000000002C
S31502017754000000000000000000000000000000001C
S31502017764000000000000000000000000000000000C
S3150201777400000000000000000000000000000000FC
S3150201778400000000000000000000000000000000EC
S3150201779400000000000000000000000000000000DC
S315020177A400000000000000000000000000000000CC
S315020177B400000000000000000000000000000000BC
S315020177C400000000000000000000000000000000AC
S315020177D4000000000000000000000000000000009C
S315020177E4000000000000000000000000000000008C
S315020177F4000000000000000000000000000000007C
S31502017804000000000000000000000000000000006B
S31502017814000000000000000000000000000000005B
S31502017824000000000000000000000000000000004B
S31502017834000000000000000000000000000000003B
S31502017844000000000000000000000000000000002B
S31502017854000000000000000000000000000000001B
S31502017864000000000000000000000000000000000B
S3150201787400000000000000000000000000000000FB
S3150201788400000000000000000000000000000000EB
S3150201789400000000000000000000000000000000DB
S315020178A400000000000000000000000000000000CB
S315020178B400000000000000000000000000000000BB
S315020178C400000000000000000000000000000000AB
S315020178D4000000000000000000000000000000009B
S315020178E4000000000000000000000000000000008B
S315020178F4000000000000000000000000000000007B
S31502017904000000000000000000000000000000006A
S31502017914000000000000000000000000000000005A
S31502017924000000000000000000000000000000004A
S31502017934000000000000000000000000000000003A
S31502017944000000000000000000000000000000002A
S31502017954000000000000000000000000000000001A
S31502017964000000000000000000000000000000000A
S3150201797400000000000000000000000000000000FA
S3150201798400000000000000000000000000000000EA
S3150201799400000000000000000000000000000000DA
S315020179A400000000000000000000000000000000CA
S315020179B400000000000000000000000000000000BA
S315020179C400000000000000000000000000000000AA
S315020179D4000000000000000000000000000000009A
S315020179E4000000000000000000000000000000008A
S315020179F4000000000000000000000000000000007A
S31502017A040000000000000000000000000000000069
S31502017A140000000000000000000000000000000059
S31502017A240000000000000000000000000000000049
S31502017A340000000000000000000000000000000039
S31502017A440000000000000000000000000000000029
S31502017A540000000000000000000000000000000019
S31502017A640000000000000000000000000000000009
S31502017A7400000000000000000000000000000000F9
S31502017A8400000000000000000000000000000000E9
S31502017A9400000000000000000000000000000000D9
S31502017AA400000000000000000000000000000000C9
S31502017AB400000000000000000000000000000000B9
S31502017AC400000000000000000000000000000000A9
S31502017AD40000000000000000000000000000000099
S31502017AE40000000000000000000000000000000089
S31502017AF40000000000000000000000000000000079
S31502017B040000000000000000000000000000000068
S31502017B140000000000000000000000000000000058
S31502017B240000000000000000000000000000000048
S31502017B340000000000000000000000000000000038
S31502017B440000000000000000000000000000000028
S31502017B540000000000000000000000000000000018
S31502017B640000000000000000000000000000000008
S31502017B7400000000000000000000000000000000F8
S31502017B8400000000000000000000000000000000E8
S31502017B9400000000000000000000000000000000D8
S31502017BA400000000000000000000000000000000C8
S31502017BB400000000000000000000000000000000B8
S31502017BC400000000000000000000000000000000A8
S31502017BD40000000000000000000000000000000098
S31502017BE40000000000000000000000000000000088
S31502017BF40000000000000000000000000000000078
S31502017C040000000000000000000000000000000067
S31502017C140000000000000000000000000000000057
S31502017C240000000000000000000000000000000047
S31502017C340000000000000000000000000000000037
S31502017C440000000000000000000000000000000027
S31502017C540000000000000000000000000000000017
S31502017C640000000000000000000000000000000007
S31502017C7400000000000000000000000000000000F7
S31502017C8400000000000000000000000000000000E7
S31502017C9400000000000000000000000000000000D7
S31502017CA400000000000000000000000000000000C7
S31502017CB400000000000000000000000000000000B7
S31502017CC400000000000000000000000000000000A7
S31502017CD40000000000000000000000000000000097
S31502017CE40000000000000000000000000000000087
S31502017CF40000000000000000000000000000000077
S31502017D040000000000000000000000000000000066
S31502017D140000000000000000000000000000000056
S31502017D240000000000000000000000000000000046
S31502017D340000000000000000000000000000000036
S31502017D440000000000000000000000000000000026
S31502017D540000000000000000000000000000000016
S31502017D640000000000000000000000000000000006
S31502017D7400000000000000000000000000000000F6
S31502017D8400000000000000000000000000000000E6
S31502017D9400000000000000000000000000000000D6
S31502017DA400000000000000000000000000000000C6
S31502017DB400000000000000000000000000000000B6
S31502017DC400000000000000000000000000000000A6
S31502017DD40000000000000000000000000000000096
S31502017DE40000000000000000000000000000000086
S31502017DF40000000000000000000000000000000076
S31502017E040000000000000000000000000000000065
S31502017E140000000000000000000000000000000055
S31502017E240000000000000000000000000000000045
S31502017E340000000000000000000000000000000035
S31502017E440000000000000000000000000000000025
S31502017E540000000000000000000000000000000015
S31502017E640000000000000000000000000000000005
S31502017E7400000000000000000000000000000000F5
S31502017E8400000000000000000000000000000000E5
S31502017E9400000000000000000000000000000000D5
S31502017EA400000000000000000000000000000000C5
S31502017EB400000000000000000000000000000000B5
S31502017EC400000000000000000000000000000000A5
S31502017ED40000000000000000000000000000000095
S31502017EE40000000000000000000000000000000085
S31502017EF40000000000000000000000000000000075
S31502017F040000000000000000000000000000000064
S31502017F140000000000000000000000000000000054
S31502017F240000000000000000000000000000000044
S31502017F340000000000000000000000000000000034
S31502017F440000000000000000000000000000000024
S31502017F540000000000000000000000000000000014
S31502017F640000000000000000000000000000000004
S31502017F7400000000000000000000000000000000F4
S31502017F8400000000000000000000000000000000E4
S31502017F9400000000000000000000000000000000D4
S31502017FA400000000000000000000000000000000C4
S31502017FB400000000000000000000000000000000B4
S31502017FC400000000000000000000000000000000A4
S31502017FD40000000000000000000000000000000094
S31502017FE40000000000000000000000000000000084
S31502017FF40000000000000000000000000000000074
S315020180040000000000000000000000000000000063
S315020180140000000000000000000000000000000053
S315020180240000000000000000000000000000000043
S315020180340000000000000000000000000000000033
S315020180440000000000000000000000000000000023
S315020180540000000000000000000000000000000013
S315020180640000000000000000000000000000000003
S3150201807400000000000000000000000000000000F3
S3150201808400000000000000000000000000000000E3
S3150201809400000000000000000000000000000000D3
S315020180A400000000000000000000000000000000C3
S315020180B400000000000000000000000000000000B3
S315020180C400000000000000000000000000000000A3
S315020180D40000000000000000000000000000000093
S315020180E40000000000000000000000000000000083
S315020180F40000000000000000000000000000000073
S315020181040000000000000000000000000000000062
S315020181140000000000000000000000000000000052
S315020181240000000000000000000000000000000042
S315020181340000000000000000000000000000000032
S315020181440000000000000000000000000000000022
S315020181540000000000000000000000000000000012
S315020181640000000000000000000000000000000002
S3150201817400000000000000000000000000000000F2
S3150201818400000000000000000000000000000000E2
S3150201819400000000000000000000000000000000D2
S315020181A400000000000000000000000000000000C2
S315020181B400000000000000000000000000000000B2
S315020181C400000000000000000000000000000000A2
S315020181D40000000000000000000000000000000092
S315020181E40000000000000000000000000000000082
S315020181F40000000000000000000000000000000072
S315020182040000000000000000000000000000000061
S315020182140000000000000000000000000000000051
S315020182240000000000000000000000000000000041
S315020182340000000000000000000000000000000031
S315020182440000000000000000000000000000000021
S315020182540000000000000000000000000000000011
S315020182640000000000000000000000000000000001
S3150201827400000000000000000000000000000000F1
S3150201828400000000000000000000000000000000E1
S3150201829400000000000000000000000000000000D1
S315020182A400000000000000000000000000000000C1
S315020182B400000000000000000000000000000000B1
S315020182C400000000000000000000000000000000A1
S315020182D40000000000000000000000000000000091
S315020182E40000000000000000000000000000000081
S315020182F40000000000000000000000000000000071
S315020183040000000000000000000000000000000060
S315020183140000000000000000000000000000000050
S315020183240000000000000000000000000000000040
S315020183340000000000000000000000000000000030
S315020183440000000000000000000000000000000020
S315020183540000000000000000000000000000000010
S315020183640000000000000000000000000000000000
S3150201837400000000000000000000000000000000F0
S3150201838400000000000000000000000000000000E0
S3150201839400000000000000000000000000000000D0
S315020183A400000000000000000000000000000000C0
S315020183B400000000000000000000000000000000B0
S315020183C400000000000000000000000000000000A0
S315020183D40000000000000000000000000000000090
S315020183E40000000000000000000000000000000080
S315020183F40000000000000000000000000000000070
S31502018404000000000000000000000000000000005F
S31502018414000000000000000000000000000000004F
S31502018424000000000000000000000000000000003F
S31502018434000000000000000000000000000000002F
S31502018444000000000000000000000000000000001F
S31502018454000000000000000000000000000000000F
S3150201846400000000000000000000000000000000FF
S3150201847400000000000000000000000000000000EF
S3150201848400000000000000000000000000000000DF
S3150201849400000000000000000000000000000000CF
S315020184A400000000000000000000000000000000BF
S315020184B400000000000000000000000000000000AF
S315020184C4000000000000000000000000000000009F
S315020184D4000000000000000000000000000000008F
S315020184E4000000000000000000000000000000007F
S315020184F4000000000000000000000000000000006F
S31502018504000000000000000000000000000000005E
S31502018514000000000000000000000000000000004E
S31502018524000000000000000000000000000000003E
S31502018534000000000000000000000000000000002E
S31502018544000000000000000000000000000000001E
S31502018554000000000000000000000000000000000E
S3150201856400000000000000000000000000000000FE
S3150201857400000000000000000000000000000000EE
S3150201858400000000000000000000000000000000DE
S3150201859400000000000000000000000000000000CE
S315020185A400000000000000000000000000000000BE
S315020185B400000000000000000000000000000000AE
S315020185C4000000000000000000000000000000009E
S315020185D4000000000000000000000000000000008E
S315020185E4000000000000000000000000000000007E
S315020185F4000000000000000000000000000000006E
S31502018604000000000000000000000000000000005D
S31502018614000000000000000000000000000000004D
S31502018624000000000000000000000000000000003D
S31502018634000000000000000000000000000000002D
S31502018644000000000000000000000000000000001D
S31502018654000000000000000000000000000000000D
S3150201866400000000000000000000000000000000FD
S3150201867400000000000000000000000000000000ED
S3150201868400000000000000000000000000000000DD
S3150201869400000000000000000000000000000000CD
S315020186A400000000000000000000000000000000BD
S315020186B400000000000000000000000000000000AD
S315020186C4000000000000000000000000000000009D
S315020186D4000000000000000000000000000000008D
S315020186E4000000000000000000000000000000007D
S315020186F4000000000000000000000000000000006D
S31502018704000000000000000000000000000000005C
S31502018714000000000000000000000000000000004C
S31502018724000000000000000000000000000000003C
S31502018734000000000000000000000000000000002C
S31502018744000000000000000000000000000000001C
S31502018754000000000000000000000000000000000C
S3150201876400000000000000000000000000000000FC
S3150201877400000000000000000000000000000000EC
S3150201878400000000000000000000000000000000DC
S3150201879400000000000000000000000000000000CC
S315020187A400000000000000000000000000000000BC
S315020187B400000000000000000000000000000000AC
S315020187C4000000000000000000000000000000009C
S315020187D4000000000000000000000000000000008C
S315020187E4000000000000000000000000000000007C
S315020187F4000000000000000000000000000000006C
S31502018804000000000000000000000000000000005B
S31502018814000000000000000000000000000000004B
S31502018824000000000000000000000000000000003B
S31502018834000000000000000000000000000000002B
S31502018844000000000000000000000000000000001B
S31502018854000000000000000000000000000000000B
S3150201886400000000000000000000000000000000FB
S3150201887400000000000000000000000000000000EB
S3150201888400000000000000000000000000000000DB
S3150201889400000000000000000000000000000000CB
S315020188A400000000000000000000000000000000BB
S315020188B400000000000000000000000000000000AB
S315020188C4000000000000000000000000000000009B
S315020188D4000000000000000000000000000000008B
S315020188E4000000000000000000000000000000007B
S315020188F4000000000000000000000000000000006B
S31502018904000000000000000000000000000000005A
S31502018914000000000000000000000000000000004A
S31502018924000000000000000000000000000000003A
S31502018934000000000000000000000000000000002A
S31502018944000000000000000000000000000000001A
S31502018954000000000000000000000000000000000A
S3150201896400000000000000000000000000000000FA
S3150201897400000000000000000000000000000000EA
S3150201898400000000000000000000000000000000DA
S3150201899400000000000000000000000000000000CA
S315020189A400000000000000000000000000000000BA
S315020189B400000000000000000000000000000000AA
S315020189C4000000000000000000000000000000009A
S315020189D4000000000000000000000000000000008A
S315020189E4000000000000000000000000000000007A
S315020189F4000000000000000000000000000000006A
S31502018A040000000000000000000000000000000059
S31502018A140000000000000000000000000000000049
S31502018A240000000000000000000000000000000039
S31502018A340000000000000000000000000000000029
S31502018A440000000000000000000000000000000019
S31502018A540000000000000000000000000000000009
S31502018A6400000000000000000000000000000000F9
S31502018A7400000000000000000000000000000000E9
S31502018A8400000000000000000000000000000000D9
S31502018A9400000000000000000000000000000000C9
S31502018AA400000000000000000000000000000000B9
S31502018AB400000000000000000000000000000000A9
S31502018AC40000000000000000000000000000000099
S31502018AD40000000000000000000000000000000089
S31502018AE40000000000000000000000000000000079
S31502018AF40000000000000000000000000000000069
S31502018B040000000000000000000000000000000058
S31502018B140000000000000000000000000000000048
S31502018B240000000000000000000000000000000038
S31502018B340000000000000000000000000000000028
S31502018B440000000000000000000000000000000018
S31502018B540000000000000000000000000000000008
S31502018B6400000000000000000000000000000000F8
S31502018B7400000000000000000000000000000000E8
S31502018B8400000000000000000000000000000000D8
S31502018B9400000000000000000000000000000000C8
S31502018BA400000000000000000000000000000000B8
S31502018BB400000000000000000000000000000000A8
S31502018BC40000000000000000000000000000000098
S31502018BD40000000000000000000000000000000088
S31502018BE40000000000000000000000000000000078
S31502018BF40000000000000000000000000000000068
S31502018C040000000000000000000000000000000057
S31502018C140000000000000000000000000000000047
S31502018C240000000000000000000000000000000037
S31502018C340000000000000000000000000000000027
S31502018C440000000000000000000000000000000017
S31502018C540000000000000000000000000000000007
S31502018C6400000000000000000000000000000000F7
S31502018C7400000000000000000000000000000000E7
S31502018C8400000000000000000000000000000000D7
S31502018C9400000000000000000000000000000000C7
S31502018CA400000000000000000000000000000000B7
S31502018CB400000000000000000000000000000000A7
S31502018CC40000000000000000000000000000000097
S31502018CD40000000000000000000000000000000087
S31502018CE40000000000000000000000000000000077
S31502018CF40000000000000000000000000000000067
S31502018D040000000000000000000000000000000056
S31502018D140000000000000000000000000000000046
S31502018D240000000000000000000000000000000036
S31502018D340000000000000000000000000000000026
S31502018D440000000000000000000000000000000016
S31502018D540000000000000000000000000000000006
S31502018D6400000000000000000000000000000000F6
S31502018D7400000000000000000000000000000000E6
S31502018D8400000000000000000000000000000000D6
S31502018D9400000000000000000000000000000000C6
S31502018DA400000000000000000000000000000000B6
S31502018DB400000000000000000000000000000000A6
S31502018DC40000000000000000000000000000000096
S31502018DD40000000000000000000000000000000086
S31502018DE40000000000000000000000000000000076
S31502018DF40000000000000000000000000000000066
S31502018E040000000000000000000000000000000055
S31502018E140000000000000000000000000000000045
S31502018E240000000000000000000000000000000035
S31502018E340000000000000000000000000000000025
S31502018E440000000000000000000000000000000015
S31502018E540000000000000000000000000000000005
S31502018E6400000000000000000000000000000000F5
S31502018E7400000000000000000000000000000000E5
S31502018E8400000000000000000000000000000000D5
S31502018E9400000000000000000000000000000000C5
S31502018EA400000000000000000000000000000000B5
S31502018EB400000000000000000000000000000000A5
S31502018EC40000000000000000000000000000000095
S31502018ED40000000000000000000000000000000085
S31502018EE40000000000000000000000000000000075
S31502018EF40000000000000000000000000000000065
S31502018F040000000000000000000000000000000054
S31502018F140000000000000000000000000000000044
S31502018F240000000000000000000000000000000034
S31502018F340000000000000000000000000000000024
S31502018F440000000000000000000000000000000014
S31502018F540000000000000000000000000000000004
S31502018F6400000000000000000000000000000000F4
S31502018F7400000000000000000000000000000000E4
S31502018F8400000000000000000000000000000000D4
S31502018F9400000000000000000000000000000000C4
S31502018FA400000000000000000000000000000000B4
S31502018FB400000000000000000000000000000000A4
S31502018FC40000000000000000000000000000000094
S31502018FD40000000000000000000000000000000084
S31502018FE40000000000000000000000000000000074
S31502018FF40000000000000000000000000000000064
S315020190040000000000000000000000000000000053
S315020190140000000000000000000000000000000043
S315020190240000000000000000000000000000000033
S315020190340000000000000000000000000000000023
S315020190440000000000000000000000000000000013
S315020190540000000000000000000000000000000003
S3150201906400000000000000000000000000000000F3
S3150201907400000000000000000000000000000000E3
S3150201908400000000000000000000000000000000D3
S3150201909400000000000000000000000000000000C3
S315020190A400000000000000000000000000000000B3
S315020190B400000000000000000000000000000000A3
S315020190C40000000000000000000000000000000093
S315020190D40000000000000000000000000000000083
S315020190E40000000000000000000000000000000073
S315020190F40000000000000000000000000000000063
S315020191040000000000000000000000000000000052
S315020191140000000000000000000000000000000042
S315020191240000000000000000000000000000000032
S315020191340000000000000000000000000000000022
S315020191440000000000000000000000000000000012
S315020191540000000000000000000000000000000002
S3150201916400000000000000000000000000000000F2
S3150201917400000000000000000000000000000000E2
S3150201918400000000000000000000000000000000D2
S3150201919400000000000000000000000000000000C2
S315020191A400000000000000000000000000000000B2
S315020191B400000000000000000000000000000000A2
S315020191C40000000000000000000000000000000092
S315020191D40000000000000000000000000000000082
S315020191E40000000000000000000000000000000072
S315020191F40000000000000000000000000000000062
S315020192040000000000000000000000000000000051
S315020192140000000000000000000000000000000041
S315020192240000000000000000000000000000000031
S315020192340000000000000000000000000000000021
S315020192440000000000000000000000000000000011
S315020192540000000000000000000000000000000001
S3150201926400000000000000000000000000000000F1
S3150201927400000000000000000000000000000000E1
S3150201928400000000000000000000000000000000D1
S3150201929400000000000000000000000000000000C1
S315020192A400000000000000000000000000000000B1
S315020192B400000000000000000000000000000000A1
S315020192C40000000000000000000000000000000091
S315020192D40000000000000000000000000000000081
S315020192E40000000000000000000000000000000071
S315020192F40000000000000000000000000000000061
S315020193040000000000000000000000000000000050
S315020193140000000000000000000000000000000040
S315020193240000000000000000000000000000000030
S315020193340000000000000000000000000000000020
S315020193440000000000000000000000000000000010
S315020193540000000000000000000000000000000000
S3150201936400000000000000000000000000000000F0
S3150201937400000000000000000000000000000000E0
S3150201938400000000000000000000000000000000D0
S3150201939400000000000000000000000000000000C0
S315020193A400000000000000000000000000000000B0
S315020193B400000000000000000000000000000000A0
S315020193C40000000000000000000000000000000090
S315020193D40000000000000000000000000000000080
S315020193E40000000000000000000000000000000070
S315020193F40000000000000000000000000000000060
S31502019404000000000000000000000000000000004F
S31502019414000000000000000000000000000000003F
S31502019424000000000000000000000000000000002F
S31502019434000000000000000000000000000000001F
S31502019444000000000000000000000000000000000F
S3150201945400000000000000000000000000000000FF
S3150201946400000000000000000000000000000000EF
S3150201947400000000000000000000000000000000DF
S3150201948400000000000000000000000000000000CF
S3150201949400000000000000000000000000000000BF
S315020194A400000000000000000000000000000000AF
S315020194B4000000000000000000000000000000009F
S315020194C4000000000000000000000000000000008F
S315020194D4000000000000000000000000000000007F
S315020194E4000000000000000000000000000000006F
S315020194F4000000000000000000000000000000005F
S31502019504000000000000000000000000000000004E
S31502019514000000000000000000000000000000003E
S31502019524000000000000000000000000000000002E
S31502019534000000000000000000000000000000001E
S31502019544000000000000000000000000000000000E
S3150201955400000000000000000000000000000000FE
S3150201956400000000000000000000000000000000EE
S3150201957400000000000000000000000000000000DE
S3150201958400000000000000000000000000000000CE
S3150201959400000000000000000000000000000000BE
S315020195A400000000000000000000000000000000AE
S315020195B4000000000000000000000000000000009E
S315020195C4000000000000000000000000000000008E
S315020195D4000000000000000000000000000000007E
S315020195E4000000000000000000000000000000006E
S315020195F4000000000000000000000000000000005E
S31502019604000000000000000000000000000000004D
S31502019614000000000000000000000000000000003D
S31502019624000000000000000000000000000000002D
S31502019634000000000000000000000000000000001D
S31502019644000000000000000000000000000000000D
S3150201965400000000000000000000000000000000FD
S3150201966400000000000000000000000000000000ED
S3150201967400000000000000000000000000000000DD
S3150201968400000000000000000000000000000000CD
S3150201969400000000000000000000000000000000BD
S315020196A400000000000000000000000000000000AD
S315020196B4000000000000000000000000000000009D
S315020196C4000000000000000000000000000000008D
S315020196D4000000000000000000000000000000007D
S315020196E4000000000000000000000000000000006D
S315020196F4000000000000000000000000000000005D
S31502019704000000000000000000000000000000004C
S31502019714000000000000000000000000000000003C
S31502019724000000000000000000000000000000002C
S31502019734000000000000000000000000000000001C
S31502019744000000000000000000000000000000000C
S3150201975400000000000000000000000000000000FC
S3150201976400000000000000000000000000000000EC
S3150201977400000000000000000000000000000000DC
S3150201978400000000000000000000000000000000CC
S3150201979400000000000000000000000000000000BC
S315020197A400000000000000000000000000000000AC
S315020197B4000000000000000000000000000000009C
S315020197C4000000000000000000000000000000008C
S315020197D4000000000000000000000000000000007C
S315020197E4000000000000000000000000000000006C
S315020197F4000000000000000000000000000000005C
S31502019804000000000000000000000000000000004B
S31502019814000000000000000000000000000000003B
S31502019824000000000000000000000000000000002B
S31502019834000000000000000000000000000000001B
S31502019844000000000000000000000000000000000B
S3150201985400000000000000000000000000000000FB
S3150201986400000000000000000000000000000000EB
S3150201987400000000000000000000000000000000DB
S3150201988400000000000000000000000000000000CB
S3150201989400000000000000000000000000000000BB
S315020198A400000000000000000000000000000000AB
S315020198B4000000000000000000000000000000009B
S315020198C4000000000000000000000000000000008B
S315020198D4000000000000000000000000000000007B
S315020198E4000000000000000000000000000000006B
S315020198F4000000000000000000000000000000005B
S31502019904000000000000000000000000000000004A
S31502019914000000000000000000000000000000003A
S31502019924000000000000000000000000000000002A
S31502019934000000000000000000000000000000001A
S31502019944000000000000000000000000000000000A
S3150201995400000000000000000000000000000000FA
S3150201996400000000000000000000000000000000EA
S3150201997400000000000000000000000000000000DA
S3150201998400000000000000000000000000000000CA
S3150201999400000000000000000000000000000000BA
S315020199A400000000000000000000000000000000AA
S315020199B4000000000000000000000000000000009A
S315020199C4000000000000000000000000000000008A
S315020199D4000000000000000000000000000000007A
S315020199E4000000000000000000000000000000006A
S315020199F4000000000000000000000000000000005A
S31502019A040000000000000000000000000000000049
S31502019A140000000000000000000000000000000039
S31502019A240000000000000000000000000000000029
S31502019A340000000000000000000000000000000019
S31502019A440000000000000000000000000000000009
S31502019A5400000000000000000000000000000000F9
S31502019A6400000000000000000000000000000000E9
S31502019A7400000000000000000000000000000000D9
S31502019A8400000000000000000000000000000000C9
S31502019A9400000000000000000000000000000000B9
S31502019AA400000000000000000000000000000000A9
S31502019AB40000000000000000000000000000000099
S31502019AC40000000000000000000000000000000089
S31502019AD40000000000000000000000000000000079
S31502019AE40000000000000000000000000000000069
S31502019AF40000000000000000000000000000000059
S31502019B040000000000000000000000000000000048
S31502019B140000000000000000000000000000000038
S31502019B240000000000000000000000000000000028
S31502019B340000000000000000000000000000000018
S31502019B440000000000000000000000000000000008
S31502019B5400000000000000000000000000000000F8
S31502019B6400000000000000000000000000000000E8
S31502019B7400000000000000000000000000000000D8
S31502019B8400000000000000000000000000000000C8
S31502019B9400000000000000000000000000000000B8
S31502019BA400000000000000000000000000000000A8
S31502019BB40000000000000000000000000000000098
S31502019BC40000000000000000000000000000000088
S31502019BD40000000000000000000000000000000078
S31502019BE40000000000000000000000000000000068
S31502019BF40000000000000000000000000000000058
S31502019C040000000000000000000000000000000047
S31502019C140000000000000000000000000000000037
S31502019C240000000000000000000000000000000027
S31502019C340000000000000000000000000000000017
S31502019C440000000000000000000000000000000007
S31502019C5400000000000000000000000000000000F7
S31502019C6400000000000000000000000000000000E7
S31502019C7400000000000000000000000000000000D7
S31502019C8400000000000000000000000000000000C7
S31502019C9400000000000000000000000000000000B7
S31502019CA400000000000000000000000000000000A7
S31502019CB40000000000000000000000000000000097
S31502019CC40000000000000000000000000000000087
S31502019CD40000000000000000000000000000000077
S31502019CE40000000000000000000000000000000067
S31502019CF40000000000000000000000000000000057
S31502019D040000000000000000000000000000000046
S31502019D140000000000000000000000000000000036
S31502019D240000000000000000000000000000000026
S31502019D340000000000000000000000000000000016
S31502019D440000000000000000000000000000000006
S31502019D5400000000000000000000000000000000F6
S31502019D6400000000000000000000000000000000E6
S31502019D7400000000000000000000000000000000D6
S31502019D8400000000000000000000000000000000C6
S31502019D9400000000000000000000000000000000B6
S31502019DA400000000000000000000000000000000A6
S31502019DB40000000000000000000000000000000096
S31502019DC40000000000000000000000000000000086
S31502019DD40000000000000000000000000000000076
S31502019DE40000000000000000000000000000000066
S31502019DF40000000000000000000000000000000056
S31502019E040000000000000000000000000000000045
S31502019E140000000000000000000000000000000035
S31502019E240000000000000000000000000000000025
S31502019E340000000000000000000000000000000015
S31502019E440000000000000000000000000000000005
S31502019E5400000000000000000000000000000000F5
S31502019E6400000000000000000000000000000000E5
S31502019E7400000000000000000000000000000000D5
S31502019E8400000000000000000000000000000000C5
S31502019E9400000000000000000000000000000000B5
S31502019EA400000000000000000000000000000000A5
S31502019EB40000000000000000000000000000000095
S31502019EC40000000000000000000000000000000085
S31502019ED40000000000000000000000000000000075
S31502019EE40000000000000000000000000000000065
S31502019EF40000000000000000000000000000000055
S31502019F040000000000000000000000000000000044
S31502019F140000000000000000000000000000000034
S31502019F240000000000000000000000000000000024
S31502019F340000000000000000000000000000000014
S31502019F440000000000000000000000000000000004
S31502019F5400000000000000000000000000000000F4
S31502019F6400000000000000000000000000000000E4
S31502019F7400000000000000000000000000000000D4
S31502019F8400000000000000000000000000000000C4
S31502019F9400000000000000000000000000000000B4
S31502019FA400000000000000000000000000000000A4
S31502019FB40000000000000000000000000000000094
S31502019FC40000000000000000000000000000000084
S31502019FD40000000000000000000000000000000074
S31502019FE40000000000000000000000000000000064
S31502019FF40000000000000000000000000000000054
S3150201A0040000000000000000000000000000000043
S3150201A0140000000000000000000000000000000033
S3150201A0240000000000000000000000000000000023
S3150201A0340000000000000000000000000000000013
S3150201A0440000000000000000000000000000000003
S3150201A05400000000000000000000000000000000F3
S3150201A06400000000000000000000000000000000E3
S3150201A07400000000000000000000000000000000D3
S3150201A08400000000000000000000000000000000C3
S3150201A09400000000000000000000000000000000B3
S3150201A0A400000000000000000000000000000000A3
S3150201A0B40000000000000000000000000000000093
S3150201A0C40000000000000000000000000000000083
S3150201A0D40000000000000000000000000000000073
S3150201A0E40000000000000000000000000000000063
S3150201A0F40000000000000000000000000000000053
S3150201A1040000000000000000000000000000000042
S3150201A1140000000000000000000000000000000032
S3150201A1240000000000000000000000000000000022
S3150201A1340000000000000000000000000000000012
S3150201A1440000000000000000000000000000000002
S3150201A15400000000000000000000000000000000F2
S3150201A16400000000000000000000000000000000E2
S3150201A17400000000000000000000000000000000D2
S3150201A18400000000000000000000000000000000C2
S3150201A19400000000000000000000000000000000B2
S3150201A1A400000000000000000000000000000000A2
S3150201A1B40000000000000000000000000000000092
S3150201A1C40000000000000000000000000000000082
S3150201A1D40000000000000000000000000000000072
S3150201A1E40000000000000000000000000000000062
S3150201A1F40000000000000000000000000000000052
S3150201A2040000000000000000000000000000000041
S3150201A2140000000000000000000000000000000031
S3150201A2240000000000000000000000000000000021
S3150201A2340000000000000000000000000000000011
S3150201A2440000000000000000000000000000000001
S3150201A25400000000000000000000000000000000F1
S3150201A26400000000000000000000000000000000E1
S3150201A27400000000000000000000000000000000D1
S3150201A28400000000000000000000000000000000C1
S3150201A29400000000000000000000000000000000B1
S3150201A2A400000000000000000000000000000000A1
S3150201A2B40000000000000000000000000000000091
S3150201A2C40000000000000000000000000000000081
S3150201A2D40000000000000000000000000000000071
S3150201A2E40000000000000000000000000000000061
S3150201A2F40000000000000000000000000000000051
S3150201A3040000000000000000000000000000000040
S3150201A3140000000000000000000000000000000030
S3150201A3240000000000000000000000000000000020
S3150201A3340000000000000000000000000000000010
S3150201A3440000000000000000000000000000000000
S3150201A35400000000000000000000000000000000F0
S3150201A36400000000000000000000000000000000E0
S3150201A37400000000000000000000000000000000D0
S3150201A38400000000000000000000000000000000C0
S3150201A39400000000000000000000000000000000B0
S3150201A3A400000000000000000000000000000000A0
S3150201A3B40000000000000000000000000000000090
S3150201A3C40000000000000000000000000000000080
S3150201A3D40000000000000000000000000000000070
S3150201A3E40000000000000000000000000000000060
S3150201A3F40000000000000000000000000000000050
S3150201A404000000000000000000000000000000003F
S3150201A414000000000000000000000000000000002F
S3150201A424000000000000000000000000000000001F
S3150201A434000000000000000000000000000000000F
S3150201A44400000000000000000000000000000000FF
S3150201A45400000000000000000000000000000000EF
S3150201A46400000000000000000000000000000000DF
S3150201A47400000000000000000000000000000000CF
S3150201A48400000000000000000000000000000000BF
S3150201A49400000000000000000000000000000000AF
S3150201A4A4000000000000000000000000000000009F
S3150201A4B4000000000000000000000000000000008F
S3150201A4C4000000000000000000000000000000007F
S3150201A4D4000000000000000000000000000000006F
S3150201A4E4000000000000000000000000000000005F
S3150201A4F4000000000000000000000000000000004F
S3150201A504000000000000000000000000000000003E
S3150201A514000000000000000000000000000000002E
S3150201A524000000000000000000000000000000001E
S3150201A534000000000000000000000000000000000E
S3150201A54400000000000000000000000000000000FE
S3150201A55400000000000000000000000000000000EE
S3150201A56400000000000000000000000000000000DE
S3150201A57400000000000000000000000000000000CE
S3150201A58400000000000000000000000000000000BE
S3150201A59400000000000000000000000000000000AE
S3150201A5A4000000000000000000000000000000009E
S3150201A5B4000000000000000000000000000000008E
S3150201A5C4000000000000000000000000000000007E
S3150201A5D4000000000000000000000000000000006E
S3150201A5E4000000000000000000000000000000005E
S3150201A5F4000000000000000000000000000000004E
S3150201A604000000000000000000000000000000003D
S3150201A614000000000000000000000000000000002D
S3150201A624000000000000000000000000000000001D
S3150201A634000000000000000000000000000000000D
S3150201A64400000000000000000000000000000000FD
S3150201A65400000000000000000000000000000000ED
S3150201A66400000000000000000000000000000000DD
S3150201A67400000000000000000000000000000000CD
S3150201A68400000000000000000000000000000000BD
S3150201A69400000000000000000000000000000000AD
S3150201A6A4000000000000000000000000000000009D
S3150201A6B4000000000000000000000000000000008D
S3150201A6C4000000000000000000000000000000007D
S3150201A6D4000000000000000000000000000000006D
S3150201A6E4000000000000000000000000000000005D
S3150201A6F4000000000000000000000000000000004D
S3150201A704000000000000000000000000000000003C
S3150201A714000000000000000000000000000000002C
S3150201A724000000000000000000000000000000001C
S3150201A734000000000000000000000000000000000C
S3150201A74400000000000000000000000000000000FC
S3150201A75400000000000000000000000000000000EC
S3150201A76400000000000000000000000000000000DC
S3150201A77400000000000000000000000000000000CC
S3150201A78400000000000000000000000000000000BC
S3150201A79400000000000000000000000000000000AC
S3150201A7A4000000000000000000000000000000009C
S3150201A7B4000000000000000000000000000000008C
S3150201A7C4000000000000000000000000000000007C
S3150201A7D4000000000000000000000000000000006C
S3150201A7E4000000000000000000000000000000005C
S3150201A7F4000000000000000000000000000000004C
S3150201A804000000000000000000000000000000003B
S3150201A814000000000000000000000000000000002B
S3150201A824000000000000000000000000000000001B
S3150201A834000000000000000000000000000000000B
S3150201A84400000000000000000000000000000000FB
S3150201A85400000000000000000000000000000000EB
S3150201A86400000000000000000000000000000000DB
S3150201A87400000000000000000000000000000000CB
S3150201A88400000000000000000000000000000000BB
S3150201A89400000000000000000000000000000000AB
S3150201A8A4000000000000000000000000000000009B
S3150201A8B4000000000000000000000000000000008B
S3150201A8C4000000000000000000000000000000007B
S3150201A8D4000000000000000000000000000000006B
S3150201A8E4000000000000000000000000000000005B
S3150201A8F4000000000000000000000000000000004B
S3150201A904000000000000000000000000000000003A
S3150201A914000000000000000000000000000000002A
S3150201A924000000000000000000000000000000001A
S3150201A934000000000000000000000000000000000A
S3150201A94400000000000000000000000000000000FA
S3150201A95400000000000000000000000000000000EA
S3150201A96400000000000000000000000000000000DA
S3150201A97400000000000000000000000000000000CA
S3150201A98400000000000000000000000000000000BA
S3150201A99400000000000000000000000000000000AA
S3150201A9A4000000000000000000000000000000009A
S3150201A9B4000000000000000000000000000000008A
S3150201A9C4000000000000000000000000000000007A
S3150201A9D4000000000000000000000000000000006A
S3150201A9E4000000000000000000000000000000005A
S3150201A9F4000000000000000000000000000000004A
S3150201AA040000000000000000000000000000000039
S3150201AA140000000000000000000000000000000029
S3150201AA240000000000000000000000000000000019
S3150201AA340000000000000000000000000000000009
S3150201AA4400000000000000000000000000000000F9
S3150201AA5400000000000000000000000000000000E9
S3150201AA6400000000000000000000000000000000D9
S3150201AA7400000000000000000000000000000000C9
S3150201AA8400000000000000000000000000000000B9
S3150201AA9400000000000000000000000000000000A9
S3150201AAA40000000000000000000000000000000099
S3150201AAB40000000000000000000000000000000089
S3150201AAC40000000000000000000000000000000079
S3150201AAD40000000000000000000000000000000069
S3150201AAE40000000000000000000000000000000059
S3150201AAF40000000000000000000000000000000049
S3150201AB040000000000000000000000000000000038
S3150201AB140000000000000000000000000000000028
S3150201AB240000000000000000000000000000000018
S3150201AB340000000000000000000000000000000008
S3150201AB4400000000000000000000000000000000F8
S3150201AB5400000000000000000000000000000000E8
S3150201AB6400000000000000000000000000000000D8
S3150201AB7400000000000000000000000000000000C8
S3150201AB8400000000000000000000000000000000B8
S3150201AB9400000000000000000000000000000000A8
S3150201ABA40000000000000000000000000000000098
S3150201ABB40000000000000000000000000000000088
S3150201ABC40000000000000000000000000000000078
S3150201ABD40000000000000000000000000000000068
S3150201ABE40000000000000000000000000000000058
S3150201ABF40000000000000000000000000000000048
S3150201AC040000000000000000000000000000000037
S3150201AC140000000000000000000000000000000027
S3150201AC240000000000000000000000000000000017
S3150201AC340000000000000000000000000000000007
S3150201AC4400000000000000000000000000000000F7
S3150201AC5400000000000000000000000000000000E7
S3150201AC6400000000000000000000000000000000D7
S3150201AC7400000000000000000000000000000000C7
S3150201AC8400000000000000000000000000000000B7
S3150201AC9400000000000000000000000000000000A7
S3150201ACA40000000000000000000000000000000097
S3150201ACB40000000000000000000000000000000087
S3150201ACC40000000000000000000000000000000077
S3150201ACD40000000000000000000000000000000067
S3150201ACE40000000000000000000000000000000057
S3150201ACF40000000000000000000000000000000047
S3150201AD040000000000000000000000000000000036
S3150201AD140000000000000000000000000000000026
S3150201AD240000000000000000000000000000000016
S3150201AD340000000000000000000000000000000006
S3150201AD4400000000000000000000000000000000F6
S3150201AD5400000000000000000000000000000000E6
S3150201AD6400000000000000000000000000000000D6
S3150201AD7400000000000000000000000000000000C6
S3150201AD8400000000000000000000000000000000B6
S3150201AD9400000000000000000000000000000000A6
S3150201ADA40000000000000000000000000000000096
S3150201ADB40000000000000000000000000000000086
S3150201ADC40000000000000000000000000000000076
S3150201ADD40000000000000000000000000000000066
S3150201ADE40000000000000000000000000000000056
S3150201ADF40000000000000000000000000000000046
S3150201AE040000000000000000000000000000000035
S3150201AE140000000000000000000000000000000025
S3150201AE240000000000000000000000000000000015
S3150201AE340000000000000000000000000000000005
S3150201AE4400000000000000000000000000000000F5
S3150201AE5400000000000000000000000000000000E5
S3150201AE6400000000000000000000000000000000D5
S3150201AE7400000000000000000000000000000000C5
S3150201AE8400000000000000000000000000000000B5
S3150201AE9400000000000000000000000000000000A5
S3150201AEA40000000000000000000000000000000095
S3150201AEB40000000000000000000000000000000085
S3150201AEC40000000000000000000000000000000075
S3150201AED40000000000000000000000000000000065
S3150201AEE40000000000000000000000000000000055
S3150201AEF40000000000000000000000000000000045
S3150201AF040000000000000000000000000000000034
S3150201AF140000000000000000000000000000000024
S3150201AF240000000000000000000000000000000014
S3150201AF340000000000000000000000000000000004
S3150201AF4400000000000000000000000000000000F4
S3150201AF5400000000000000000000000000000000E4
S3150201AF6400000000000000000000000000000000D4
S3150201AF7400000000000000000000000000000000C4
S3150201AF8400000000000000000000000000000000B4
S3150201AF9400000000000000000000000000000000A4
S3150201AFA40000000000000000000000000000000094
S3150201AFB40000000000000000000000000000000084
S3150201AFC40000000000000000000000000000000074
S3150201AFD40000000000000000000000000000000064
S3150201AFE40000000000000000000000000000000054
S3150201AFF40000000000000000000000000000000044
S3150201B0040000000000000000000000000000000033
S3150201B0140000000000000000000000000000000023
S3150201B0240000000000000000000000000000000013
S3150201B0340000000000000000000000000000000003
S3150201B04400000000000000000000000000000000F3
S3150201B05400000000000000000000000000000000E3
S3150201B06400000000000000000000000000000000D3
S3150201B07400000000000000000000000000000000C3
S3150201B08400000000000000000000000000000000B3
S3150201B09400000000000000000000000000000000A3
S3150201B0A40000000000000000000000000000000093
S3150201B0B40000000000000000000000000000000083
S3150201B0C40000000000000000000000000000000073
S3150201B0D40000000000000000000000000000000063
S3150201B0E40000000000000000000000000000000053
S3150201B0F40000000000000000000000000000000043
S3150201B1040000000000000000000000000000000032
S3150201B1140000000000000000000000000000000022
S3150201B1240000000000000000000000000000000012
S3150201B1340000000000000000000000000000000002
S3150201B14400000000000000000000000000000000F2
S3150201B15400000000000000000000000000000000E2
S3150201B16400000000000000000000000000000000D2
S3150201B17400000000000000000000000000000000C2
S3150201B18400000000000000000000000000000000B2
S3150201B19400000000000000000000000000000000A2
S3150201B1A40000000000000000000000000000000092
S3150201B1B40000000000000000000000000000000082
S3150201B1C40000000000000000000000000000000072
S3150201B1D40000000000000000000000000000000062
S3150201B1E40000000000000000000000000000000052
S3150201B1F40000000000000000000000000000000042
S3150201B2040000000000000000000000000000000031
S3150201B2140000000000000000000000000000000021
S3150201B2240000000000000000000000000000000011
S3150201B2340000000000000000000000000000000001
S3150201B24400000000000000000000000000000000F1
S3150201B25400000000000000000000000000000000E1
S3150201B26400000000000000000000000000000000D1
S3150201B27400000000000000000000000000000000C1
S3150201B28400000000000000000000000000000000B1
S3150201B29400000000000000000000000000000000A1
S3150201B2A40000000000000000000000000000000091
S3150201B2B40000000000000000000000000000000081
S3150201B2C40000000000000000000000000000000071
S3150201B2D40000000000000000000000000000000061
S3150201B2E40000000000000000000000000000000051
S3150201B2F40000000000000000000000000000000041
S3150201B3040000000000000000000000000000000030
S3150201B3140000000000000000000000000000000020
S3150201B3240000000000000000000000000000000010
S3150201B3340000000000000000000000000000000000
S3150201B34400000000000000000000000000000000F0
S3150201B35400000000000000000000000000000000E0
S3150201B36400000000000000000000000000000000D0
S3150201B37400000000000000000000000000000000C0
S3150201B38400000000000000000000000000000000B0
S3150201B39400000000000000000000000000000000A0
S3150201B3A40000000000000000000000000000000090
S3150201B3B40000000000000000000000000000000080
S3150201B3C40000000000000000000000000000000070
S3150201B3D40000000000000000000000000000000060
S3150201B3E40000000000000000000000000000000050
S3150201B3F40000000000000000000000000000000040
S3150201B404000000000000000000000000000000002F
S3150201B414000000000000000000000000000000001F
S3150201B424000000000000000000000000000000000F
S3150201B43400000000000000000000000000000000FF
S3150201B44400000000000000000000000000000000EF
S3150201B45400000000000000000000000000000000DF
S3150201B46400000000000000000000000000000000CF
S3150201B47400000000000000000000000000000000BF
S3150201B48400000000000000000000000000000000AF
S3150201B494000000000000000000000000000000009F
S3150201B4A4000000000000000000000000000000008F
S3150201B4B4000000000000000000000000000000007F
S3150201B4C4000000000000000000000000000000006F
S3150201B4D4000000000000000000000000000000005F
S3150201B4E4000000000000000000000000000000004F
S3150201B4F4000000000000000000000000000000003F
S3150201B504000000000000000000000000000000002E
S3150201B514000000000000000000000000000000001E
S3150201B524000000000000000000000000000000000E
S3150201B53400000000000000000000000000000000FE
S3150201B54400000000000000000000000000000000EE
S3150201B55400000000000000000000000000000000DE
S3150201B56400000000000000000000000000000000CE
S3150201B57400000000000000000000000000000000BE
S3150201B58400000000000000000000000000000000AE
S3150201B594000000000000000000000000000000009E
S3150201B5A4000000000000000000000000000000008E
S3150201B5B4000000000000000000000000000000007E
S3150201B5C4000000000000000000000000000000006E
S3150201B5D4000000000000000000000000000000005E
S3150201B5E4000000000000000000000000000000004E
S3150201B5F4000000000000000000000000000000003E
S3150201B604000000000000000000000000000000002D
S3150201B614000000000000000000000000000000001D
S3150201B624000000000000000000000000000000000D
S3150201B63400000000000000000000000000000000FD
S3150201B64400000000000000000000000000000000ED
S3150201B65400000000000000000000000000000000DD
S3150201B66400000000000000000000000000000000CD
S3150201B67400000000000000000000000000000000BD
S3150201B68400000000000000000000000000000000AD
S3150201B694000000000000000000000000000000009D
S3150201B6A4000000000000000000000000000000008D
S3150201B6B4000000000000000000000000000000007D
S3150201B6C4000000000000000000000000000000006D
S3150201B6D4000000000000000000000000000000005D
S3150201B6E4000000000000000000000000000000004D
S3150201B6F4000000000000000000000000000000003D
S3150201B704000000000000000000000000000000002C
S3150201B714000000000000000000000000000000001C
S3150201B724000000000000000000000000000000000C
S3150201B73400000000000000000000000000000000FC
S3150201B74400000000000000000000000000000000EC
S3150201B75400000000000000000000000000000000DC
S3150201B76400000000000000000000000000000000CC
S3150201B77400000000000000000000000000000000BC
S3150201B78400000000000000000000000000000000AC
S3150201B794000000000000000000000000000000009C
S3150201B7A4000000000000000000000000000000008C
S3150201B7B4000000000000000000000000000000007C
S3150201B7C4000000000000000000000000000000006C
S3150201B7D4000000000000000000000000000000005C
S3150201B7E4000000000000000000000000000000004C
S3150201B7F4000000000000000000000000000000003C
S3150201B804000000000000000000000000000000002B
S3150201B814000000000000000000000000000000001B
S3150201B824000000000000000000000000000000000B
S3150201B83400000000000000000000000000000000FB
S3150201B84400000000000000000000000000000000EB
S3150201B85400000000000000000000000000000000DB
S3150201B86400000000000000000000000000000000CB
S3150201B87400000000000000000000000000000000BB
S3150201B88400000000000000000000000000000000AB
S3150201B894000000000000000000000000000000009B
S3150201B8A4000000000000000000000000000000008B
S3150201B8B4000000000000000000000000000000007B
S3150201B8C4000000000000000000000000000000006B
S3150201B8D4000000000000000000000000000000005B
S3150201B8E4000000000000000000000000000000004B
S3150201B8F4000000000000000000000000000000003B
S3150201B904000000000000000000000000000000002A
S3150201B914000000000000000000000000000000001A
S3150201B924000000000000000000000000000000000A
S3150201B93400000000000000000000000000000000FA
S3150201B94400000000000000000000000000000000EA
S3150201B95400000000000000000000000000000000DA
S3150201B96400000000000000000000000000000000CA
S3150201B97400000000000000000000000000000000BA
S3150201B98400000000000000000000000000000000AA
S3150201B994000000000000000000000000000000009A
S3150201B9A4000000000000000000000000000000008A
S3150201B9B4000000000000000000000000000000007A
S3150201B9C4000000000000000000000000000000006A
S3150201B9D4000000000000000000000000000000005A
S3150201B9E4000000000000000000000000000000004A
S3150201B9F4000000000000000000000000000000003A
S3150201BA040000000000000000000000000000000029
S3150201BA140000000000000000000000000000000019
S3150201BA240000000000000000000000000000000009
S3150201BA3400000000000000000000000000000000F9
S3150201BA4400000000000000000000000000000000E9
S3150201BA5400000000000000000000000000000000D9
S3150201BA6400000000000000000000000000000000C9
S3150201BA7400000000000000000000000000000000B9
S3150201BA8400000000000000000000000000000000A9
S3150201BA940000000000000000000000000000000099
S3150201BAA40000000000000000000000000000000089
S3150201BAB40000000000000000000000000000000079
S3150201BAC40000000000000000000000000000000069
S3150201BAD40000000000000000000000000000000059
S3150201BAE40000000000000000000000000000000049
S3150201BAF40000000000000000000000000000000039
S3150201BB040000000000000000000000000000000028
S3150201BB140000000000000000000000000000000018
S3150201BB240000000000000000000000000000000008
S3150201BB3400000000000000000000000000000000F8
S3150201BB4400000000000000000000000000000000E8
S3150201BB5400000000000000000000000000000000D8
S3150201BB6400000000000000000000000000000000C8
S3150201BB7400000000000000000000000000000000B8
S3150201BB8400000000000000000000000000000000A8
S3150201BB940000000000000000000000000000000098
S3150201BBA40000000000000000000000000000000088
S3150201BBB40000000000000000000000000000000078
S3150201BBC40000000000000000000000000000000068
S3150201BBD40000000000000000000000000000000058
S3150201BBE40000000000000000000000000000000048
S3150201BBF40000000000000000000000000000000038
S3150201BC040000000000000000000000000000000027
S3150201BC140000000000000000000000000000000017
S3150201BC240000000000000000000000000000000007
S3150201BC3400000000000000000000000000000000F7
S3150201BC4400000000000000000000000000000000E7
S3150201BC5400000000000000000000000000000000D7
S3150201BC6400000000000000000000000000000000C7
S3150201BC7400000000000000000000000000000000B7
S3150201BC8400000000000000000000000000000000A7
S3150201BC940000000000000000000000000000000097
S3150201BCA40000000000000000000000000000000087
S3150201BCB40000000000000000000000000000000077
S3150201BCC40000000000000000000000000000000067
S3150201BCD40000000000000000000000000000000057
S3150201BCE40000000000000000000000000000000047
S3150201BCF40000000000000000000000000000000037
S3150201BD040000000000000000000000000000000026
S3150201BD140000000000000000000000000000000016
S3150201BD240000000000000000000000000000000006
S3150201BD3400000000000000000000000000000000F6
S3150201BD4400000000000000000000000000000000E6
S3150201BD5400000000000000000000000000000000D6
S3150201BD6400000000000000000000000000000000C6
S3150201BD7400000000000000000000000000000000B6
S3150201BD8400000000000000000000000000000000A6
S3150201BD940000000000000000000000000000000096
S3150201BDA40000000000000000000000000000000086
S3150201BDB40000000000000000000000000000000076
S3150201BDC40000000000000000000000000000000066
S3150201BDD40000000000000000000000000000000056
S3150201BDE40000000000000000000000000000000046
S3150201BDF40000000000000000000000000000000036
S3150201BE040000000000000000000000000000000025
S3150201BE140000000000000000000000000000000015
S3150201BE240000000000000000000000000000000005
S3150201BE3400000000000000000000000000000000F5
S3150201BE4400000000000000000000000000000000E5
S3150201BE5400000000000000000000000000000000D5
S3150201BE6400000000000000000000000000000000C5
S3150201BE7400000000000000000000000000000000B5
S3150201BE8400000000000000000000000000000000A5
S3150201BE940000000000000000000000000000000095
S3150201BEA40000000000000000000000000000000085
S3150201BEB40000000000000000000000000000000075
S3150201BEC40000000000000000000000000000000065
S3150201BED40000000000000000000000000000000055
S3150201BEE40000000000000000000000000000000045
S3150201BEF40000000000000000000000000000000035
S3150201BF040000000000000000000000000000000024
S3150201BF140000000000000000000000000000000014
S3150201BF240000000000000000000000000000000004
S3150201BF3400000000000000000000000000000000F4
S3150201BF4400000000000000000000000000000000E4
S3150201BF5400000000000000000000000000000000D4
S3150201BF6400000000000000000000000000000000C4
S3150201BF7400000000000000000000000000000000B4
S3150201BF8400000000000000000000000000000000A4
S3150201BF940000000000000000000000000000000094
S3150201BFA40000000000000000000000000000000084
S3150201BFB40000000000000000000000000000000074
S3150201BFC40000000000000000000000000000000064
S3150201BFD40000000000000000000000000000000054
S3150201BFE40000000000000000000000000000000044
S3150201BFF40000000000000000000000000000000034
S3150201C0040000000000000000000000000000000023
S3150201C0140000000000000000000000000000000013
S3150201C0240000000000000000000000000000000003
S3150201C03400000000000000000000000000000000F3
S3150201C04400000000000000000000000000000000E3
S3150201C05400000000000000000000000000000000D3
S3150201C06400000000000000000000000000000000C3
S3150201C07400000000000000000000000000000000B3
S3150201C08400000000000000000000000000000000A3
S3150201C0940000000000000000000000000000000093
S3150201C0A40000000000000000000000000000000083
S3150201C0B40000000000000000000000000000000073
S3150201C0C40000000000000000000000000000000063
S3150201C0D40000000000000000000000000000000053
S3150201C0E40000000000000000000000000000000043
S3150201C0F40000000000000000000000000000000033
S3150201C1040000000000000000000000000000000022
S3150201C1140000000000000000000000000000000012
S3150201C1240000000000000000000000000000000002
S3150201C13400000000000000000000000000000000F2
S3150201C14400000000000000000000000000000000E2
S3150201C15400000000000000000000000000000000D2
S3150201C16400000000000000000000000000000000C2
S3150201C17400000000000000000000000000000000B2
S3150201C18400000000000000000000000000000000A2
S3150201C1940000000000000000000000000000000092
S3150201C1A40000000000000000000000000000000082
S3150201C1B40000000000000000000000000000000072
S3150201C1C40000000000000000000000000000000062
S3150201C1D40000000000000000000000000000000052
S3150201C1E40000000000000000000000000000000042
S3150201C1F40000000000000000000000000000000032
S3150201C2040000000000000000000000000000000021
S3150201C2140000000000000000000000000000000011
S3150201C2240000000000000000000000000000000001
S3150201C23400000000000000000000000000000000F1
S3150201C24400000000000000000000000000000000E1
S3150201C25400000000000000000000000000000000D1
S3150201C26400000000000000000000000000000000C1
S3150201C27400000000000000000000000000000000B1
S3150201C28400000000000000000000000000000000A1
S3150201C2940000000000000000000000000000000091
S3150201C2A40000000000000000000000000000000081
S3150201C2B40000000000000000000000000000000071
S3150201C2C40000000000000000000000000000000061
S3150201C2D40000000000000000000000000000000051
S3150201C2E40000000000000000000000000000000041
S3150201C2F40000000000000000000000000000000031
S3150201C3040000000000000000000000000000000020
S3150201C3140000000000000000000000000000000010
S3150201C3240000000000000000000000000000000000
S3150201C33400000000000000000000000000000000F0
S3150201C34400000000000000000000000000000000E0
S3150201C35400000000000000000000000000000000D0
S3150201C36400000000000000000000000000000000C0
S3150201C37400000000000000000000000000000000B0
S3150201C38400000000000000000000000000000000A0
S3150201C3940000000000000000000000000000000090
S3150201C3A40000000000000000000000000000000080
S3150201C3B40000000000000000000000000000000070
S3150201C3C40000000000000000000000000000000060
S3150201C3D40000000000000000000000000000000050
S3150201C3E40000000000000000000000000000000040
S3150201C3F40000000000000000000000000000000030
S3150201C404000000000000000000000000000000001F
S3150201C414000000000000000000000000000000000F
S3150201C42400000000000000000000000000000000FF
S3150201C43400000000000000000000000000000000EF
S3150201C44400000000000000000000000000000000DF
S3150201C45400000000000000000000000000000000CF
S3150201C46400000000000000000000000000000000BF
S3150201C47400000000000000000000000000000000AF
S3150201C484000000000000000000000000000000009F
S3150201C494000000000000000000000000000000008F
S3150201C4A4000000000000000000000000000000007F
S3150201C4B4000000000000000000000000000000006F
S3150201C4C4000000000000000000000000000000005F
S3150201C4D4000000000000000000000000000000004F
S3150201C4E4000000000000000000000000000000003F
S3150201C4F4000000000000000000000000000000002F
S3150201C504000000000000000000000000000000001E
S3150201C514000000000000000000000000000000000E
S3150201C52400000000000000000000000000000000FE
S3150201C53400000000000000000000000000000000EE
S3150201C54400000000000000000000000000000000DE
S3150201C55400000000000000000000000000000000CE
S3150201C56400000000000000000000000000000000BE
S3150201C57400000000000000000000000000000000AE
S3150201C584000000000000000000000000000000009E
S3150201C594000000000000000000000000000000008E
S3150201C5A4000000000000000000000000000000007E
S3150201C5B4000000000000000000000000000000006E
S3150201C5C4000000000000000000000000000000005E
S3150201C5D4000000000000000000000000000000004E
S3150201C5E4000000000000000000000000000000003E
S3150201C5F4000000000000000000000000000000002E
S3150201C604000000000000000000000000000000001D
S3150201C614000000000000000000000000000000000D
S3150201C62400000000000000000000000000000000FD
S3150201C63400000000000000000000000000000000ED
S3150201C64400000000000000000000000000000000DD
S3150201C65400000000000000000000000000000000CD
S3150201C66400000000000000000000000000000000BD
S3150201C67400000000000000000000000000000000AD
S3150201C684000000000000000000000000000000009D
S3150201C694000000000000000000000000000000008D
S3150201C6A4000000000000000000000000000000007D
S3150201C6B4000000000000000000000000000000006D
S3150201C6C4000000000000000000000000000000005D
S3150201C6D4000000000000000000000000000000004D
S3150201C6E4000000000000000000000000000000003D
S3150201C6F4000000000000000000000000000000002D
S3150201C704000000000000000000000000000000001C
S3150201C714000000000000000000000000000000000C
S3150201C72400000000000000000000000000000000FC
S3150201C73400000000000000000000000000000000EC
S3150201C74400000000000000000000000000000000DC
S3150201C75400000000000000000000000000000000CC
S3150201C76400000000000000000000000000000000BC
S3150201C77400000000000000000000000000000000AC
S3150201C784000000000000000000000000000000009C
S3150201C794000000000000000000000000000000008C
S3150201C7A4000000000000000000000000000000007C
S3150201C7B4000000000000000000000000000000006C
S3150201C7C4000000000000000000000000000000005C
S3150201C7D4000000000000000000000000000000004C
S3150201C7E4000000000000000000000000000000003C
S3150201C7F4000000000000000000000000000000002C
S3150201C804000000000000000000000000000000001B
S3150201C814000000000000000000000000000000000B
S3150201C82400000000000000000000000000000000FB
S3150201C83400000000000000000000000000000000EB
S3150201C84400000000000000000000000000000000DB
S3150201C85400000000000000000000000000000000CB
S3150201C86400000000000000000000000000000000BB
S3150201C87400000000000000000000000000000000AB
S3150201C884000000000000000000000000000000009B
S3150201C894000000000000000000000000000000008B
S3150201C8A4000000000000000000000000000000007B
S3150201C8B4000000000000000000000000000000006B
S3150201C8C4000000000000000000000000000000005B
S3150201C8D4000000000000000000000000000000004B
S3150201C8E4000000000000000000000000000000003B
S3150201C8F4000000000000000000000000000000002B
S3150201C904000000000000000000000000000000001A
S3150201C914000000000000000000000000000000000A
S3150201C92400000000000000000000000000000000FA
S3150201C93400000000000000000000000000000000EA
S3150201C94400000000000000000000000000000000DA
S3150201C95400000000000000000000000000000000CA
S3150201C96400000000000000000000000000000000BA
S3150201C97400000000000000000000000000000000AA
S3150201C984000000000000000000000000000000009A
S3150201C994000000000000000000000000000000008A
S3150201C9A4000000000000000000000000000000007A
S3150201C9B4000000000000000000000000000000006A
S3150201C9C4000000000000000000000000000000005A
S3150201C9D4000000000000000000000000000000004A
S3150201C9E4000000000000000000000000000000003A
S3150201C9F4000000000000000000000000000000002A
S3150201CA040000000000000000000000000000000019
S3150201CA140000000000000000000000000000000009
S3150201CA2400000000000000000000000000000000F9
S3150201CA3400000000000000000000000000000000E9
S3150201CA4400000000000000000000000000000000D9
S3150201CA5400000000000000000000000000000000C9
S3150201CA6400000000000000000000000000000000B9
S3150201CA7400000000000000000000000000000000A9
S3150201CA840000000000000000000000000000000099
S3150201CA940000000000000000000000000000000089
S3150201CAA40000000000000000000000000000000079
S3150201CAB40000000000000000000000000000000069
S3150201CAC40000000000000000000000000000000059
S3150201CAD40000000000000000000000000000000049
S3150201CAE40000000000000000000000000000000039
S3150201CAF40000000000000000000000000000000029
S3150201CB040000000000000000000000000000000018
S3150201CB140000000000000000000000000000000008
S3150201CB2400000000000000000000000000000000F8
S3150201CB3400000000000000000000000000000000E8
S3150201CB4400000000000000000000000000000000D8
S3150201CB5400000000000000000000000000000000C8
S3150201CB6400000000000000000000000000000000B8
S3150201CB7400000000000000000000000000000000A8
S3150201CB840000000000000000000000000000000098
S3150201CB940000000000000000000000000000000088
S3150201CBA40000000000000000000000000000000078
S3150201CBB40000000000000000000000000000000068
S3150201CBC40000000000000000000000000000000058
S3150201CBD40000000000000000000000000000000048
S3150201CBE40000000000000000000000000000000038
S3150201CBF40000000000000000000000000000000028
S3150201CC040000000000000000000000000000000017
S3150201CC140000000000000000000000000000000007
S3150201CC2400000000000000000000000000000000F7
S3150201CC3400000000000000000000000000000000E7
S3150201CC4400000000000000000000000000000000D7
S3150201CC5400000000000000000000000000000000C7
S3150201CC6400000000000000000000000000000000B7
S3150201CC7400000000000000000000000000000000A7
S3150201CC840000000000000000000000000000000097
S3150201CC940000000000000000000000000000000087
S3150201CCA40000000000000000000000000000000077
S3150201CCB40000000000000000000000000000000067
S3150201CCC40000000000000000000000000000000057
S3150201CCD40000000000000000000000000000000047
S3150201CCE40000000000000000000000000000000037
S3150201CCF40000000000000000000000000000000027
S3150201CD040000000000000000000000000000000016
S3150201CD140000000000000000000000000000000006
S3150201CD2400000000000000000000000000000000F6
S3150201CD3400000000000000000000000000000000E6
S3150201CD4400000000000000000000000000000000D6
S3150201CD5400000000000000000000000000000000C6
S3150201CD6400000000000000000000000000000000B6
S3150201CD7400000000000000000000000000000000A6
S3150201CD840000000000000000000000000000000096
S3150201CD940000000000000000000000000000000086
S3150201CDA40000000000000000000000000000000076
S3150201CDB40000000000000000000000000000000066
S3150201CDC40000000000000000000000000000000056
S3150201CDD40000000000000000000000000000000046
S3150201CDE40000000000000000000000000000000036
S3150201CDF40000000000000000000000000000000026
S3150201CE040000000000000000000000000000000015
S3150201CE140000000000000000000000000000000005
S3150201CE2400000000000000000000000000000000F5
S3150201CE3400000000000000000000000000000000E5
S3150201CE4400000000000000000000000000000000D5
S3150201CE5400000000000000000000000000000000C5
S3150201CE6400000000000000000000000000000000B5
S3150201CE7400000000000000000000000000000000A5
S3150201CE840000000000000000000000000000000095
S3150201CE940000000000000000000000000000000085
S3150201CEA40000000000000000000000000000000075
S3150201CEB40000000000000000000000000000000065
S3150201CEC40000000000000000000000000000000055
S3150201CED40000000000000000000000000000000045
S3150201CEE40000000000000000000000000000000035
S3150201CEF40000000000000000000000000000000025
S3150201CF040000000000000000000000000000000014
S3150201CF140000000000000000000000000000000004
S3150201CF2400000000000000000000000000000000F4
S3150201CF3400000000000000000000000000000000E4
S3150201CF4400000000000000000000000000000000D4
S3150201CF5400000000000000000000000000000000C4
S3150201CF6400000000000000000000000000000000B4
S3150201CF7400000000000000000000000000000000A4
S3150201CF840000000000000000000000000000000094
S3150201CF940000000000000000000000000000000084
S3150201CFA40000000000000000000000000000000074
S3150201CFB40000000000000000000000000000000064
S3150201CFC40000000000000000000000000000000054
S3150201CFD40000000000000000000000000000000044
S3150201CFE40000000000000000000000000000000034
S3150201CFF40000000000000000000000000000000024
S3150201D0040000000000000000000000000000000013
S3150201D0140000000000000000000000000000000003
S3150201D02400000000000000000000000000000000F3
S3150201D03400000000000000000000000000000000E3
S3150201D04400000000000000000000000000000000D3
S3150201D05400000000000000000000000000000000C3
S3150201D06400000000000000000000000000000000B3
S3150201D07400000000000000000000000000000000A3
S3150201D0840000000000000000000000000000000093
S3150201D0940000000000000000000000000000000083
S3150201D0A40000000000000000000000000000000073
S3150201D0B40000000000000000000000000000000063
S3150201D0C40000000000000000000000000000000053
S3150201D0D40000000000000000000000000000000043
S3150201D0E40000000000000000000000000000000033
S3150201D0F40000000000000000000000000000000023
S3150201D1040000000000000000000000000000000012
S3150201D1140000000000000000000000000000000002
S3150201D12400000000000000000000000000000000F2
S3150201D13400000000000000000000000000000000E2
S3150201D14400000000000000000000000000000000D2
S3150201D15400000000000000000000000000000000C2
S3150201D16400000000000000000000000000000000B2
S3150201D17400000000000000000000000000000000A2
S3150201D1840000000000000000000000000000000092
S3150201D1940000000000000000000000000000000082
S3150201D1A40000000000000000000000000000000072
S3150201D1B40000000000000000000000000000000062
S3150201D1C40000000000000000000000000000000052
S3150201D1D40000000000000000000000000000000042
S3150201D1E40000000000000000000000000000000032
S3150201D1F40000000000000000000000000000000022
S3150201D2040000000000000000000000000000000011
S3150201D2140000000000000000000000000000000001
S3150201D22400000000000000000000000000000000F1
S3150201D23400000000000000000000000000000000E1
S3150201D24400000000000000000000000000000000D1
S3150201D25400000000000000000000000000000000C1
S3150201D26400000000000000000000000000000000B1
S3150201D27400000000000000000000000000000000A1
S3150201D2840000000000000000000000000000000091
S3150201D2940000000000000000000000000000000081
S3150201D2A40000000000000000000000000000000071
S3150201D2B40000000000000000000000000000000061
S3150201D2C40000000000000000000000000000000051
S3150201D2D40000000000000000000000000000000041
S3150201D2E40000000000000000000000000000000031
S3150201D2F40000000000000000000000000000000021
S3150201D3040000000000000000000000000000000010
S3150201D3140000000000000000000000000000000000
S3150201D32400000000000000000000000000000000F0
S3150201D33400000000000000000000000000000000E0
S3150201D34400000000000000000000000000000000D0
S3150201D35400000000000000000000000000000000C0
S3150201D36400000000000000000000000000000000B0
S3150201D37400000000000000000000000000000000A0
S3150201D3840000000000000000000000000000000090
S3150201D3940000000000000000000000000000000080
S3150201D3A40000000000000000000000000000000070
S3150201D3B40000000000000000000000000000000060
S3150201D3C40000000000000000000000000000000050
S3150201D3D40000000000000000000000000000000040
S3150201D3E40000000000000000000000000000000030
S3150201D3F40000000000000000000000000000000020
S3150201D404000000000000000000000000000000000F
S3150201D41400000000000000000000000000000000FF
S3150201D42400000000000000000000000000000000EF
S3150201D43400000000000000000000000000000000DF
S3150201D44400000000000000000000000000000000CF
S3150201D45400000000000000000000000000000000BF
S3150201D46400000000000000000000000000000000AF
S3150201D474000000000000000000000000000000009F
S3150201D484000000000000000000000000000000008F
S3150201D494000000000000000000000000000000007F
S3150201D4A4000000000000000000000000000000006F
S3150201D4B4000000000000000000000000000000005F
S3150201D4C4000000000000000000000000000000004F
S3150201D4D4000000000000000000000000000000003F
S3150201D4E4000000000000000000000000000000002F
S3150201D4F4000000000000000000000000000000001F
S3150201D504000000000000000000000000000000000E
S3150201D51400000000000000000000000000000000FE
S3150201D52400000000000000000000000000000000EE
S3150201D53400000000000000000000000000000000DE
S3150201D54400000000000000000000000000000000CE
S3150201D55400000000000000000000000000000000BE
S3150201D56400000000000000000000000000000000AE
S3150201D574000000000000000000000000000000009E
S3150201D584000000000000000000000000000000008E
S3150201D594000000000000000000000000000000007E
S3150201D5A4000000000000000000000000000000006E
S3150201D5B4000000000000000000000000000000005E
S3150201D5C4000000000000000000000000000000004E
S3150201D5D4000000000000000000000000000000003E
S3150201D5E4000000000000000000000000000000002E
S3150201D5F4000000000000000000000000000000001E
S3150201D604000000000000000000000000000000000D
S3150201D61400000000000000000000000000000000FD
S3150201D62400000000000000000000000000000000ED
S3150201D63400000000000000000000000000000000DD
S3150201D64400000000000000000000000000000000CD
S3150201D65400000000000000000000000000000000BD
S3150201D66400000000000000000000000000000000AD
S3150201D674000000000000000000000000000000009D
S3150201D684000000000000000000000000000000008D
S3150201D694000000000000000000000000000000007D
S3150201D6A4000000000000000000000000000000006D
S3150201D6B4000000000000000000000000000000005D
S3150201D6C4000000000000000000000000000000004D
S3150201D6D4000000000000000000000000000000003D
S3150201D6E4000000000000000000000000000000002D
S3150201D6F4000000000000000000000000000000001D
S3150201D704000000000000000000000000000000000C
S3150201D71400000000000000000000000000000000FC
S3150201D72400000000000000000000000000000000EC
S3150201D73400000000000000000000000000000000DC
S3150201D74400000000000000000000000000000000CC
S3150201D75400000000000000000000000000000000BC
S3150201D76400000000000000000000000000000000AC
S3150201D774000000000000000000000000000000009C
S3150201D784000000000000000000000000000000008C
S3150201D794000000000000000000000000000000007C
S3150201D7A4000000000000000000000000000000006C
S3150201D7B4000000000000000000000000000000005C
S3150201D7C4000000000000000000000000000000004C
S3150201D7D4000000000000000000000000000000003C
S3150201D7E4000000000000000000000000000000002C
S3150201D7F4000000000000000000000000000000001C
S3150201D804000000000000000000000000000000000B
S3150201D81400000000000000000000000000000000FB
S3150201D82400000000000000000000000000000000EB
S3150201D83400000000000000000000000000000000DB
S3150201D84400000000000000000000000000000000CB
S3150201D85400000000000000000000000000000000BB
S3150201D86400000000000000000000000000000000AB
S3150201D874000000000000000000000000000000009B
S3150201D884000000000000000000000000000000008B
S3150201D894000000000000000000000000000000007B
S3150201D8A4000000000000000000000000000000006B
S3150201D8B4000000000000000000000000000000005B
S3150201D8C4000000000000000000000000000000004B
S3150201D8D4000000000000000000000000000000003B
S3150201D8E4000000000000000000000000000000002B
S3150201D8F4000000000000000000000000000000001B
S3150201D904000000000000000000000000000000000A
S3150201D91400000000000000000000000000000000FA
S3150201D92400000000000000000000000000000000EA
S3150201D93400000000000000000000000000000000DA
S3150201D94400000000000000000000000000000000CA
S3150201D95400000000000000000000000000000000BA
S3150201D96400000000000000000000000000000000AA
S3150201D974000000000000000000000000000000009A
S3150201D984000000000000000000000000000000008A
S3150201D994000000000000000000000000000000007A
S3150201D9A4000000000000000000000000000000006A
S3150201D9B4000000000000000000000000000000005A
S3150201D9C4000000000000000000000000000000004A
S3150201D9D4000000000000000000000000000000003A
S3150201D9E4000000000000000000000000000000002A
S3150201D9F4000000000000000000000000000000001A
S3150201DA040000000000000000000000000000000009
S3150201DA1400000000000000000000000000000000F9
S3150201DA2400000000000000000000000000000000E9
S3150201DA3400000000000000000000000000000000D9
S3150201DA4400000000000000000000000000000000C9
S3150201DA5400000000000000000000000000000000B9
S3150201DA6400000000000000000000000000000000A9
S3150201DA740000000000000000000000000000000099
S3150201DA840000000000000000000000000000000089
S3150201DA940000000000000000000000000000000079
S3150201DAA40000000000000000000000000000000069
S3150201DAB40000000000000000000000000000000059
S3150201DAC40000000000000000000000000000000049
S3150201DAD40000000000000000000000000000000039
S3150201DAE40000000000000000000000000000000029
S3150201DAF40000000000000000000000000000000019
S3150201DB040000000000000000000000000000000008
S3150201DB1400000000000000000000000000000000F8
S3150201DB2400000000000000000000000000000000E8
S3150201DB3400000000000000000000000000000000D8
S3150201DB4400000000000000000000000000000000C8
S3150201DB5400000000000000000000000000000000B8
S3150201DB6400000000000000000000000000000000A8
S3150201DB740000000000000000000000000000000098
S3150201DB840000000000000000000000000000000088
S3150201DB940000000000000000000000000000000078
S3150201DBA40000000000000000000000000000000068
S3150201DBB40000000000000000000000000000000058
S3150201DBC40000000000000000000000000000000048
S3150201DBD40000000000000000000000000000000038
S3150201DBE40000000000000000000000000000000028
S3150201DBF40000000000000000000000000000000018
S3150201DC040000000000000000000000000000000007
S3150201DC1400000000000000000000000000000000F7
S3150201DC2400000000000000000000000000000000E7
S3150201DC3400000000000000000000000000000000D7
S3150201DC4400000000000000000000000000000000C7
S3150201DC5400000000000000000000000000000000B7
S3150201DC6400000000000000000000000000000000A7
S3150201DC740000000000000000000000000000000097
S3150201DC840000000000000000000000000000000087
S3150201DC940000000000000000000000000000000077
S3150201DCA40000000000000000000000000000000067
S3150201DCB40000000000000000000000000000000057
S3150201DCC40000000000000000000000000000000047
S3150201DCD40000000000000000000000000000000037
S3150201DCE40000000000000000000000000000000027
S3150201DCF40000000000000000000000000000000017
S3150201DD040000000000000000000000000000000006
S3150201DD1400000000000000000000000000000000F6
S3150201DD2400000000000000000000000000000000E6
S3150201DD3400000000000000000000000000000000D6
S3150201DD4400000000000000000000000000000000C6
S3150201DD5400000000000000000000000000000000B6
S3150201DD6400000000000000000000000000000000A6
S3150201DD740000000000000000000000000000000096
S3150201DD840000000000000000000000000000000086
S3150201DD940000000000000000000000000000000076
S3150201DDA40000000000000000000000000000000066
S3150201DDB40000000000000000000000000000000056
S3150201DDC40000000000000000000000000000000046
S3150201DDD40000000000000000000000000000000036
S3150201DDE40000000000000000000000000000000026
S3150201DDF40000000000000000000000000000000016
S3150201DE040000000000000000000000000000000005
S3150201DE1400000000000000000000000000000000F5
S3150201DE2400000000000000000000000000000000E5
S3150201DE3400000000000000000000000000000000D5
S3150201DE4400000000000000000000000000000000C5
S3150201DE5400000000000000000000000000000000B5
S3150201DE6400000000000000000000000000000000A5
S3150201DE740000000000000000000000000000000095
S3150201DE840000000000000000000000000000000085
S3150201DE940000000000000000000000000000000075
S3150201DEA40000000000000000000000000000000065
S3150201DEB40000000000000000000000000000000055
S3150201DEC40000000000000000000000000000000045
S3150201DED40000000000000000000000000000000035
S3150201DEE40000000000000000000000000000000025
S3150201DEF40000000000000000000000000000000015
S3150201DF040000000000000000000000000000000004
S3150201DF1400000000000000000000000000000000F4
S3150201DF2400000000000000000000000000000000E4
S3150201DF3400000000000000000000000000000000D4
S3150201DF4400000000000000000000000000000000C4
S3150201DF5400000000000000000000000000000000B4
S3150201DF6400000000000000000000000000000000A4
S3150201DF740000000000000000000000000000000094
S3150201DF840000000000000000000000000000000084
S3150201DF940000000000000000000000000000000074
S3150201DFA40000000000000000000000000000000064
S3150201DFB40000000000000000000000000000000054
S3150201DFC40000000000000000000000000000000044
S3150201DFD40000000000000000000000000000000034
S3150201DFE40000000000000000000000000000000024
S3150201DFF40000000000000000000000000000000014
S3150201E0040000000000000000000000000000000003
S3150201E01400000000000000000000000000000000F3
S3150201E02400000000000000000000000000000000E3
S3150201E03400000000000000000000000000000000D3
S3150201E04400000000000000000000000000000000C3
S3150201E05400000000000000000000000000000000B3
S3150201E06400000000000000000000000000000000A3
S3150201E0740000000000000000000000000000000093
S3150201E0840000000000000000000000000000000083
S3150201E0940000000000000000000000000000000073
S3150201E0A40000000000000000000000000000000063
S3150201E0B40000000000000000000000000000000053
S3150201E0C40000000000000000000000000000000043
S3150201E0D40000000000000000000000000000000033
S3150201E0E40000000000000000000000000000000023
S3150201E0F40000000000000000000000000000000013
S3150201E1040000000000000000000000000000000002
S3150201E11400000000000000000000000000000000F2
S3150201E12400000000000000000000000000000000E2
S3150201E13400000000000000000000000000000000D2
S3150201E14400000000000000000000000000000000C2
S3150201E15400000000000000000000000000000000B2
S3150201E16400000000000000000000000000000000A2
S3150201E1740000000000000000000000000000000092
S3150201E1840000000000000000000000000000000082
S3150201E1940000000000000000000000000000000072
S3150201E1A40000000000000000000000000000000062
S3150201E1B40000000000000000000000000000000052
S3150201E1C40000000000000000000000000000000042
S3150201E1D40000000000000000000000000000000032
S3150201E1E40000000000000000000000000000000022
S3150201E1F40000000000000000000000000000000012
S3150201E2040000000000000000000000000000000001
S3150201E21400000000000000000000000000000000F1
S3150201E22400000000000000000000000000000000E1
S3150201E23400000000000000000000000000000000D1
S3150201E24400000000000000000000000000000000C1
S3150201E25400000000000000000000000000000000B1
S3150201E26400000000000000000000000000000000A1
S3150201E2740000000000000000000000000000000091
S3150201E2840000000000000000000000000000000081
S3150201E2940000000000000000000000000000000071
S3150201E2A40000000000000000000000000000000061
S3150201E2B40000000000000000000000000000000051
S3150201E2C40000000000000000000000000000000041
S3150201E2D40000000000000000000000000000000031
S3150201E2E40000000000000000000000000000000021
S3150201E2F40000000000000000000000000000000011
S3150201E3040000000000000000000000000000000000
S3150201E31400000000000000000000000000000000F0
S3150201E32400000000000000000000000000000000E0
S3150201E33400000000000000000000000000000000D0
S3150201E34400000000000000000000000000000000C0
S3150201E35400000000000000000000000000000000B0
S3150201E36400000000000000000000000000000000A0
S3150201E3740000000000000000000000000000000090
S3150201E3840000000000000000000000000000000080
S3150201E3940000000000000000000000000000000070
S3150201E3A40000000000000000000000000000000060
S3150201E3B40000000000000000000000000000000050
S3150201E3C40000000000000000000000000000000040
S3150201E3D40000000000000000000000000000000030
S3150201E3E40000000000000000000000000000000020
S3150201E3F40000000000000000000000000000000010
S3150201E40400000000000000000000000000000000FF
S3150201E41400000000000000000000000000000000EF
S3150201E42400000000000000000000000000000000DF
S3150201E43400000000000000000000000000000000CF
S3150201E44400000000000000000000000000000000BF
S3150201E45400000000000000000000000000000000AF
S3150201E464000000000000000000000000000000009F
S3150201E474000000000000000000000000000000008F
S3150201E484000000000000000000000000000000007F
S3150201E494000000000000000000000000000000006F
S3150201E4A4000000000000000000000000000000005F
S3150201E4B4000000000000000000000000000000004F
S3150201E4C4000000000000000000000000000000003F
S3150201E4D4000000000000000000000000000000002F
S3150201E4E4000000000000000000000000000000001F
S3150201E4F4000000000000000000000000000000000F
S3150201E50400000000000000000000000000000000FE
S3150201E51400000000000000000000000000000000EE
S3150201E52400000000000000000000000000000000DE
S3150201E53400000000000000000000000000000000CE
S3150201E54400000000000000000000000000000000BE
S3150201E55400000000000000000000000000000000AE
S3150201E564000000000000000000000000000000009E
S3150201E574000000000000000000000000000000008E
S3150201E584000000000000000000000000000000007E
S3150201E594000000000000000000000000000000006E
S3150201E5A4000000000000000000000000000000005E
S3150201E5B4000000000000000000000000000000004E
S3150201E5C4000000000000000000000000000000003E
S3150201E5D4000000000000000000000000000000002E
S3150201E5E4000000000000000000000000000000001E
S3150201E5F4000000000000000000000000000000000E
S3150201E60400000000000000000000000000000000FD
S3150201E61400000000000000000000000000000000ED
S3150201E62400000000000000000000000000000000DD
S3150201E63400000000000000000000000000000000CD
S3150201E64400000000000000000000000000000000BD
S3150201E65400000000000000000000000000000000AD
S3150201E664000000000000000000000000000000009D
S3150201E674000000000000000000000000000000008D
S3150201E684000000000000000000000000000000007D
S3150201E694000000000000000000000000000000006D
S3150201E6A4000000000000000000000000000000005D
S3150201E6B4000000000000000000000000000000004D
S3150201E6C4000000000000000000000000000000003D
S3150201E6D4000000000000000000000000000000002D
S3150201E6E4000000000000000000000000000000001D
S3150201E6F4000000000000000000000000000000000D
S3150201E70400000000000000000000000000000000FC
S3150201E71400000000000000000000000000000000EC
S3150201E72400000000000000000000000000000000DC
S3150201E73400000000000000000000000000000000CC
S3150201E74400000000000000000000000000000000BC
S3150201E75400000000000000000000000000000000AC
S3150201E764000000000000000000000000000000009C
S3150201E774000000000000000000000000000000008C
S3150201E784000000000000000000000000000000007C
S3150201E794000000000000000000000000000000006C
S3150201E7A4000000000000000000000000000000005C
S3150201E7B4000000000000000000000000000000004C
S3150201E7C4000000000000000000000000000000003C
S3150201E7D4000000000000000000000000000000002C
S3150201E7E4000000000000000000000000000000001C
S3150201E7F4000000000000000000000000000000000C
S3150201E80400000000000000000000000000000000FB
S3150201E81400000000000000000000000000000000EB
S3150201E82400000000000000000000000000000000DB
S3150201E83400000000000000000000000000000000CB
S3150201E84400000000000000000000000000000000BB
S3150201E85400000000000000000000000000000000AB
S3150201E864000000000000000000000000000000009B
S3150201E874000000000000000000000000000000008B
S3150201E884000000000000000000000000000000007B
S3150201E894000000000000000000000000000000006B
S3150201E8A4000000000000000000000000000000005B
S3150201E8B4000000000000000000000000000000004B
S3150201E8C4000000000000000000000000000000003B
S3150201E8D4000000000000000000000000000000002B
S3150201E8E4000000000000000000000000000000001B
S3150201E8F4000000000000000000000000000000000B
S3150201E90400000000000000000000000000000000FA
S3150201E91400000000000000000000000000000000EA
S3150201E92400000000000000000000000000000000DA
S3150201E93400000000000000000000000000000000CA
S3150201E94400000000000000000000000000000000BA
S3150201E95400000000000000000000000000000000AA
S3150201E964000000000000000000000000000000009A
S3150201E974000000000000000000000000000000008A
S3150201E984000000000000000000000000000000007A
S3150201E994000000000000000000000000000000006A
S3150201E9A4000000000000000000000000000000005A
S3150201E9B4000000000000000000000000000000004A
S3150201E9C4000000000000000000000000000000003A
S3150201E9D4000000000000000000000000000000002A
S3150201E9E4000000000000000000000000000000001A
S3150201E9F4000000000000000000000000000000000A
S3150201EA0400000000000000000000000000000000F9
S3150201EA1400000000000000000000000000000000E9
S3150201EA2400000000000000000000000000000000D9
S3150201EA3400000000000000000000000000000000C9
S3150201EA4400000000000000000000000000000000B9
S3150201EA5400000000000000000000000000000000A9
S3150201EA640000000000000000000000000000000099
S3150201EA740000000000000000000000000000000089
S3150201EA840000000000000000000000000000000079
S3150201EA940000000000000000000000000000000069
S3150201EAA40000000000000000000000000000000059
S3150201EAB40000000000000000000000000000000049
S3150201EAC40000000000000000000000000000000039
S3150201EAD40000000000000000000000000000000029
S3150201EAE40000000000000000000000000000000019
S3150201EAF40000000000000000000000000000000009
S3150201EB0400000000000000000000000000000000F8
S3150201EB1400000000000000000000000000000000E8
S3150201EB2400000000000000000000000000000000D8
S3150201EB3400000000000000000000000000000000C8
S3150201EB4400000000000000000000000000000000B8
S3150201EB5400000000000000000000000000000000A8
S3150201EB640000000000000000000000000000000098
S3150201EB740000000000000000000000000000000088
S3150201EB840000000000000000000000000000000078
S3150201EB940000000000000000000000000000000068
S3150201EBA40000000000000000000000000000000058
S3150201EBB40000000000000000000000000000000048
S3150201EBC40000000000000000000000000000000038
S3150201EBD40000000000000000000000000000000028
S3150201EBE40000000000000000000000000000000018
S3150201EBF40000000000000000000000000000000008
S3150201EC0400000000000000000000000000000000F7
S3150201EC1400000000000000000000000000000000E7
S3150201EC2400000000000000000000000000000000D7
S3150201EC3400000000000000000000000000000000C7
S3150201EC4400000000000000000000000000000000B7
S3150201EC5400000000000000000000000000000000A7
S3150201EC640000000000000000000000000000000097
S3150201EC740000000000000000000000000000000087
S3150201EC840000000000000000000000000000000077
S3150201EC940000000000000000000000000000000067
S3150201ECA40000000000000000000000000000000057
S3150201ECB40000000000000000000000000000000047
S3150201ECC40000000000000000000000000000000037
S3150201ECD40000000000000000000000000000000027
S3150201ECE40000000000000000000000000000000017
S3150201ECF40000000000000000000000000000000007
S3150201ED0400000000000000000000000000000000F6
S3150201ED1400000000000000000000000000000000E6
S3150201ED2400000000000000000000000000000000D6
S3150201ED3400000000000000000000000000000000C6
S3150201ED4400000000000000000000000000000000B6
S3150201ED5400000000000000000000000000000000A6
S3150201ED640000000000000000000000000000000096
S3150201ED740000000000000000000000000000000086
S3150201ED840000000000000000000000000000000076
S3150201ED940000000000000000000000000000000066
S3150201EDA40000000000000000000000000000000056
S3150201EDB40000000000000000000000000000000046
S3150201EDC40000000000000000000000000000000036
S3150201EDD40000000000000000000000000000000026
S3150201EDE40000000000000000000000000000000016
S3150201EDF40000000000000000000000000000000006
S3150201EE0400000000000000000000000000000000F5
S3150201EE1400000000000000000000000000000000E5
S3150201EE2400000000000000000000000000000000D5
S3150201EE3400000000000000000000000000000000C5
S3150201EE4400000000000000000000000000000000B5
S3150201EE5400000000000000000000000000000000A5
S3150201EE640000000000000000000000000000000095
S3150201EE740000000000000000000000000000000085
S3150201EE840000000000000000000000000000000075
S3150201EE940000000000000000000000000000000065
S3150201EEA40000000000000000000000000000000055
S3150201EEB40000000000000000000000000000000045
S3150201EEC40000000000000000000000000000000035
S3150201EED40000000000000000000000000000000025
S3150201EEE40000000000000000000000000000000015
S3150201EEF40000000000000000000000000000000005
S3150201EF0400000000000000000000000000000000F4
S3150201EF1400000000000000000000000000000000E4
S3150201EF2400000000000000000000000000000000D4
S3150201EF3400000000000000000000000000000000C4
S3150201EF4400000000000000000000000000000000B4
S3150201EF5400000000000000000000000000000000A4
S3150201EF640000000000000000000000000000000094
S3150201EF740000000000000000000000000000000084
S3150201EF840000000000000000000000000000000074
S3150201EF940000000000000000000000000000000064
S3150201EFA40000000000000000000000000000000054
S3150201EFB40000000000000000000000000000000044
S3150201EFC40000000000000000000000000000000034
S3150201EFD40000000000000000000000000000000024
S3150201EFE40000000000000000000000000000000014
S3150201EFF40000000000000000000000000000000004
S3150201F00400000000000000000000000000000000F3
S3150201F01400000000000000000000000000000000E3
S3150201F02400000000000000000000000000000000D3
S3150201F03400000000000000000000000000000000C3
S3150201F04400000000000000000000000000000000B3
S3150201F05400000000000000000000000000000000A3
S3150201F0640000000000000000000000000000000093
S3150201F0740000000000000000000000000000000083
S3150201F0840000000000000000000000000000000073
S3150201F0940000000000000000000000000000000063
S3150201F0A40000000000000000000000000000000053
S3150201F0B40000000000000000000000000000000043
S3150201F0C40000000000000000000000000000000033
S3150201F0D40000000000000000000000000000000023
S3150201F0E40000000000000000000000000000000013
S3150201F0F40000000000000000000000000000000003
S3150201F10400000000000000000000000000000000F2
S3150201F11400000000000000000000000000000000E2
S3150201F12400000000000000000000000000000000D2
S3150201F13400000000000000000000000000000000C2
S3150201F14400000000000000000000000000000000B2
S3150201F15400000000000000000000000000000000A2
S3150201F1640000000000000000000000000000000092
S3150201F1740000000000000000000000000000000082
S3150201F1840000000000000000000000000000000072
S3150201F1940000000000000000000000000000000062
S3150201F1A40000000000000000000000000000000052
S3150201F1B40000000000000000000000000000000042
S3150201F1C40000000000000000000000000000000032
S3150201F1D40000000000000000000000000000000022
S3150201F1E40000000000000000000000000000000012
S3150201F1F40000000000000000000000000000000002
S3150201F20400000000000000000000000000000000F1
S3150201F21400000000000000000000000000000000E1
S3150201F22400000000000000000000000000000000D1
S3150201F23400000000000000000000000000000000C1
S3150201F24400000000000000000000000000000000B1
S3150201F25400000000000000000000000000000000A1
S3150201F2640000000000000000000000000000000091
S3150201F2740000000000000000000000000000000081
S3150201F2840000000000000000000000000000000071
S3150201F2940000000000000000000000000000000061
S3150201F2A40000000000000000000000000000000051
S3150201F2B40000000000000000000000000000000041
S3150201F2C40000000000000000000000000000000031
S3150201F2D40000000000000000000000000000000021
S3150201F2E40000000000000000000000000000000011
S3150201F2F40000000000000000000000000000000001
S3150201F30400000000000000000000000000000000F0
S3150201F31400000000000000000000000000000000E0
S3150201F32400000000000000000000000000000000D0
S3150201F33400000000000000000000000000000000C0
S3150201F34400000000000000000000000000000000B0
S3150201F35400000000000000000000000000000000A0
S3150201F3640000000000000000000000000000000090
S3150201F3740000000000000000000000000000000080
S3150201F3840000000000000000000000000000000070
S3150201F3940000000000000000000000000000000060
S3150201F3A40000000000000000000000000000000050
S3150201F3B40000000000000000000000000000000040
S3150201F3C40000000000000000000000000000000030
S3150201F3D40000000000000000000000000000000020
S3150201F3E40000000000000000000000000000000010
S3150201F3F40000000000000000000000000000000000
S3150201F40400000000000000000000000000000000EF
S3150201F41400000000000000000000000000000000DF
S3150201F42400000000000000000000000000000000CF
S3150201F43400000000000000000000000000000000BF
S3150201F44400000000000000000000000000000000AF
S3150201F454000000000000000000000000000000009F
S3150201F464000000000000000000000000000000008F
S3150201F474000000000000000000000000000000007F
S3150201F484000000000000000000000000000000006F
S3150201F494000000000000000000000000000000005F
S3150201F4A4000000000000000000000000000000004F
S3150201F4B4000000000000000000000000000000003F
S3150201F4C4000000000000000000000000000000002F
S3150201F4D4000000000000000000000000000000001F
S3150201F4E4000000000000000000000000000000000F
S3150201F4F400000000000000000000000000000000FF
S3150201F50400000000000000000000000000000000EE
S3150201F51400000000000000000000000000000000DE
S3150201F52400000000000000000000000000000000CE
S3150201F53400000000000000000000000000000000BE
S3150201F54400000000000000000000000000000000AE
S3150201F554000000000000000000000000000000009E
S3150201F564000000000000000000000000000000008E
S3150201F574000000000000000000000000000000007E
S3150201F584000000000000000000000000000000006E
S3150201F594000000000000000000000000000000005E
S3150201F5A4000000000000000000000000000000004E
S3150201F5B4000000000000000000000000000000003E
S3150201F5C4000000000000000000000000000000002E
S3150201F5D4000000000000000000000000000000001E
S3150201F5E4000000000000000000000000000000000E
S3150201F5F400000000000000000000000000000000FE
S3150201F60400000000000000000000000000000000ED
S3150201F61400000000000000000000000000000000DD
S3150201F62400000000000000000000000000000000CD
S3150201F63400000000000000000000000000000000BD
S3150201F64400000000000000000000000000000000AD
S3150201F654000000000000000000000000000000009D
S3150201F664000000000000000000000000000000008D
S3150201F674000000000000000000000000000000007D
S3150201F684000000000000000000000000000000006D
S3150201F694000000000000000000000000000000005D
S3150201F6A4000000000000000000000000000000004D
S3150201F6B4000000000000000000000000000000003D
S3150201F6C4000000000000000000000000000000002D
S3150201F6D4000000000000000000000000000000001D
S3150201F6E4000000000000000000000000000000000D
S3150201F6F400000000000000000000000000000000FD
S3150201F70400000000000000000000000000000000EC
S3150201F71400000000000000000000000000000000DC
S3150201F72400000000000000000000000000000000CC
S3150201F73400000000000000000000000000000000BC
S3150201F74400000000000000000000000000000000AC
S3150201F754000000000000000000000000000000009C
S3150201F764000000000000000000000000000000008C
S3150201F774000000000000000000000000000000007C
S3150201F784000000000000000000000000000000006C
S3150201F794000000000000000000000000000000005C
S3150201F7A4000000000000000000000000000000004C
S3150201F7B4000000000000000000000000000000003C
S3150201F7C4000000000000000000000000000000002C
S3150201F7D4000000000000000000000000000000001C
S3150201F7E4000000000000000000000000000000000C
S3150201F7F400000000000000000000000000000000FC
S3150201F80400000000000000000000000000000000EB
S3150201F81400000000000000000000000000000000DB
S3150201F82400000000000000000000000000000000CB
S3150201F83400000000000000000000000000000000BB
S3150201F84400000000000000000000000000000000AB
S3150201F854000000000000000000000000000000009B
S3150201F864000000000000000000000000000000008B
S3150201F874000000000000000000000000000000007B
S3150201F884000000000000000000000000000000006B
S3150201F894000000000000000000000000000000005B
S3150201F8A4000000000000000000000000000000004B
S3150201F8B4000000000000000000000000000000003B
S3150201F8C4000000000000000000000000000000002B
S3150201F8D4000000000000000000000000000000001B
S3150201F8E4000000000000000000000000000000000B
S3150201F8F400000000000000000000000000000000FB
S3150201F90400000000000000000000000000000000EA
S3150201F91400000000000000000000000000000000DA
S3150201F92400000000000000000000000000000000CA
S3150201F93400000000000000000000000000000000BA
S3150201F94400000000000000000000000000000000AA
S3150201F954000000000000000000000000000000009A
S3150201F964000000000000000000000000000000008A
S3150201F974000000000000000000000000000000007A
S3150201F984000000000000000000000000000000006A
S3150201F994000000000000000000000000000000005A
S3150201F9A4000000000000000000000000000000004A
S3150201F9B4000000000000000000000000000000003A
S3150201F9C4000000000000000000000000000000002A
S3150201F9D4000000000000000000000000000000001A
S3150201F9E4000000000000000000000000000000000A
S3150201F9F400000000000000000000000000000000FA
S3150201FA0400000000000000000000000000000000E9
S3150201FA1400000000000000000000000000000000D9
S3150201FA2400000000000000000000000000000000C9
S3150201FA3400000000000000000000000000000000B9
S3150201FA4400000000000000000000000000000000A9
S3150201FA540000000000000000000000000000000099
S3150201FA640000000000000000000000000000000089
S3150201FA740000000000000000000000000000000079
S3150201FA840000000000000000000000000000000069
S3150201FA940000000000000000000000000000000059
S3150201FAA40000000000000000000000000000000049
S3150201FAB40000000000000000000000000000000039
S3150201FAC40000000000000000000000000000000029
S3150201FAD40000000000000000000000000000000019
S3150201FAE40000000000000000000000000000000009
S3150201FAF400000000000000000000000000000000F9
S3150201FB0400000000000000000000000000000000E8
S3150201FB1400000000000000000000000000000000D8
S3150201FB2400000000000000000000000000000000C8
S3150201FB3400000000000000000000000000000000B8
S3150201FB4400000000000000000000000000000000A8
S3150201FB540000000000000000000000000000000098
S3150201FB640000000000000000000000000000000088
S3150201FB740000000000000000000000000000000078
S3150201FB840000000000000000000000000000000068
S3150201FB940000000000000000000000000000000058
S3150201FBA40000000000000000000000000000000048
S3150201FBB40000000000000000000000000000000038
S3150201FBC40000000000000000000000000000000028
S3150201FBD40000000000000000000000000000000018
S3150201FBE40000000000000000000000000000000008
S3150201FBF400000000000000000000000000000000F8
S3150201FC0400000000000000000000000000000000E7
S3150201FC1400000000000000000000000000000000D7
S3150201FC2400000000000000000000000000000000C7
S3150201FC3400000000000000000000000000000000B7
S3150201FC4400000000000000000000000000000000A7
S3150201FC540000000000000000000000000000000097
S3150201FC640000000000000000000000000000000087
S3150201FC740000000000000000000000000000000077
S3150201FC840000000000000000000000000000000067
S3150201FC940000000000000000000000000000000057
S3150201FCA40000000000000000000000000000000047
S3150201FCB40000000000000000000000000000000037
S3150201FCC40000000000000000000000000000000027
S3150201FCD40000000000000000000000000000000017
S3150201FCE40000000000000000000000000000000007
S3150201FCF400000000000000000000000000000000F7
S3150201FD0400000000000000000000000000000000E6
S3150201FD1400000000000000000000000000000000D6
S3150201FD2400000000000000000000000000000000C6
S3150201FD3400000000000000000000000000000000B6
S3150201FD4400000000000000000000000000000000A6
S3150201FD540000000000000000000000000000000096
S3150201FD640000000000000000000000000000000086
S3150201FD740000000000000000000000000000000076
S3150201FD840000000000000000000000000000000066
S3150201FD940000000000000000000000000000000056
S3150201FDA40000000000000000000000000000000046
S3150201FDB40000000000000000000000000000000036
S3150201FDC40000000000000000000000000000000026
S3150201FDD40000000000000000000000000000000016
S3150201FDE40000000000000000000000000000000006
S3150201FDF400000000000000000000000000000000F6
S3150201FE0400000000000000000000000000000000E5
S3150201FE1400000000000000000000000000000000D5
S3150201FE2400000000000000000000000000000000C5
S3150201FE3400000000000000000000000000000000B5
S3150201FE4400000000000000000000000000000000A5
S3150201FE540000000000000000000000000000000095
S3150201FE640000000000000000000000000000000085
S3150201FE740000000000000000000000000000000075
S3150201FE840000000000000000000000000000000065
S3150201FE940000000000000000000000000000000055
S3150201FEA40000000000000000000000000000000045
S3150201FEB40000000000000000000000000000000035
S3150201FEC40000000000000000000000000000000025
S3150201FED40000000000000000000000000000000015
S3150201FEE40000000000000000000000000000000005
S3150201FEF400000000000000000000000000000000F5
S3150201FF0400000000000000000000000000000000E4
S3150201FF1400000000000000000000000000000000D4
S3150201FF2400000000000000000000000000000000C4
S3150201FF3400000000000000000000000000000000B4
S3150201FF4400000000000000000000000000000000A4
S3150201FF540000000000000000000000000000000094
S3150201FF640000000000000000000000000000000084
S3150201FF740000000000000000000000000000000074
S3150201FF840000000000000000000000000000000064
S3150201FF940000000000000000000000000000000054
S3150201FFA40000000000000000000000000000000044
S3150201FFB40000000000000000000000000000000034
S3150201FFC40000000000000000000000000000000024
S3150201FFD40000000000000000000000000000000014
S3150201FFE40000000000000000000000000000000004
S3150201FFF400000000000000000000000000000000F4
S3150202000400000000000000000000000000000000E2
S3150202001400000000000000000000000000000000D2
S3150202002400000000000000000000000000000000C2
S3150202003400000000000000000000000000000000B2
S3150202004400000000000000000000000000000000A2
S315020200540000000000000000000000000000000092
S315020200640000000000000000000000000000000082
S315020200740000000000000000000000000000000072
S315020200840000000000000000000000000000000062
S315020200940000000000000000000000000000000052
S315020200A40000000000000000000000000000000042
S315020200B40000000000000000000000000000000032
S315020200C40000000000000000000000000000000022
S315020200D40000000000000000000000000000000012
S315020200E40000000000000000000000000000000002
S315020200F400000000000000000000000000000000F2
S3150202010400000000000000000000000000000000E1
S3150202011400000000000000000000000000000000D1
S3150202012400000000000000000000000000000000C1
S315020201800348044B834202D0034B03B1184770471C
S31502020190C0000022C000002200000000064B0749F0
S315020201A0C91A891048BF0131491003D0044B0BB159
S315020201B001481847704700BFC0000022C000002253
S315020201C00000000010B5064C237843B9FFF7D8FFAA
S315020201D0044B13B10448AFF300800123237010BD10
S315020201E000B209220000000028F1C90208B5054B37
S315020201F01BB105490548AFF30080BDE80840FFF789
S31502020200CDBF00BF0000000004B2092228F1C902D4
S315020202100AF01ABD022800D0704708B54FF47A7167
S31502020220C8200AF003F90449044808F04FF8BDE869
S31502020230084001200AF0E8B924F902021CB2092296
S3150202024008B5FFF7E5FF002008BD00BF30B4039DE5
S315020202508446E80625F0300403D5DCF88000000265
S315020202601BD5A80603D5DCF88000800215D50D3C05
S31502020270022C0BD9DCF824400020C4F87031029B10
S31502020280C4E95A12C4E95D3530BC7047DCF8800015
S31502020290C403EFD4C0B20928ECD809238CF8C631BC
S315020202A0184630BC704700BF2DE9F04F9A46894680
S315020202B091B0BDF96C401F9E0894BDF9704026F0BC
S315020202C0080C0994BDF9744051440A94BDF9784068
S315020202D090460B94446ABDF868B0D4F86C31056B4B
S315020202E0B3F5006FA8BF6646D4E95C239142A2EB3E
S315020202F00A02D8BF4A460D92D4F87821074602F07E
S31502020300100207920BEB08029A42A3EB0B03D8BF29
S3150202031043460E93E37D25B116F480720C9200F0E9
S3150202032003810C930321384600F07EFF00223846F1
S31502020330114605F0E9FF079B002B00F05681D4F81F
S31502020340683106F00F0138460D9306F0EDFAD4E94C
S315020203505B23D4F878010D990190D4F874010090C8
S31502020360384606F033F9B30600F1C9804FF07F43EF
S315020203701A46F00606F0400140F1CE80A068002936
S3150202038000F06B81E16802430B43C4E9562394F8F9
S315020203900E3143F0050384F80E31BDF82030102BDE
S315020203A040F24D814FEA0951B1FBF3FE099A4FEA37
S315020203B06E03102A40F34A814FEA0850B0FBF2F06C
S315020203C04210B10544BFC3EB0943CEF1000E7105DB
S315020203D048BFC2EB0842A3F5004C48BF4042079908
S315020203E016F0040F18BF634616F0080FA2F5004C6A
S315020203F018BF624619B103EB0A4302EB0B424FF0F6
S31502020400000CDDF82C90DDF82880CDE9002E41465D
S315020204104A460490CDE902CC384605F04DFF0998CA
S315020204204B4601900898424600902146384600F013
S315020204303BFD002D00F0D480F30500F1D1802B782C
S31502020440E375AB7884F80E316B7884F8D5306B6835
S31502020450C4F8FC30AB68C4F80031EB68C4F82C313E
S3150202046095F8293084F8E9302B69C4F838316B697A
S31502020470C4F8343195F8283084F8E830AB69C4F808
S31502020480EC30EB69C4F8F0302B6AC4F8F4306B6ACC
S31502020490C4F8F83095F82A3084F8EA3095F82B3009
S315020204A084F8EB30EB6AC4F83C312B6BC4F840316A
S315020204B06B6BC4F82431AB6BC4F85831EB6BC4F8DE
S315020204C05C31B5F95430A4F8A830B5F95630A4F81F
S315020204D0AA30EB6CC4F8A0302B6DC4F8A4306B6C56
S315020204E0C4F89830AB6CC4F89C30EB6DC4F8B030EB
S315020204F02B6EC4F8B430002011B0BDE8F08F16F0AE
S31502020500800200F0A780F0064FF000034FF07F4210
S3150202051006F040013FF532AF002900F0A080A16843
S315020205200A43E1680B4330E72B7094F80E31AB7045
S3150202053094F8D5306B70D4F8FC306B60D4F8003185
S31502020540AB60D4F82C31EB6094F8E93085F82930A7
S31502020550D4F838312B61D4F834316B6194F8E8302F
S3150202056085F82830D4F8EC30AB61D4F8F030EB6180
S31502020570D4F8F4302B62D4F8F8306B6294F8EA308D
S3150202058085F82A3094F8EB3085F82B30D4F83C31D2
S31502020590EB62D4F840312B63D4F824316B63D4F87E
S315020205A05831AB63D4F85C31EB63B4F9A830A5F8E1
S315020205B05430B4F9AA30A5F85630D4F8A030EB6418
S315020205C0D4F8A4302B65D4F898306B64D4F89C30F6
S315020205D0AB64D4F8B030EB65D4F8B4302B66A1E63E
S315020205E038460C9900F020FE85E7D4F8783123F0DC
S315020205F03003422B36D8DFE803F052616A61614862
S315020206006A61615252525252525235353535353538
S315020206103535353535353535353535353535353580
S315020206203535353535353535353535353535353570
S31502020630353535353535353535356A616100099ACF
S315020206400023102A4FF4803E3FF7B6AE00224FF443
S315020206508030B6E64FF07F438BE6034395E663F0BE
S315020206607F4392E6384606F00F0106F05DF9002254
S31502020670D4F878011146D4F86C2101900E980D9B9C
S315020206800090384605F0A2FF6DE6D7F880309A024E
S3150202069026D5012384F8E930144BC4F82C31D4F858
S315020206A06C31D4F8682103FB0BA31A44384606F0D0
S315020206B00F010F9206F038F90F9AD9E7D4F86C3186
S315020206C0D4F8682103FB0BA302EB4302EEE7D4F84C
S315020206D06C31D4F8682103FB0BA302EB8302E5E734
S315020206E00923184687F8C63106E700BF1000040040
S315020206F02DE9F04F85B0BDF93860BDF93CC056B35D
S31502020700BCF1000F27DD98460023A2F1100722F062
S315020207100F0B91461A463744A8F110066644BFB239
S31502020720B6B207F10F0E2EF00F0E06F10F0C2CF0D9
S315020207300F0C28F00F0A6BF30F036EF30F020D462E
S315020207406AF31F436CF31F4202A904460293039201
S3150202075006F070FB18B9002005B0BDE8F08F2046FE
S31502020760294605F033F995F8D5303FB2980736B2E5
S3150202077033D4D90700F14A8100232946204602AA28
S31502020780009302F0B7FB064600232946204602AA38
S3150202079004F0ECFC0023294602AA204606F0F0F8F1
S315020207A00022D4F8B83103F10801C4F8B811C3E93A
S315020207B00026D4F8BC31013B9342C4F8BC3103DCB7
S315020207C02046D4F8C03198472046002202A905F0F5
S315020207D0BBFB012005B0BDE8F08FDA0700F11681F6
S315020207E049EA070348EA06021B0702F00F0200F073
S315020207F0C982BDF90830D4F8B811A3EB09031B0369
S3150202080003F5803301F10800C4F8B8014B600423F2
S315020208100B60D4F8BC31013BC4F8BC31002A00F0AB
S315020208200582002B03DC2046D4F8C03198470A2100
S315020208304FF48032D4F8B83103F10800C4F8B80193
S31502020840C3E90012D4F8BC31013B002BC4F8BC3117
S3150202085003DC2046D4F8C031984700221021D4F88E
S31502020860B83103F10800C4F8B801C3E90012D4F89A
S31502020870BC31013B9342C4F8BC3103DC2046D4F8B6
S31502020880C03198470521BDF90830D4F8B821FF1ABC
S315020208903B0303F5803302F10800C4F8B801C2E94A
S315020208A00013D4F8BC31013B002BC4F8BC3103DC83
S315020208B02046D4F8C03198470B22D4F8B831DA4927
S315020208C003F10800C4F8B801C3E90021D4F8BC3127
S315020208D0013B002BC4F8BC3103DC2046D4F8C031FC
S315020208E0984700221121D4F8B83103F10800C4F85E
S315020208F0B801C3E90012D4F8BC31013B9342C4F8F1
S31502020900BC3103DC2046D4F8C03198470621BDF932
S315020209100A30D4F8B821A3EB08031B0303F580338C
S3150202092002F10800C4F8B801C2E90013D4F8BC31D6
S31502020930013B002BC4F8BC3103DC2046D4F8C0319B
S315020209409847D4F8B831002103F10802C4F8B82155
S315020209500C22C3E90021D4F8BC31013B8B42C4F814
S31502020960BC3103DC2046D4F8C0319847D4F8B831FA
S315020209704FF4803103F10802C4F8B8211222C3E906
S315020209800021D4F8BC31013B002BC4F8BC3103DC94
S315020209902046D4F8C03198470721BDF90A30D4F867
S315020209A0B821F61A330303F5803302F10800C4F8BC
S315020209B0B801C2E90013D4F8BC31013B002BC4F8DA
S315020209C0BC3103DC2046D4F8C031984700220D21FF
S315020209D0D4F8B83103F10800C4F8B801C3E9001229
S315020209E0D4F8BC31013B9342C4F8BC3103DC204645
S315020209F0D4F8C03198471322D4F8B83103F108016A
S31502020A00C4F8B8118849C3E90021F7E00421BDF907
S31502020A100830D5F81021A3EB090302FB03F302EB1C
S31502020A201312D4F8B83103F10800C4F8B801C3E9C5
S31502020A300012D4F8BC31013B002BC4F8BC3140F39E
S31502020A407E810A22D4F8B831D5F8101103F10800D2
S31502020A50C4F8B801C3E90021D4F8BC31013B002B2A
S31502020A60C4F8BC3140F3898100221021D4F8B8318E
S31502020A7003F10800C4F8B801C3E90012D4F8BC3184
S31502020A80013B9342C4F8BC3140F372810521BDF9A0
S31502020A900830D5F81021FB1A02FB03F302EB1312FC
S31502020AA0D4F8B83103F10800C4F8B801C3E9001258
S31502020AB0D4F8BC31013B002BC4F8BC3140F353815C
S31502020AC00B21D5F810315A42D4F8B83103F1080095
S31502020AD0C4F8B801C3E90012D4F8BC31013B002BB9
S31502020AE0C4F8BC3140F33A8100221121D4F8B8315C
S31502020AF003F10800C4F8B801C3E90012D4F8BC3104
S31502020B00013B9342C4F8BC3140F30F810621BDF981
S31502020B100A30D5F81021A3EB080302FB03F302EB1A
S31502020B201312D4F8B83103F10800C4F8B801C3E9C4
S31502020B300012D4F8BC31013B002BC4F8BC3140F39D
S31502020B40EF80D4F8B831002103F10802C4F8B821C3
S31502020B500C22C3E90021D4F8BC31013B8B42C4F812
S31502020B60BC3140F3E7801222D4F8B831D5F810111D
S31502020B7003F10800C4F8B801C3E90021D4F8BC3174
S31502020B80013B002BC4F8BC3140F3C580BDF90A30E3
S31502020B90D5F81021F31A02FB03F302EB1312072311
S31502020BA0D4F8B81101F10800C4F8B801C1E900325B
S31502020BB0D4F8BC31013B002BC4F8BC3140F3C980E6
S31502020BC000220D21D4F8B83103F10800C4F8B801A5
S31502020BD0C3E90012D4F8BC31013B9342C4F8BC31DA
S31502020BE040F3B280D4F8B831D5F8102103F10801E6
S31502020BF0C4F8B81113215242C3E90012D4F8BC3127
S31502020C00013B002BC4F8BC3103DC2046D4F8C031C8
S31502020C1098470F26042300962946204602AA02F086
S31502020C2069F90646B0E500BF0000FFFF002B03DCB0
S31502020C302046D4F8C0319847D4F8B8314FF48031FF
S31502020C4003F10802C4F8B8210A22C3E90021D4F842
S31502020C50BC31013B002BC4F8BC3103DC2046D4F87C
S31502020C60C0319847D4F8B831002103F10802C4F81A
S31502020C70B8211022C3E90021D4F8BC31013B8B42D0
S31502020C80C4F8BC3103DC2046D4F8C03198470521AA
S31502020C90BDF90830D4F8B821FB1A1B0303F58033D9
S31502020CA002F10800C4F8B801C2E90013D4F8BC3153
S31502020CB0013B002BC4F8BC3103DC2046D4F8C03118
S31502020CC098470B22D4F8B83103F10801C4F8B811D7
S31502020CD07449C3E90021D4F8BC31013B002BC4F8A4
S31502020CE0BC3103DC2046D4F8C031984700221121D8
S31502020CF0D4F8B83103F10800C4F8B801C3E9001206
S31502020D00D4F8BC31013B9342C4F8BC3140F3C480EF
S31502020D10032602237FE72046D4F8C031984735E7F7
S31502020D202046D4F8C03198470BE72046D4F8C031A2
S31502020D309847EBE62046D4F8C031984713E7204697
S31502020D40D4F8C03198477CE62046D4F8C031984799
S31502020D5048E72046D4F8C031984731E72046D4F80E
S31502020D60C0319847C0E62046D4F8C0319847A7E674
S31502020D702046D4F8C031984788E62046D4F8C031D6
S31502020D80984771E6002A3FF4F7AC0421BDF90A300E
S31502020D90D4F8B821A3EB08031B0303F5803302F14F
S31502020DA00800C4F8B801C2E90013D4F8BC31013B09
S31502020DB0002BC4F8BC3103DC2046D4F8C031984774
S31502020DC0D4F8B831002103F10802C4F8B8210A2284
S31502020DD0C3E90021D4F8BC31013B8B42C4F8BC31D1
S31502020DE003DC2046D4F8C0319847D4F8B8314FF420
S31502020DF0803103F10802C4F8B8211022C3E90021A6
S31502020E00D4F8BC31013B002BC4F8BC3103DC2046CA
S31502020E10D4F8C03198470521BDF90A30D4F8B82171
S31502020E20F31A1B0303F5803302F10800C4F8B80172
S31502020E30C2E90013D4F8BC31013B002BC4F8BC3121
S31502020E4003DC2046D4F8C031984700220B21D4F89D
S31502020E50B83103F10800C4F8B801C3E90012D4F8A4
S31502020E60BC31013B9342C4F8BC3103DC2046D4F8C0
S31502020E70C03198471122D4F8B83103F10801C4F8F7
S31502020E80B8110849C3E90021D4F8BC31013B002B51
S31502020E90C4F8BC313FF73CAF2046D4F8C03198477C
S31502020EA036E700BF0000FFFF30B4BDF90850BDF9B6
S31502020EB00C40CDE9025430BCFFF71ABC30B5944659
S31502020EC08E461C4683B0BDF91850816A7246634645
S31502020ED0CDE90045FFF70CFC002003B030BD00BF90
S31502020EE010B582B0BDF9104000930194B0F86EE0DD
S31502020EF0B0F87030134401EB0E021BB2C16A12B291
S31502020F00FFF7F6FB002002B010BD00BF2DE9F04F3D
S31502020F10B0F96C4091B0002CBDF968C044DD102CCA
S31502020F200F4606469846C16A0BD091F8D730012B76
S31502020F303ED1B1F9D830A3423ADD91F8D530DB077A
S31502020F4036D41FFA8CFA95B2A2B2AB1AB8B20AEB2F
S31502020F50420B0FFA83F90FFA8BFB821A4B46079062
S31502020F6012B230460094CDF804B0FFF7C1FBCDE9C8
S31502020F7000844B463A46F16A3046FFF7B9FB0798B8
S31502020F80CDF804B000EB080200944B46F16A12B2A5
S31502020F9030465544FFF7ACFBF16A3A463046CDE994
S31502020FA000842BB2FFF7A4FB002011B0BDE8F08F3C
S31502020FB0BFB292B2A8F10808ACF1080C94440194AB
S31502020FC0B844C4F34F04083F083A3F1B121BA0441D
S31502020FD0644492B2BFB21FFA88F8A4B2ADF82220D4
S31502020FE0ADF82620ADF82070ADF82C70ADF824804D
S31502020FF0ADF82880ADF82A40ADF82E40002304252C
S315020210009DED907E0CAA82ED807E3046CDE90333B9
S315020210100295009504F06EF9002011B0BDE8F08F3A
S315020210202DE9F04105461C460F46904682B0BDF9AF
S31502021030206020340096FFF769FF2036284604F026
S3150202104087FC36B2A8F11003A7F1100224B2A96AEC
S315020210501BB212B22846CDE90046FFF749FB2846E3
S3150202106004F09AFC002002B0BDE8F0812DE9F041BD
S3150202107004460E4617461D4682B0BDF920800093ED
S31502021080CDF80480B0F870301344B0F86E201BB26B
S315020210900A4412B2C16AFFF72BFB204604F058FC3F
S315020210A0A16A3B4632462046CDE90058FFF720FBAD
S315020210B0204604F071FC002002B0BDE8F08100BFB8
S315020210C02DE9F04106464FF4BE7003F0CDFF044609
S315020210D0002800F096806FF07F424FF07F43466011
S315020210E0C4E902224FF4B05200254FF48031C4E91A
S315020210F05333C4F854314FF0FF3702201023C4F899
S315020211001C214FF47032C4F8101184F8D5002761FD
S31502021110C4F8285184F80E51A382D6F88030C4F856
S315020211203421042284F8E9204FF4002213F0006FDE
S315020211303B4B08BF4FF480039FED356B9FED367B29
S3150202114040F2011E4FF0400CC4F82C214FF0AA08BF
S315020211500122C4E94F55C4F82031C4F84451706DD6
S3150202116084ED317F034343F4012343F4C063C4E9AC
S315020211704581C4F82431C4F83011C4F8162084F823
S31502021180D420A4F8D6E0C4F8D8C004F11C0084F82E
S315020211900F51C4E93F55A4F80C21C4E94155C4F8DC
S315020211A0485101F09FFE04F1340001F09BFE04F166
S315020211B04C0001F097FE04F1640001F093FE04F183
S315020211C07C0001F08FFE04F1940001F08BFE04F123
S315020211D0AC0001F087FE0C22124B3046C4F8E43012
S315020211E02146C4E93757C4F8387184F8E82005F075
S315020211F0A1F8F36920462360F46186F8C651BDE878
S31502021200F081012586F8C6512046BDE8F08100BF6D
S31502021210AA00000004000000000000001000000006
S315020212200800402001030303436A024693F80E01B3
S31502021230022940F00100D97583F80E0116D009D8A9
S3150202124093F8D51021F00C0183F8D510002082F80C
S31502021250C60170470329F9D1002093F8D51041F04F
S315020212600C0183F8D51082F8C6017047002093F864
S31502021270D51021F0080141F0040183F8D51082F855
S31502021280C601704703464FF0000C10B45C6A023185
S3150202129022F07F4244F82120596A604691F80E21D3
S315020212A042F0010281F80E2183F8C6C15DF8044BB1
S315020212B0704700BF00B5436A024693F812C093F81C
S315020212C00E018C4540F0010E18BF40F0070083F86C
S315020212D00EE118BF83F80E01987D9974C0074FF08C
S315020212E0000044BF0906C3F84C1182F8C6015DF834
S315020212F004FB00BF00B5436A024693F816C093F890
S315020213000E018C4540F0010E18BF40F00700997598
S3150202131083F80EE118BF83F80E01C90758BF4FF0D2
S315020213207F414FF0000044BF997C0906C3F84C1175
S3150202133082F8C6015DF804FB10B4446A032994F8E4
S315020213400E31844643F0010384F80E3127D81A4B34
S3150202135053F82110032A22D8DFE802F02B040228CE
S3150202136041F480610022D4F82001D4F82C31C4F869
S315020213701C110343DCF854000343D4F83C01034333
S31502021380D4F840010343D4F8440103430B43C4F89F
S3150202139024318CF8C62110465DF8044B70471022A0
S315020213A08CF8C62110465DF8044B704741F4A051F1
S315020213B0D8E741F48051D5E704FC020230B4426A0E
S315020213C0034692F8D50059B1002440F002010020EA
S315020213D0C2F8284182F8D51083F8C60130BC70479C
S315020213E04FF480354FF0100C4FF4FC4400F0FC0130
S315020213F0C2F81051A2F814C0E9E700BF6FF07F43AA
S31502021400D0F84C11027C90F811C0090A01FB023293
S3150202141001FB0C3390F80E1102F07F4203F07F4378
S3150202142021F00201C0E9542380F80E11704700BF71
S315020214302DE9F04F87B0BDF944E0BDF9407091F84D
S31502021440D5B01FFA8EFCA7EB0C061BF0010FA3EB1D
S315020214500C0C1546DDE9128904461FFA86FA1FFAB2
S315020214608CF0149A36B20FFA8CFC00F0C680C3F1E5
S3150202147008030393C7F10803049306FB06F30CFB66
S315020214800C3303F1FF00002BB8BF0346B1F914A0D7
S31502021490D1F8100166440EEBDE7106EB6106F11716
S315020214A0A6FB00764FEAE37B059700FB01661F1255
S315020214B0002A40F0528172464FF07840D3174FF01D
S315020214C0FF310DF023F9524650EA0F21D3170DF0E0
S315020214D01DF90BFB00FB07FB01BBA0FB07371BEB4E
S315020214E0070702D50F3347F100079A46BB46059B0B
S315020214F0019600935AEA2F1BDDE9006756EA0F1797
S31502021500BAEB06026BEB07061346321E02DAFF330A
S3150202151042F100021E46174600290B4656EA2F27BB
S3150202152005DA40F6FF73C318184641F100039B46DB
S3150202153082465AEA2F3B039B2A1D03FB0AF77F00C8
S31502021540002F07F10F03B8BF1F46049B3F1103FB8F
S315020215500AFB4FEA4B0B0BF10F03BBF1000FB8BFAD
S315020215609B46D4F8B8314FEA2B1B03F10801B9F1B5
S31502021570000F7CD07642A6EB0806C4F8B8111A60B0
S315020215805E60D4F8BC31013B002BC4F8BC3103DCEB
S315020215902046D4F8C0319847D4F8B8317F4203F1D5
S315020215A00802C4F8B8216A1D5F601A60D4F8BC3119
S315020215B0013B002BC4F8BC3103DC2046D4F8C0310F
S315020215C09847D4F8B831CBF1000703F10802C4F800
S315020215D0B82105F11002C3E90027D4F8BC31013B58
S315020215E0002BC4F8BC3103DC2046D4F8C03198473C
S315020215F0D4F8B831CAEBCA7A74E050EA0A0000F0AB
S315020216009980C3F10801724BC7F1080793FBFEFAF0
S3150202161006FB06F366440CFB0C3C8CFB0A2C634667
S315020216204FEAEA0A0AFB01F10AFB07FB4F004FEAFD
S315020216304B0B002F52EAEF2307F10F03B8BF1F46E7
S31502021640BBF1000F0BF10F03B8BF9B460EEBDE7E1A
S3150202165006EB6E06A2EB06363F114FEA2B1BD4F8B7
S31502021660B8312A1D03F10801B9F1000F82D14644AD
S31502021670C4F8B811C3E90026D4F8BC31013B002BE9
S31502021680C4F8BC3103DC2046D4F8C0319847D4F8FA
S31502021690B8316A1D03F10801C4F8B811C3E900277B
S315020216A0D4F8BC31013B002BC4F8BC3103DC204622
S315020216B0D4F8C0319847D4F8B83103F10802C4F815
S315020216C0B82105F11002C3E9002BD4F8BC31013B63
S315020216D0002BC4F8BC3103DC2046D4F8C03198474B
S315020216E0D4F8B83103F108014FEA4A0605F10B02B2
S315020216F0C4F8B811C3E90026D4F8BC31013B002B69
S31502021700C4F8BC3103DC2046D4F8C0319847D4F879
S31502021710B831113503F10802C4F8B821C3E90056FB
S31502021720D4F8BC31013B002BC4F8BC3149DD07B009
S31502021730BDE8F08F274BCEF1080793FBFEFA0AFBB0
S3150202174007F77F00002F07F10F03B8BF1F46CEEB44
S315020217504E563F11BB46F60281E7D4F880305B0152
S315020217607FF5A9AE4FF0784393FBFEF39B0193FB01
S31502021770FAF3039A4FEA231A049902FB0AF201FBCD
S315020217800AFB002A83FB071002F10703B8BF1A46B7
S31502021790BBF1000F0BF10703B8BF9B4600284FEAC5
S315020217A0E2074FEAEB0B04DA11F10F03194640F195
S315020217B000000A46034652EA2F130599A2EB810656
S315020217C04DE72046D4F8C03107B0BDE8F04F1847BE
S315020217D00000C0FF0000F8FFF8B5064614200D46C9
S315020217E0B76903F041FC002835D000238560C36047
S315020217F0B36E044605EB8505D8074FEA850113D574
S31502021800084603F031FC606010B300232361B36E15
S31502021810D90705D4D6F88430DA0613D49B0707D43F
S31502021820002323602046F8BD304603F05BFCEAE75C
S31502021830A268042102EB82023846920008F0DAF923
S315020218402061EDE70146384608F0EAF92061E7E74A
S31502021850204603F00BFC0024E4E700BFF8B58769D3
S3150202186011B306460C460CE0304603F05DFC2A69CB
S315020218701AB1D6F884309B070DD4284603F0F6FB3C
S3150202188094B12546B36E2468DA076968ECD5084630
S3150202189003F0ECFBEBE73846042108F0BBF92846D5
S315020218A003F0E4FB002CECD1F8BD00BF10B583684F
S315020218B00446186838B100224368C260236183680D
S315020218C0A060E36110BD216A2068FFF785FF10B1AF
S315020218D0A3681860EFE71522236883F8C72110BDB3
S315020218E02DE9F0414569044682B0002D3CD0C1691A
S315020218F0AB69002933D10268012BD2F8188040F273
S31502021900978086682F69B268736802EB820203EBDC
S31502021910820307EB8207F26800690AB11760F16077
S31502021920834207D91A1A013A22F0030280210432AB
S315020219300DF010FAD6E90123102603EB8303296977
S315020219409B004046009608F06FF9AB692F61013B96
S31502021950AB61204602B0BDE8F041FFF7A7BF012BFB
S3150202196023D002B0BDE8F08140F2FF310369774A23
S315020219701A6003695D6006698368321DDA6003696B
S31502021980996003F10C02C3690261013BC0E9065385
S31502021990FFF78CFF236893F9C731002B7DD1A36829
S315020219A05B68736002B0BDE8F081E96902680129E9
S315020219B0D2F8188041D9EE680139A768E9617068E0
S315020219C0002800F0AE80FB68002B55D01860002379
S315020219D0FB60A2692369032A0FD8DFE802F05840A6
S315020219E0023340F2FF311A88D96042F0004242F4D1
S315020219F000021A6003F11002226100211027E36934
S31502021A00A268013BE361A161D2E9012303EB8303ED
S31502021A1029699B004046009708F006F97368002B75
S31502021A2097D0331DEB6072686B692A61AB6190E7EE
S31502021A30E9690129BFD88CD1012B04BF152382F88B
S31502021A40C73186E71A6822F07F4242F000421A60E4
S31502021A5040F2FF321A61236914332361CDE740F261
S31502021A60FF311A78996042F0802242F400021A602B
S31502021A7003F10C022261C0E72369344A1A60236920
S31502021A8058602369A2680433D3602369083340F29B
S31502021A90FF3243F8042B2361AFE72369A269A3F15C
S31502021AA00C012161032A11D8DFE802F0162D1E026B
S31502021AB040F2FF3153F80C2C596022F07F4242F079
S31502021AC0004243F80C2C2369143323610022E36992
S31502021AD0013BC4E9062344E740F2FF31A3F10802BF
S31502021AE043F80C1C2261F1E7194640F2FF3033F843
S31502021AF00C2C42F0004242F4000243F80C2C41F84C
S31502021B00040B2161E2E740F2FF3113F80C2C43F891
S31502021B10041C42F0802242F4000243F80C2C236198
S31502021B20D4E7AA68042102EB82024046920008F038
S31502021B3061F8706000287FF446AF0122236883F8B9
S31502021B40C721706800283FF444AF3CE732808080A8
S31502021B5083690269032B0CD8DFE803F01002201115
S31502021B601146137843F0802343F4000341F8083BFD
S31502021B7001610022C369013BC0E90623704711468F
S31502021B801368002223F07F4343F0004341F8103BDF
S31502021B90C3690161013BC0E90623EFE711461388D7
S31502021BA0002243F0004343F4000341F80C3BC369AD
S31502021BB00161013BC0E90623E0E700BF10B5044616
S31502021BC00068816E11F0200104D13B2200F5BC703F
S31502021BD00DF0C0F863686269C4E9023362B1136840
S31502021BE0D36063691A6812681A6163695A68DA61AC
S31502021BF063695A699A6163680022596821619B681E
S31502021C00E262C4E9062310BD2DE9F0474FF000084F
S31502021C100D4686692C6814F0803F14D0B4F1803FD9
S31502021C203DD02204E7B23CD5322F00F096803946E7
S31502021C3030466A6801F032FA202F65D0AC68083560
S31502021C4014F0803FEAD15FFA84FA514630466A6856
S31502021C5001F024FABAF1200FC4F30729C4F30747A5
S31502021C604FEA14644CD049463046AA6801F016FA85
S31502021C70B9F1200F40D039463046EA6801F00EFA31
S31502021C80202F35D0214630462A6901F007FA202C48
S31502021C902AD01435BEE7002C42DBFF2F17D00435BB
S31502021CA0B8E72302F7D5FF2FC4F3072430D039460B
S31502021CB030466A6801F0F2F9202F55D021463046A5
S31502021CC0AA6801F0EBF9202C4AD00C35A2E7C4F33C
S31502021CD00728B8F1020F02D0B8F1040F3DD13046FF
S31502021CE0043501F0E1F995E7304601F0DDF9D0E776
S31502021CF0304601F0D9F9C5E7304601F0D5F9BAE71F
S31502021D00304601F0D1F9AEE7304601F0CDF995E75A
S31502021D10022C21D1304601F0C7F9A046043579E7F3
S31502021D20394630466A6801F0B9F9202FC4F3072909
S31502021D30C4F3074424D049463046AA6801F0AEF9F4
S31502021D40B9F1200F18D021463046EA6801F0A6F909
S31502021D50202C0DD010355DE7A0464046BDE8F0873F
S31502021D60304601F0A1F9B0E7304601F09DF9A5E748
S31502021D70304601F099F9EDE7304601F095F9E2E7CE
S31502021D80304601F091F9D6E72DE9F04F876EC46825
S31502021D90D0E96D5117F02007A1EB050881462268AA
S31502021DA0A66983B04FEAE80851D1A942236945D010
S31502021DB002F5BC718946DFF890A1083502F18C0B57
S31502021DC0019005E00137B84505F1080534D92268C4
S31502021DD092F9C72103EB860E701C6ABB55E9022CE7
S31502021DE01AF8021061B119F9021019B15BF8221040
S31502021DF06145E7D04FF0010109F802104BF822C003
S31502021E009A55CEF804C0E26A10F0030602F1010204
S31502021E10E262D7D1E2692369013A1433012A2361C4
S31502021E20E261CFD82046A6610137FFF759FDB845D0
S31502021E30236905F10805CAD8DDF80490A661402394
S31502021E40D9F8B421C9E96E2303B0BDE8F08FE36A7B
S31502021E504344E36292F9C731002BF0D126B32069DB
S31502021E60B8F1000FEBD0424605F1080301E0083350
S31502021E7086B153E90217013A815500EB860106F152
S31502021E8001061D464F6006F0030608F1FF38EED141
S31502021E90002ED4D10022236914332361E369013B64
S31502021EA0012BC4E906234BD95FEA98074FF00006D5
S31502021EB005D125E00136BE4205F1200520D0236870
S31502021EC093F9C731E3B92A6823691A70AA685A7064
S31502021ED02A699A70AA69DA706A685A60EA689A6026
S31502021EE06A69DA60EA691A61E3692269013B1432B4
S31502021EF0012B2261E361DDD82046FFF7F1FCD9E727
S31502021F0018F003089BD008F1010805F1080305EB56
S31502021F10C805AC460EE0A169206953E902574A1C7C
S31502021F20083300EB810602F00302634545547760EB
S31502021F30A26184D0226892F9C721002AEBD07EE7F9
S31502021F402046FFF7CDFCAFE718FC020238B504467D
S31502021F50FFF71AFFE06882690369032A0FD8DFE8EE
S31502021F6002F03326021940F2FF451A8803F11001E4
S31502021F7042F0004242F400021A60DD600161002270
S31502021F80C369013B012BC0E9062323D9002084F849
S31502021F90C60138BD40F2FF411A68196122F07F423A
S31502021FA042F000421A60036914330361E7E740F222
S31502021FB0FF451A7803F10C0142F0802242F4000234
S31502021FC01A609D600161DAE740F2FF4243F8042B90
S31502021FD00361D4E7FFF784FC002084F8C60138BD0A
S31502021FE038B50446FFF7D0FEE06882690369032A20
S31502021FF00FD8DFE802F03326021940F2FF251A88CB
S3150202200003F1100142F0004242F400021A60DD605E
S3150202201001610022C369013B012BC0E9062323D9D0
S31502022020002084F8C60138BD40F2FF211A68196100
S3150202203022F07F4242F000421A60036914330361BE
S31502022040E7E740F2FF251A7803F10C0142F08022FB
S3150202205042F400021A609D600161DAE740F2FF2251
S3150202206043F8042B0361D4E7FFF73AFC002084F815
S31502022070C60138BD2DE9F041036882B09D6E15F0A6
S31502022080010526D1D0E90274BC4280469E6912D06D
S31502022090236830461BB1E2680AB11B691360A36862
S315020220A0626803EB830321699B00009507F0BCFD7E
S315020220B02468A742ECD10025D8F81C00A3686268FE
S315020220C01B1A03EB8303216930469B00009507F036
S315020220D0ABFD02B0BDE8F08103689A6ED20720D446
S315020220E02DE9F041D0E90264B44207469D690BD05C
S315020220F0A368626803EB8303042128469B000CF063
S315020221007BFA2468A642F3D1FA69A36828469B1A87
S3150202211003EB830362680421BDE8F0419B000CF0E5
S315020221206BBA704703689A6ED20726D42DE9F0413C
S31502022130D0E90264B44207469D6911D0236804219C
S3150202214028461BB1E2680AB11B691360A3682269B9
S3150202215003EB83039B000CF04FFA2468A642EDD1EF
S31502022160FA69A36828469B1A03EB830322690421B0
S31502022170BDE8F0419B000CF03FBA70472DE9F041F1
S315020221800C46054682B008681746FFF7FDFDA269AE
S315020221902369032A0FD8DFE802F04235022840F209
S315020221A0FF311A88D96042F0004242F400021A60F4
S315020221B003F1100222610022E369013BC4E906230C
S315020221C0EB6F002B55D06369002B46D06FBB002301
S315020221D02046E361FFF784FBA2686369E260002B93
S315020221E060D0186902B0BDE8F08140F2FF311A6888
S315020221F0196122F07F4242F000421A6023691433C7
S315020222002361D8E740F2FF311A78996042F08022C0
S3150202221042F400021A6003F10C022261CBE740F299
S31502022220FF3243F8042B2361C5E70025206800F03C
S3150202223003FAE169A268D2E901235B1A616903EB37
S31502022240830309699B00009507F0EEFC2046FFF71F
S31502022250B5FC002318466362C4E7D5F884302046EB
S315020222609A0730D4DB0629D5FFF75CFF002FAED0E2
S31502022270ECE7D4F80880D8F8003053B3A36A0133E6
S315020222803C2BA3629FD1D8F8006000E08846314613
S315020222903668002EFAD12068FFF7E0FAC8F8006025
S315020222A0A66290E7D5F8843013F0120F02D01069B5
S315020222B0002897D1206902B0BDE8F081FFF70CFF32
S315020222C0002F84D0C2E7FFF7D5FE002F3FF47FAF7F
S315020222D0BCE7A36277E700BFB1F934300A6B002B81
S315020222E00FDD002310B41C46043A42F8044FB1F93A
S315020222F0340001339842F8DC00235DF8044BCB86A6
S3150202230070470023CB867047F8B5B1F93400B1F9AC
S315020223103660431EB3420C461746096B06DD731C32
S31502022320B00041F82670E3860844F8BD103000B2C8
S31502022330A0860122800002F09BFEB4F934300146E7
S315020223409E422063EBDA35460022B00001EB860399
S3150202235043F8042BB4F934C00135AC45F8DC731CDE
S3150202236041F82670E3860844F8BD00BF2DE9F8431A
S31502022370002708604F61D0F87C8006460C46B8F109
S31502022380000F74D0D8F8003020204B6002F06CFEA9
S3150202239005466061002867D0D8F80800800002F07E
S315020223A063FE8146286000285ED0D8F8081069606C
S315020223B0D6F88830D8F8042003FB02F2AA60D8F8CD
S315020223C004306B6171B1012307606A689A4206D9C9
S315020223D02A6842F823706A6801339A42F8D8D5F815
S315020223E00090AA68C5F80C9002EB82020421B06939
S315020223F0920007F0FFFBC9F800002B681B68002B4E
S3150202240032D069686A692B61C5E906216068E060B3
S3150202241050B300231022A0604168216181684020E6
S31502022420C4E90631C4E90A33A28602F01DFE20631C
S31502022430D0B1636903B31B681A68B4F93430002B4E
S3150202244009DD00231D46011F41F8045FB4F9340079
S3150202245001338342F8DB002321463046E386FFF747
S3150202246053FF0120BDE8F8830020BDE8F883114638
S31502022470FFF7B2F96060CAE7D6F88420636812F001
S31502022480120F02D01A69002AD7D15A68D5E700BFBD
S31502022490F8B505464FF4EA7002F0E6FD0446002856
S315020224A057D000264FF0000202234FF40011A0F883
S315020224B0C621C0E90666C0E9123685664165066529
S315020224C0FEF7FEFDA6EE100B6A0684ED087F03D424
S315020224D0702002F0C9FD0646002315F0040F0CBF58
S315020224E005210421C4E90D33C4E90F33C4E91B33C0
S315020224F084F8C63184F8C43163646367A4F8783019
S31502022500636180EF50602B074FF033004FF00005F6
S315020225104FF0010748BF21F00401221D26636766B8
S3150202252082ED007F40F22712C4F88800E16504F1C9
S315020225308C0029462566E5670CF00CFC0822064B40
S31502022540C4F88050196884F8C851216084F8C521FC
S315020225501C602046F8BD00BFC8B2092270B5044607
S3150202256000F076FDA06100285ED03B22002104F530
S31502022570BC700CF0EFFBE56F7DB1D4F888102046F3
S31502022580FFF72AF906462E602046D4F88810FFF78E
S3150202259023F930602B681A681360D4F88820204623
S315020225A0114603F0F7F80346D4F888202361114650
S315020225B0204603F0EFF8226903466061F2B1E8B100
S315020225C00025C4E9022263604FF40070656302F0DB
S315020225D04BFD184B4022C4F8C03103460A21C4E916
S315020225E06D33A069C4F8BC2184F8C95107F05CFABC
S315020225F048B9002384F8C631184670BD012384F80F
S31502022600C631184670BDFF232A460A21A06907F081
S3150202261021FA2A460A21A06907F038FAFF2804BFDE
S31502022620012384F8C931E4E7052384F8C631184642
S3150202263070BD00BF891D020280697047002843D01F
S3150202264038B5436E04468B420D4617D0082B1AD074
S31502022650082929D003F0B4F90021626A92F80E31F0
S3150202266043F0010382F80E31626A84F8C611656686
S3150202267092F80E3143F0010382F80E31002384F8F8
S31502022680C631184638BD426A616692F80E3143F087
S31502022690010382F80E3103F07FF9082D0CD00023D4
S315020226A084F8C631184638BD426A616692F80E311E
S315020226B043F0010382F80E31204603F049F9002362
S315020226C084F8C631184638BD0220704740B110B5AB
S315020226D0044600F0F3FC002384F8C631184610BD06
S315020226E0022070472DE9F04F89B0DDE9127C149C75
S315020226F007FB07FED4F810411CF0010F08BFA346E0
S31502022700804618BF4FF0000B03FB03E01CF0020FDA
S315020227101D4608BFA2468946164618BF4FF0000A52
S3150202272002F01EFC159B240194FBF0F403B11C601B
S31502022730784204FB00F005FB04F44D44241104FB29
S3150202274005F50011374400FB1755149BC9F1000128
S31502022750D3F810210AEB2513029300FB01F304FBC3
S31502022760163300FB06F604FB0166CDE905045208A0
S3150202277002EB23120BEB2616049207969DED045FDB
S315020227804346009442426442039401929DED007FC5
S31502022790A3EC045F83ED007FC8F8200009B0BDE810
S315020227A0F08F00BF2DE9F04F89B0DDE912B60BFBBF
S315020227B00BFC6FEA0609804603FB03C01D468A46E6
S315020227C01746149C02F0CCFB4FF4801386F00206E5
S315020227D0C6F340064FEA094993FBF0F0360409F4C0
S315020227E0803904B12060CBF1000300FB03F300FB46
S315020227F005F41B115544CAF1000A03FB0AF224111D
S3150202280004FB1722BB4403FB07F704FB0A77CDE955
S315020228100534121102F5004209EB271704920797B3
S315020228209DED045F424604FB05F503FB1B5500942E
S3150202283006EB2516594264420296019103949DEDD6
S31502022840007FA2EC045F82ED007FC8F8203009B057
S31502022850BDE8F08F2DE9F04F89B0DDE91245EF436D
S3150202286085F0020CCCF3400C3F04002BDDF85090AD
S315020228704FEA0C4C07F4803704EB020503EB01081E
S315020228804ADB002C23DBC2F1000AA3424FEA0A3AD0
S3150202289069DD5E42240494FBF6F402FB04FE04FBA9
S315020228A005F501FB04F64FEA2E1E2D11C5EB08357E
S315020228B0AEEB013EAAEB2616C4F10008B9F1000FEF
S315020228C001D0C9F800304FF480337D4965E0C4F186
S315020228D0000A4E429A454FEA063BC0F296801B0414
S315020228E093FBFAF301FB03FE08FB03F802FB03F672
S315020228F02D034FEA2E1EC5EB2815CEEB023EABEB9D
S3150202290026165942B9F1000F01D0C9F800A04FF4B8
S315020229108034DFF8AC8140E0002CC0F291805E4246
S31502022920A6424FEA013A52DD240494FBF3F401FB78
S3150202293004F604FB05F502FB04FE4FEA0838C8F169
S3150202294000083611A8EB2515C6EB02360AEB2E1E37
S31502022950C4F10008B9F1000F01D0C9F800304FF4F2
S315020229608031574B19E01B0493FBF4F303FB02F28B
S31502022970121108FB03F8C2EB013603FB01F12D0328
S31502022980AAEB211E05EB28155942B9F1000F38D0E0
S315020229904FF48038C9F80040494C06F50046CDE9A5
S315020229A004647744079706939DED045F02466544E5
S315020229B0CDE90251CDF8048000939DED007FA2EC91
S315020229C0045F82ED007F046209B0BDE8F08F1B044A
S315020229D093FBF4F301FB03FE02FB03F608FB03F887
S315020229E02D03C2F1000B4FEA2E1EAAEB261605EBA9
S315020229F02815CEEB0B3E5942B9F1000F01D0C9F8A8
S31502022A0000404FF480382E4CC7E75E42240494FB02
S31502022A10F6F401FB04F604FB05F502FB04FEC2F121
S31502022A20000A36112D11C5EB08350BEB2E1EC6EB2D
S31502022A300A36C4F10008B9F1000F7FF442AF42E749
S31502022A40A3424FEA023E1EDA240494FBF3F401FB8C
S31502022A5004F604FB05F5AEEB261602FB04FE4FEA6C
S31502022A600838C8F100084FEA013AA8EB25150AEB25
S31502022A702E1EC4F10008B9F1000F3FF470AF5B429B
S31502022A80C9F800306BE764421B0493FBF4F302FBC2
S31502022A9003F6C1F1000A08FB03F803FB01F12D0359
S31502022AA03611AEEB211EC5EB2815C6EB0A36594284
S31502022AB0B9F1000F3FF42BAFC9F8004027E700BF78
S31502022AC00000FFFF10B4002B019C2CDB002C16DB4E
S31502022AD0A34238DD240494FBF3F44FF4803304FB5F
S31502022AE001F112036442C2EB2111029AC0E90143C7
S31502022AF0002A51EA01915DF8044B01607047C4F164
S31502022B00000C194422449C4512B209B2E2DB1B04B0
S31502022B1093FBF4F303FB02F209034FF480345B42A4
S31502022B20C1EB2211E1E7002C22DBC3F1000CA44522
S31502022B3014DD240494FBF3F404FB01F10911104B96
S31502022B40C1EB0231D1E71B0493FBF4F302FB03FC54
S31502022B504FEA2C1C0A4CCCEB0131C6E71B0493FB51
S31502022B60F4F303FB02F21211054CC2EB0131BCE78C
S31502022B7019442244A34212B209B2DADDC7E700BF00
S31502022B800000FFFF2DE9F043002BDDE9075EDEF8C8
S31502022B90104138DB002D1EDBAB424ADC4FEA034C06
S31502022BA09CFBF5FC8CFB04631F4656EA2F4702FB8D
S31502022BB00CF212116542C2EB0132BEF91430120155
S31502022BC092FBF3F204EBD47302EB6302C0E9015601
S31502022BD00260BDE8F0836E4219442A449E4212B252
S31502022BE009B247DA2D0495FBF3F585FB0483994670
S31502022BF058EA2F4901FB05F51203C2EB25122646B6
S31502022C00C8F10005D9E7002D44DB5F42AF42C4F1A9
S31502022C1000061FDD2D0495FBF3F585FB0483994619
S31502022C2058EA2F4901FB05F52D11C5EB023245463D
S31502022C30C3E72D0495FBF3F383FB0485A94658EA01
S31502022C402F4901FB03F312032646C2EB2312C8F1F4
S31502022C500005B2E71B0493FBF5F3354683FB0486B4
S31502022C60B14658EA2F4903FB02F212114646C2EB5B
S31502022C700132A2E71B0493FBF5F383FB04652F469D
S31502022C8056EA2F4703FB02F209032546C1EB22123B
S31502022C90764292E719442A44AB420FFA82FC09B2FF
S31502022CA00FDD1A0492FBF5F282FB04631F4656EA13
S31502022CB02F470CFB02F209032546C1EB221276428A
S31502022CC07BE72D0495FBF3F585FB0483994658EAC7
S31502022CD02F4901FB05F52D11C5EB0C32664245461D
S31502022CE06BE700BF10B4019C002C03DA194422449C
S31502022CF009B212B204FB01F103FB12121B03836037
S31502022D001302029A6442002A53EA0393240303F546
S31502022D100043446003605DF8044B70472DE9F041BD
S31502022D20069D0646002D0C4690461F4604DA1C44B2
S31502022D30A84424B20FFA88F805FB05F007FB070040
S31502022D4002F00EF94FF48013B3FBF0F06D4200FB72
S31502022D5005F500FB07F72D11644205FB04F43F114A
S31502022D6007FB1842079B1211002B52EA0292C6E98E
S31502022D70015702F500423260BDE8F08182680368BB
S31502022D8010B401FB02335442846003605DF8044BC3
S31502022D90704700BFF8B5B1F916C00D46ACEB030C8D
S31502022DA08B68069E03FB0CFCB1F9143004469B1A8F
S31502022DB04A6802FB03C20B681211511C13F0080F78
S31502022DC018BF0A4613F0100FA2F5803118BF0A4641
S31502022DD0590751BF012740F20127A2F5004202F12B
S31502022DE0FF325B0607FA06F704D54FF40033710881
S31502022DF08B401F43D4F8B831C2F1000C079A311D39
S31502022E0003F10800C4F8B80119608ABBC3F804C00A
S31502022E10D4F8BC31013B002BC4F8BC315DDDD4F8D9
S31502022E20B8316A6803F10801C4F8B8115A6006F1AA
S31502022E300A021A60D4F8BC31013B002BC4F8BC3139
S31502022E4046DDD4F8B831AA6803F108011036C4F88F
S31502022E50B811C3E90062D4F8BC31013B002BC4F8B5
S31502022E60BC3103DC2046D4F8C03198473846F8BD57
S31502022E704FEA8C125A60D4F8BC31013B002BC4F8DB
S31502022E80BC3120DD6A68D4F8B831920103F1080137
S31502022E90C4F8B8115A6006F10A021A60D4F8BC31B3
S31502022EA0013B002BC4F8BC3104DDAA68D4F8B83160
S31502022EB09201C9E7D4F8C03120469847AA68D4F8E5
S31502022EC0B8319201C0E72046D4F8C0319847D9E713
S31502022ED02046D4F8C0319847B3E72046D4F8C03129
S31502022EE098479CE7002380EF5060036080ED017FE4
S31502022EF0436170472DE9F0411D464B7E0C46D907C8
S31502022F008046174682B011D5E269D20706D5052D4B
S31502022F10089E6CD9304602B0BDE8F081042D00F25B
S31502022F208480089A023522F4000208929E0738D457
S31502022F30089EA37D990719D5627E520716D5E26CC1
S31502022F40D00777D5052DE5D806F080730193B7F938
S31502022F50023000954046B7F9002004F14C01FFF712
S31502022F6019FFA37D3043013520F400065907D1D556
S31502022F70637E1A07CED5636EDB0762D5052DC9D8E5
S31502022F8006F080730193B7F90230B7F90020404682
S31502022F90009504F16401FFF7FDFE304320F40006BA
S31502022FA0B8E7636BD8071BD5052D089EB2D806F083
S31502022FB080730193B7F9023000954046B7F90020B3
S31502022FC004F13401FFF7E6FE636B304320F4000698
S31502022FD013F0400F20F4400018BF06460135A8E759
S31502022FE0042D22D8089B023523F40006A1E706F037
S31502022FF080730193B7F902300095B7F9002004F104
S315020230001C01FFF7C7FEE369013513F0400F089B67
S3150202301040EA030020F4000220F4400018BF0246F0
S31502023020637E08929E0783D5BBE7089E304602B0AE
S31502023030BDE8F081042D3FF66DAF26F40006023597
S3150202304094E726F40003052D38BF1E4662E700BF49
S3150202305038B50546084606F0CBFC0446B8B101224D
S31502023060114606F013FD420144BF012385F8C83119
S315020230708303C5F880000CD5312201212046EB6D6F
S3150202308006F0E8FC204606F0C9FDC5F88400204693
S3150202309038BDAB6E43F00103AB66EDE78C461346D1
S315020230A00121624606F0D6BC10B504460022012171
S315020230B0204606F0EBFCC307F8D410BD38B5836E82
S315020230C005468469D8070AD501210022204606F060
S315020230D0DDFC8107F8D138BDAB6E9A0707D500220F
S315020230E00121204606F0D2FC0307F5D4F3E7C822F3
S315020230F00421204606F00CFDF1E700BF70B54C68CC
S315020231000B6B816E0546C90786690CD41A684AB1E9
S3150202311090F9C91191B13046BDE8704032220121BF
S3150202312006F098BC70BD5AB9002CFBD028466168DD
S31502023130FEF76AFD0328F5D02468F5E71346EAE7A7
S315020231401968BDE87040FEF75FBD00BF2DE9F04F7A
S31502023150A9B0BDF9C8E0BDF9CCC0AEEB0206ACEB34
S31502023160030A0D4656EA0A01BDF9D08000F03C82F6
S3150202317095F8D67008F10F010446012F4FEA610055
S315020231800C90069000F04682359911F4005107918F
S3150202319040F02E82079912911FFA8EF1002EBDF887
S315020231A018B00D911FFA82F940F3558201F10F020E
S315020231B05A44A9EB0B0122F00F0221F00F0112B2BF
S315020231C009B2ADF86C20ADF868101FFA8CF299B20A
S315020231D0BAF1000F0992089140F3308202F10F030D
S315020231E05B44A1EB0B0223F00F0322F00F021BB288
S315020231F012B220461AA9ADF86E30ADF86A2003F073
S3150202320019FE002800F0F081BDF86830089AA9EB91
S3150202321003090FFA89F30A93BDF86A30B8F12F0F40
S315020232201593A2EB03031BB20B9302DC022F08BF18
S3150202323001273599359A01F001010E91359995F8D2
S31502023240D53002F0030201F00201032A03F003035E
S315020232500F9100F0C082032B00F04184DDE90A12CD
S31502023260359BB8F11F0FCDE900A31CAB1846139389
S3150202327017AB0293334640F3FB81FFF793FA1C9B8B
S31502023280012F03EBC8231C934FEA0833119300F074
S31502023290EB822946204602F099FBD5F82831BAF18B
S315020232A0000F109340F34C82F60FAB7D109ADFF8B3
S315020232B0809902F4185213F0060F42EA090913D052
S315020232C0079A022F14BF02230523002A18BF0523D9
S315020232D0CDF80090294620461AAAFFF70BFE10F4F3
S315020232E0000F814608BF002695F8D42093072DD5F4
S315020232F00A9B2199A5F890300B9BD5F8D000A5F828
S3150202330092302123EB6795F80E31090143F0080347
S3150202331012F0080F85F80E3191FBF0F1209B00F0B6
S31502023320C1825B421B0193FBF0FC0B46D5F8CC1023
S31502023330C5E9203C0B03C5F88830530706D5179B0F
S315020233401B0193FBF0F30B44C5F8CC3033462946F6
S3150202335020461AAA01F00AFF3346294620461AAA2D
S3150202336003F00EFB022F00F0F2810E9B002B40F0BF
S3150202337037820F9B002B40F09A8298461493359B14
S3150202338013F4C05F15D01A0505D51FAB93E80700E3
S31502023390369B83E80700359BDB0405D5369B22AABA
S315020233A00C3307CA83E807001AAB03CB379B1860B4
S315020233B05960B346002E40F04382079BB3B1129B7B
S315020233C003F5803A359B980506D5389BD3E9002347
S315020233D052EA030140F02E84359B5B0506D5389BE3
S315020233E0D3E9022352EA030140F0BE830422D4F84F
S315020233F0B8311C9903F10800C4F8B801C3E90021E7
S31502023400D4F8BC31013B002BC4F8BC3103DC2046A4
S31502023410D4F8C03198470A22D4F8B8311D9903F17B
S315020234200800C4F8B801C3E90021D4F8BC31013B53
S31502023430002BC4F8BC3103DC2046D4F8C0319847CD
S315020234401022D4F8B8311E9903F10800C4F8B80163
S31502023450C3E90021D4F8BC31013B002BC4F8BC31CC
S3150202346003DC2046D4F8C0319847D4F8B8311F9A03
S3150202347003F10801C4F8B8115A60B8F1000F00F05E
S31502023480FA8008221A60D4F8BC31013B002BC4F838
S31502023490BC3103DC2046D4F8C03198470E22D4F858
S315020234A0B831209903F10800C4F8B801C3E9002132
S315020234B0D4F8BC31013B002BC4F8BC3103DC2046F4
S315020234C0D4F8C03198471422D4F8B831219903F1BD
S315020234D00800C4F8B801C3E90021D4F8BC31013BA3
S315020234E0002BC4F8BC3103DC2046D4F8C03198471D
S315020234F00522D4F8B831229903F10800C4F8B801BA
S31502023500C3E90021D4F8BC31013B002BC4F8BC311B
S3150202351003DC2046D4F8C03198470B22D4F8B831DE
S31502023520239903F10800C4F8B801C3E90021D4F8CB
S31502023530BC31013B002BC4F8BC3103DC2046D4F873
S31502023540C03198471122D4F8B831249903F1080000
S31502023550C4F8B801C3E90021D4F8BC31013B002BFF
S31502023560C4F8BC3103DC2046D4F8C031984716228F
S31502023570D4F8B83103F10801C4F8B8111199C3E9B4
S315020235800021D4F8BC31013B002BC4F8BC3103DC68
S315020235902046D4F8C03198470022D4F8B83103F154
S315020235A00801C4F8B811C3E90029D4F8BC31013BB9
S315020235B09342C4F8BC3103DC2046D4F8C0319847A2
S315020235C00C9A069B2046134403F10F084FEA281869
S315020235D042461AA9002E00F0B08002F045FD022FE3
S315020235E000F06C81012000E0002029B0BDE8F08FD6
S315020235F095F8D7104FEA6800042900F04A81B5F916
S31502023600D810014401EB81000903129140F38F01A4
S315020236100691C1E5359901F0030103293FF4B4ADE0
S3150202362000EB4001C0EBC10141F30F11069135993E
S3150202363011F4005107913FF4ADADD9E7089B099AFF
S315020236400F335B44A2EB0B0223F00F0322F00F02AD
S315020236501BB212B2CDE50D9909F10F025A44A1EB42
S315020236600B0122F00F0221F00F0112B209B2A8E5F4
S31502023670FFF7F0F803E605221A60D4F8BC31013BE3
S31502023680002BC4F8BC3103DC2046D4F8C03198477B
S315020236900B22D4F8B831209903F10800C4F8B80114
S315020236A0C3E90021D4F8BC31013B002BC4F8BC317A
S315020236B003DC2046D4F8C03198471122D4F8B83137
S315020236C0219903F10800C4F8B801C3E90021D4F82C
S315020236D0BC31013B002BC4F8BC3103DC2046D4F8D2
S315020236E0C03198470822D4F8B83122999818C4F8FA
S315020236F0B801C3E90021D4F8BC31013B002BC4F85E
S31502023700BC3103DC2046D4F8C03198470E22D4F8E5
S31502023710B831239903F10800C4F8B801C3E90021BC
S31502023720D4F8BC31013B002BC4F8BC3103DC204681
S31502023730D4F8C0319847142205E702F005FC4EE799
S3150202374000F00F82002ED4BF00260126ADE508F155
S3150202375010080E9B4FEA68011491002B00F0768145
S31502023760BDF868300D9AD31A1BB2002E40F0E481DE
S31502023770BDF86A200998821A12B203EB4107002F9A
S3150202378018464FF000074FEA41011FDD4FF00108CC
S3150202379002EB010CBCF1000F13DDA0EB010EBDF929
S315020237A068C0BDF96C00A0EB0C00864509DABDF9CA
S315020237B06E00BDF96AC0511AA0EB0C008142C0F23A
S315020237C024830E9B13B3B8F1000F0BD04FF00108FE
S315020237D049F400590AE0032B00F0858200273DE5F1
S315020237E0002314934FF0000849F48069359B98052B
S315020237F000F148811F9BBAF1000F03F5004202F164
S31502023800010203F50043C8BF13461F930F9B002B09
S315020238103FF4B5ADB8F1000F4BD049F48069359B40
S31502023820590500F14181229BBAF1000F03F50042CC
S3150202383002F1010203F50043D8BF134622939EE525
S31502023840BDF96A20BDF96E3013989B1A4FEA231B03
S315020238505946FFF793FA59461FA8FFF78FFA5946B8
S3150202386022A8FFF78BFAA8E50E9B33B9119A1F9B82
S31502023870A2F5803203EB62031F930F9B002B7FF4A8
S3150202388008AD119A229BA2F5803203EB62032293C0
S31502023890FFE4069901EB810141F38F0106910103CF
S315020238A0129179E41B0193FBF0F38C463EE50E9BE3
S315020238B014934FF0000849F40059B0E700229446E7
S315020238C00D9FBDF85030099907F10F099944A7EBEC
S315020238D0030A01F10F0E9E446AF30F02CB1A69F331
S315020238E00F0C18A863F31F426EF31F4C014622F017
S315020238F00F122CF00F1320461892199303F09AFA1C
S3150202390000283FF46FAE4FF00009149B0999019308
S31502023910BDF862302046CB1A1BB20093BDF8603066
S315020239202946FB1A4A461BB2CDE90399CDF80890FD
S31502023930FDF77EFD109BBD4F03F400732946204618
S3150202394018AA1F434B4601F011FC4B462946204654
S3150202395018AA03F015F8AB7D13F0060F40F0428267
S31502023960BDF96830BDF96010BDF96220C91ABDF908
S315020239706A302498D21A091112111EB14042A2EBE0
S315020239800B0224900626229B239D5B4205FB1133E2
S3150202399000FB1233D4F8B82103F1011302F1080134
S315020239A0C4F8B811C2E90063D4F8BC31013B002B5A
S315020239B0C4F8BC3103DC2046D4F8C03198470C2146
S315020239C0D4F8B831239A03F108005242C4F8B80176
S315020239D0C3E90012D4F8BC31013B002BC4F8BC3156
S315020239E003DC2046D4F8C03198471221D4F8B83104
S315020239F0249A03F108005242C4F8B801C3E900123C
S31502023A00D4F8BC31013B002BC4F8BC3103DC20469E
S31502023A10D4F8C0319847D4F8B83103F10802C4F891
S31502023A20B8210022C3E90027D4F8BC31013B9342F4
S31502023A30C4F8BC3103DC2046D4F8C031984720468C
S31502023A4018A948F30B1202F07FFACBE50B9A56B18C
S31502023A50BDF86E20159B13441A46BDF86A30D21A77
S31502023A60089BD21A12B20F9B002B6BD00A98002720
S31502023A7000EB4103002B4FEA41017FF71AAFB8462A
S31502023A800A9B85E60023DDE90A120193389B1FA8E9
S31502023A905B684FEA4B0B0093389B1B68FFF722F9D0
S31502023AA00FFA8BF30693B1E60123BDF86A2001935E
S31502023AB0099BBDF868109A1A0D9B12B2591A389BC5
S31502023AC009B2DB6822A85B420093389B9B685B4281
S31502023AD0FFF708F9069B5B001BB206934FE4359B80
S31502023AE0DDE90A12CDE900A31CAB1846139317AB04
S31502023AF0039302953346FEF7F5FDD5F810311C996C
S31502023B0008FB03F2012F01EB62111C914FEA22110B
S31502023B104FEA621209D10E9810B91F9810441F90EB
S31502023B200F9810B92298104422905B08A3F58033AD
S31502023B300B441193FFF7ADBBBDF86E200998121A1A
S31502023B4012B21AE60A98DDF83CC000EB4103002BDA
S31502023B50E04649F400594FEA41017FF710AC0346A9
S31502023B6016E65646FFF7A1BB009200220999019278
S31502023B70BDF86A200D988A1ABDF868105B42411A8E
S31502023B80109812B200F4805040EA090040F0080987
S31502023B9009B225A8FFF7C2F8002E40F02C8135980B
S31502023BA0D4F8B8210004259B02F1080140F1E6800F
S31502023BB05344C4F8B811536007231360D4F8BC31D6
S31502023BC0013B002BC4F8BC3103DC2046D4F8C031D9
S31502023BD098470D22D4F8B831269903F10800C4F8A1
S31502023BE0B801C3E90021D4F8BC31013B002BC4F869
S31502023BF0BC3103DC2046D4F8C03198471322D4F8EC
S31502023C00B831279903F10800C4F8B801C3E90021C3
S31502023C10D4F8BC31013B002BC4F8BC313FF7E6AB0A
S31502023C202046D4F8C0319847FFF7E0BB450840006A
S31502023C301380C000002001901098009200F40060E8
S31502023C4040EA090040F004095B4225A8DDE90A12AE
S31502023C50FFF764F8002E40F0D380D4F8B8213598E5
S31502023C6002F10801C4F8B8114104259B54D4534405
S31502023C70536006231360D4F8BC31013B002BC4F80F
S31502023C80BC3103DC2046D4F8C03198470C22D4F862
S31502023C90B831269903F10800C4F8B801C3E9002134
S31502023CA0D4F8BC31013B002BC4F8BC3103DC2046FC
S31502023CB0D4F8C03198471222D4F8B831279903F1C1
S31502023CC00800C4F8B801C3E90021D4F8BC31013BAB
S31502023CD0002BC4F8BC313FF77FAB2046D4F8C03183
S31502023CE09847FFF779BB359BDDE90A12CDE900A3B6
S31502023CF01CAB1846139317AB039302953346FEF792
S31502023D00F1FCD5F810311C9A08FB03F102EB6112A1
S31502023D1000271C92091108E7AAEB03035360062344
S31502023D201360D4F8BC31013B002BC4F8BC3103DC6E
S31502023D302046D4F8C03198470C21D4F8B831269AD5
S31502023D4003F108005242C4F8B801C3E90012D4F8DA
S31502023D50BC31013B002BC4F8BC3103DC2046D4F84B
S31502023D60C03198471221D4F8B831279A03F10800D4
S31502023D705242C4F8B801C3E90012A6E7AAEB03034A
S31502023D80C4F8B811536007231360D4F8BC31013B5F
S31502023D90002BC4F8BC3103DC2046D4F8C031984764
S31502023DA00D21D4F8B831269A03F108005242C4F81A
S31502023DB0B801C3E90012D4F8BC31013B002BC4F8A6
S31502023DC0BC3103DC2046D4F8C03198471321D4F81B
S31502023DD0B831279A03F108005242C4F8B801C3E97E
S31502023DE0001215E7009729460323204618AAFFF771
S31502023DF081F80746B4E5594625A8FEF7BFFFCEE687
S31502023E00594625A8FEF7BAFF27E74FF0000C0092A3
S31502023E10149A2946019220460222CDE903CCCDF814
S31502023E2008C0FDF705FB109B03F4006343EA09038E
S31502023E3043F4801949F08409C3E400BF4FF0000C31
S31502023E402DE9F0479EB2634688B0BDF940501FFA8B
S31502023E5082F91035C5F34F07884609F10F01394435
S31502023E60A9EB070E06F10F023A4461F30F03F71BA1
S31502023E706EF30F0C67F31F4C62F31F432CF00F17FE
S31502023E8023F00F1306A904460697079302F0D2FF00
S31502023E9010B908B0BDE8F0870022BDF81A306D10DD
S31502023EA0F61A36B2BDF8183001950096D8F828618E
S31502023EB0A9EB030341462046CDE903221BB2029235
S31502023EC0FDF7B6FA06F4007242F4800242F04102AB
S31502023ED0022300924146204606AAFFF70BF8119BDF
S31502023EE00F3506462D09002B69D0139BBDF9182002
S31502023EF0B3F900309B1A4FEA2319139BBDF91A2014
S31502023F00B3F902309B1A1F11119BDA0700F189805D
S31502023F104FF0020A119B9B0753D50721129B129A55
S31502023F20DB681269C3F5803302FB0933129A5269BE
S31502023F3002FB0733D4F8B821013302F10800C4F8B0
S31502023F40B801C2E90013D4F8BC31013B002BC4F814
S31502023F50BC3140F3C9800D21129B1B695A42D4F827
S31502023F60B83103F10800C4F8B801C3E90012D4F863
S31502023F70BC31013B002BC4F8BC3140F3A1801321B2
S31502023F80129B5A69D4F8B831524203F10800C4F8B6
S31502023F90B801C3E90012D4F8BC31013B002BC4F8C4
S31502023FA0BC3140F38880BAF1030F46F480560CBF47
S31502023FB04FF0040A4FF0020A46F0080601E04FF0FB
S31502023FC0020A5346414606AA20460096FEF792FF89
S31502023FD00022D4F8B83103F10801C4F8B811C3E9D2
S31502023FE00020D4F8BC31013B9342C4F8BC3103DC55
S31502023FF02046D4F8C03198474146204606AA0023F5
S3150202400001F0B4F800234146204606AA02F0B8FCA3
S3150202401020462A4606A901F097FF012008B0BDE80C
S31502024020F0870621129B129A1B685268C3F58033E7
S3150202403002FB0933129A926802FB0733D4F8B821BB
S31502024040013302F10800C4F8B801C2E90013D4F838
S31502024050BC31013B002BC4F8BC3140DD0C21129B62
S315020240605B685A42D4F8B83103F10800C4F8B801C1
S31502024070C3E90012D4F8BC31013B002BC4F8BC31AF
S3150202408028DD1221129B9B685A42D4F8B83103F1F9
S315020240900800C4F8B801C3E90012D4F8BC31013BE6
S315020240A0002BC4F8BC3110DD46F400664FF0030A59
S315020240B046F004062EE72046D4F8C031984772E746
S315020240C02046D4F8C031984759E72046D4F8C03181
S315020240D09847E9E72046D4F8C0319847D1E7204607
S315020240E0D4F8C0319847B9E72046D4F8C031984788
S315020240F031E700BF2DE9F04FADB0BDF9E040BDF9A1
S31502024100D850BDF9DCA00994BDF9E440CDE9105AB4
S315020241100F950894AD1A0446AAEB0300079355EAD3
S3150202412000030C9203D100202DB0BDE8F08F00FBF4
S3150202413000F091F8D63005FB05008946069300F099
S315020241400FFF4FF0807393FBF0F213461592079A14
S3150202415003FB05F5A2EB0A0603FB06F609993612DC
S315020241602D1206FB01F805FB01F708994FEA684C86
S3150202417006FB01FB05FB01F34FEA6B41129159144F
S3150202418013910C994FEA674E01EB6840A1EB68481E
S31502024190114602EB6742A1EB67470F990D9001EBBD
S315020241A06B40A1EB6B410B910AEB634BAAEB6341AA
S315020241B0069B0E90022B0A9100F0E9823A9B03F0CB
S315020241C00303032B00F06983069B012B1AD13A9B48
S315020241D0D80707D40D9BA8EB0E08A3EB0E030D938B
S315020241E0624467443A9B99070CD413990E9B0B447B
S315020241F00E930B9B0B440B9312990A9BABEB010B8F
S315020242005B1A0A93DDE90D139942A8BF19460B9B65
S315020242104345A8BF43469942ADBF23F00F0321F09F
S315020242200F010BB21BB2ADF87830DDE90D139942DC
S31502024230B8BF19460B9B4345B8BF4346994240F362
S3150202424061820F3121F00F010BB2ADF87C300A9B6D
S315020242505A451146A8BF5946BB42A8BF3B46994298
S31502024260ADBF23F00F0321F00F010BB21BB2ADF863
S315020242707A300A9B5A451146B8BF5946BB42B8BF65
S315020242803B46994240F339820F3121F00F010BB2BC
S3150202429020461EA91292ADF87E3002F0CBFD00280E
S315020242A03FF441AFDDE90D329A1ABDF878000D925C
S315020242B0129ABDF87AC0A2EB0B011B1A0E9119B221
S315020242C0A2EB0C030FFA83FE079B0C9AA3EB0C03D9
S315020242D00FFA83FB0F9BAAEB0C0C1B1A1BB205FBF4
S315020242E003F30FFA8CFC06FB1C331B1103F5004386
S315020242F01B9306FB0BF3101A00B205FB10331B11BC
S3150202430003F580332596764219951A9618939DEDF2
S31502024310187F1FFA88F212920B9A99F8D530A2EBFD
S31502024320080213920A9A03F00303D21B6D42032B6D
S3150202433014928DED207F724616902495BEB200F03D
S31502024340CA8200250E9B0195009326AB1846179347
S315020243500D9BFEF7B7FB1298BDF87A20BDF87810CE
S31502024360149B411AB21A009329A8139B019512B201
S3150202437009B21290FEF7A6FB269B03F5004326938B
S31502024380299B03F5004329933A9B03F00106069BF8
S31502024390012B00F085824946204601F017FB069B57
S315020243A0D9F82851022B0BD145F40073002E08BF0F
S315020243B01D463A9B13F0020F45F4806308BF1D4661
S315020243C099F8D42093072DD5169B2298A9F89030F6
S315020243D02123C9F87C3099F80E31D9F8D01043F06E
S315020243E00803000112F0080F89F80E3190FBF1F072
S315020243F0219BA9F892B000F0B1825B421B0193FBAA
S31502024400F1FC0346D9F8CC00C9E9203C0303C9F8FA
S315020244108830530706D5159B1B0193FBF1F3034420
S31502024420C9F8CC300A9B9F4240F371810B9BA8EBE1
S3150202443003030D930D9B002BC0F2738100234946A1
S3150202444020461EAA00F092FE0023494620461EAAD4
S3150202445002F096FA079B9A4580F2A3824FF0000871
S31502024460BDF97A20AAEB0202DDE908319942B8BF08
S31502024470194699F8160005F4F05343F4400341F342
S315020244800B1110F0060F43F00F0301EB020740F087
S315020244905F81002E00F06C8101220020CDE90A2004
S315020244A0089A42F34F020D92C346B8F1000F40F04A
S315020244B02F820021D4F8B82102F10800C4F8B8010B
S315020244C0C2E90013D4F8BC31013B8B42C4F8BC31B9
S315020244D003DC2046D4F8C031984799F8D53003F068
S315020244E00303032B00F0AD81209A0421D4F8B831DC
S315020244F003F10800C4F8B801C3E90012D4F8BC31CA
S31502024500013B002BC4F8BC3103DC2046D4F8C0318F
S3150202451098470A22D4F8B831219903F10800C4F85F
S31502024520B801C3E90021D4F8BC31013B002BC4F81F
S31502024530BC3103DC2046D4F8C03198471022D4F8A5
S31502024540B831229903F10800C4F8B801C3E900217F
S31502024550D4F8BC31013B002BC4F8BC3103DC204643
S31502024560D4F8C03198470522D4F8B831239903F119
S315020245700800C4F8B801C3E90021D4F8BC31013BF2
S31502024580002BC4F8BC3103DC2046D4F8C03198476C
S315020245900B22D4F8B831249903F10800C4F8B80101
S315020245A0C3E90021D4F8BC31013B002BC4F8BC316B
S315020245B003DC2046D4F8C03198471122D4F8B83128
S315020245C0259903F10800C4F8B801C3E90021D4F819
S315020245D0BC31013B002BC4F8BC3103DC2046D4F8C3
S315020245E0C03198470622D4F8B831269903F1080059
S315020245F0C4F8B801C3E90021D4F8BC31013B002B4F
S31502024600C4F8BC3103DC2046D4F8C03198470C22E8
S31502024610D4F8B831279903F10800C4F8B801C3E9FE
S315020246200021D4F8BC31013B002BC4F8BC3103DCB7
S315020246302046D4F8C03198471222D4F8B8312899C4
S3150202464003F10800C4F8B801C3E90021D4F8BC3169
S31502024650013B002BC4F8BC3103DC2046D4F8C0313E
S3150202466098470722D4F8B831299903F10800C4F809
S31502024670B801C3E90021D4F8BC31013B002BC4F8CE
S31502024680BC3103DC2046D4F8C03198470D22D4F857
S31502024690B8312A9903F10800C4F8B801C3E9002126
S315020246A0D4F8BC31013B002BC4F8BC3103DC2046F2
S315020246B0D4F8C03198471322D4F8B8312B9903F1B2
S315020246C00800C4F8B801C3E90021D4F8BC31013BA1
S315020246D0002BC4F8BC3103DC2046D4F8C03198471B
S315020246E03A4620461EA9B8F1000F63D001F0BCFC7F
S315020246F0069B022B63D0012016E50F3323F00F032C
S315020247001BB2C5E50F3323F00F031BB29DE50E9BC9
S31502024710002B3FF78FAE3FF491AE0D9B002B7FF736
S315020247208DAE0123494620461EAA00F01FFD012333
S315020247301EAA4946204602F023F9079BBDF97E20AE
S315020247409A454FF00108B4BFD21AA2EB0A028BE6CF
S3150202475000934946042320461EAAFEF7CBFB10F419
S31502024760000F034608BF4FF00008002E7FF494AEF6
S315020247703A9A12F0020200F0F680079A0B9611920A
S315020247800C9A0A961092099A52100D928CE6099B7D
S315020247900899302B3A9BB8BF43F001032F293A936B
S315020247A003F0030340F3CE80033B18BF01235B00F1
S315020247B0069327E501F0C8FB069B022B9BD1002339
S315020247C01E46BDF83410BDF84050BDF8442005EB34
S315020247D0010C8F186D1A0CF10F0C521A0F3765F372
S315020247E00F036CF30F0662F31F4367F31F4623F0B0
S315020247F00F1326F00F1620461CA91C931D9602F0D3
S3150202480019FB002840F0E4800B9B002B3FF473AFA8
S3150202481020463C9C0A9B03943B9C012B0294DDE9B5
S3150202482008534FF0010408BF1D460C99079B0F9AC5
S3150202483014BF53460A46009549460194FFF7FEFA0B
S3150202484059E7069B022B3FF44FAEA905209A0FD4D5
S31502024850219BB9F914001901229B91FBF0F11B016C
S3150202486093FBF0F3120192FBF0F2CDE921132092AF
S315020248706B053FF53AAE23982499259BB9F9145054
S31502024880000109011B0190FBF5F091FBF5F193FB87
S31502024890F5F3CDE92301259327E600230693B1E436
S315020248A03EB9099A209B1203A2F5803203EB6203F8
S315020248B020933A9B9A077BD4089A239B1203A2F56A
S315020248C0803203EB620349462046239301F07EF8C7
S315020248D0D9F8285174E50E9BCDF80490009326ABC5
S315020248E0184617930D9BFEF74DF91298BDF87A20DA
S315020248F0BDF87810149BB21A411A009329A8139B89
S31502024900CDF8049012B209B21290FEF73BF93BE5DA
S31502024910BDF97A10BDF97E2020A8521A4FEA221B4F
S3150202492059460E93FEF72AFA594623A8FEF726FAA5
S3150202493059461798FEF722FA59461298FEF71EFAB8
S315020249400E9BB6E543F00203033B18BF01233A99D5
S315020249505B0041F002013A91069353E41B0193FB79
S31502024960F1F384464EE5DDE90801814227DC0121A5
S315020249700A91089941F34F010D912CA902EB4202C9
S3150202498001EB820201211EAEB4463B9E303A0B91E6
S3150202499007CA86E80700BCE803003C9A1060516029
S315020249A082E5BDF97A20079B4FF000089A1A5BE569
S315020249B04946204601F00AF8D9F8285100E5079A35
S315020249C00A9611920C9A1092012211410D91D4E784
S315020249D000221199BDF972300D9DCB1A1BB21099A4
S315020249E00093BDF970302046CB1A29B21BB201914F
S315020249F0CDE9032249460292FCF71AFD2B460F33F2
S31502024A001B090693B8F1000F00F039810A992CAA04
S31502024A1001EB410302EB830353F8282C4F00524267
S31502024A2043F8282C289BBDF978205B4228932B9BBE
S31502024A305B422B93BDF970309B1A1D11BDF97A2088
S31502024A40BDF972309B1ACBEB231600234946204648
S31502024A501CAA00F08BFB0023494620461CAA01F041
S31502024A608FFFDDE92632062102FB0533289A02FB75
S31502024A700633D4F8B82102F10800C4F8B801C2E933
S31502024A800013D4F8BC31013B002BC4F8BC3103DC61
S31502024A902046D4F8C03198470C22D4F8B831279967
S31502024AA003F10800C4F8B801C3E90021D4F8BC3105
S31502024AB0013B002BC4F8BC3103DC2046D4F8C031DA
S31502024AC098471222D4F8B831289903F10800C4F89B
S31502024AD0B801C3E90021D4F8BC31013B002BC4F86A
S31502024AE0BC3103DC2046D4F8C0319847DDE92932CD
S31502024AF0072102FB05332B9A02FB0633D4F8B821AF
S31502024B0002F10800C4F8B801C2E90013D4F8BC31B4
S31502024B10013B002BC4F8BC3103DC2046D4F8C03179
S31502024B2098470D22D4F8B8312A9903F10800C4F83D
S31502024B30B801C3E90021D4F8BC31013B002BC4F809
S31502024B40BC3103DC2046D4F8C03198471322D4F88C
S31502024B50B8312B9903F10800C4F8B801C3E9002160
S31502024B60D4F8BC31013B002BC4F8BC3103DC20462D
S31502024B70D4F8C031984708220A9BF9182CAB03EBEA
S31502024B80810151F8303C51F82C0CC3F5803300FBFD
S31502024B90153351F8281C01FB1633D4F8B811013328
S31502024BA08818C4F8B801C1E90023D4F8BC31013B24
S31502024BB0002BC4F8BC3103DC2046D4F8C031984736
S31502024BC00E210A9B2CAAFB1802EB830353F82C2C08
S31502024BD0D4F8B831524203F10800C4F8B801C3E965
S31502024BE00012D4F8BC31013B002BC4F8BC3103DC01
S31502024BF02046D4F8C031984714210A9B1F442CAB95
S31502024C0003EB870757F8282CD4F8B831524203F13E
S31502024C100800C4F8B801C3E90012D4F8BC31013B5A
S31502024C20002BC4F8BC3103DC2046D4F8C0319847C5
S31502024C30D9F82831494603F4D052184B2046134379
S31502024C4000931CAA0523FEF755F90022D4F8B831BF
S31502024C5003F10801C4F8B811C3E90020D4F8BC3143
S31502024C60013B9342C4F8BC3103DC2046D4F8C0317E
S31502024C7098472046069A1CA901F066F9C4E5BDF9D1
S31502024C807820BDF970309B1A1D11BDF97A20BDF943
S31502024C9072309B1A1E110A9B5F00D6E65D20400007
S31502024CA02DE9F04F91F8D5C091B01CF0010FBDF974
S31502024CB068A0BDF96CB0BDF970701FD12F2F0C46DA
S31502024CC005469146984604DD91F8D6C0BCF1020F1C
S31502024CD026D02146209C1D9B06941F9CCDE9027379
S31502024CE005941E9C43464A462846CDE900AB0494E7
S31502024CF0FEF72CFA012011B0BDE8F08F1D9C08AD1B
S31502024D0004940AACCDE90277CDE90545CDF804B0A3
S31502024D10CDF800A0FFF7EEF9012011B0BDE8F08F41
S31502024D201D9E06F0030CBCF1030FD2D0209ECDE9E4
S31502024D3001B706961F9ECDF800A005961E9E049602
S31502024D401D9E46F4C05C4CF0030CCDF80CC0FEF777
S31502024D50FDF90028CED01D9BDA0710D51D9B9B07B5
S31502024D60C8D4022621461F9C5B4603941E9C5246C9
S31502024D702846CDE900760294FFF760F8BAE71F9952
S31502024D80434603911E994A46029101212846019100
S31502024D9000972146FFF752F8E0E700BFF0B58C46CE
S31502024DA01D46002491B00DF1200E0AAF816ABDF9AB
S31502024DB05830CDE9047EBDF95C60189F0193CDE9B6
S31502024DC002671346069462460095FFF769FF20467C
S31502024DD011B0F0BD30B5002591B0009313460A46D4
S31502024DE01699BDF95040039108A905910AA90194A1
S31502024DF006950491B0F86C10BDF9544004EB4104D7
S31502024E0024B2C16A0294FFF74BFF284611B030BDA5
S31502024E1030B50025964691B0BDF954200695029208
S31502024E20169ABDF950C0039208AA05920AAA0492DA
S31502024E30B0F86E2013441BB20093B0F870300A44E5
S31502024E409C440FFA8CF47344C16A12B201941BB2E7
S31502024E50FFF726FF284611B030BD00BF2DE9F04FFD
S31502024E604FF0000993B01E9DBDF9744003951D468D
S31502024E708B4690460294099404460AAF0CAE0597F5
S31502024E80CDF818900496B0F86E20B0F87030BDF9DD
S31502024E9070A0511909B2009103EB0A0109B20191FC
S31502024EA05A444344C16A12B21BB2FFF7F9FE2046C4
S31502024EB000F04EFD1E9A099BCDE904670392029306
S31502024EC0CDF81890CDF804A0A16A43465A46204668
S31502024ED00095FFF7E5FE204600F05EFD484613B058
S31502024EE0BDE8F08F2DE9F04F1D464FF000088B46C4
S31502024EF0044693B0BDF970901E9B0AAF0CAE0393A3
S31502024F00CDF804900597CDF8188004960095BDF960
S31502024F1074A0B0F86C1013460AEB410109B2029171
S31502024F20C16A09925A46FFF7BBFE204600F010FDFF
S31502024F301E9BCDE90467CDE902A3CDF81880CDF810
S31502024F400490A16A5A46099B20460095FFF7A8FEDD
S31502024F50204600F021FD404613B0BDE8F08F00BFA7
S31502024F60B0F1804F03466ED34FF0A0424FF4004099
S31502024F7003F14043934224BF00F580409B1A820309
S31502024F8002F18062934224BF00F500509B1A42034B
S31502024F9002F18072934224BF00F580509B1A0203EB
S31502024FA002F58002934224BF00F500609B1AC202F8
S31502024FB002F58012934224BF00F580609B1A820298
S31502024FC002F58022934224BF00F500709B1A420228
S31502024FD002F58032934224BF00F580709B1A0202C8
S31502024FE002F58042934224BF80309B1AC20102F527
S31502024FF08052934224BF40309B1A820102F580629C
S31502025000934224BF20309B1A420102F580729342D8
S3150202501024BF10309B1A02014032934224BF083049
S315020250209B1AC2001032934224BF04309B1A82009A
S315020250300432934224BF02309B1A42000132934247
S3150202504050EA309070474FF08052002092E700BF3C
S3150202505040EA500040EA900040EA101040EA10206E
S3150202506040EA1040704700BF04F0B0BD04F0BEBD76
S315020250702DE9F0410D4668B306460846904604F00D
S31502025080B7FD044648B386422F4602D23846BDE8E9
S31502025090F081304604F09AFD0746F0B1B8F1000FEE
S315020250A012D0A40810D0A400A4F1040E4FEA9E0E58
S315020250B00EF1010E02464EF001E02B1F53F8041FB9
S315020250C042F8041B0FF007C0284604F08FFD38464B
S315020250D0BDE8F081084604F089FD00273846BDE89E
S315020250E0F08100BF38B504460D46FDF7A5FAD4F89D
S315020250F08430DA0711D4DB0604D42846BDE83840E8
S3150202510004F064BD2A460421044604F073FD0146F6
S315020251102046BDE8384004F085BD2A46BDE838403F
S31502025120042104F067BD00BF38B505460C46FDF7FB
S3150202513083FAD5F88430DA0711D4DB060AD521467A
S31502025140054604F06DFD042102462846BDE83840B4
S3150202515004F060BD2046BDE8384004F047BD224651
S31502025160BDE83840042104F055BD00BF2DE9F041E7
S315020251700D46C97D022901D0BDE8F081E96F0446D8
S31502025180D5E9206701F02000B5F990C0B5F9921071
S31502025190002B4DD1002800F09F8001FB07F706FB8A
S315020251A00C77D5F8883003EB27132421D4F8B821DB
S315020251B05B4202F10800C4F8B801C2E90013D4F84E
S315020251C0BC31013B002BC4F8BC3103DC2046D4F8C7
S315020251D0C03198472522D4F8B831D5F8801003F1A8
S315020251E00800C4F8B801C3E90021D4F8BC31013B76
S315020251F0002BC4F8BC3103DC2046D4F8C0319847F0
S315020252002622D4F8B831D5F8841003F10800C4F87E
S31502025210B801C3E90021D4F8BC31013B002BC4F822
S31502025220BC31A9DC2046D4F8C031BDE8F0411847AA
S31502025230B2F900E0B2F90280B2F90630002842D091
S3150202524006FB0CF6A3EB08035B1A07FB1366D5F8FB
S31502025250882002EB26132421D4F8B8215B4202F1FC
S315020252600800C4F8B801C2E90013D4F8BC31013B04
S31502025270002BC4F8BC3103DC2046D4F8C03198476F
S315020252802522D4F8B831D5F8801003F10800C4F803
S31502025290B801C3E90021D4F8BC31013B002BC4F8A2
S315020252A0BC3103DC2046D4F8C03198472621D5F812
S315020252B08420D4F8B831524203F10800C4F8B80186
S315020252C0C3E90012A7E7CB1A07FB03F3ACEB0E0EF8
S315020252D006FB0E331B11BEE7B2F90230B2F9002009
S315020252E0CB1A07FB03F3ACEB020C06FB0C331B11C6
S315020252F05BE700BF80EF50602DE9F04FA7B00A933B
S31502025300309BBDF9C440022B0F948DED1C7FCDE973
S315020253101010329CBDF9CC60BDF9D050159200F244
S31502025320EA8040F0E480002313930B9314F0040303
S31502025330B1B2A8B216930D91309B0E9040F0EE8058
S31502025340013B3093159BE2431D460E995B8802F0A0
S3150202535001020B440FFA83FA0D9935F8043B0B440A
S315020253601BB21F46309B012B00F0458116990C9108
S31502025370002604F006031293309BB046023BB14666
S3150202538014930996134656463A4604350EE0149B82
S31502025390A3EB0903B3FA83F35B095B00309809F1C5
S315020253A00109814505F1040500F0A1800D9835F841
S315020253B0044C0896044435F8026C0E9824B206444C
S315020253C0944236B200F0C5800B9883F00307002898
S315020253D000F0BB80099858EA000000F0E280C2465B
S315020253E0DDF824B0F8070AD583F4007701EB0A0345
S315020253F05B421D930C9B87F003075B441C93BB071E
S315020254002ED5309BCDE91712013B4B4500F0E680C3
S315020254106B880D9AB5F8008013441BB29B1B03FBE3
S3150202542003F090440FFA88F8A8EB040808FB080078
S315020254300993FFF795FDDDE9171240B1099B4FEA81
S3150202544008281B0293FBF0F398FBF0F8099308EB8A
S315020254500A035B421F93099B47F480675B441E93D0
S315020254600A9B2BB1184650F8043B012B0A902CD00A
S31502025470139847F4C053002870D10B98A8B10C9B1D
S315020254800AFB03F00BFB01F3984247F4605347F41D
S31502025490F047C8BF3B4609990BFB08F00AFB01F12C
S315020254A0814243F40041C8BF0B461CA906911AA9C0
S315020254B005910F990393CDE9016120A90491089BF5
S315020254C00094DDE91010FFF7EBFB129B51462246D0
S315020254D0CDF830B0002B3FF45AAF309809F10109EA
S315020254E081454FF0000305F104057FF45FAF012009
S315020254F027B0BDE8F08F0F9B102B7FF714AF109BDE
S3150202550093F8D730002B73D0022B0CBF0123002352
S3150202551013930CBF002301230B9307E7159D03F197
S315020255208043013B05EB830235F823300B441BB261
S315020255301F46538803440FFA83FA0B9B002B62D150
S315020255400B9A159D11460C9212E7C246DDF824B05B
S3150202555086E70898B0427FF437AF1FE703931CAB86
S3150202556006931AAB05930F9B20AFCDE90163DDE9E2
S315020255701010089B009404970C92FFF791FB169A5F
S3150202558052EA0903A1D0012102971AAF03970F9F8C
S315020255900191089B0C9A0097DDE91010FEF74EFC6A
S315020255A093E7CDE91831089BA4EB020AA6EB030B9B
S315020255B00BFB0BF00AFB0A001792FFF7D1FCDDE99F
S315020255C01723199900283FF40DAF4FEA0A2A4FEA28
S315020255D00B2B9AFBF0FA9BFBF0FB03E7159A0E994B
S315020255E05388B2F800800B441BB20D9A9B1B16E736
S315020255F013930B939AE6A6073FF5B8AE169942F0B5
S3150202560002020C91B4E632F8021C32F8043C02465B
S315020256100A4412B2AAEB02050D9A05FB05F01344DF
S315020256201BB2F91A01FB010008910C95FFF798FCCF
S315020256300899024648B12B0293FBF0F3090291FB49
S31502025640F0F10022159D0C9392E6159D90E600BF9D
S31502025650F8B5C668D6E90F329A4221D0D0F8C0719F
S315020256602F4D0446AF423FD0FCF78EFBE36FC3B128
S315020256702046FCF789FBF36BC4F8BC31E26F6AB9C8
S31502025680E268516C1364C4F8B411936CC4F8B8316D
S31502025690D36CC4F8BC31136DC4F8C031F36B3364F6
S315020256A0F8BDE368D4F8B4215A64D4F8B8219A64EE
S315020256B0D4F8BC21DA64D4F8C0211A659A6BC4F80C
S315020256C0B421D3E90F10091A02EBC102C4F8B821B8
S315020256D01B6C2046C4E96F35FCF756FBF36BAF42EF
S315020256E0C4F8BC31CAD1D9E7D0F8BC313364736C81
S315020256F0C0F8B431B36CC0F8B831F36CC0F8BC313F
S31502025700336DC0F8C031FCF73FFBE36F002BC8D004
S315020257102046FCF739FBF36BC4F8BC31BEE700BF87
S3150202572025570202012270B5C5680446D5E90E164E
S3150202573030019640FFF79CFCC0B1D5E90F32F31A4D
S315020257401A44C5E90F62A86383B1D4F8BC21E168A1
S315020257501344C4F8BC318B6BD4E96D02121A13449A
S31502025760C4F8B8318B6BC4F8B43170BDE36F33B190
S31502025770E368D4F8B4211B6CC4E96E2370BD2046DB
S31502025780FFF766FFE368D4F8B4211B6CC4E96E2303
S31502025790F4E700BFF8B500B3022906460D4619D949
S315020257A0022A174616D95820FFF75EFC0446B8B1FC
S315020257B0002301462A463046A363FCF7D7FDE8B129
S315020257C0F36F8BB10023C4E90873636586F8C631A9
S315020257D02046F8BD0D2386F8C63100242046F8BDC0
S315020257E0012386F8C631F8E74FF40070FFF73CFC56
S315020257F0A06318B14023C4E90F33E3E7012320462D
S3150202580086F8C631FFF732FCE7E700BFF8B5054670
S315020258100C46FCF7B9FAEB6F2BB1EE68A64202D040
S31502025820776D002F35D0002C31D000236365EC60F2
S315020258306B63626ACAB96369F3B11B681E68214661
S315020258402846FCF749FD214632462846FCF75CFD0E
S31502025850A96E11F0200104D13B2205F5BC7009F0B4
S3150202586079FA002085F8C601F8BD63622046FCF784
S31502025870A5F96369002BE0D1D5F88420636812F09A
S31502025880120F02D01E69002ED9D15E68D7E7AC6824
S31502025890CBE73046FCF75CF93369094A31461A60AE
S315020258A0336928465F603369B2680433D360336969
S315020258B03A4608333361B761FCF760FCB3E700BFCF
S315020258C0328080802DE9F041D0E90268C660736AAF
S315020258D0044647686BBB0121736D716263B9436EFD
S315020258E0082B29D0E36F13B92046FFF7B1FE012236
S315020258F031462046FCF742FC0123002273653146FB
S315020259002046FDF7FBFB0023736294F9C751C4F8E4
S315020259100C80A84684F8C7313946204684F8C65117
S31502025920FFF774FFC4E9016784F8C6514046BDE831
S31502025930F0811225A846EFE7FCF780FED2E700BF08
S3150202594010B50446FCF7C2FE002084F8C60110BD5B
S31502025950C36F03B17047C368D0F8B41130B4596447
S31502025960D0F8B8119A6B9964D0F8BC11094CD96473
S31502025970D0F8C0111965C0F8B4211D6CD96B491B48
S3150202598002EBC102C0F8B8211B6CC0E96F3430BC0D
S31502025990704700BF25570202C36F7BB9C368D0F8AE
S315020259A0BC115A6C1964C0F8B4219A6CC0F8B821B9
S315020259B0DA6CC0F8BC211B6DC0F8C031704700BF5B
S315020259C0C36F03B17047FFF743BE00BF2DE9F04133
S315020259D0436B04468B420D4617D0656395F80E312A
S315020259E02A7E23F00103012A85F80E3100F00A828B
S315020259F0D5F82461EB7D46F08077032B09D8DFE8E0
S31502025A0013F027015E01A7010A0091F80E31DE07A3
S31502025A10E3D4BDE8F08195F80E31590700F11F82F1
S31502025A201922D4F8B831D5F8601103F10800C4F886
S31502025A30B801C3E90021D4F8BC31013B002BC4F8FA
S31502025A40BC3103DC2046D4F8C0319847287ED4F80C
S31502025A50B8310128D5F8642103F1080104D1E87CA2
S31502025A6022F07F4242EA00621A20C4F8B811C3E960
S31502025A700002D4F8BC31013B002BC4F8BC3103DC72
S31502025A802046D4F8C0319847D5F83C3113F08073DA
S31502025A9002D194F9C42132B12046FCF7A1FAD5F813
S31502025AA03C3103F08073003B18BF01232F21D4F847
S31502025AB0B82184F8C431D5F8F83002F10800C4F8E6
S31502025AC0B801C2E90013D4F8BC31013B002BC4F879
S31502025AD0BC3103DC2046D4F8C03198472D22D4F8D3
S31502025AE0B831D5F8EC1003F10800C4F8B801C3E9DD
S31502025AF00021D4F8BC31013B002BC4F8BC3103DCD3
S31502025B002046D4F8C03198472E22D4F8B831D5F8B7
S31502025B10381103F10800C4F8B801C3E90021D4F828
S31502025B20BC31013B002BC4F8BC3103DC2046D4F85D
S31502025B30C03198473922D4F8B83195F80D1103F1DC
S31502025B400800C4F8B801C3E90021D4F8BC31013B0C
S31502025B50002BC4F8BC3103DC2046D4F8C031984786
S31502025B60D4F880309A024BD5D5F8082113F0807FFB
S31502025B700CBF10274FF48077002A00F07E81A16BBA
S31502025B808A4200F07481012385F80C310022372102
S31502025B90D4F8B83103F10800C4F8B801C3E9001217
S31502025BA0D4F8BC31013B9342C4F8BC3103DC204633
S31502025BB0D4F8C031984700264FF03808BF00D5F80E
S31502025BC00821D4F8B831925903F10801C4F8B81180
S31502025BD0C3E90082D4F8BC31013B002BC4F8BC31C4
S31502025BE003DC2046D4F8C03198470436BE42E6D1D9
S31502025BF00023D5F8082185F80C31D4F88030A26347
S31502025C009B01D5F8442103D5B2F1806F00F07B8166
S31502025C10D5F83411D5F82431D5F83C010B43D5F821
S31502025C20401143EA02050543A26D0D43C54B45F0F9
S31502025C3002056A401340002B40F01581D4F8B831B0
S31502025C40A56503F10801C4F8B81101225D6027E0D7
S31502025C50D5F84C11AA68D4F8B8310A43192103F1CE
S31502025C600800C4F8B801C3E90012D4F8BC31013BFA
S31502025C70002BC4F8BC3103DC2046D4F8C031984765
S31502025C80A26DB04B7A401340002B40F0B78001223E
S31502025C90D4F8B831A76503F10801C4F8B8115F60F8
S31502025CA01A60D4F8BC31013B002BC4F8BC313FF771
S31502025CB0B0AE2046D4F8C031BDE8F0411847D5F857
S31502025CC04C11AA68D4F8B8310A43192103F1080023
S31502025CD0C4F8B801C3E90012D4F8BC31013B002B67
S31502025CE0C4F8BC3103DC2046D4F8C0319847287E7A
S31502025CF0D4F8B8310128EA6803F1080100F0A0805D
S31502025D00D5F84C01C4F8B8111A210243C3E90012AC
S31502025D10D4F8BC31013B002BC4F8BC3103DC20466B
S31502025D20D4F8C0319847A26D46F08076854B46F488
S31502025D30005672401340002B40F08D80D4F8B831E1
S31502025D40A66503F10801C4F8B81101225E60A7E74D
S31502025D5095F80E3198077AD4A968D5F85021D4F865
S31502025D60B8310A43192103F10800C4F8B801C3E99C
S31502025D700012D4F8BC31013B002BC4F8BC3103DC5F
S31502025D802046D4F8C0319847E968D5F85421D4F8A8
S31502025D90B8310A431A2103F10800C4F8B801C3E96B
S31502025DA00012D4F8BC31013B002BC4F8BC3103DC2F
S31502025DB02046D4F8C03198471D22D4F8B831D5F816
S31502025DC0141103F10800C4F8B801C3E90021D4F89A
S31502025DD0BC31013B002BC4F8BC3103DC2046D4F8AB
S31502025DE0C0319847D5F83031A26D1F4347F00107FB
S31502025DF0544B7A401340002B3FF449AF2046FCF73E
S31502025E00A5F844E71A21D5F82431EA7C23F44003A3
S31502025E10C5F82431D4F8B831120603F10800C4F8E1
S31502025E20B801C3E90012D4F8BC31013B002BC4F815
S31502025E30BC313FF7DDAD2046D4F8C0319847D7E5ED
S31502025E40E87CC4F8B81142EA00621A215EE72846E3
S31502025E50FBF7D4FA80E72046FCF778F86EE7284685
S31502025E6000F062FBDCE52046FCF770F8E6E695F9FF
S31502025E700C21002A7FF48AAEC2E6D5F80421002A52
S31502025E803FF4BEAEA16B8A4256D0012385F80C318D
S31502025E9000223721D4F8B83103F10800C4F8B80158
S31502025EA0C3E90012D4F8BC31013B9342C4F8BC31B7
S31502025EB003DC2046D4F8C031984700264FF0380852
S31502025EC0BF00D5F80421D4F8B831925903F108017A
S31502025ED0C4F8B811C3E90082D4F8BC31013B002BE5
S31502025EE0C4F8BC3103DC2046D4F8C03198470436E4
S31502025EF0B742E6D10023D5F8042185F80C31D4F84D
S31502025F008030A2637CE63A22D4F8B831D5F8481139
S31502025F1003F10800C4F8B801C3E90021D4F8BC3180
S31502025F20013B002BC4F8BC3103DC2046D4F8C03155
S31502025F309847D5F844216BE695F90C21002AA7D198
S31502025F405EE600BFC801F0302DE9F0410F464FF080
S31502025F501F0CB1F90450B0F84010D0F8B83101EB79
S31502025F600241B7F9002003F1080EB7F90660AD1A2D
S31502025F70B7F90220C0F8B8E1C3E900C1D0F8BC31D2
S31502025F80B61A013B2D113611002B044605F1010505
S31502025F9006F10106C0F8BC3102DCD0F8C0319847DE
S31502025FA01E22D4F8B83105EB064503F10801C4F8FE
S31502025FB0B811C3E90025D4F8BC31013B002BC4F861
S31502025FC0BC3103DC2046D4F8C0319847636C022BFD
S31502025FD038D0042B1ED0012B1AD12020B7F9022069
S31502025FE0B7F90030216C12111B1101FB0233D4F8EE
S31502025FF0B821E16B02F108051944C4F8B851C2E9A5
S315020260000001D4F8BC31013B002BC4F8BC3113DDCC
S31502026010BDE8F081B7F90220B7F90030216C1211FE
S315020260201B1101FB0233D4F8B821E16B202002F1E5
S31502026030080501EB8301E0E72046D4F8C031BDE84A
S31502026040F0411847B7F90220B7F90030216C121154
S315020260501B1101FB0233D4F8B821E16B202002F1B5
S31502026060080501EB4301C8E72DE9F0414FF01F0C89
S315020260700F46036C12045B4212FA83F3D0F8B8217C
S31502026080B1F90450B1F9001002F1080EB7F906602F
S315020260906D1AB7F90210C0F8B8E1C2E900C3D0F826
S315020260A0BC31761A013B2D113611002B044605F13D
S315020260B0010506F10106C0F8BC3102DCD0F8C03196
S315020260C098471E22D4F8B83105EB064503F10801BA
S315020260D0C4F8B811C3E90025D4F8BC31013B002B40
S315020260E0C4F8BC3103DC2046D4F8C0319847636C4D
S315020260F0022B38D0042B1ED0012B1AD12020B7F93D
S315020261000620B7F90030216C12111B1101FB023372
S31502026110D4F8B821E16B02F108051944C4F8B85162
S31502026120C2E90001D4F8BC31013B002BC4F8BC31F0
S3150202613013DDBDE8F081B7F90620B7F90030216C0C
S3150202614012111B1101FB0233D4F8B821E16B202094
S3150202615002F1080501EB8301E0E72046D4F8C031DB
S31502026160BDE8F0411847B7F90620B7F90030216CAD
S3150202617012111B1101FB0233D4F8B821E16B202064
S3150202618002F1080501EB4301C8E700BF30B5044638
S31502026190406E83B00138BDF9185007280ED8DFE8E1
S315020261A000F004131C252E0D0D0420460095FAF765
S315020261B085FE43B284F8C63103B030BD09231846C0
S315020261C084F8C63103B030BD20460095FAF79EFE2A
S315020261D043B284F8C63103B030BD20460095FAF7C1
S315020261E01FFF43B284F8C63103B030BD2046009584
S315020261F0FAF776FE43B284F8C63103B030BD2046C2
S315020262000095FAF733FF43B284F8C63103B030BDC4
S3150202621070B50446406E84B00138BDF92050BDF90E
S315020262202460072811D8DFE800F00416222E3A105D
S3150202623010040A980095CDE901602046FEF7AEFDEC
S3150202624043B284F8C63104B070BD0923184684F8F5
S31502026250C63104B070BD0A980095CDE901602046A8
S31502026260FEF7B8FD43B284F8C63104B070BD0A988F
S315020262700095CDE901602046FEF734FE43B284F86A
S31502026280C63104B070BD0A980095CDE90160204678
S31502026290FEF7BEFD43B284F8C63104B070BD0A9859
S315020262A00095CDE901602046FEF7D8FD43B284F897
S315020262B0C63104B070BD00BF844610B54FF0000E61
S315020262C0DCF8244084B0A4F8A8100799A4F8AA20FE
S315020262D094F80E21009108997046CDE90113069BA6
S315020262E042F0110203939DED007F099B84ED267F06
S315020262F0C4F8B0300A9B84F80E21C4F8B4308CF884
S31502026300C6E104B010BD00BF03464FF0000C10B444
S315020263105C6A12030903C4E93F1294F80E2160462D
S3150202632042F0010284F80E2183F8C6C15DF8044BDD
S31502026330704700BF91F8E43010B5013B062B00F21C
S31502026340ED80DFE803F004151B22282F35004FF0FB
S315020263507F434FF0FF0C1A46604691F8E5E0BEF124
S31502026360070F77D8DFE80EF02C837BB4AEA8A172B2
S3150202637091F8DC0003061A468446EEE700234FF044
S315020263807F424FF0FF0C1846E7E700224FF07F43A9
S31502026390FF209446E1E7002391F8DCC018464FEA53
S315020263A00C62DAE7002291F8DC0094460306D4E78F
S315020263B091F8DC0091F8E0C003064FEA0C62CCE7E2
S315020263C04FF0000C604691F8E6E0BEF1070F5AD88C
S315020263D0DFE80EF00498908A84655E554FF0000C51
S315020263E0604691F8E7E0BEF1070F00F29380DFE81C
S315020263F00EF0072823201D19041291F8DF00034329
S3150202640091F80E01C1F8583140F00403C1F85C213B
S3150202641081F80E3110BD91F8DF4091F8E300234373
S315020264200243EDE791F8DF000243E9E743F0FF0397
S31502026430E6E742F0FF02E3E791F8DF000343024395
S31502026440DEE743F0FF0342F0FF02D9E791F8DD00EF
S3150202645091F8E1C043EA004342EA0C42B3E791F8FB
S31502026460DD00844643EA004342EA0042ABE74FF0CC
S31502026470FF0C43F47F03604642F47F02A3E791F8DE
S31502026480DE0091F8E2C043EA002342EA0C22A8E7C0
S3150202649091F8DE004FF0000C43EA0023A1E791F8DF
S315020264A0DEC0002042EA0C229BE791F8DD004FF0A3
S315020264B0000C43EA004386E791F8DDC0002042EA77
S315020264C00C4280E74FF0000CFF2043F47F037AE789
S315020264D04FF0FF0C002042F47F0274E74FF0000CEB
S315020264E0FF2043F47F437CE74FF0FF0C002042F487
S315020264F07F4276E791F8DE00844643EA002342EAC7
S3150202650000226EE74FF0FF0C43F47F43604642F4EB
S315020265107F4266E7034342EA0C0271E700231A4608
S315020265209C46184619E700BF6FF07F43D0F84C111C
S3150202653030B4D0E95654090A2A0E01FB023265F337
S315020265401702250E01FB053390F80E1164F31703A9
S31502026550C0F8602121F00402C0F8643180F80E21ED
S3150202656030BC704738B590F8E8300546DA07D0F8FD
S31502026570F04011D49B07D5F8F40004F1FF3415D488
S31502026580D5F8EC30013803FB00F0C4F30A0444EAFE
S31502026590C024C5F8384138BD601EFEF759FD95F88C
S315020265A0E83004469B07D5F8F400E9D50138FEF730
S315020265B04FFDD5F8EC30C4F30A0403FB00F0FEF7F4
S315020265C047FD44EAC024C5F8384138BD70B50026F5
S315020265D00546406A059CC0E93B23049B24F0300C25
S315020265E0C0E93D3190F80E3180F8EA6043F00102CB
S315020265F080F80E2114F0100203D0D5F880100E0294
S3150202660059D514F0200403D0D5F88010890252D548
S31502026610ACF10D01022906D8D5F88010CE0302D4B8
S31502026620C9B2092947D9BCF1420F49D8DFE81CF0A1
S31502026630D3001B018A006F00A100B000A300410132
S315020266403F012F0128010701F500E4001901C500E7
S3150202665048004800480048004800480048004800F0
S3150202666048004800480048004800480048004800E0
S3150202667048004800480048004800480048004800D0
S3150202668048004800480048004800480048004800C0
S3150202669048004800480048004800480048004800B0
S315020266A048004800480048004800480048004800A0
S315020266B08A006F00A100092385F8C631184670BD0B
S315020266C0002A40F00481D0F82C61C0F83C21A4BB18
S315020266D02246D0F8401121F00071C0F8401143F071
S315020266E0110CD0E9473423436C6D80F80EC1234363
S315020266F0D0F8444123430B4333431343C0F82431B6
S31502026700FFF730FF002385F8C631184670BD4FF4F5
S3150202671040260221C0F82C6180F8E91080F8EB10BD
S31502026720002A75D04FF0010C4FEA8C7C4CF0807235
S31502026730C0F83C21002C00F0C880D0F8401141F08C
S315020267400071CAE704214FF40026BCF1400F80F81B
S31502026750E91080F8EB10C0F82C6100F0C480A2B9EF
S31502026760C0F83C21002C00F0C98000224FF400261A
S31502026770E3E71026CDE70421624E80F8E910C0F85D
S315020267802C6180F8EB10002A42D04FF0030CCBE7C3
S31502026790D5F8801089028ED501215B4E80F8E91068
S315020267A0C0F82C6180F8EB10002A00F099804FF0B5
S315020267B080710A46C0F83C11BFE7012180F8E91050
S315020267C04FF48471514EA0F8EA10C0F82C61FAB166
S315020267D04FF0000CA8E70121002680F8E910C0F864
S315020267E02C6180F8EB10002A78D1C0F83C21002CEB
S315020267F040F0828026466BE7454E012180F8E91079
S315020268004FF48171C0F82C61A0F8EA10002ADFD198
S31502026810C0F83C21002C90D15AE7D5F880108902A3
S315020268207FF549AF0121302680F8E9104FF48471D1
S31502026830C0F82C61A0F8EA10002AC9D1E8E7D5F817
S3150202684080108E027FF537AF324E012180F8E910B1
S315020268504FF48271C0F82C61A0F8EA10002AB7D16F
S31502026860D6E72D4EF1E702214FF4802680F8E91091
S3150202687080F8EB10C0F82C61002A7FF455AFC7E707
S31502026880D5F8801089027FF516AF244EB5E7D5F802
S3150202689080108E027FF50FAF0121214E80F8E9109A
S315020268A0C0F82C6180F8EB10002A91D1B0E72026BD
S315020268B02FE702211B4E80F8E910C0F82C6180F8FE
S315020268C0EB10002A7FF42EAFA2E7144600E790F8F7
S315020268D0EBC0D0F82C610CF1FF3C25E7664623E7B4
S315020268E0C0F83C2129E7032180F8EB10002A3FF485
S315020268F037AF4FF0020C17E716461EE700244FF495
S315020269000026E5E6100008001000040030000C0024
S315020269103000040020000C003000080020000800AD
S315020269202000040010000C0010B50446406AC1F3B0
S31502026930800390F80E211B0442F0010280F80E2118
S315020269400A0748BF43F40033CA07C0F8343105D4F4
S31502026950D0F8343143F48043C0F834318B0705D47E
S31502026960D0F8343143F40043C0F8343101F00F0158
S3150202697080F8E810FFF7F6FD002084F8C60110BD84
S315020269802DE9F04FCD7D81B0032D02D001B0BDE8D5
S31502026990F08F0E46B2F90050B1F9A810D6F8FC7083
S315020269A0491BD6F89850044605FB01FCD6F8B050AE
S315020269B0B6F9AAB005FB01F1D6F8A050D6F89C802A
S315020269C007EB050ED6F8A470D6F80051D6F8B4A095
S315020269D005EB0709D0F8B87107F10805002B40F05C
S315020269E0C780B2F90230C0F8B851ABEB030308FB19
S315020269F003CC0AFB03112423AEEB2C157D603B600C
S31502026A00D0F8BC31A9EB2115013B002BC0F8BC31F1
S31502026A1002DCD0F8C03198472522D4F8B831D6F82C
S31502026A20981003F10800C4F8B801C3E90021D4F8AA
S31502026A30BC31013B002BC4F8BC3103DC2046D4F83E
S31502026A40C03198472622D4F8B831D6F89C1003F101
S31502026A500800C4F8B801C3E90021D4F8BC31013BED
S31502026A60002BC4F8BC3103DC2046D4F8C031984767
S31502026A70D6F8EC102B1401FB03F32721D4F8B82124
S31502026A80D6F8B07002F10800D6F8B480C4F8B8019C
S31502026A90C2E90013D4F8BC31013B002BC4F8BC3165
S31502026AA003DC2046D4F8C03198472822D4F8B831FC
S31502026AB0ADB203F10801C4F8B811C3E90025D4F84E
S31502026AC0BC31013B002BC4F8BC3103DC2046D4F8AE
S31502026AD0C03198472921D6F8EC303A1403FB02F268
S31502026AE0D4F8B83103F10800C4F8B801C3E90012B8
S31502026AF0D4F8BC31013B002BC4F8BC3103DC20467E
S31502026B00D4F8C0319847D6F8EC304FEA284203FB54
S31502026B1002F2D4F8B83103F10801C4F8B8112A21F5
S31502026B20C3E90012D4F8BC31013B002BC4F8BC31D4
S31502026B3003DC2046D4F8C03198472B21D4F8B82179
S31502026B40BBB202F1080043EA0843C4F8B801C2E93B
S31502026B500013D4F8BC31013B002BC4F8BC313FF719
S31502026B6015AF2046D4F8C03101B0BDE8F04F184740
S31502026B70B2F90630C0F8B851ABEB030508FB05C8FB
S31502026B80AEEB28137B6024233B60D0F8BC310AFBB0
S31502026B900515013B002BA9EB2515C0F8BC3102DC19
S31502026BA0D0F8C03198472522D4F8B831D6F89810D1
S31502026BB003F10800C4F8B801C3E90021D4F8BC31D4
S31502026BC0013B002BC4F8BC3103DC2046D4F8C031A9
S31502026BD09847D4F8B831D6F89C2003F10801C4F8D4
S31502026BE0B81126215242C3E90012D4F8BC31013B44
S31502026BF0002BC4F8BC3103DC2046D4F8C0319847D6
S31502026C00D6F8EC102B1401FB03F3D6E92C71C1F171
S31502026C1000082721D4F8B82102F10800C4F8B80105
S31502026C20C2E90013D4F8BC31013B002BC4F8BC31D3
S31502026C3003DC2046D4F8C03198472822D4F8B8316A
S31502026C40ADB203F10801C4F8B811C3E90025D4F8BC
S31502026C50BC31013B002BC4F8BC3103DC2046D4F81C
S31502026C60C03198472921D6F8EC303A1403FB02F2D6
S31502026C70D4F8B83103F10800C4F8B801C3E9001226
S31502026C80D4F8BC31013B002BC4F8BC3103DC2046EC
S31502026C90D4F8C0319847D6F8EC304FEA284203FBC3
S31502026CA002F2D4F8B83103F10801C4F8B8112A2164
S31502026CB0C3E90012D4F8BC31013B002BC4F8BC3143
S31502026CC003DC2046D4F8C03198472B22D4F8B831D7
S31502026CD0BFB203F1080147EA0847C4F8B811C3E98B
S31502026CE0002736E7F0B5C66C054637B2006DBDF928
S31502026CF014C09F42D8BF06F1FF330FFA80FED8BFF7
S31502026D001BB2E645DCBF00F1FF3C0FFA8CFC2CEA13
S31502026D10EC744FF0000C21EAE1718F4222EAE27230
S31502026D20DCBF06F1FF3631B29645E646D8BF00F120
S31502026D30FF3023EAE373D8BF02B209011B016046A0
S31502026D401201240185F8C6C163F30F0E61F30F0C1B
S31502026D5062F31F4C64F31F4EC5F872C0C5F876E0A3
S31502026D60F0BD00BFF0B583B0DDE90856072E044632
S31502026D70C0E91335C1638664026409DC002E10DBA6
S31502026D80072E0ED8DFE806F03C4136080D0D474CB9
S31502026D90402E2FD0412E04D14FF4401102226165BA
S31502026DA06264E669BEB1D6F82C71D6F81C21606D12
S31502026DB0D6F820113A430243D6F83C71D6F840017E
S31502026DC00A433A43D6F8441102430A43C6F8242137
S31502026DD03668002EE7D10022013D2DB2013B204644
S31502026DE0114600951BB2FFF77DFF002084F8C6010B
S31502026DF003B0F0BD4FF40011042261656264D0E76C
S31502026E000021012241654264CBE74FF4801102223E
S31502026E1041654264C5E70422044942644165C0E70A
S31502026E200222034942644165BBE700BF000120001A
S31502026E3000013000B0F97620B1F900309A4227DB20
S31502026E40B1F90220B0F978C0944521DB30B5B1F927
S31502026E5004E0B0F972C0E6451CDBB1F90650B0F99E
S31502026E607440A54216DB6345BCBFA1F800C0B0F967
S31502026E707440A242B8BF4C80B0F976309E45C8BF74
S31502026E808B80B0F978309D4200DDCB80012030BD87
S31502026E9000207047002030BD014B1860704700BFCA
S31502026EA0CCB20922704700BF2DE9F843089E082E8C
S31502026EB042DC00248146154608464FF0FF3221463F
S31502026EC098464FF0FF37FFF7EDFF874274EB010159
S31502026ED02CD3D9F80030002E1861D9F800301D6281
S31502026EE014DDA8F10805A046F5E902012246FFF7DC
S31502026EF0D9FF874278EB010112D304F11002D9F8C5
S31502026F0000300134A64243F83200EDD1D9F800200E
S31502026F10936803F00C0343F001039360BDE8F88320
S31502026F20A421084B084A094803F076FA9821084B2D
S31502026F30054A064803F070FA9421064B024A0348B0
S31502026F4003F06AFAD0FC0202A80903027CFC0202DE
S31502026F50B8FC020254FC0202704700BF0268936840
S31502026F6003F00C0343F00203936003685A68510765
S31502026F70C2F3800012D45A68C2F30011D2060CD4AC
S31502026F805A68C2F3C010120606D45A68D20504D44D
S31502026F905868C0F340107047084670470020704791
S31502026FA010B40024D0E90112121BB1FA81F118BF02
S31502026FB001228446490942EA4102006862F3070451
S31502026FC0C4601F4BDCF8001001E0013B02D04A68A4
S31502026FD01207FAD44B68C3F3C0001B0709D4DCF8C4
S31502026FE004304A6AB3FA83F3C2F340025B0993425C
S31502026FF004D04FF0FF305DF8044B7047DCF80820EE
S315020270004B6A003A18BF012203F001039A42F0D1F9
S31502027010022245F25354CA61DCF80020094BD463BA
S31502027020DCF800201364DCF800205364DCF800204C
S315020270309364DCF80020D3645DF8044B704700BF0A
S31502027040A086010000001F0F08B5C0E90012836086
S315020270508B6A1B0F01D0002008BDFFF7A1FFB0FA11
S3150202706080F0400908BD00BF0068022A836803F067
S315020270700C0306D0A2F10102B2FA82F2520962F3BB
S31502027080C303022906D0A1F10101B1FA81F149092C
S3150202709061F3820383600020704700BF10B5006867
S315020270A0836A04688B422AD04FEA136C4B405FFA1A
S315020270B083FE1B074FEA11611DD18CEA01000F28DC
S315020270C08CBF00200120BEF1100F28BF00201CF049
S315020270D0080F03D111F0080F18BF002082EA040339
S315020270E0B3F1805F09D2C2F30752C4F30754A24234
S315020270F088BF002010BD0020E5E7002010BD012058
S31502027100ECE700BF00487047D0B209220020704760
S315020271100020704708B5012007F0EAFC08B10023F7
S31502027120037008BD00E020BF0378002BFBD0013BB1
S3150202713003700020704700BF03780133037040BF1B
S3150202714000207047704700BF704700BF437C012B87
S315020271500FD0022310B503740446FFF7FFFE03465F
S3150202716083F001035B00DBB2E06A6374FFF7E4FFBC
S3150202717010BD70472DE9F843234E04463768894607
S3150202718015469846002F38D0204F3B686BB3DDE98F
S3150202719008234FF0020C2563002549462046C4F80F
S315020271A0388084F841C084F842C06563E563FFF71C
S315020271B04BFFF8B1FFF7AEFFE062D8B13068256146
S315020271C06561A561E56125626562A562FFF79EFFBB
S315020271D00F4B30681A681C60E260FFF799FF386845
S315020271E0FFF7AAFF2846BDE8F883FFF793FF386048
S315020271F00028CCD14FF0FF30F5E7FFF783FF30606E
S315020272000028C1D1F6E700BFD8B20922D4B20922B8
S31502027210DCB2092238B5037C0446012BD8B20ED061
S3150202722002280ED0002853D000234FF0FF302361EC
S315020272306361A361E36123626362A36238BD0029CB
S31502027240FCD0626A002A15DD002502E0013595426C
S3150202725010DA94F842302B41DB07F7D5D4E907322C
S3150202726052F8251053F8350000F0D0F9626A01355A
S315020272709542EEDB4FF0FF324FF0FF33E06AFFF743
S3150202728051FF002827DB2046A16AFFF75DFFE36B69
S315020272903BB1013BE36323B9012220461146FFF7C4
S315020272A0E3FE637C03F0FF0083B1637C022B20D0F2
S315020272B02046FFF775FE38B9E26B2046B2FA82F231
S315020272C052091146FFF7D0FE4FF0FF300023AEE718
S315020272D06FF0010038BD01216174237C022BD2D1E9
S315020272E04FF0FF324FF0FF33E06A6174FFF71AFF85
S315020272F0C9E72046FFF730FEDAE700BF2DE9F0477D
S3150202730082B0DDE90A7C002900F0A980002B00F098
S31502027310B480002F00F0AA800446007C01EB02082A
S3150202732000F0FF0500284BD10C98C4E90512C4E906
S3150202733007372574C4F824C0A062534D0868A842D0
S3150202734036D112F0030633D10D1DD4E90C1251EADD
S31502027350020069D1A8450FD92B78022B10D0052B32
S3150202736034D0012B24D1D5E901122046FFF796FE2D
S31502027370F0B10C35A845EFD8304602B0BDE8F08729
S315020273806B786F8805F1040947EA034719F00F0A79
S315020273904FEA87070CD1606A002830DDE2690346AC
S315020273A0083A01E0013B20D052F8081F0907F9D03A
S315020273B0002323616361A361E36123626362A362C1
S315020273C04FF0FF36304602B0BDE8F0870435C1E71A
S315020273D0236A53F82A10E36953F83A0000F014F9C3
S315020273E0606A0AF1010A824509DA94F8413043FADF
S315020273F00AF3DB07ECD40AF1010A8245F5DBE36BF9
S315020274005A1CE263D3B101232046A16A2374FFF711
S3150202741099FE636A3A46009349462046E36904376F
S31502027420FFF742FD3D4495E7BCF1020F92DDBF68CC
S31502027430A06B8742BCD8C3E904128BE72046FFF74A
S31502027440AFFD40B9E26B2046B2FA82F25209114608
S31502027450FFF70AFED7E7E36B013BE363A8E740F2D5
S3150202746082210A4B0A4A0B4802F0D6FF4FF42171D7
S31502027470094B074A074802F0CFFF40F28321074B26
S31502027480034A044802F0C8FF434F503128FD020264
S31502027490C8090302F4FC020254FD020240FD020282
S315020274A010B584B0069C0094079C0194089C029431
S315020274B00446FFF723FF002806DB0121204604B01B
S315020274C0BDE81040FFF7A6BE4FF0FF3004B010BD74
S315020274D070B5054682B00C46EFF31086012181F3A0
S315020274E010882C4B1A6822F480321A601B681E20FE
S315020274F002F09CFF86F310880023AA68A17B10681B
S31502027500627BCDE900211A462349FFF733FE0028A2
S315020275103CD1A36894F90C201B01002ADBB22FDBB3
S3150202752002F1604101F5614181F800331B491C4BAE
S3150202753041F8225002F5C65153F8210020F4803058
S3150202754043F8210053F82130BFF35F8F012153091B
S315020275509B0002F01F0203F1604303F5614301FA45
S3150202756002F2C3F880211A60002318466C60226870
S315020275700C49EA60626829606A612B6102B070BDD9
S31502027580094902F00F0001440B76CFE7032002B04D
S3150202759070BD00BF003020400000144060B30922D3
S315020275A00060004054454D52FCEC00E030B583B019
S315020275B0EFF30383124A103B5CB252F82450AB68D3
S315020275C01868FFF7C3FDEB685BB12869B0B10368BF
S315020275D001936B690360EB6898472B690BB1019AB9
S315020275E01A60084A04F5C65352F8231021F4803170
S315020275F042F8231052F8233003B030BD01A8E8E75F
S3150202760060B3092200600040704700BF704700BFA6
S3150202761043685A6992F828301BB11B4B19635963A6
S315020276209963194B196841F4800119601968C1F30B
S3150202763080511968C1F380511968C1F380511968E2
S31502027640C1F380511968C1F380511968C1F380519F
S315020276501968C1F380511968C1F380511968C1F3DF
S3150202766080511968C1F38051916CC3F8841019686C
S3150202767041F001011960996841F0020199601368AB
S315020276809A6818689368184700743440F0B58BB04C
S31502027690EFF3038200242A492A4B103A52B24E6869
S315020276A053F822504B6CCDE900069806CDE9023416
S315020276B00BD54868C0F3C100032805D049682248A1
S315020276C0C1F3C14150F821400394EC681C4843F0CF
S315020276D080231E4943F00103049402F5C652436411
S315020276E051F8223023F4803341F8223051F8223005
S315020276F02F6917B3BC463E46BCE80F00EE4605AC00
S315020277000FC4DCF800302360BEE80F000FC6DEF8B5
S315020277100030CCF80030AB68384698472B6953B133
S315020277209C460DF1140EBEE80F00ACE80F00DEF81F
S315020277300040CCF800400BB0F0BD6F46EBE700BF4D
S315020277400074344060B30922307434400060004051
S31502027750F8B5416005460E464C69EFF310870121E2
S3150202776081F31088794B9A6822F400329A609B68F8
S315020277701E2002F05BFE87F31088754B9A6822F090
S3150202778002029A60626822F4800222F001021A6000
S3150202779022691A6262695A62E26A9A652289DA6021
S315020277A062891A61A2895A61E2899A61228BDA6234
S315020277B0E2691A63226A5A63626A9A63226B1A66D8
S315020277C022791968C2F3400262F341011960626BBF
S315020277D0C3F80023A26BC3F80423E26BC3F808239F
S315020277E0226CC3F80C23626DC3F82822A26DC3F879
S315020277F02C22E26DC3F83022226EC3F83422626E64
S31502027800C3F83822A26EC3F83C22E26EC3F84022C3
S31502027810226FC3F84422626FC3F84822E2791968DA
S31502027820C2F3400262F359611960627919689209D8
S3150202783062F38F311960E26CC3F89020226DC3F8AD
S31502027840A420E2791968C2F3800262F39A610022E5
S315020278501960616CC3F88010E16F1964B4F8801084
S3150202786099642A61F368AB603369EB6094F9792013
S3150202787094F87830002A5ADB1B0102F16041DBB22E
S3150202788001F5614181F800333249334B41F8225006
S3150202789002F5C65053F8206026F4803643F820607B
S315020278A053F82030BFF35F8F012053099B0002F089
S315020278B01F0203F1604303F5614300FA02F2C3F8C1
S315020278C080211A6094F97B2094F87A30002A36DBFA
S315020278D01B0102F16040DBB200F5614080F8003321
S315020278E01D4B41F8225002F5C65153F8210020F4ED
S315020278F0803043F8210053F82130BFF35F8F012114
S3150202790053099B0002F01F0203F1604303F5614330
S3150202791001FA02F2C3F880211A602368D3E901123E
S3150202792018681268904708B90C4B2B60F8BD0C49CF
S3150202793002F00F001B01DBB201440B76A4E70948F1
S315020279401B0102F00F06DBB28355C9E70030204065
S315020279500074344060B30922006000404E49565218
S31502027960FCEC00E014ED00E00120FFF78FBE00BF41
S315020279700220FFF78BBE00BF084B00211A6A22F0D3
S3150202798001021A629A6842F001029A601A6922F0A8
S3150202799001021A610346084619607047006C3440B8
S315020279A030B53A4A91F80CC0946C394B6CF3000428
S315020279B094641C6A9A8C374D4FEA143E02F00F0CFD
S315020279C0C4F303342B6844EA0C052D0712D592B28E
S315020279D015074ED401221EF0080F02FA0CF251D0FC
S315020279E003240EF0070E04FA0EF402FB03F3B3FBB2
S315020279F0F4F302E003FA0CF3E340274C234AA4FB16
S31502027A0003439B0C1468013BDBB263F30704146065
S31502027A10136943F001031361D369DC07FCD50B7BBF
S31502027A2073B10B68194C5360D3680D7965F304037D
S31502027A30D360936823F001039360E369DB05FCD507
S31502027A408A68124B1468154DC4F312045C625468B8
S31502027A509C629468DC62D4681C6314695C63127D5E
S31502027A609A631A6A42F001021A62C0E900510020C0
S31502027A7030BD4FF0030C02F007021EF0080F0CFA9B
S31502027A8002F2ADD1012505FA04F4AEE7006C3440E8
S31502027A9000E00140A4B3092283DE1B435049504D44
S31502027AA0034A0020D36943F00103D361704700BF42
S31502027AB000703440074B5A6F920309D5DA690020E7
S31502027AC022F00102DA619A6A42F001029A62704770
S31502027AD00120704700703440054A0020136FC3F339
S31502027AE0404301330B70536F43F4003353677047BD
S31502027AF000703440094BD3F8842212F47F4F0AD025
S31502027B00D3F89422002042F00102C3F89422D3F859
S31502027B1090320B6070470D20704700BF00703440F0
S31502027B2030B5046905468C4685B0ACB194E80F00BF
S31502027B300DF1100E0EE90F009CE80F0084E80F000B
S31502027B402046AB6898472C6924B104AB13E90F00AF
S31502027B5084E80F0005B030BD0C46F1E7F8B50646DB
S31502027B600D464160EFF31084012181F31088A54B83
S31502027B709A6822F400329A609B681E2002F056FC32
S31502027B8084F310882B68D3E90112186812689047A9
S31502027B90002840F016819C49CB6960F30003CB6151
S31502027BA0CB6ADB07FCD44FF0100E6B684EF001E095
S31502027BB00B61AB688B612B690B646B694B64D5E90C
S31502027BC00623C1E918232B46EA68C1F88022EA6A2B
S31502027BD08A672A6BC1F8882053F8344F8B4AC1F858
S31502027BE0984053F8044F42F8104B0FF007C0002298
S31502027BF0A96F854BC3F80812E96FC3F88C1232617A
S31502027C00D5F88030B360D5F88430F36095F9213027
S31502027C1095F82020002BC0F2D580120103F16041B3
S31502027C20D2B201F5614181F80023794A794942F8D3
S31502027C30236003F5C65451F8247027F4803741F8BD
S31502027C40247051F82410BFF35F8F012103F01F0441
S31502027C505B099B0003F1604303F56143A140C3F84C
S31502027C608011196095F9233095F82210002B4FEAFC
S31502027C700111C9B2C0F2C08003F1604404F5614445
S31502027C8084F80013634942F8236003F5C65451F897
S31502027C90247027F4803741F8247051F82410BFF378
S31502027CA05F8F012103F01F045B099B0003F160430E
S31502027CB003F56143A140C3F88011196095F9253095
S31502027CC095F82410002B4FEA0111C9B2C0F28E8038
S31502027CD003F1604404F5614484F800134D4942F805
S31502027CE0236003F5C65451F8247027F4803741F80D
S31502027CF0247051F82410BFF35F8F012103F01F0491
S31502027D005B099B0003F1604303F56143A140C3F89B
S31502027D108011196095F9273095F82610002B4FEA43
S31502027D200111C9B25CDB03F1604404F5614484F8D3
S31502027D300013384942F8236003F5C65451F82470F9
S31502027D4027F4803741F8247051F82410BFF35F8F6D
S31502027D50012103F01F045B099B0003F1604303F553
S31502027D606143A140C3F88011196095F9291095F86B
S31502027D70283000292DDB1B0101F16044DBB204F538
S31502027D80614484F80033234B42F8216001F5C6525E
S31502027D9053F8224024F4803443F8224053F8223026
S31502027DA0BFF35F8F01224B099B0001F01F0103F112
S31502027DB0604303F561438A40C3F880211A60164B79
S31502027DC03360F8BD1549120103F00F04D2B20A5507
S31502027DD02BE7124C1B0101F00F05DBB26355D2E70A
S31502027DE00F4C03F00F073C442176A2E70C4C03F03A
S31502027DF00F073C44217671E7094C03F00F073C4416
S31502027E0021763FE70030204000703440087134404A
S31502027E1060B30922006000404349504D14ED00E070
S31502027E20FCEC00E0012270B54368044693F9211086
S31502027E30344E480901F01F0102FA01F1203046F8D8
S31502027E402010BFF34F8FBFF36F8F002593F92110D6
S31502027E502D4840F8215093F923104FEA511C01F0A4
S31502027E601F0102FA01F10CF1200C46F82C10BFF3A5
S31502027E704F8FBFF36F8F93F9231040F8215093F976
S31502027E8025104FEA511C01F01F0102FA01F10CF111
S31502027E90200C46F82C10BFF34F8FBFF36F8F93F966
S31502027EA0251040F8215093F927104FEA511C01F090
S31502027EB01F0102FA01F10CF1200C46F82C10BFF355
S31502027EC04F8FBFF36F8F93F9271040F8215093F922
S31502027ED029104FEA511C01F01F018A400CF12001C0
S31502027EE046F82120BFF34F8FBFF36F8F93F92920F4
S31502027EF040F822501B689A6818685368984700B976
S31502027F00206070BD00E100E060B3092230B585B0A1
S31502027F10EFF303834FF47F440F4A103B5BB252F8EE
S31502027F2023000E49ADF800400C6FC5680C4A039552
S31502027F3004F40035019403F5C6534D6752F8231033
S31502027F4021F4803142F8231052F823306946FFF7B2
S31502027F50E7FD05B030BD00BF60B3092200703440B0
S31502027F60006000402DE9F04184B0EFF30383214A19
S31502027F702149146DD2F88070103BD2F8906027F036
S31502027F8080705BB251F82350C2F884001B4926F076
S31502027F908070C2F8940003F5C65351F8232022F4E6
S31502027FA0803241F8232051F823300123EA688DF802
S31502027FB00030E30703925FFA84F805D418F0020F41
S31502027FC00DD104B0BDE8F081002328466946019727
S31502027FD08DF80130FFF7A4FD18F0020FF1D001234C
S31502027FE02846694601968DF80130FFF799FD04B0DD
S31502027FF0BDE8F0810070344060B30922006000409F
S3150202800010B584B0EFF303830221104A103B5BB230
S3150202801052F823000E4C0F4A246DC4688DF80010E4
S31502028020039403F5C65352F8231021F4803142F821
S31502028030231052F82330FF22002369468DF80120CD
S315020280400193FFF76DFD04B010BD00BF60B30922B4
S31502028050007034400060004030B585B0EFF3038310
S315020280604FF603740F4A103B5BB252F823000E49D5
S31502028070ADF80040D1F80042C5680C4A0395E5B254
S31502028080019403F5C653C1F8045252F8231021F49F
S31502028090803142F8231052F823306946FFF740FD39
S315020280A005B030BD60B30922007034400060004062
S315020280B030B585B0EFF303834FF60474104A103BD2
S315020280C05BB252F823000F49ADF80040D1F8844260
S315020280D0C5680D4A039504F01005019403F5C653CB
S315020280E0C1F8885252F8231021F4803142F8231043
S315020280F052F823306946FFF713FD05B030BD00BFC3
S3150202810060B309220070344000600040002001235F
S315020281108242CAB203FA02F39AB24FEA034308BF91
S315020281201A460B0A5B0103F1804303F580039A6048
S31502028130704700BF2DE9F84F0388DBB14FF0000A02
S3150202814080464FF00109DFF8D4B00024314D4FEAE0
S31502028150CA07D8F8043035F8022BD9198988914210
S315020281600AD00134032CF4D1B8F800300AF1010A1C
S315020281705345EAD8BDE8F88FDB5909FA04F603F04B
S31502028180B853B3F1807F244BF6B293F84C2C12D03B
S31502028190324230D104F120021BF81230DB09E0D060
S315020281A01BF81230012123F08003C8200BF812308B
S315020281B002F03CF9D5E7324210D004F120021BF854
S315020281C01230DB09CDD11BF81230012143F08003B4
S315020281D0C8200BF8123002F029F9C2E7012002F098
S315020281E0D1F90D4B012093F84C2C324383F84C2CD7
S315020281F002F098F9E1E7012002F0C4F9064B0120E8
S3150202820093F84C2C22EA060283F84C2C02F08AF9E5
S31502028210C0E700BFFC09030200E001400020204043
S31502028220F8B50646FFF786FFEFF31082012383F3C2
S315020282301088234F3B681BB9402022490B750875EB
S315020282403B6801333B6082F31088338800211BB3FB
S315020282501D4D08E01B01134445F8234032880131C3
S315020282608BB29A4218D9736853F8314003EBC102B2
S315020282709288E0034FEA1223D2B2EBD502EB031045
S3150202828055F820E024F4803C2EF4803E45F820E0A6
S315020282901B0145F820C0DEE7EFF31082012383F3C8
S315020282A010883B6813B13B68013B3B603B681BB9D4
S315020282B0802004490B75087582F31088F8BD00BF49
S315020282C05CB30922000D40400008404008B5034B4A
S315020282D003600846FFF7A4FF002008BD54524F5020
S315020282E008B50846FFF79CFF002008BD034600209A
S315020282F059601A72704700BF0346044ADB680020BF
S315020283009B1AB3FA83F35B090B70704743494952CE
S3150202831030B5836B83B004460A466D46A3B193E831
S31502028320030085E80300E16B1A7119601846636B54
S315020283309847A36B1BB195E8030083E80300002369
S3150202834084F82B3003B030BD2B46ECE730B5454BF3
S3150202835083B01B6A01690193019B03F00F23019308
S31502028360019A019D0B7C90F82C409CB9C2F3032220
S31502028370DBB2A2EB156293409B0804D1082003B03C
S3150202838030BD013BFAD04A78C2F3C014D209F8D101
S31502028390CC710169002390F826408569026880F84B
S315020283A02B30C56180F82D3080F8274080F82E30B8
S315020283B080F8283080F82F30036280F83030546A11
S315020283C0227894F801E0012A14BF4FF0040C4FF010
S315020283D0050C6279120142EA4E0294F806E042EA7A
S315020283E0CE124CEA0202D2B2CA7001690A7942F08C
S315020283F010020A7101690A7963F3C3020A710169F9
S315020284000A7963F304120A710269E179137961F353
S31502028410C71313710269537943F001035371036857
S3150202842093F90F30002B07DB012203F01F040E49DA
S315020284305B09A24041F82320BF210269537A03F065
S31502028440F30353720369D97190F82C302BB10023CE
S3150202845080F82C30002003B030BD022203695A7024
S31502028460F8E700BF00E0014000E100E090F808C032
S31502028470C0E90512BCF1010F80F82A3008D10022A8
S31502028480436880F826C05B0080F8243080F82520F5
S31502028490002380F82930FFF759BF00BF90F808C0C1
S315020284A0C0E90512BCF1010F80F82A300AD1002276
S315020284B0436880F826C05B0043F0010380F824304B
S315020284C080F82520012380F82930FFF73FBF00BF3D
S315020284D070B40024402203691C7003691A7002698F
S315020284E013785B06FCD5C0231370036802695B6AC4
S315020284F0804D1B794FF0000C43F0E00313740368BE
S3150202850002695B6AB324DB7843F0E00353740368BF
S3150202851002695B6A9B781B0103F0700343F008034E
S315020285209370036802695B6A1E78012E5E7814BF35
S315020285300423052343EA4603DBB2D37003685B686E
S31502028540AB4214BF7722F72203695A71036983F891
S3150202855006C00369DC7191F911204B7B6245C0F2B8
S31502028560AA801B0102F16044DBB204F5614484F87D
S315020285700033614C614B44F8220002F5C65553F8AA
S31502028580256026F4803643F8256053F82530BFF37A
S315020285905F8F012553099B0002F01F0203F160431C
S315020285A003F5614305FA02F2C3F880211A6091F9D2
S315020285B00F204B7B002AC0F295801B0102F1604517
S315020285C0DBB205F5614585F800334C4B44F82200CF
S315020285D002F5C65553F8256026F4803643F825601F
S315020285E053F82530BFF35F8F012553099B0002F032
S315020285F01F0203F1604303F5614305FA02F2C3F86F
S3150202860080211A6091F910204B7B002A63DB1B0141
S3150202861002F16045DBB205F5614585F80033374B59
S3150202862044F8220002F5C65553F8256026F4803630
S3150202863043F8256053F82530BFF35F8F01255309AE
S315020286409B0002F01F0203F1604303F5614305FA40
S3150202865002F2C3F880211A6091F90E204B7B002A9E
S3150202866031DB1B0102F16041DBB201F5614181F8A6
S315020286700033224B44F8220002F5C65153F8214038
S3150202868024F4803443F8214053F82130BFF35F8F3C
S31502028690012153099B0002F01F0203F1604303F515
S315020286A0614301FA02F2C3F880211A609F2203692A
S315020286B01A7070BC7047124C02F00F051B01DBB236
S315020286C02C44237655E70E4902F00F051B01DBB255
S315020286D029440B76CDE70B4D1B0102F00F06DBB2E6
S315020286E0AB559CE7074D1B0102F00F06DBB2AB55F9
S315020286F06BE700BF40420F0060B3092200600040F0
S31502028700FCEC00E014ED00E0F8B500250A781C4BFB
S31502028710016013441B0203618B680E4643600B7BA6
S3150202872004460372CB6943630B6A80F82950C3631A
S3150202873080F82A50856380F82B50C0E90555C0E9B6
S31502028740075580F82C50EFF31087012181F3108828
S315020287500C4A33785068C3F1090301FA03F320EA9B
S315020287600303536053681E2001F060FE87F31088EC
S3150202877020463146FFF7ACFE034B2846E360F8BDBE
S31502028780E0254000003020404349495210B582B0EC
S31502028790EFF30383103B5F4A5BB203F5C65352F80B
S315020287A0231021F4803142F8231052F82330EFF3DA
S315020287B00383594A103B5BB252F8234094F82D3098
S315020287C05BBBA369022B22D9E369012B0ED1226973
S315020287D0137943F0100313712269137943F00803E4
S315020287E013712269137923F01003137123685B6AEA
S315020287F0DB79002B3ED101222369DB7CDBB28DF8C9
S3150202880007309DF8073084F82D2002B010BD226988
S31502028810137943F040031371D6E7E369002BF4D0D0
S315020288202268526AD279FAB9032B17D0022B26D0C2
S31502028830012B34D02269236AD17C6269D154D4E9EC
S3150202884007320132013BC4E90732002BDDD121692D
S315020288500A7963F386120A7102B010BD226913798C
S3150202886043F040031371E5E705212046FFF750FD69
S31502028870E369D9E705212046FFF74AFDBBE72269EC
S31502028880137943F0100313712269137943F0080333
S3150202889013712269137923F010031371CAE794F84C
S315020288A02A2072B322681D4892F90F20510902F05A
S315020288B01F0203FA02F2203140F82120BFF34F8F42
S315020288C0BFF36F8F04202169CA7942F08002CA710E
S315020288D021690A7942F010020A7121690A7922F0A3
S315020288E008020A7121690A7922F010020A712269C2
S315020288F0507021694A7922F001024A7184F82C30B9
S3150202890098E708212269537A03F0F703537223691F
S3150202891059708FE70060004060B3092200E100E06F
S3150202892010B5EFF30383103B434A5BB203F5C6531A
S3150202893052F8231021F4803142F8231052F82330E0
S31502028940EFF303833D4A103B5BB252F8234094F89D
S315020289502730002B40D194F82930002B3BD12368D3
S315020289605B6ADB792BB194F82B3013B9236A002B9D
S315020289705CD1E3692169002B41D1CB79C02223F074
S315020289808003CB71216901E0013A02D0CB79DB097E
S31502028990FAD12368284A93F9103003F5C65352F8DE
S315020289A0231021F4803142F8231052F8233023682F
S315020289B093F91030002B09DB01215A09204803F0F2
S315020289C01F03603201FA03F340F822302269D37997
S315020289D043F04003D37110BD94F82630032B1CD00A
S315020289E094F8242023699A7494F8282094F827305C
S315020289F00132013B84F8282084F8273010BD236A0D
S31502028A006269D35C8B74D4E907320132013BC4E951
S31502028A100732002BDFD12169AFE794F82830022B07
S31502028A20DED194F83030002BDAD110BD0521204672
S31502028A30FFF76EFC9DE700BF0060004060B30922AB
S31502028A4000E100E038B5EFF30383344A103B5BB230
S31502028A5052F8234023685B6ADB79002B4BD194F8E8
S31502028A6029301BB194F82730012B52D0E369E3B1C6
S31502028A702169C023CA7922F04002CA71216901E042
S31502028A80013B02D0CA795206FAD4EFF30383103BB2
S31502028A90234A5BB203F5C65352F8231021F48031FE
S31502028AA042F8231052F8233038BD94F82A203AB3FA
S31502028AB0012022681B4D92F90F20510902F01F0272
S31502028AC0203100FA02F245F82120BFF34F8FBFF39D
S31502028AD06F8F4FF0040C2169CA7942F08002CA7183
S31502028AE0226982F801C021694A7963F300024A7156
S31502028AF084F82C00BCE705212046FFF709FCAEE705
S31502028B0008212269537A03F0F703537223695970D3
S31502028B10AEE794F83030002BAAD0A7E760B3092259
S31502028B200060004000E100E038B5EFF303834F4AEC
S31502028B30103B5BB252F823000269537A517ADC0681
S31502028B4001F0E00151725FFA83FC03F003022CD5B5
S31502028B500369597849064ED40024012580F82B5020
S31502028B60DC710168FFF7B4FCB32290F82630816902
S31502028B7080F82830036980F82C400162C46180F8CB
S31502028B802A402946DA71FFF7C3FBEFF30383103B50
S31502028B90374A5BB203F5C65352F8231021F48031E9
S31502028BA042F8231052F8233038BD002A5CD11CF059
S31502028BB0080F11D0C369002B45D190F82B30002B38
S31502028BC041D1B32290F829100369C1F10301C9B256
S31502028BD0DA71FFF79DFBD8E790F82C200CF004031C
S31502028BE042B3002BD1D0C369002B3BD190F82B3074
S31502028BF0002B37D1E5E7002AAED15A78C2F38011AB
S31502028C005206D4D5082280F82B105A7003680169DD
S31502028C105A6A94791378527943EAC41343EA0213DD
S31502028C2043F00203DBB2CB700269537943F00103CC
S31502028C305371AAE7002BA8D003685B6ADB79002B83
S31502028C40A3D00421C5E70023B32190F826508469F4
S31502028C50026980F82C3080F828500462C36180F8D9
S31502028C602A30D1710121B4E7036975E760B309229B
S31502028C700060004003460020D3E902235360704796
S31502028C8030B48C6E01342AB1944203D930BC013A13
S31502028C901A607047029D496B0078ED0754BF01F0D6
S31502028CA01F01C1F30441032808D9090981F0010110
S31502028CB06AB9A1B930BC02225A60704701F00C01AE
S31502028CC0A1F10401B1FA81F14909002AF1D09442D3
S31502028CD001D80029EED130BC03225A607047002C1B
S31502028CE0E8D0F8E74FF0010C2DE9F0430B7C0025A2
S31502028CF00CFA03F3C360C3F30D03B3FA83F35B09FE
S31502028D00416003740B7CAD4A0E461A44120282601B
S31502028D104B69044643618B6985B0C0E90653CD6946
S31502028D20EFF310878CF31088097CA54B0A1F052ADC
S31502028D3083BF4FF00042CA40D2436FF000621B6902
S31502028D4013409F4A1361136901211E2001F06EFB33
S31502028D5087F31088E36819070DD0EFF31081012318
S31502028D6083F31088974AE06853889BB223EA00038A
S31502028D70538081F310884FF425400022A3684FF0F6
S31502028D8000411860A368DA62A368DA63A3689A6488
S31502028D90337A3078DB05032843F4803008BF034672
S31502028DA0A7687068FB62A36801381961A3685961F2
S31502028DB0A3689961A1684A62A1688A62A168AB69DD
S31502028DC0CB61A168EB690B62A1688866A1684866F5
S31502028DD04FF0FF300021CDE9020130782F6D0028D5
S31502028DE040F0F08101204FF0030E7368D4F8088038
S31502028DF05B08013B0293C8F85430A2689365327845
S31502028E00032A03D9A268D365A26813662B6DD3B966
S31502028E102B78A3B133786A78022B4FEA821C4FEA87
S31502028E20021100F00282032B03D0002A0CBF062392
S31502028E3009233B4343EA0C030B4343F48077AB78A3
S31502028E40002B40F0DA8100236268D16991F848204A
S31502028E5001F1300CDA40D2070ED5032B5CF823203F
S31502028E6016D0042B21D002F1FF38A26803F11209AF
S31502028E7002EB8902C2F804800133062B1DD091F857
S31502028E804820DA40D207F7D5032B5CF82320E8D133
S31502028E90A368013ADA6591F84820D30640F1A78120
S31502028EA00423042BDCF81020DDD1A368013A9A656B
S31502028EB091F848309B0600F19C810123327C934053
S31502028EC0C3F30D0313B10022A3685A640023A268F6
S31502028ED09363A268C2F888302B6D3BB995F82130AC
S31502028EE095F820205B0743EA42331F4395F8483040
S31502028EF0002B14BF4FF4A0024FF4AA02A3681A640D
S31502028F003378012B04D10023A268D364A2681365C5
S31502028F10A3685F63A26895F85410D36A43EA011301
S31502028F2095F8551043EA4113D362A368C3F830E0B9
S31502028F30A3681863D4E90232DA6096F91230002B7A
S31502028F4026DB727C03F1604112011F48D2B201F59F
S31502028F50614181F800231D4A40F8234003F5C651B8
S31502028F6052F8210020F4803042F8210052F82120E2
S31502028F70BFF35F8F01215A09920003F01F0302F128
S31502028F80604202F5614201FA03F3C2F880311360CC
S31502028F9095F92830002B33DB95F8222003F1604144
S31502028FA012010948D2B201F5614181F80023074A4A
S31502028FB040F8234003F5C6510AE000BF20324000C2
S31502028FC0003020400040324060B309220060004077
S31502028FD052F8210020F4803042F8210052F8212072
S31502028FE0BFF35F8F01215A09920003F01F0302F1B8
S31502028FF0604202F5614201FA03F3C2F8803113605C
S3150202900095F92930002B27DB95F8232003F16041DD
S3150202901012018848D2B201F5614181F80023864ADB
S3150202902040F8234003F5C65152F8210020F480305D
S3150202903042F8210052F82120BFF35F8F01215A091B
S31502029040920003F01F0302F1604202F5614201FA45
S3150202905003F3C2F88031136095F92A30002B27DB1D
S3150202906095F8242003F1604112017248D2B201F549
S31502029070614181F80023704A40F8234003F5C65144
S3150202908052F8210020F4803042F8210052F82120C1
S31502029090BFF35F8F01215A09920003F01F0302F107
S315020290A0604202F5614201FA03F3C2F880311360AB
S315020290B095F92B30002B27DB95F8252003F1604129
S315020290C012015C48D2B201F5614181F800235A4A83
S315020290D040F8234003F5C65152F8210020F48030AD
S315020290E042F8210052F82120BFF35F8F01215A096B
S315020290F0920003F01F0302F1604202F5614201FA95
S3150202910003F3C2F88031136095F92C30002B27DB6A
S3150202911095F8262003F1604112014648D2B201F5C2
S31502029120614181F80023444A40F8234003F5C651BF
S3150202913052F8210020F4803042F8210052F8212010
S31502029140BFF35F8F01215A09920003F01F0302F156
S31502029150604202F5614201FA03F3C2F880311360FA
S3150202916095F92D30002B27DB95F8272003F1604075
S31502029170304D12013049D2B200F5614080F8002327
S3150202918003F5C65245F8234051F8220020F48030F6
S3150202919041F8220051F82220BFF35F8F01215A09BA
S315020291A0920003F01F0302F1604202F5614201FAE4
S315020291B003F3C2F8803113600020204B236005B00E
S315020291C0BDE8F0830128D4F8088029D00092F2681B
S315020291D0606802AB4146FFF753FDDDE90232100435
S315020291E040EA026040F0030E40F0010003E6052366
S315020291F030E60523DCF8142035E6E97832780B01ED
S31502029200022A43EA811312D0032A03D000290CBF91
S3150202921006220922134347EA034343F0807712E602
S315020292204FF0030E4FF0FF33E5E5092301E609226B
S31502029230F0E700BF60B309220060004054504700C5
S3150202924001464FF0020C094B00201A6842F4807262
S315020292501A601A6842F001021A60D3F8402442F0F8
S315020292600102C3F8402481F800C07047003034403E
S31502029270F0B502F11103144D1B02E858C60720D4B9
S3150202928012480468C4F30020E4051AD4002915BF63
S315020292904FF0030E4FF0010E0127002741F20C1C7C
S315020292A005EB022202F5895426686EF30106266050
S315020292B0EC18676042F80C10EA5842F00102EA50D2
S315020292C0F0BD40F2EE30F0BD0020344000303440B2
S315020292D02DE9F04F9246AC4C037B026834F81360D8
S315020292E0876885B0002A00F0EC8041F21C15A74A75
S315020292F04FEA0A2CD25CA64B120763445A5190F8E3
S315020293000CE0B1F9003034F81EB0A24C8568A4888C
S315020293101A469C42039580F29C809E4A837BB2F94E
S3150202932000200468B1F902E00192002B40F0D880D5
S31502029330984D1A46B5F806900293F145C0F2B480EA
S31502029340BEF1000FB0F80680C0F2D280A9EB0E0978
S31502029350C1451FFA89F9B8BFC84641F20C1907FB83
S3150202936006F68B4FF608674447F80940447B002C01
S31502029370847B56EA06B6002C00F09C8041F2101459
S315020293800026B0F810B03E51048A08FB04F4019894
S3150202939041F228191044024641F2301841F21815D8
S315020293A041F2241741F22C167B489B090BF1FF3B33
S315020293B0013B9BB200EA0B4B4BEA030B029B00EA10
S315020293C002421A43724BC4F30A04634443F805B0D9
S315020293D043F8092043F808206E4AB2F90220724481
S315020293E000EA02402043D85198510A7A002A5FD0F5
S315020293F0012A41F234104B7A14BF4FF47F0400243F
S3150202940041F2381141F20306614A4FEA03436244CA
S3150202941018BF43F080731350604B54501B68604A66
S31502029420023342F82A30012141F250100024584AEE
S315020294300AF11103944402EB03225A4B0CF58955A5
S315020294402E6051604CF800401970597005B0BDE8A3
S31502029450F08F002BB0F804E05ADBE41A7445A4B28A
S31502029460B8BFA6464B4BCEF30A05B3F900300468E1
S3150202947001930BFB0EF30295DB0890F80E80B1F90D
S3150202948002E0B8F1000F03D0B0F8068008FB03F33E
S315020294909D06404D18BF23F03F03B5F8069018BF4C
S315020294A04033F145BFF64CAF4FF0000EF04654E79B
S315020294B00326B8E741F210103604C34644463E502C
S315020294C065E70120324B0AF1110403EB0A2101F589
S315020294D0895103EB042308605A6005B0BDE8F08F98
S315020294E00023B0F806801A46029308FB03F3CFE77D
S315020294F0F044B8F1000FD7DD039D1FFA88F80BFB83
S3150202950005F94FEAD9090EFB19444FF0000E24E77A
S3150202951003EB0E04002C7FF700AFBBF1070F20D836
S315020295204FF0010842461B4D5B42B5F90050954287
S3150202953001951EDAB3FBF8F818FB02F80022AEEB2D
S31502029540080E1FFA8EF403FB0BFE0BFB04F3C4F3A5
S315020295500A0402940468DB0804EBEE0424F03F04D6
S315020295608BE740224FEADB08B2FBF8F2904612B2D0
S31502029570D9E7B3FBF8F208FB123292B21444524212
S31502029580A4B212B2DFE700BF100A0302200A0302E4
S3150202959000203440F0B209220000FF07E0B209229D
S315020295A0E8B2092200000022F8B5002305460C465D
S315020295B00370EFF31086012181F31088C14B9A687A
S315020295C022F010029A609B681E2000F02FFF86F39B
S315020295D01088BD490B6843F480330B60D4F88420AB
S315020295E094F83C005379A0F103001279B0FA80F0A4
S315020295F0B2FA82F2400903F03F03520943EA003308
S3150202960043EA022343F04003C1F8503494F840205F
S31502029610D4F884300AB14FF4BC72C1F8E4230022B2
S31502029620A94EC6F8042493F9000093F90110471CC7
S3150202963093F9022040F07081481C40F05781531C76
S3150202964040F01C814FF0011C628E218D9F4B9E4F72
S31502029650C1F30A0103EA02420A437A60C7F808C062
S31502029660A18DB4F82AC00131CCF30A0C03EA0141F6
S3150202967041EA0C013961E18E954E013103EA014359
S31502029680A18E0022C1F30A010B43FB6094F8453016
S3150202969094F846101B0203EB014394F84410204649
S315020296A00B447B61A38D04F15C013380E38E7380EC
S315020296B0638DB380A38EF380FFF70AFE012204F1C3
S315020296C0680104F11400FFF703FE94F83C20814B73
S315020296D094F83D009B5C01284FEA033343F0805025
S315020296E008BF034694F83E0043F0807C012808BF77
S315020296F06346794994F85870895C032A43F40072E6
S3150202970008BF1346D4F8840009042FB18279022ACB
S3150202971000F0198141F480114FF4007C4FF00227C8
S31502029720B56007200626684AC2F8C4336B4BC2F8F4
S31502029730D413C2F8C8C3C2F8CC73C2F8D033E36FEB
S315020297406B60D4F88030C5E90234A18EE38E0B44F5
S31502029750D2F85012013363F30A01C2F85012C2F868
S315020297604064C2F84404EB6893F97720002A28DBA6
S3150202977093F874305A4C02F160401B015949DBB22C
S3150202978000F5614080F8003302F5C65344F82250D0
S3150202979051F8230020F4803041F8230051F8233097
S315020297A0BFF35F8F012153099B0002F01F0203F1EF
S315020297B0604303F5614301FA02F2C3F880211A609B
S315020297C0EB6893F97820002A28DB93F87530444C2B
S315020297D002F160401B014349DBB200F5614080F8A9
S315020297E0003302F5C65344F8225051F8230020F4FE
S315020297F0803041F8230051F82330BFF35F8F0121F5
S3150202980053099B0002F01F0203F1604303F5614311
S3150202981001FA02F2C3F880211A60EB6893F9792001
S31502029820002A27DB93F876302D4C02F160401B01A9
S315020298302C49DBB200F5614080F8003302F5C653CB
S3150202984044F8225051F8230020F4803041F82300D4
S3150202985051F82330BFF35F8F012153099B0002F0B7
S315020298601F0203F1604303F5614301FA02F2C3F8F0
S3150202987080211A6001232B700020F8BD94F83F3034
S315020298801BB90121104BC3F8281417490F4B51F883
S3150202989022100D480A6842F007020A60A28D618D03
S315020298A003EA0242C1F30A010A43C0F82024E18E06
S315020298B0A28E03EA0143C2F30A021343C0F810342A
S315020298C0C0E600BF00302040003034400000FF07EF
S315020298D0F0B20922080A0302040A03028080800007
S315020298E060B3092200600040280A030294F83A3063
S315020298F033B91C48D0F80C3443F01003C0F80C34C8
S31502029900194B184853F8213019681960238FC3F38B
S315020299100A03C0F8083492E694F830302BB9D6F826
S315020299201C3443F01003C6F81C340F4B53F82000C4
S31502029930036843F002030360E38D0A48C3F30A0392
S31502029940C0F8183478E6427AC779120142EA073237
S31502029950877A007A3A4342EA002242F4001211431B
S31502029960DAE600BF00303440280A030230B51A4B49
S315020299701A491A68896801321A601B6883B023B9C8
S3150202998000240025164BC3E900450122154B4868FF
S315020299901A705A7038B103228B68684601934B6873
S315020299A08DF800209847104AD2F8483443F0010352
S315020299B0C2F84834EFF30383103B0C4A5BB203F559
S315020299C0C65352F8231021F4803142F8231052F87A
S315020299D0233003B030BD00BFE0B20922F0B2092241
S315020299E0E8B2092200000022003034400060004042
S315020299F0F8B50126154C6660EFF3108786F31088D8
S31502029A00134DAB6823F04003AB60AB681E203146B0
S31502029A1000F00CFD87F31088204600F04FF808B1DB
S31502029A202046F8BD0746EFF3108486F31088AB682A
S31502029A3043F04003AB60AB681E20314600F0F6FCF1
S31502029A4084F310883C462046F8BD00BFFCB20922C8
S31502029A5000302040012904D00A2900D07047436011
S31502029A607047322A06D0920002F1402202F588029B
S31502029A701360704741680029F5D053F8041B024A65
S31502029A80C2F8C8100360704700404440012904D05E
S31502029A900A290CBF406800207047920002F1402258
S31502029AA002F588021068704701291DBFA1F10A005A
S31502029AB0B0FA80F040090846704700BF70B42E26FD
S31502029AC00E4B0F4D1B780F4A1B010F49DBB2C5F82D
S31502029AD0C06082F80533D1F814330C4C23F4803378
S31502029AE06061C1F81433D1F81433BFF35F8F2023B8
S31502029AF0C2F880311360012070BC7047F0F5020291
S31502029B000040444000E100E000C0004060B3092288
S31502029B10124B196861B95AB1511C02D10FE0013ACE
S31502029B2006D0BFF34F8FBFF36F8F19680029F6D0A5
S31502029B30002218681A60801A18BF01207047BFF304
S31502029B404F8FBFF36F8F1A68002AF1D1BFF34F8F7F
S31502029B50BFF36F8F1A68002AF1D0E9E704B309222C
S31502029B6010B4EFF303832E20144A103B11685BB242
S31502029B708906C2F8C0000DD5114951F8231048686A
S31502029B80B0B1086804689CB10068C2F8C8000A68E5
S31502029B9004320A600B4A03F5C65352F8231021F423
S31502029BA0803142F8231052F823305DF8044B704795
S31502029BB005490A6801320A60ECE700BF00404440E8
S31502029BC060B309220060004004B3092238B5054693
S31502029BD004F08EFF044608B1204638BD29460248E3
S31502029BE001F00CFCF8E700BF6CFD020204F088BF2C
S31502029BF00120704738B51046154604F079FF04462F
S31502029C0008B1204638BD2946014801F0F7FBF8E7BC
S31502029C106CFD0202104604F073BF00BF01207047BA
S31502029C20084670470846704708B5084611461A465E
S31502029C3005F0F4F8012008BD1D4A92F82630928CEE
S31502029C40DBB202F00F02A2F1080103292BD8DFE8E8
S31502029C5001F020160C021749174A51F82330A2FBCB
S31502029C6003231B09154A136070471249124A51F817
S31502029C702330A2FB0323114ADB08136070470D4906
S31502029C800D4A51F82330A2FB03230C4A9B081360A8
S31502029C9070470849084A51F82330A2FB0323074AB0
S31502029CA05B0813607047034951F82330D340D9E762
S31502029CB000E0014000850222ABAAAAAAA4B30922A5
S31502029CC0704700BF4AF20351F8B5594B594AB3F8E5
S31502029CD0FA43A3F8FA1353680746D903A4B21AD56C
S31502029CE0544B00255A68920329D50026504A5249F6
S31502029CF092F8753092F86D2003F00F0302F00F020C
S31502029D0051F82330072A00F28E80DFE802F0292971
S31502029D1029888A828486EFF31086012585F31088C4
S31502029D20536843F48033536053681E20294600F079
S31502029D307DFB86F310883F4B5A689203D5D4EFF324
S31502029D401086012181F310885A6842F400325A6061
S31502029D505B681E2000F06AFB86F310880226C5E7BE
S31502029D60012101FA02F2B3FBF2F30121334AA2FB09
S31502029D7003239B0C03FA01F000F058FB2C4A92F8DB
S31502029D80753043F0400382F8753092F87530DB097C
S31502029D90FBD07B78264982F86D303B7843F040034C
S31502029DA082F875303B7882F8753091F87530DB09A6
S31502029DB0FBD135B9BEB91E4B44F42544A3F8FA4386
S31502029DC0F8BDEFF31085012181F31088194B5A6809
S31502029DD022F480325A605B681E2000F027FB85F36C
S31502029DE01088002EE7D0EFF31085012181F3108847
S31502029DF0104B5A6822F400325A605B681E2000F049
S31502029E0015FB85F310880A4B44F42544A3F8FA435A
S31502029E10F8BD0322A7E70522A5E70A22A3E706223F
S31502029E20A1E708229FE71021083A01FA02F29AE70D
S31502029E3000E00140003020400085022283DE1B43FF
S31502029E404AF203529FEDBC4B9FEDBD5BC24BC34828
S31502029E50C34930B5C3E90801C24CC3499FEDBA6B87
S31502029E609FEDBB7B9962A4F8FA23A3EC045F83B04D
S31502029E7083ED007FFFF7E0FE09230A2284F8502AC7
S31502029E8084F8A23094F8003C23B994F8013C9C076A
S31502029E9000F06282B34C94F8003C002B00F051822F
S31502029EA00022B04B83F8012C83F8002C0022AD4B22
S31502029EB083F8362083F8322093F83C201007FBD52C
S31502029EC049F2025540F2534400204FF6021140F283
S31502029ED05142C3F8C850A3F84E4083F84A00C3F869
S31502029EE0AC10A3F84C20BFF34F8FBFF36F8F9F4A7C
S31502029EF0516921F400315161C2F85002BFF34F8F0A
S31502029F00BFF36F8F9A490A6822F440520A60BFF37E
S31502029F104F8FBFF36F8F0120197D924A60F30201C0
S31502029F201975137DD906FCD4914A136843F440533A
S31502029F301360BFF34F8FBFF36F8FA2F5734253695C
S31502029F4013F4003311D1BFF34F8FBFF36F8FC2F8F1
S31502029F505032BFF34F8FBFF36F8F536943F400330F
S31502029F605361BFF34F8FBFF36F8F00237D4A82F88F
S31502029F702A3092F83C309B06FBD500227D4B1A70A2
S31502029F801A781A781A785A68FA2A04D07A495960DB
S31502029F905A68FA2AFBD1774B9A687D2A04D0774906
S31502029FA099609A687D2AFBD1052242F220116D4BF5
S31502029FB073481862998483F82620FFF73DFE012131
S31502029FC01E2000F033FA6B4A5368C3F30903642B6B
S31502029FD084BF01231370FFF72FFE4AF20152694B27
S31502029FE01A80BFF35F8F01221A72BFF35F8F4FF49B
S31502029FF025415C4A198092F8DA3043F0400382F82E
S3150202A000DA3092F8DA30DB09FBD0C923032082F870
S3150202A010D40082F8DA3092F8DA30524903F0BF03FA
S3150202A02082F8DA3091F8DA30DB09FBD1012480209A
S3150202A03081F8534081F83E3081F83E0091F874303F
S3150202A040484A43F0400381F8743092F87430DB09CF
S3150202A050FBD007204A210A23424C82F86C0082F87E
S3150202A060741082F8743094F87430DB09FBD14FF025
S3150202A070090301A8ADF80430FFF724FE94F87630FE
S3150202A080384A43F0400384F8763092F87630DB0998
S3150202A090FBD0CA23032082F86E0082F8763092F849
S3150202A0A07630304903F0BF0382F8763091F8763083
S3150202A0B0DB09FBD191F855302A4A43F0400381F875
S3150202A0C0553092F85530DB09FBD0CA23022082F8BA
S3150202A0D0540082F8553092F85530224903F0BF03F4
S3150202A0E082F8553091F85530DB09FBD191F8573099
S3150202A0F01C4A43F0400381F8573092F85730DB0985
S3150202A100FBD0C723002082F8560082F8573092F815
S3150202A1105730144903F0BF0382F8573091F857308B
S3150202A120DB09FBD191F85D300E4A43F0400381F818
S3150202A1305D3029E0AFF30080006CDC0200127A0087
S3150202A1400080000000366E010080000000CA9A3BC1
S3150202A15000A3E1115543DE13008502220084D717BC
S3150202A16000C2EB0B00E00140001C4E0E00ED00E0C7
S3150202A17000E001E000C01340FA00001E7D0000E18B
S3150202A180323423320020004092F85D30DB09FBD0E4
S3150202A190CA23002082F85C0082F85D3092F85D30B4
S3150202A1A0704903F0BF0382F85D3091F85D30DB0936
S3150202A1B0FBD191F878306B4A43F0400381F878304C
S3150202A1C092F87830DB09FBD0C923022082F87000AC
S3150202A1D082F8783092F87830624903F0BF0382F847
S3150202A1E0783091F87830DB09FBD191F85F305D4A1D
S3150202A1F043F0400381F85F3092F85F30DB09FBD00F
S3150202A200CA2082F85E3082F85F0092F85F305549C2
S3150202A21003F0BF0382F85F3091F85F30DB09FBD1AE
S3150202A22091F877304F4A43F0400381F8773092F83B
S3150202A2307730DB09FBD0CA23042082F86F0082F84A
S3150202A240773092F87730474903F0BF0382F87730C6
S3150202A25091F87730DB09FBD191F85B30414A43F042
S3150202A260400381F85B3092F85B30DB09FBD0CA23EC
S3150202A270022082F85A0082F85B3092F85B30394942
S3150202A28003F0BF0382F85B3091F85B30DB09FBD146
S3150202A29091F8DB30334A43F0400381F8DB3092F81F
S3150202A2A0DB30DB09FBD0C523022082F8D50082F817
S3150202A2B0DB3092F8DB302B4903F0BF0382F8DB3046
S3150202A2C091F8DB30DB09FBD191F8DC30254A43F009
S3150202A2D0400381F8DC3092F8DC30DB09FBD0C52082
S3150202A2E082F8D63082F8DC0092F8DC301D4903F09F
S3150202A2F0BF0382F8DC3091F8DC30DB09FBD191F83E
S3150202A300DE30184A43F0400381F8DE3092F8DE303E
S3150202A310DB09FBD0C923092082F8D80082F8DE3095
S3150202A32092F8DE300F4903F0BF0382F8DE3091F86D
S3150202A330DE30DB09FBD14FF42543A1F8FA3303B031
S3150202A34030BD0121C82084F8001C00F06FF894F891
S3150202A350003C012BFBD1A3E54FF47A70FFF7B0FC68
S3150202A360A4E500BF00E0014038B50025284C0121D2
S3150202A370C82084F8285000F059F884F8245094F83A
S3150202A3802430002BFBD194F82430214943F00203F6
S3150202A39084F8243091F82430C3F340009B07F9D4A1
S3150202A3A01B4A81F8220092F8223003F0FF00002BAA
S3150202A3B0F9D192F84030164960F3C71382F8403059
S3150202A3C091F84030DB09FBD191F84200104A63F35F
S3150202A3D0C71081F8420092F84230DB09FBD192F8AB
S3150202A3E044000B4963F3C71082F8440091F84430E3
S3150202A3F0C3F3C014DB09F9D1012000F0C3F8054BFF
S3150202A400012083F84C4CBDE8384000F08BB800BFFF
S3150202A4100020204000E0014000BEFEE700000000EE
S3150202A420A0F101000028FBD1704700BF1E4B1F4A54
S3150202A4301B6800FB01F1934213D302F1854202F536
S3150202A440071203F5742302F6834203F23F23A2FBA9
S3150202A45003239B0CA3FB01314FF0FF30E1B1FFF75F
S3150202A460DFBF4FF47A7210B4114C4FF0FF30B4FBD7
S3150202A470F3F3A1FB02C434B9BCFBF3F080B15DF87D
S3150202A480044BFFF7CDBFB1FBF3F1A1FB0212002A87
S3150202A490F5D1084620B1F2E71846002BDFD1704704
S3150202A4A05DF8044B704700BFA4B3092200127A007A
S3150202A4B000CA9A3BF8B5002401260D4B0D4FD3F87C
S3150202A4C00021D3F82051154006FA04F32B4204D098
S3150202A4D057F82430E0B203B198470134152CF3D170
S3150202A4E0034AC2F81051D2F820312B42FBD1F8BDF1
S3150202A4F000C0004008B3092200220D2310B4074807
S3150202A500074C30F8021B02F5C65C013209B144F867
S3150202A5102C10013BF5D15DF8044B7047E8FB0202B1
S3150202A52000600040EFF31081012383F31088124B7F
S3150202A53033F8102092B22AB133F81020013A92B2BD
S3150202A54023F8102033F810309BB293B910B40B4A99
S3150202A5500B4CB2F8FA3334F810009BB243F425439B
S3150202A56023EA0003A2F8FA3381F310885DF8044B5A
S3150202A570704781F31088704794B3092200E00140C4
S3150202A580680C030230B4EFF31081012383F31088BF
S3150202A5900E4A32F810309BB26BB90D4C0D4DB4F81F
S3150202A5A0FA3335F810C09BB243EA0C0343F425434F
S3150202A5B09BB2A4F8FA3332F8103001339BB222F876
S3150202A5C0103081F3108830BC704700BF94B3092261
S3150202A5D000E00140680C030208B509490A688318BB
S3150202A5E0B3F5004F03D807480B60104408BD04F0C8
S3150202A5F00DFC0C2203461A604FF0FF3008BD00BF65
S3150202A600A0B3092200010222F8B506462F4C94F89D
S3150202A610503C03F0FF05002BF9D187221023A4F840
S3150202A620242C84F8003C002E3DD101220023274926
S3150202A63081F8022C81F8013C91F8503C002BFBD1A7
S3150202A640C6B14FF40C73214AA1F8483C92F8503C29
S3150202A650D907FBD4012347F2A83011211C4CC2F8B8
S3150202A660444C82F8403CA2F8140C82F8163C82F85A
S3150202A670001CF8BD012347F2A830154C134AC1F853
S3150202A680444C81F8403CA1F8140C81F8163C92F82D
S3150202A690003CDB07FBD492F8503C002BF7D1012396
S3150202A6A082F8103CF8BD01272846FFF76BFF094BDB
S3150202A6B0284683F85370FFF735FF044A84F8207C54
S3150202A6C092F8503C1807FBD4AFE700BF00300040B7
S3150202A6D00325050000E0014000BE704708B500F000
S3150202A6E037F8F5F7ADFDFEE7F8B5174F05463E68B2
S3150202A6F0A6B17C6806EB460604EB860602E00C343B
S3150202A700B4420BD0637AAB42F9D1D4E900020021FA
S3150202A710121A0C3404F01EFBB442F3D1BE6896B18F
S3150202A720FC6804EB061602E01034A6420BD0637BE9
S3150202A730AB42F9D1D4E90002A168121A103404F02C
S3150202A7406DFBA642F3D1F8BD380A030200000000EF
S3150202A750F8B5844A844B5A61BFF34F8FBFF36F8FAA
S3150202A7601B6803F47002B2F5801F00F0D48013F462
S3150202A770600F00F0BC807D4A136823F00403136065
S3150202A780BFF34F8FBFF36F8F4FF47002784B764C45
S3150202A7900020C4F88820A360F5F73CFD0025FFF7E8
S3150202A7A04FFB4AF202514FF42542724B0120A3F8A3
S3150202A7B0FA1383F8B05AA3F8FA23F5F72BFD6E4B78
S3150202A7C083F30A88694B1A68910704D5A268B2F123
S3150202A7D0007F00F0A4800020FFF786FFFFF72CFA25
S3150202A7E0FFF7C2FD0320FFF7CDFE00234FF00E0E48
S3150202A7F01C464EF001E0614903F10C0221F82240A7
S3150202A80001330FF007C80320FFF78CFE0320FFF780
S3150202A810B9FE5B4B03205C609C60DC601C61554C9C
S3150202A820FFF780FED4F8D8339A0747D5D4F8D8333F
S3150202A830504CD4F8D8335B0727D5D4F8D833022044
S3150202A840F5F7E8FC0120FFF74FFFBFF34F8FBFF387
S3150202A8506F8F0024444BC3F85042BFF34F8FBFF3AE
S3150202A8606F8F484B484D5B1BA3424FEAA30605DD99
S3150202A87055F8043B01349847A642F9DCFFF73CFE41
S3150202A880BDE8F840002000F081B894F81431002B9C
S3150202A890D5D00120FFF776FE94F8143103F0C003F7
S3150202A8A0802BF9D10023334A84F8143192F81431F9
S3150202A8B03F2BFBD80120FFF735FEC0E794F8103193
S3150202A8C0002BB5D00120FFF75DFE94F8103103F09C
S3150202A8D0C003802BF9D10023264A84F8103192F85C
S3150202A8E010313F2BFBD80120FFF71CFEA0E71F4ABF
S3150202A8F0136843F004031360BFF34F8FBFF36F8FE6
S3150202A9004FF0E022936843F480339360BFF34F8F94
S3150202A910BFF36F8F38E718077FF42DAF27E70121C0
S3150202A9201A695869C2F3C302093201FA02F300260E
S3150202A9300027DB0843F005C0E5E802670FF005C011
S3150202A940C0F3C303093301FA03F34FF00052DB08E3
S3150202A95043F007C0AFF30080E2E802670FF005C0DA
S3150202A96039E700BF01020E0000ED00E000E001E05F
S3150202A9700000000200E0014000810222000D404078
S3150202A98000402040C8A70402C4A70402704700BFC1
S3150202A99000290FDD10B4084A084C0144D2F848389F
S3150202A9A09B00FBD510F8013B81422371F6D15DF87B
S3150202A9B0044B7047704700BF00803540008835401F
S3150202A9C030B41120002510240849094B4A6822F4A2
S3150202A9D000024A60074AC3F80858C3F80C48C3F88B
S3150202A9E01028C3F8080830BC704700BF0030204068
S3150202A9F0008035401020008080F31188BFF36F8FEC
S3150202AA00704700BFEFF31180704700BFEFF311806A
S3150202AA10102383F31188704730B4002001244FF0CB
S3150202AA20E0234FF08052044D044928600C60C3F8BB
S3150202AA30042D30BCFFF7E0BF68AF09226CAF0922D2
S3150202AA404FF0E0234FF08052C3F8042D704700BF47
S3150202AA5030484FF0010101602F480168002909D1EF
S3150202AA604FF0085282F30A88DFF8B0D02C4A82F3FA
S3150202AA700A8811E02DE9F00F00B50A6912F4805234
S3150202AA8005D01EF0100302D12DED108A08B4C1F8CA
S3150202AA9018D04FF0000202601F4C224D224E4FF098
S3150202AAA0100282F31188D5F80080B8F1000F0DD199
S3150202AAB0D6F800C0BCF1000F08BF00F047F94FF00C
S3150202AAC0000282F31188BFF36F8FE8E7C4F80080B1
S3150202AAD04FF0085282F30A88D8F818D0D8F81C2008
S3150202AAE082F30A88D8F8100010F4805006D0009B30
S3150202AAF013F0100302D108BCBDEC108A5DF804EB18
S3150202AB00BDE8F00F03484FF00001016081F311889E
S3150202AB10704700006CAF092268AF0922B0B409225D
S3150202AB20B0B3092264AF0922C8B4092208B50248A1
S3150202AB3000F02EF9FEE700BFA0FD020208B54FF0B3
S3150202AB40E0230A4A1168D3F82C2D01B18968530011
S3150202AB5007D54FF0E0230648D3F8283D00F04EFC15
S3150202AB60FEE7044800F04AFCFAE700BF68AF092292
S3150202AB70A8FD0202DCFD020208B5024800F008F94D
S3150202AB80FEE700BF08FE020208B5024800F000F91D
S3150202AB90FEE700BF14FE020208B5024800F0F8F80A
S3150202ABA0FEE700BF20FE020208B5024800F0F0F8F6
S3150202ABB0FEE700BF30FE020208B5024800F0E8F8DE
S3150202ABC0FEE700BF38FE020210B5054C23680133C8
S3150202ABD0236001F067FF2368013B236010BD00BFBB
S3150202ABE0A8B3092270B40E480E490F4A0F4B85B01C
S3150202ABF0CDE90001CDE902230D480E4B0E499DED2A
S3150202AC00007FC3E90E0100200C4E0D4D0D4C83ED63
S3150202AC10027FC3E90B549E6105B070BC704700BF48
S3150202AC202DAB02023DAB020279AB020289AB0202F2
S3150202AC3051AA020200121522C9AB020299AB020202
S3150202AC40A9AB0202B9AB02022DE9F84FFFF7DEFE0B
S3150202AC5000F058F84FF0700E4FF0E0211E484EF009
S3150202AC6001E00346D1F8081D1C4A1160091A5A5816
S3150202AC7043F8042B0FF005C84FF0E0224FF6FF4BC4
S3150202AC804FF4E02A4FF00009C2F8080DD2F80C3D43
S3150202AC90134903EA0B03DFF85880124F124E134D83
S3150202ACA0DFF850E043F0BF6301F5003443F40033AA
S3150202ACB0C2F80C3D4FF0085CC2F824ADC2F81C9DE6
S3150202ACC0C2F8208D396034602960CEF800408CF3D8
S3150202ACD00A8802F075F8FEE700121522C0B40922AC
S3150202ACE0C0000022BCB40922B8B40922B4B40922B3
S3150202ACF00000F010B0B4092200207047002070470D
S3150202AD0000207047704700BF08B5FFF77FFEFEE7D7
S3150202AD10821C08B510D0431C04D0033008D06FF051
S3150202AD20100008BD064800F033F86FF0080008BDAF
S3150202AD30044800F02DF8F8E7034800F029F8F4E792
S3150202AD4048FE020284FE020268FE0202704700BF49
S3150202AD50FFF736BE10B582B08DF80700FFF756FE32
S3150202AD609DF8073004460A2B0AD001210DF107008D
S3150202AD70FFF70EFE2046FFF73FFE002002B010BD8F
S3150202AD8001210248FFF704FEEFE700BF720C03023D
S3150202AD90F0B5054683B0FFF739FE2B780646D3B1E6
S3150202ADA0104F0AE001210DF10700FFF7F1FD2046DF
S3150202ADB0FFF722FE15F8013F6BB18DF80730FFF758
S3150202ADC025FE9DF8073004460A2BEBD101213846AF
S3150202ADD0FFF7DEFDE6E73046FFF70EFE002003B080
S3150202ADE0F0BD00BF720C030238B5138800290B446A
S3150202ADF0138007DD0446451814F8010BFFF7AAFF74
S3150202AE00A542F9D138BD00BF2DE9F04F17468BB0E6
S3150202AE10009317F8013BA3B182468B4600201646E1
S3150202AE201946252907F101040ED03978002866D081
S3150202AE303E4627460029F4D118B1391A5A46013933
S3150202AE40D0470BB0BDE8F08F18B1391A5A4601390C
S3150202AE50D0474FF0000814F8012C2046A2F1200335
S3150202AE60102B0AD8DFE803F048090945090909093E
S3150202AE7009090942093F09093A002A2A62D1009AB6
S3150202AE8052F8040B01B2002903DA404201B248F039
S3150202AE90010800922278B81C2E2A68D04FF0FF349D
S3150202AEA002F0FB03682B4FF000038DF8173028D00F
S3150202AEB0782A10D8632A73D90123A2F16407FDB254
S3150202AEC0AB40974D2B4240F0F381732A00F0D380B8
S3150202AED0702A00F02F81064601382CE048F010084D
S3150202AEE027460134B7E748F00108F9E748F00208B5
S3150202AEF0F6E748F00808F3E748F00408F0E73046B8
S3150202AF0096E7064616F8015B782D14D8632D3DD9CD
S3150202AF100123A5F164075FFA87FC03FA0CF3DFF853
S3150202AF2000C213EA0C0F40F04981732D00F0A4808F
S3150202AF30702D00F00081374617F8011B00297FF4B5
S3150202AF4070AF79E7A2F13003DCB2092C4FF00001AF
S3150202AF50A2D810F8012B01EB810103EB4101A2F108
S3150202AF603003DCB2092C09B2F3D92E2A96D1027821
S3150202AF702A2A25D1009B427853F8044B023024B286
S3150202AF80009324EAE47408F0EF0889E7582D00F0EA
S3150202AF90E281632D2BD0002DCDD10BB0BDE8F08F0F
S3150202AFA0582A00F0F081632A20D0002A93D110F8A1
S3150202AFB0011C0746461E104600297FF432AF3BE7C4
S3150202AFC0A2F13003DDB2092D4FF0000400F10100B7
S3150202AFD0D9D804EB840410F8012B03EB44031CB208
S3150202AFE0A2F13003DDB2092DF3D9CCE706460122DE
S3150202AFF001398DB20A214FF0FF34009B029253F8B7
S3150202B000042B01910DF125098DF825200093039158
S3150202B01018F0110872D09DF8173023B15A46012151
S3150202B0200DF11700D047019B002B48DB013D002C96
S3150202B0302DB206F1010758DD013C24B2013C012181
S3150202B0405A46384824B2D047611CF7D148465A4676
S3150202B0500299D047002DC0F2AB80013D5A4601212A
S3150202B06031482DB2D0476B1CF7D131780020002926
S3150202B0707FF4D7AEE0E606460098002C50F8049B11
S3150202B0808DB2A3B2C0F2F780013B1CB2621C00F081
S3150202B0909881A1B24A468446013102E0013900F0A2
S3150202B0A0FD801746A3B212F8010B5C1E24B20028D9
S3150202B0B0F4D160460A2200900192039261E0194895
S3150202B0C05A460121D047039BD806AFD513F0400F4B
S3150202B0D0164B17485A4618BF18460121D047013D5A
S3150202B0E0002C2DB206F10107A6DCB8F1100F55D0DD
S3150202B0F0013C2204AAD447F6FF749FE7013D2FB210
S3150202B100002FADB287DB084D013F5A460121284680
S3150202B1103FB2D0477B1CF7D14FF6FF757BE700BFE4
S3150202B12021081200A4FE02021C0003029CFE020275
S3150202B130A0FE02020646009A8DB252F8043B002B8A
S3150202B14000F0A480023D0F2BADB20DF1260740F2AC
S3150202B1504B81B9469E4803F00F0C10F80CC0FF2B28
S3150202B16009F801CD4FEA1313F5D86FF06F01019179
S3150202B17090210391C35C009209F8013C09F1FF395F
S3150202B180A3B2A7EB0902029292B29C1A24B2002C33
S3150202B190D5BFAA1AEB1A95B29DB239E7002D03DB87
S3150202B1A02C464FF0FF3549E748465A460299D047A0
S3150202B1B03178002000297FF434AE3DE66C2A2CD188
S3150202B1C0009A52F8043B009289B20D46142F0CD80B
S3150202B1D0DFE807F02D0B0B0B0B2D0B0B0B0B0B42A8
S3150202B1E00B0B0B0B0B0B0B0B80000A220192039229
S3150202B1F0002B79D1002C3AD00DF12607B946039BD2
S3150202B20073484FEAA30E0EF0100E10F80E3009F133
S3150202B210FF3989F80030A3B2B3E70098682A50F8DA
S3150202B220043B0090D0D1692D48D11BB289B2002BC2
S3150202B2300D46C0F2828018F0020F49D118F0040FAF
S3150202B240D3D020228DF817200A2201398DB201921B
S3150202B2500392002BCED047E018F0080F32D0002B13
S3150202B26040F09A80082301930393002CC4D10294DE
S3150202B2700DF12609CCE699F80070002F00F08680BF
S3150202B2804F4617F8012F002AFBD113E70A210DF1C7
S3150202B2902607B9464E48019103916BE70A231746E0
S3150202B2A01A460193CDF800C04FF6FF73039268E780
S3150202B2B0009A064652F8043B009285E7642DB4D002
S3150202B2C09BB281E7082201920392002B92D00BE0F5
S3150202B2D02B22B7E71022039218F0080F28D19DF904
S3150202B2E00C200192002B85D003998A1002F0100ECF
S3150202B2F001F03F02934271D30DF12607B946344853
S3150202B300029400EB0E0CB3FBF2F102FB11340B4674
S3150202B3101CF80410934209F8011DF4D29E4410F857
S3150202B3200E30029C09F8013C09F1FF39A3B228E763
S3150202B330DBB99DF90C3001935CE70A224D1E01929C
S3150202B34011462D224FF0000E8DF817205B420A4657
S3150202B350ADB20391CEE76C2A28D1009A5023039309
S3150202B36052F8043B8DB20092B6E7039A022142F0EA
S3150202B3708000821002F0100E1022039040B2019059
S3150202B380691A8DB2B6E70646009AE7E70A230090E3
S3150202B3900297019303933BE66FF0770288210192AB
S3150202B3A003914FF0000E08220121E9E70098682A6C
S3150202B3B050F8043B00900DD150229BB28DB20392FB
S3150202B3C08AE70A2300220090CDE9013203931FE69F
S3150202B3D0780C030250228DB203927DE70DF1260705
S3150202B3E0B94605489E4410E76FF06F01019190211C
S3150202B3F0B94601480391BDE6780C03024FF0000CF0
S3150202B4000FB400B583B004AB53F8042B07480DF111
S3150202B4100201ADF802C00193FFF7F6FCBDF9020084
S3150202B42003B05DF804EB04B0704700BFE9AD020257
S3150202B430F0B50546012685B017468E40FFF7E6FAB5
S3150202B4406B6801336B60FFF7D7FA08E0A86821221E
S3150202B450314603AB009700F0B7FB041E0ADBFFF787
S3150202B460D5FA2C6846EA040129603440FFF7C4FA89
S3150202B470002CEBD1FFF7CAFA6B68013B6B60FFF750
S3150202B480BBFA204605B0F0BD4FF0FF32FFF7D0BF40
S3150202B49038B5044601258D40FFF7B8FA236823EA38
S3150202B4A005032360FFF7A8FA606800B938BD29468A
S3150202B4B0A068BDE8384000F01FBB00BF70B5092383
S3150202B4C0002584B0084A044668460E46CDE901358F
S3150202B4D0009200F08DFAA842A06003DB2846C4E976
S3150202B4E00055E66004B070BD4D4C4F4310B504469C
S3150202B4F08068002807DD00F0C1FA002802DB00237B
S3150202B5001846A36010BD6FF0100010BD072A38B5A9
S3150202B5108C461446054635DD83073ED00346C9B23C
S3150202B5201A4603F8011B9807FAD1013C2C44A41AC5
S3150202B5304FEA0C4202F47F0201EB01200243032C82
S3150202B54042EA0C6225DD043C4FEA940C0CF101003E
S3150202B5504FEA800EAEF1040E4FEA9E0E0EF1010E76
S3150202B5604EF001E003EB800043F8042B0FF005C016
S3150202B570CCEB8C7C04EB8C0414B1224603F0EAFB7E
S3150202B580284638BD002AFBDDC9B203F0E3FB284692
S3150202B59038BD1846002CF0D1F2E7C9B24FEA0C4286
S3150202B5A001EB012302F47F021A4342EA0C620346CA
S3150202B5B0C9E700BF38B517491748FFF77FFF041ED0
S3150202B5C01FDB164C1648002521460822C0E9000058
S3150202B5D0144B246000E00346013AC3E9004103F139
S3150202B5E048000B6019461D72F5D1636000F0A6F998
S3150202B5F0041E06DB00240C4B1D6000F059F920469E
S3150202B60038BD00F069F900F0CBF90348FFF76EFF87
S3150202B610204638BDA8FE0202D48F0922808D092255
S3150202B620888D0922908D0922D08F09222DE9F04FA9
S3150202B6300B46054685B0002197480393FFF724FF80
S3150202B6406B690024D3E90D26D3F814A0029201F005
S3150202B65027F82B6BC5E90D04A34200F3FB80A9462A
S3150202B66059F8204F4C4524D08C4FE368F3B1237F1F
S3150202B67043F010032377FFF7C9F93A680020538D86
S3150202B68001335385FFF7B8F95346012204F110013B
S3150202B690E068B047FFF7BAF93A680020538D013BDA
S3150202B6A05385FFF7A9F9AB6B0133AB6324684C45AB
S3150202B6B0DBD100217848FFF7EBFEAB6B002B05DDF1
S3150202B6C04FF0FF320121E86B00F078FD4FF0000BDC
S3150202B6D071485946C5F834B0FFF7D6FE2C6A4C4576
S3150202B6E03ED06E4F6E4EDFF8B0810195237F002168
S3150202B6F043F0100323774046FFF7CAFEFFF786F9A7
S3150202B7003A680020538D01335385FFF775F90121FB
S3150202B71053464FF0FF32029D04F11000A847FFF78D
S3150202B72075F93A680020538D013B5385FFF764F998
S3150202B73000214046FFF7A8FE23689C4203D06268B6
S3150202B740136062685A607368C4E9006373681C60B6
S3150202B750019BC4F808B074601C6AA145C6D11D4695
S3150202B76000214D48FFF794FE00214B48FFF78CFE5D
S3150202B770D5E90594E86BD9F82C60D9F8147000F073
S3150202B780DFFC2B689D4203D06A6813606A685A60BE
S3150202B7902B4653F8082F9A4203D0EB681A60EB68DD
S3150202B7A05360002349462B6151F8403F994203D127
S3150202B7B013E01B68994210D09A699442F9D1D9F8DA
S3150202B7C0181011F0010104D13348FFF761FE00247B
S3150202B7D02DE0039B23F00103039300212E48FFF77A
S3150202B7E057FE002EF3D0DFF8B480FFF70FF9D8F830
S3150202B7F000200020538D01335385FFF7FDF82948B7
S3150202B800294BA9EB0000C01003FB00F001303A46B7
S3150202B810039904EB0020B0470446FFF7F7F8D8F87D
S3150202B82000200020538D013B5385FFF7E5F80021E6
S3150202B8301948FFF729FE1D4B00215A681648C5E929
S3150202B84000325A6815605D60FFF722FE204605B097
S3150202B850BDE8F08F114FD5F82C80FFF7D7F83A687A
S3150202B8602046538D05F1200901335385FFF7C4F8AB
S3150202B870D5E90B12534658F8040CB047FFF7C6F83F
S3150202B8803A682046538D013B5385FFF7B5F8AB6BF9
S3150202B8900133AB630DE700BFD48F092268AF0922D9
S3150202B8A0F08F0922908D0922398EE33838930922C4
S3150202B8B038B5074D00212846FFF7E6FD0021054C63
S3150202B8C02846C4E90044A160BDE83840FFF7E0BD5E
S3150202B8D0D48F0922E48F0922F8B5154D2B682BB3B2
S3150202B8E0002700211348FFF7CFFD134AA968136800
S3150202B8F02C685B1AAC421360AF6011D00D4E002168
S3150202B900A7603046FFF7C4FD0021A4F10800FFF745
S3150202B9108DFE00213046FFF7B7FD2C68AC42EED110
S3150202B920BDE8F84000210348FFF7B2BDF8BD00BFEB
S3150202B930E48F0922D48F0922C4B4092230B54FF00A
S3150202B940100E134D002128464EF001E0114B2D60D8
S3150202B950024619611D605A601846136040330FF0A1
S3150202B96009C84FF0100E0C4C6860214600204EF0BA
S3150202B97001E00A4B24600A4698601C605A60194626
S3150202B980136034330FF009C86160002030BD00BF76
S3150202B9903893092240930922F08F0922F88F09224D
S3150202B9A000207047836B044A013B03EB43030146C3
S3150202B9B002EBC30001F0D6B94897092230B40A4C09
S3150202B9C0002521461022094B246000E00346013A73
S3150202B9D0C3E901151C6003F118000B601946F5D183
S3150202B9E06360002030BC70474097092248970922BB
S3150202B9F030B5436883B033F0090330D10546FFF709
S3150202BA0005F8184A1368934226D0174C17491C1B8D
S3150202BA10E41001FB04F4196801344A60C3E90134F3
S3150202BA2011601B602A68DA606A681A61AA685A613A
S3150202BA300F4A104B12681B689A4203D00E4B1B68C0
S3150202BA40034304D0FEF7D8FF204603B030BD01906F
S3150202BA50FEF7F6FF0198F5E76FF02104E8E76FF0CB
S3150202BA600A04F1E74097092248970922ABAAAAAA31
S3150202BA7068AF092264AF09226CAF0922F8B5441EE7
S3150202BA800F2C2BD8FEF7C2FF164F04EB440407EB2A
S3150202BA90C406B3680546E40083B96FF02904124A64
S3150202BAA0124B12681B689A4203D0114B1B682B4336
S3150202BAB011D02846FEF7A0FF2046F8BD304601F017
S3150202BAC0EFF800220B4B59683B51716014460E6027
S3150202BAD05E60B260E3E7FEF7B3FFEAE76FF01104D6
S3150202BAE0EAE700BF4897092268AF092264AF092232
S3150202BAF06CAF0922409709222DE9F84F451E0F2DF8
S3150202BB0056D80C46FEF782FF2B4F05EB450307EB91
S3150202BB10C30BDBF8082081464FEA4508DB008AB3ED
S3150202BB20F858DBF81430584544EA0301CBF81410EE
S3150202BB3006D125E073B95C4522D02046DBF8141003
S3150202BB40D0E9126A1AF0010F046806EA0103F1D17A
S3150202BB509E42F0D1036D196001F03AF81AF0200FF5
S3150202BB6006D0DBF8143023EA0603CBF814303BB1D5
S3150202BB701AF0100FDFD00023A84407EBC8077B6137
S3150202BB80002401E06FF029040C4A0D4B12681B686F
S3150202BB909A4204D00B4B1B6859EA030305D0484666
S3150202BBA0FEF72AFF2046BDE8F88FFEF749FFF6E7C1
S3150202BBB06FF01104F6E700BF4897092268AF09221F
S3150202BBC064AF09226CAF09222DE9F04B0027441E0D
S3150202BBD082B00F2C019700F288800E46002900F0EF
S3150202BBE08180994632F0310315467BD10A9B013395
S3150202BBF078DB3F4F3B68002B71D13E4B1B68002B13
S3150202BC006DDCDFF804B1DBF80030002B67D0FEF7FB
S3150202BC10F9FE002863D1FEF7F9FE3749804604EBA6
S3150202BC20440001EBC00083686200002B50D0D0F8BA
S3150202BC3010C01CF0080F2ED0131901EBC3035B6967
S3150202BC4015F0010F06EA030E2ED0BEF1000F2DD11A
S3150202BC502A4B1CF0010F2A4A18BF1A46DBF800309B
S3150202BC600A995A6301AAC3E91265C3F850905A6443
S3150202BC7001F044F8234BDBF800201B689A4203D0FA
S3150202BC803B6858EA030327D04046FEF7B5FE019801
S3150202BC9002B0BDE8F08B131951F833309842CBD07B
S3150202BCA06FF028030193E5E77645D1D1A806C9F8D4
S3150202BCB0003005D5101923EA060301EBC0004361E1
S3150202BCC0EB06D7D50020224401EBC2035861D1E725
S3150202BCD06FF029030193CDE7FEF7B2FED4E76FF0C8
S3150202BCE01800D5E76FF01000D2E76FF01100CFE728
S3150202BCF06CAF0922A8B3092248970922980C0302BB
S3150202BD00A40C030264AF092268AF092230B40A4CBA
S3150202BD10002521460822094B246000E00346013A27
S3150202BD20C3E901151C6003F11C000B601946F5D12B
S3150202BD306360002030BC7047C8980922D098092255
S3150202BD40034653F80C2BD01C002AB8BF0246B1EBAD
S3150202BD50A20F18460EDD002202E0C26891420DDAF7
S3150202BD6040688342F9D18A4207DB00687047C2689B
S3150202BD708A4202DA00688342F9D17047FDDD006821
S3150202BD80704700BF70B50E460C4656F8081B0546AC
S3150202BD90891BFFF7D5FF63680C3523F00103A8421E
S3150202BDA0636002D0C3688B4209D000234268C4E9A9
S3150202BDB00202426816604660C4E9043170BD234637
S3150202BDC00246816843F8101F42F8083F2169626100
S3150202BDD001B14B600023A36070BD00BF0268836895
S3150202BDE092B153B1426843E902024268083B1360C8
S3150202BDF0D0E90221436051600268904203D043684F
S3150202BE001A60436853607047C2681360002BFAD007
S3150202BE10C2685A60704700BF00282DE9F0413BDD37
S3150202BE200F288ABF0730102520F00705FEF7EEFD20
S3150202BE30DFF86C800746D8F8006029463046FFF7DD
S3150202BE407FFF0C36B042044611D0FFF7C7FFC36824
S3150202BE505B1B172B0DD854F8043C43F0010344F83C
S3150202BE60043C3846FEF7C8FD2046BDE8F0810024B0
S3150202BE70F7E74119A0F108034B6050F8082C42512A
S3150202BE80536803F001030B43536040F8081CD8F8C9
S3150202BE900000FFF777FFDEE700242046BDE8F081C7
S3150202BEA0B099092270B50546FEF7B0FD55E902348E
S3150202BEB024F0010445F8044C5A680646D2070ED508
S3150202BEC06368DB0720D5A5F10804174B21461868DB
S3150202BED0FFF758FF3046BDE87040FEF78DBD03F10D
S3150202BEE00800FFF77BFF55F8082CD2E9003121F052
S3150202BEF001010B605968526861F300025A6055F8F3
S3150202BF00044C6368DB07DED404F10800FFF766FF20
S3150202BF102268D2E9003121F001010B6059685268A8
S3150202BF2061F300025A60D0E7B099092270B522483D
S3150202BF30224D03682A68033323F0030303F11B012C
S3150202BF4021F007011E4C103A521A23601A60226827
S3150202BF502B6884B0151DCDE90055036002F10C036E
S3150202BF60CDE902339DED007F82ED017F1068083034
S3150202BF700B185D6055680D50686800F001001843A1
S3150202BF806860256853602A1D4A606E680E60726890
S3150202BF90206802F001020A43726069605A6842F03E
S3150202BFA001025A60836843F001038360FFF7EAFEE7
S3150202BFB0002004B070BD00BFBCB40922B8B4092285
S3150202BFC0B099092210B40B4C0020214608220A4BD2
S3150202BFD0246000E06346013AC3E9011018631C605B
S3150202BFE003F1380C0B601946F4D1636000205DF848
S3150202BFF0044B7047B4990922BC9909220B4810B422
S3150202C0000146002404220A4B0060013AC3E90114E4
S3150202C010186003F1340C0B60194601D06346F4E74B
S3150202C02043605DF8044B0020704700BF7C9B0922E7
S3150202C030849B092230B40A4C002521460822094B68
S3150202C040246000E00346013AC3E901151C6003F1CC
S3150202C05034000B601946F5D16360002030BC70478C
S3150202C060549C09225C9C09220B4810B40146002406
S3150202C07004220A4B0060013AC3E90114186003F173
S3150202C080200C0B60194601D06346F4E743605DF863
S3150202C090044B0020704700BFFC9D0922049E092220
S3150202C0A02DE9F041846BDFF85880013CC4EBC407EA
S3150202C0B000294FEAC40508EB870703DB0146384627
S3150202C0C000F050FE2B1B08EB830632699B00920797
S3150202C0D014D458F80340A74210D0736909E02846DF
S3150202C0E000F076FD7369AA6CA742A3EB02037361A1
S3150202C0F004D02546AA6C24689A42F0DDBDE8F08196
S3150202C1008C9E09224FF0FF31FFF7CABF30B40A4CA8
S3150202C110002521461022094B246000E00346013A1B
S3150202C120C3E901151C6003F11C000B601946F5D127
S3150202C1306360002030BC7047849E09228C9E0922CD
S3150202C140F8B5441E0F2C2BD8FEF760FC164FC4EB33
S3150202C150C40407EB8406B3680546A40083B96FF0EC
S3150202C1602904124A124B12681B689A4203D0114BD7
S3150202C1701B682B4311D02846FEF73EFC2046F8BD2B
S3150202C180304600F08DFD00220B4B59683B5171601F
S3150202C19014460E605E60B260E3E7FEF751FCEAE720
S3150202C1A06FF01104EAE700BF8C9E092268AF0922EA
S3150202C1B064AF09226CAF0922849E092200232DE96B
S3150202C1C0F04F441E85B00F2C039379D899420D463F
S3150202C1D073DD501C174670DBDFF8FCA0DAF800307C
S3150202C1E0002B67D1384B1B68002B63DCDFF8EC901F
S3150202C1F0D9F80030002B5DD0FEF704FC002859D195
S3150202C200FEF704FCDFF8D8B0C4EBC4060BEB8606D5
S3150202C210B3688046E200002B43D0B169D9F80030F8
S3150202C220A9420BDB316989071BD5111B0BEB810175
S3150202C2304869A8421FDB401B486102E06FF0100208
S3150202C2400392224A12689A4204D0DAF8003058EA75
S3150202C25003032CD04046FEF7CFFB039805B0BDE898
S3150202C260F08F19463046019200F098FDD9F8003057
S3150202C270019A8342D9D0121B0BEB820BDBF81020F8
S3150202C280134C12F0010F134A18BF22465A6303AA2D
S3150202C2909D645A643946304600F030FDD9F80030C2
S3150202C2A0CFE76FF02902D9F800300392C9E7FEF709
S3150202C2B0C7FBCFE76FF01800D0E76FF01000CDE7AB
S3150202C2C06FF01100CAE700BFA8B3092264AF0922C0
S3150202C2D0B00C0302BC0C03026CAF092268AF09223E
S3150202C2E08C9E0922202270B5194C0021234642F067
S3150202C2F001E0184D18482960016043F8042BC3E98E
S3150202C300003308330FF005C80026042231461348CB
S3150202C310134DC4F80461C4F80C61FFF7F7F811492A
S3150202C3202C4620203246B4460F4B2D600E6000E0AA
S3150202C3300B4601320138C3E9014283F82FC01D6060
S3150202C34003F1700123601C46F2D16B60002070BDBE
S3150202C35054AE092264AF092268AF09225CAF0922F0
S3150202C3604CA009226CAF092254A0092230B4002241
S3150202C3706FF006054FF080744FF0080C90F83030DB
S3150202C38090F82C1023F0030380F82D1080F82E105B
S3150202C39080F8303090F92810836EC26341850264B8
S3150202C3A04264C26680F82FC043F8044C43F8445CE8
S3150202C3B043F80C2C4269A3F1440422F0010243F829
S3150202C3C0082C836E0269456AD91C42F480525B1BB1
S3150202C3D0C0E9064330BC016202617047012330B4F0
S3150202C3E090F82E50104C80F82F3004EBC5018A6863
S3150202C3F0AB4042600A46043202608A681060D4F890
S3150202C400082188601A43C4F8082190F830309B0745
S3150202C410236848BFC4F80C019D4202DA034B256029
S3150202C420186030BC704700BF54AE092264AF0922BD
S3150202C43010B52D4B90F82E10D3F80C21904204BF62
S3150202C4400022C3F80C210268904203D0446822609B
S3150202C4504468546090F83020D40734D403EBC10CFC
S3150202C4606246DCF804400432944209D01F4A11683B
S3150202C470814200D010BDD3F80C1169B3116010BD10
S3150202C4804FF0010ED3F808411A680EFA01FC24EAAB
S3150202C4900C049142C3F80841E8D11F2A22DC1CEAA5
S3150202C4A0040F0AD1C2F1200102E01CEA040F04D1F0
S3150202C4B0013201390EFA02FCF7D11A600B4A1168EF
S3150202C4C08142D7D1D7E722F0010280F83020074A0B
S3150202C4D011688142CED1CEE7196803EBC1035968CE
S3150202C4E01160CCE72022E8E754AE092264AF0922A2
S3150202C4F02DE9F041426822F4995323F00103002BFD
S3150202C5006ED106690546002E67DBC368013B1F2B07
S3150202C51063D8920642D57F2E5FDDD0F81480FEF7ED
S3150202C52075FA314B07461C689C4229D001222168C2
S3150202C53020464B6019602B68E3606B682361AB6827
S3150202C5406361EB686662013B464484F82C3084F8E8
S3150202C55028206285A666FFF709FF244A244B126841
S3150202C5601B68A4689A4203D0224B1B683B4321D024
S3150202C5703846FEF741FA002C07DB2046BDE8F08179
S3150202C580D8B1FEF739FA6FF021046B689B06F4D430
S3150202C5904046FFF787FC2046BDE8F081873626F043
S3150202C5A007063046FFF738FC80460028B7D16FF0FF
S3150202C5B02004E2E7FEF744FADAE70D4A0B4B126869
S3150202C5C01B689A42DDD00B4B1C68002CD9D1FEF7B0
S3150202C5D037FA2046FEF710FAD5E76FF01004CCE7D9
S3150202C5E06FF00A04C9E700BF4CA0092268AF09220C
S3150202C5F064AF09226CAF092270B5244B0D461B6843
S3150202C600002B23DD441E1F2C3CD8214EFEF7FEF9D9
S3150202C610204BC4EBC40403EB041393F82F20044605
S3150202C620082A23D0002A14BF6FF028056FF02905C5
S3150202C630194B32681B689A4203D0184B1B68234374
S3150202C64011D02046FEF7D8F9284670BD104E33683F
S3150202C650ABB128B1441E1F2C14D89B688342D5D194
S3150202C6606FF02805F0E7FEF7EBF9EAE79A69184652
S3150202C6705562DB6800259362FFF7B0FED8E7441ED7
S3150202C6801F2CC3D96FF01105DEE700BFA8B309223A
S3150202C69068AF092254A0092264AF09226CAF0922AB
S3150202C6A0024B186800B18068704700BF68AF092262
S3150202C6B000232DE9F04182B00193431C43DB234F51
S3150202C6C03B68002B3CD1224B1B68002B38DCDFF87F
S3150202C6D08C80D8F80030002B32D00446FEF792F94D
S3150202C6E0054668BBFEF792F9D8F800300646DA6BC1
S3150202C6F0002A0FDD013ADA63164A12689A4202D01A
S3150202C7003B68334319D03046FEF776F9019802B0F8
S3150202C710BDE8F0816FF031020192002CECD00E4A94
S3150202C7209D635A6301AA5A642046294600F074FAA6
S3150202C730D8F80030C3E90033DEE7FEF781F9E2E713
S3150202C7406FF01800E3E76FF01000E0E76CAF092222
S3150202C750A8B3092264AF0922D40C030268AF0922E4
S3150202C760F8B52C4B1B68002B37DD441E1F2C47D80D
S3150202C770294EFEF74BF9294AC4EBC40302EB031313
S3150202C78093F82F1005464F074FEAC4001ED08907B9
S3150202C79003D523495F6B8F4238D06FF00041001BED
S3150202C7A002EB0012D36B8B4224D00133D3630024F3
S3150202C7B01C4B32681B689A4203D01B4B1B682B43E5
S3150202C7C021D02846FEF718F92046F8BD002914BFE3
S3150202C7D06FF028046FF02904EAE70F4E336863B15B
S3150202C7E028B1441E1F2C0BD89B688342C1D16FF01D
S3150202C7F02804E9E76FF02A04DAE7441E1F2CB8D9A7
S3150202C8006FF01104E0E7FEF71BF9DAE7184600F0CB
S3150202C810DFF9CCE7A8B3092268AF092254A009229C
S3150202C820D40C030264AF09226CAF092270B5204B05
S3150202C83082B01B68002B23DD01381F2834D81D4C19
S3150202C840C0EBC00004EB0014FEF7E0F894F82F30B8
S3150202C850194D0BB3082B0FD16FF02806174B2A6816
S3150202C8601B689A4203D0164B1B68034317D0FEF786
S3150202C870C3F8304602B070BD0023E66BE363EDE710
S3150202C8800D4D2C68002CD7D00028D5D1FEF7BEF864
S3150202C89094F82F30002BDDD16FF02906DEE70190E6
S3150202C8A0FEF7CEF80198E2E76FF01106E1E700BF64
S3150202C8B0A8B3092254A0092268AF092264AF092249
S3150202C8C06CAF09220023F0B5051E83B0019333DB58
S3150202C8D01B4F3B686BBB1B4B1B68002B29DC1A4E9A
S3150202C8E0336833B3FEF78EF8044610BB15B90198C6
S3150202C8F003B0F0BDFEF78AF80246336813499C6319
S3150202C90059632146144601AA5A64284600F0A6F93A
S3150202C91033680F4A1B6012685B60934202D03B681F
S3150202C920234303D02046FEF767F8E0E7FEF788F8CE
S3150202C930F8E76FF01800DBE76FF01000D8E700BFE8
S3150202C9406CAF0922A8B3092268AF0922C80C0302F6
S3150202C95064AF09220B4810B40146002404220A4B92
S3150202C9600060013AC3E90114186003F1280C0B6056
S3150202C970194601D06346F4E743605DF8044B002092
S3150202C980704700BF98B00922A0B0092230B40A4CFF
S3150202C990002521460822094B246000E00346013A9B
S3150202C9A0C3E901151C6003F124000B601946F5D197
S3150202C9B06360002030BC704770AF092278AF09224B
S3150202C9C010B40E4B0E4C19682368A3420DD082682E
S3150202C9D001F100410131A2EB010C02E01B68A34204
S3150202C9E003D09A68521A9445F8D25A68C0E90032BC
S3150202C9F05A68106058605DF8044B704750B10922BC
S3150202CA0040B109220021002038B50C4A0C4B0D4CCC
S3150202CA10C2E90001C4E9000106250024C3E9003384
S3150202CA20FDF7F4FF4FF0E023072207491D61596122
S3150202CA309C611A61FDF7E0FF204638BD50B109221A
S3150202CA4040B1092248B109227F9698004FF0E023AD
S3150202CA5000221A61704700BFC0E903234B1C10B4BF
S3150202CA6004D1C0E900005DF8044B7047044B5DF83F
S3150202CA70044B1B680A330B448360FFF7A1BF00BF56
S3150202CA8050B1092210B5064CC0E90323246804F109
S3150202CA900A0E71448160BDE81040FFF791BF00BFE4
S3150202CAA050B109224FF0E0234FF0007270B51969B6
S3150202CAB0C3F8042DFDF7AAFF194B0646D3E9005225
S3150202CAC00A3542F10002C3E90052164C0CE09A689A
S3150202CAD0AA1A002A0BDB1A68934203D059680A6023
S3150202CAE059685160DA688AB92368A342EFD10E4ABD
S3150202CAF00E4B12681B689A4203D00D4B1B683343D6
S3150202CB0007D03046BDE87040FDF776BF18699047F8
S3150202CB10EAE7FDF795FF3046BDE87040FDF76CBFC8
S3150202CB2050B1092240B1092268AF092264AF092233
S3150202CB306CAF092208B5FFF7D5FB002823DBFFF706
S3150202CB40E5FA00281FDBFEF739FF00281BDBFFF799
S3150202CB50DDF8002817DBFFF76DFA002813DBFFF773
S3150202CB6083FA00280FDBFFF749FA00280BDBFFF7EF
S3150202CB7029FA002807DBFFF7EDFE002803DBFFF7A1
S3150202CB8005FF00EAE07008BD0368984203D04268D6
S3150202CB90136042685A6090F82F30022B07D00423A2
S3150202CBA080F82F30436B9B6803B11847704700B574
S3150202CBB083B00190FFF712FC0198436B9B681BB18D
S3150202CBC003B05DF804EB184703B05DF804FB00BF3F
S3150202CBD0034610B553F8542F04469A4203D0836D86
S3150202CBE01A60836D536023689C4203D062681360A5
S3150202CBF062685A6094F82F30022B06D00423002270
S3150202CC0084F82F30636C1A6010BD2046FFF7E6FBEC
S3150202CC100022636C1A6010BD70B50E4D04462B6875
S3150202CC2093F82F20012A0DD0042A07D02146BDE807
S3150202CC307040094A03F15400FFF70EBF062283F839
S3150202CC402F20F3E71846FFF7F3FB02222B6883F83D
S3150202CC502F20EBE768AF092289CB020270B50E4D8F
S3150202CC6004462B6893F82F20012A0DD0042A07D0F6
S3150202CC702146BDE87040094A03F15400FFF702BF9C
S3150202CC80062283F82F20F3E71846FFF7D1FB02228A
S3150202CC902B6883F82F20EBE768AF092289CB0202C1
S3150202CCA0F8B50468A04227D0054604276FF032067B
S3150202CCB006E0636C84F82F701E602C68A5421BD0B6
S3150202CCC0234653F8542F9A4203D0A36D1A60A36DDA
S3150202CCD0536023689C4203D06268136062685A609A
S3150202CCE094F82F30022BE4D12046FFF777FB636CD0
S3150202CCF01E602C68A542E3D1F8BD00BF6FF0310277
S3150202CD0038B5174D2B685B6C1A6001B938BD0446FB
S3150202CD1082682B6808469A632169FFF77DFF2369B9
S3150202CD20DB0707D462682B68C3E9004262681360B4
S3150202CD30636038BD236828689C4290F82E1003D19E
S3150202CD4006E01B689C4203D093F82E208A42F8D949
S3150202CD505A68C0E900325A681060586038BD00BF8E
S3150202CD6068AF09220B68994203D04A6813604A687F
S3150202CD705A60036891F82EC0984203D106E01B68F6
S3150202CD80984203D093F82E206245F8D95A68C1E92F
S3150202CD9000325A6811605960704700BF0346006844
S3150202CDA083420AD01B69DB0708D590F82E3091F828
S3150202CDB02E209A4238BF084670470846704700BF7F
S3150202CDC008B5FDF723FEFDF7C3FFFFF7AFF800280C
S3150202CDD020DBFDF791FF002828DBFDF703FF002881
S3150202CDE01CDBFFF7A7FE002824DBFFF70BFE002859
S3150202CDF024DB1648FFF77CFB002813DB0021FFF732
S3150202CE00FBFB00281EDBFDF707FEFFF71FFEFDF701
S3150202CE107BFFFEE70E48FDF7BBFFFAE70D48FDF77B
S3150202CE20B7FFF6E70C48FDF7B3FFEEE70B48FDF74F
S3150202CE30AFFFEEE70A48FDF7ABFFE8E70948FDF761
S3150202CE40A7FFE4E70848FDF7A3FFDEE7E00C0302CB
S3150202CE50B0FE0202E0FE020264FF0202C8FE020203
S3150202CE60FCFE020220FF020240FF020208B5FFF7A1
S3150202CE70EDFDFDF749FFFEE710B5FEF79BFB002825
S3150202CE8016DBFDF73BFF002812DB002203210E48C8
S3150202CE90FEF7B4FA01F0ECFB0446FDF731FF002C73
S3150202CEA00BDA2046FDF734FFBDE81040FFF7DEBF7E
S3150202CEB00648FDF76DFFFDF723FF0548FDF768FFFC
S3150202CEC0BDE81040FFF7D2BF88FF0202ACFF0202A2
S3150202CED0C8FF02020020094A094B0A49C2F8B03FBA
S3150202CEE0D1F8FC3043F0807343F48033C1F8FC304E
S3150202CEF05060136843F0010313607047001000E0AC
S3150202CF0055CEACC500ED00E0014B5868704700BF34
S3150202CF10001000E0024B03481B681844704700BF2A
S3150202CF20D8BB0302E0B40922024B03481B68184429
S3150202CF30704700BFD4BB0302E0B409224FF41022A9
S3150202CF40F0B500244FF4D8351D4B99B01D49CDE9F1
S3150202CF500A2203F51032CDE9142409681A4E049303
S3150202CF6006930991059407940F940E960C9504AABA
S3150202CF7092ED007F10A981ED007FC8B90027052630
S3150202CF804FF4D865114A169309AB0093CDE90167AE
S3150202CF9012680F490EAB0F4817940D95FAF780FAED
S3150202CFA0A0F1FF30B0FA80F04009404219B0F0BD5C
S3150202CFB018464FF4D862214601F0CCFE0346DDE75D
S3150202CFC0E0B40922D0BB030260210302502103020C
S3150202CFD0000D0302C0B6122280ED020AC0E9001257
S3150202CFE0704700BF2DE9F04F4E4CD0E90076F31B95
S3150202CFF0DB1004FB03F3DFF83CC183B0634500F0A8
S3150202D0008D80B742814688461546A1EB070B74D03E
S3150202D010B3EB430F4FEA43045AD8002C76D10FCD15
S3150202D020ABE80F0095E80300B845A24608BF1825EB
S3150202D0308BE80300019429D0A8EB070E3A4BAEF116
S3150202D040180E4FEADE0E03FB0EFE2EF0604E0EF1B6
S3150202D050010E4EF001E0BB460AF118055C46A5F147
S3150202D060180C0FCCACE80F0094E803000BF1180B76
S3150202D0708CE8030018350FF00FC8A8F11805ED1B4E
S3150202D08025F0070530355544B04512D0A6EB080403
S3150202D090254B183CE40803FB04F424F060440134F3
S3150202D0A004EB4404E40028464146224601F0B6FE59
S3150202D0B025442FB1D9F808103846C91B01F008FBDE
S3150202D0C0019BC9E900A5C9F8083003B0BDE8F08F93
S3150202D0D0164C204601F0FEFA824683440319019356
S3150202D0E00FCDABE80F0095E80300B8458BE80300C5
S3150202D0F008BF0AF118059FD1C6E70133E8D2634594
S3150202D10028BF634603EB4303DC00E2E7A44528BFDC
S3150202D110A4460CEB4C0C4FEACC04DAE7044801F0C5
S3150202D120EAFA00BFABAAAAAAABAAAA0AF8FFFF7F2B
S3150202D130E0FF0202555555052DE9F04F2DED028B02
S3150202D14043689FED417AD3E900218A4218BF5A60A9
S3150202D150D0ED026ADFED3D7AE6EE877AFDEEE77AF8
S3150202D1608DB0CDED017A06464FF0000A9FED348B63
S3150202D1709DF90470AAF1040828EAE878BAF1B40F14
S3150202D180C8F1C0096FF00305D8BF4FF010090AEBC8
S3150202D190CA0414E08C460DF1180EBEE80F00ACE884
S3150202D1A00F009EE803008CE80300DBF80430183314
S3150202D1B0CBF804300835BC2D04F1030434D03268AE
S3150202D1C0131993F9023012579A42F3DA25EAE570F5
S3150202D1D09F4203F1800205F1040CC0F1C001E9DCB1
S3150202D1E007EE902ABCF1B40FD8BF1021B8EEE77B46
S3150202D1F0D6F804B0CDE90208CDF81490049127EED0
S3150202D200087BDBE901139DED025F99428DED085F12
S3150202D2108DED067BBED1584606AA0835FFF7E2FE19
S3150202D220BC2D04F10304CAD10AF1080ABAF1C00FED
S3150202D230A0D101200DB0BDEC028BBDE8F08F00BF7C
S3150202D240000000000000703F00008043000000C39F
S3150202D2502DE9F04F2DED028B8FB0FFF75BFE4FF4F7
S3150202D260D832A54901F0DAFDA44800F077F9002484
S3150202D270A34DFFF74FFE034628461957013400F025
S3150202D2806DF90A2CF5D19F4800F068F9FFF742FEC4
S3150202D29000F01F01BFF34F8F6FEA000E00F5D8327E
S3150202D2A00A4496444FEA5E1E0EF1010E4EF001E06A
S3150202D2B0954BC3F8680220300FF005C8BFF34F8FB3
S3150202D2C0BFF36F8FFFF720FE034600200793FFF797
S3150202D2D035FE01468D4800F041F9FFF715FE044678
S3150202D2E0FFF722FE034600F01F00BFF34F8F6FEADD
S3150202D2F0030E03F5D86101448E444FEA5E1E0EF117
S3150202D300010E4EF001E0804AC2F85C3220330FF081
S3150202D31005C8BFF34F8FBFF36F8F079B7C48E41A92
S3150202D320214600F01BF970A3D3E900234FF47A7069
S3150202D330A4FB000101F03AFA764A774B10611860B3
S3150202D340FFF7F2FD00247F266FF07F0807464FF4AF
S3150202D350107E20464EF001E02546B146C2463146CF
S3150202D36042463B4693F900B093F901C05A45B8BF0B
S3150202D3705A465945A8BF5946E245B8BFE246033363
S3150202D380E145A8BFE146604413F901CC5D44E0459C
S3150202D390B8BFE0466645A8BF664664440FF01FC0A2
S3150202D3A05E4BCDE90368E61783FB04C4C6EBE414BD
S3150202D3B0059483FB0064C017C0EBE4104FF000082B
S3150202D3C0CDE9009A00244FF0000983FB0563ED17AD
S3150202D3D0C5EBE3130290524800F0C0F89FED510AE2
S3150202D3E0394608AA0BA8CDE908890A94FFF7F4FD83
S3150202D3F00BA8FFF7A1FE8046002870D0DDE90823BC
S3150202D40049499B1ADB1003FB01F1484800F0A6F8D2
S3150202D41025460023A0B21A461946CDE90055013423
S3150202D42000F0B0F8142CF4D1DDE908033E4F191AC4
S3150202D430C910834207FB01F146D03D4800F08EF83F
S3150202D440DDE9080383423FD000259FED298B2C4656
S3150202D450DFF8E49001E0142C36D000EB050C9CEDCB
S3150202D460007BDCE9022327EE087BBDEEC77B8DED4E
S3150202D470027ADCF8146021460196DCF8106048460E
S3150202D480009600F06BF8089EA0B22E4496ED007B41
S3150202D49027EE087BBDEEC77BB6F91030B6F90C2033
S3150202D4A0B6F908108DED017AB6F9146001340096C8
S3150202D4B000F068F8DDE908031B1ADB1007FB03F329
S3150202D4C0A34205F11805C6D818B10A99091A01F03C
S3150202D4D0FFF840460FB0BDEC028BBDE8F08F15484F
S3150202D4E000F03CF80898EFE700389C1C00000000A8
S3150202D4F0000000000000594000802568FCFF02027D
S3150202D50020000302A8FF020200ED00E0240003024B
S3150202D51040000302C0B51222CCB51222398EE3387C
S3150202D520600003029A99993EABAAAAAADC000302F8
S3150202D53008010302B40003023401030208B5FFF72D
S3150202D54087FE80F00100400000F0FE0008BD00BF29
S3150202D55001460148FDF752BF680103020FB400B546
S3150202D560ABB02CAB53F8042BA02102A8019301F015
S3150202D570C9FB02A8FDF70CFC00202BB05DF804EBF8
S3150202D58004B070472DE9F043132885B0BDF9307017
S3150202D5901BD8002B0446884691461D4601DD002F04
S3150202D5A016DC00200646104A68F30F0004EB440418
S3150202D5B069F31F4002EB840342F8240065F30F0667
S3150202D5C00D9A67F31F469A605E6005B0BDE8F08366
S3150202D5D013460D9A0095CDE901720A4601460348A1
S3150202D5E0FDF70CFFDDE700BFD0B512226C01030284
S3150202D5F02DE9F04F6848CDB0FDF700FF4FF4FA600F
S3150202D600FFF760F9654C664B74221846A16801F071
S3150202D61005FC644AC0F8902072B6A060BFF34F8F31
S3150202D620BFF36F8F62B667225F4B60496048C3F8E9
S3150202D6305023F9F74DFF40B101465E48FDF7DEFE83
S3150202D6404FF47A70FFF73EF9FAE75B48FDF7D6FE2A
S3150202D6505A48F9F721FC5A4DFFF73CFC594E5A4FEC
S3150202D66001E000232B704FF0FF30FFF721F8012271
S3150202D67033682A70002BF4D003F01F01BFF34F8FD9
S3150202D6806FEA030E03F516320A4496444FEA5E1E09
S3150202D6900EF1010E4EF001E0C4F85C3220330FF0B7
S3150202D6A005C8BFF34F8FBFF36F8F4FF0C00C3946D9
S3150202D6B0F0234FF4A072CDE900CC306800F01EFBD5
S3150202D6C00146002855D14FF4963E4FF6FF724EF0B0
S3150202D6D001E00B463068023830F802CF624528BFB5
S3150202D6E06246634538BF634661440FF00BC837484A
S3150202D6F0A0FB01013648490BD0F80090B9F1000FA0
S3150202D70044D0DFF8C4B007EB090EAEEB0B0E4EF0B7
S3150202D71001E06FF07F0A4FF07F084FF0000C1BF911
S3150202D720010B8045A8BF80468245B8BF8246844423
S3150202D7300FF00BC89CFBF9F0009103902549CDE945
S3150202D740018A24A801F092FA24A8FDF757FEFFF7F0
S3150202D750F5FE024688B901231F4A20491370204B5F
S3150202D76004A81A6801F082FA04A91E48FDF746FEC9
S3150202D77077E71D48FDF742FE73E71C4904A801F04C
S3150202D78075FA04A91748FDF739FE6AE76FF07F0AB0
S3150202D7904FF07F08CC46CDE7B401030200ED00E06C
S3150202D7A000B51222AD75020200C00040DCBB0302C4
S3150202D7B008000022EC0103021C02030251D50202F6
S3150202D7C0C8B5122210B7122200802568B5814E1BF7
S3150202D7D00400002288020302C9B51222E4020302ED
S3150202D7E0CCB51222680103025C0203021C03030285
S3150202D7F0014B02791A70704724000022844600B552
S3150202D8008E4683B09CFA9CFC00230322104801A98F
S3150202D810ADF804C08DF806E0FAF728FE18B1012029
S3150202D82003B05DF804FB4FF6FF730A490870013B29
S3150202D830F5D00A78002AFAD00B78012B4FF00003B2
S3150202D84004D018460B7003B05DF804FB0B70E6E7D2
S3150202D85068B209222400002230B5044683B00D467E
S3150202D86064BA01230222194801A9ADF80440FAF763
S3150202D870FDFD10B1012003B030BD4FF6FF73144C0B
S3150202D8802070013BF6D02278002AFAD02378012BA7
S3150202D8904FF0000318D0012229460C482370FAF7EA
S3150202D8A0FDFD0028E6D14FF6FF732070013BE1D061
S3150202D8B02278002AFAD02378012B4FF0000303D0F4
S3150202D8C01846237003B030BD2370D3E768B209222B
S3150202D8D0240000222DE9F04F2DED028B804689B0FD
S3150202D8E018461E460C461546F0EE408A01F0A3FA89
S3150202D8F0002858D04FF4567B2A01013E13B2DFF8B4
S3150202D900B090079306EB000A0021452216F9015F41
S3150202D910274B03E0013A01F1010142D0187803F5DF
S3150202D9205673A842F6D101230BFB01F1019309EBCF
S3150202D93001031031D3E9015749442B462A4600977F
S3150202D9404046F2F783FC07EE905AB8EE678A07EE74
S3150202D950907AF8EE677A28EE288A67EEA87A0C2180
S3150202D960BCEEC87AFCEEE77A22010591079912B259
S3150202D970CDE903213AB229B217EE107A17EE905A7E
S3150202D98000232D013F012DB23FB20093404602957C
S3150202D9900197F2F789FCBDEEC88A18EE103A2344C3
S3150202D9A01CB25645B0D109B0BDEC028BBDE8F08F70
S3150202D9B000BC03024FF6FF7370B50446008882B0BC
S3150202D9C0984227D04AF6AA2543F2080614E01946D7
S3150202D9D0FFF714FF20880DF10701B04206D0FFF7C8
S3150202D9E03BFFA2789DF807309A4216D14FF6FF7393
S3150202D9F034F8040F98420DD0A842A378E7D118460C
S3150202DA004FF47A71FCF712FD4FF6FF7334F8040FE6
S3150202DA109842F1D1002002B070BD21880248FDF77A
S3150202DA20EDFC252002B070BD54030302002230B57C
S3150202DA3040F2097183B0054680488DF805208DF8BB
S3150202DA400620FAF763FB4FF47A716420FCF7EEFCC8
S3150202DA50012240F209717948FAF758FB7849794866
S3150202DA60FBF740F97748FBF705F94FF47A710A207A
S3150202DA70FCF7DCFC744801A9FAF73EFC9DF8043077
S3150202DA8033B972497048FAF73FFE002840F0C38064
S3150202DA9001223C216C48FAF729FC0DF1050143F2F9
S3150202DAA00A00FFF7D9FE0DF1060143F20B00FFF75A
S3150202DAB0D3FE9DF8062066489DF80510FDF79EFCEA
S3150202DAC09DF80630A3F14002012A02D94C2B40F0FE
S3150202DAD0A6806048FFF76EFF044610B1204603B0E7
S3150202DAE030BD122143F23500FFF788FE43F23500BC
S3150202DAF00DF10701FFF7B0FE9DF80720122A40F04A
S3150202DB0084808C2143F23600FFF778FE43F2360018
S3150202DB100DF10701FFF7A0FE9DF807208C2A6ED1B0
S3150202DB20132143F23700FFF769FE43F237000DF184
S3150202DB300701FFF791FE9DF80720132A46D101211C
S3150202DB4043F20810FFF75AFE43F208100DF10701DD
S3150202DB50FFF782FE9DF80720012A4AD1002C4CD1FA
S3150202DB603D4B0DF107015B6944F614001C7CFFF77D
S3150202DB7073FE9DF8071004F00F0401F03F0141EA1B
S3150202DB808411C9B244F614008DF80710FFF736FE67
S3150202DB90002D4BD10F2144F20220FFF72FFE4FF444
S3150202DBA07A710520FCF742FC2B492C48F9F7D0FD85
S3150202DBB00446002892D14FF47A710520FCF736FC0E
S3150202DBC0214644F20220FFF719FE87E71321244871
S3150202DBD0FDF714FC012143F20810FFF70FFE43F290
S3150202DBE008100DF10701FFF737FE9DF80720012AFB
S3150202DBF003D001211B48FDF701FC25246EE78C2187
S3150202DC001948FDF7FBFB25248AE712211748FDF77F
S3150202DC10F5FB252475E76424204603B030BD0A24A9
S3150202DC201348FDF7EBFB204603B030BD1148FFF760
S3150202DC30C1FE044600287FF451AFABE71CB20922AB
S3150202DC4094F70202A8B2092268B2092264F7020212
S3150202DC5098030302C0A20402F4F5020238B20922B0
S3150202DC609C040302E4040302540403020C040302A6
S3150202DC70CC030302B8A204024FF416320021014871
S3150202DC8001F068B818B7122200210148F9F7C0BCA0
S3150202DC9038B2092270B505788268022D0BD0012DA1
S3150202DCA008D1930606D50C4E044633687BB10B4B5C
S3150202DCB0E2681A6070BD0A4C2368092BFADC29460F
S3150202DCC00848FDF79BFB23680133236070BD0648B3
S3150202DCD0FDF794FB3560EAE70CB7122210B712225F
S3150202DCE008B712222C050302600503020346024804
S3150202DCF01978FDF783BB00BF900503022DE9F04FA9
S3150202DD0089B08C46BDF84880BDF84C10002873D005
S3150202DD10BCF1000F70D09A4296461F4670D3D31AB0
S3150202DD2003EBD3735B100493002961D08346002070
S3150202DD30079282460A460446614608EB4803059361
S3150202DD40314D0333DFF8C8900693B8F1000F4AD07B
S3150202DD5006982E4BA0F1060E03FB0EFEB4FBF2FC56
S3150202DD600EF1010E4EF001E000260798049BCDE962
S3150202DD7000A4CDE9021200FB0C3CC81CB6FBF8F368
S3150202DD8063443BF813300330D90AC1EB012185FB08
S3150202DD9001A40C44C917C3F34512C1EB2411C2EB09
S3150202DDA00222803900F8061C89FB02411144D2176D
S3150202DDB0C2EB611203F01F03C3EB0323803A00F89E
S3150202DDC0052C85FB03121A44DB17C3EB2213803B95
S3150202DDD03E4400F8043C0FF02FC8DDE90212DDE9E9
S3150202DDE000A4059B19440AF1010A92453C44ACD1AE
S3150202DDF0002009B0BDE8F08F052009B0BDE8F08F1A
S3150202DE00032009B0BDE8F08F43082184ABAAAAAA6F
S3150202DE108320088208B5044C2046FDF7EFFA41F644
S3150202DE205830FEF74FFDF7E7A80503022DE9F04F3A
S3150202DE302DED048B4FF47A70A3B0FEF743FDB54D78
S3150202DE400120FCF7E1FBB449B448FAF749FA29463C
S3150202DE50B348FDF7D3FA4FF4806E00232C464EF0F8
S3150202DE6001E02A46AF4805F5805783EA000142F8E7
S3150202DE70041B01330FF007C805F01F06BFF34F8FCD
S3150202DE80A44B3E446FEA030EB6444FEA5E1E0EF1FF
S3150202DE90010E4EF001E0A44AC2F8703220330FF0AE
S3150202DEA005C8BFF34F8FBFF36F8F00214FF4806215
S3150202DEB09C4F06E0013A01F1010104F1040400F06B
S3150202DEC02481206881EA07039842F3D022689748A0
S3150202DED0FDF794FA9648FDF791FABFF34F8FEA439C
S3150202DEE04FF0010E731B3244203B52092033724417
S3150202DEF0C8BF96464EF001E08B4BC3F870522035EE
S3150202DF000FF005C8BFF34F8FBFF36F8F0022C3F81E
S3150202DF108420BFF34F8F43F6E076D3F880508248CF
S3150202DF20C5F34E346401C5F3C90505F1010E2B464C
S3150202DF304EF001E004EA060141EA8372C0F8742255
S3150202DF40013B0FF007C8203C14F1200FEDD1BFF3BD
S3150202DF504F8FBFF36F8F7748FDF750FA7648FDF77A
S3150202DF604DFA4FF0120E002313204EF001E07349D0
S3150202DF7003F5886221F8220001330FF007C87048C0
S3150202DF80FDF73CFA4FF416120021624800F0E2FE57
S3150202DF904FF4961200216B4800F0DCFE0023624821
S3150202DFA0C0F88430BFF34F8F43F6E076D0F8805044
S3150202DFB0C5F34E346401C5F3C90505F1010E2B46BC
S3150202DFC04EF001E004EA060141EA8372C0F87422C5
S3150202DFD0013B0FF007C8203C14F1200FEDD1BFF32D
S3150202DFE04F8FBFF36F8F5848FDF708FA00224FF49E
S3150202DFF084714A48FAF78AF8012240F206614748D2
S3150202E000FAF784F84FF4FA70FEF75CFC002240F24B
S3150202E01006614248FAF77AF8C820FEF753FC012253
S3150202E02040F206613D48FAF771F84FF4FA70FEF7CC
S3150202E03049FC46494648FBF7B7FA014638B1454814
S3150202E040FDF7DCF94FF47A70FEF73CFCFAE740483A
S3150202E050FBF7F6F8044640B101463F48FDF7CEF912
S3150202E0604FF47A70FEF72EFCFAE73C4A0FAB07CA68
S3150202E07083E80700224627493548FBF7F9F80122C9
S3150202E08040F20E512548FAF741F83548FDF7B6F93E
S3150202E0903448FDF7B3F92046F4F7FAF9DFF8D8B0B7
S3150202E0A0CBF8000048B32146F4F758FA224601217A
S3150202E0B0DBF80000F3F740F90121DBF80000F3F781
S3150202E0C019F9FF21DBF80000F3F7F4F82146DBF831
S3150202E0D00000F3F773F92448FDF790F92046FFF79B
S3150202E0E0A5FC0446002849D001462048FDF786F9D8
S3150202E0F04FF47A70FEF7E6FBFAE71D48FDF77EF962
S3150202E1004FF47A70FEF7DEFBFAE71A48FDF776F964
S3150202E110E3E600BF0000006810F802021CB2092200
S3150202E120BC050302AA55AA5500ED00E0EC0503025E
S3150202E1303406030288060302BC06030200300040CC
S3150202E14000070302003027682C07030258F5020271
S3150202E15024B209224C070302700703022CA7040207
S3150202E16098070302B00703020408030230080302F7
S3150202E170DC0703026806030234B20922FFF77CFDBA
S3150202E180FFF782FD3F48FDF739F93F48FDF736F9B9
S3150202E19002254FF0010ADFED3D9A2746DFF800918C
S3150202E1A00020FEF743FB6420FEF782FA384B394A17
S3150202E1B003FB04F3B2EBB30F80F0BC81364B1B6850
S3150202E1C0002B00F0B181DBF80000F7F77BFB01269A
S3150202E1D04FF41673CDE900364FF4806322A901EBA0
S3150202E1E0870252F84C1CBA000892DBF800001A4663
S3150202E1F0F8F7B8FD4FF07F420021DBF80000F3F793
S3150202E20041F800224FF4F05311460093DBF8000066
S3150202E2104FF4E063F7F7BAFF4FF4A0730196F026C4
S3150202E2201D4ADBF8000011681A460096F2F70EF84C
S3150202E2300C234FF4E06105934FF416534FF0000896
S3150202E240CDE902314FF4485332464FF4A071134ED0
S3150202E250CDF81080CDF800800193DBF8000043462A
S3150202E260F2F722F841464FF0FF22DBF80000F3F7FD
S3150202E27009F8B0EE099AB046CDE9097ACDE90B540E
S3150202E2800D9614E05C080302900803020000544350
S3150202E290295C8FC2285C8F0210B71222D0B51222D5
S3150202E2A0C0B6122208F10C08C84500F09780B8F9E8
S3150202E2B00430002BF6DDB8F90620002AF2DDB8F9A1
S3150202E2C00010F0EE698A06EE901AB8F90210F8EE1C
S3150202E2D0E66A08EE101AE6EE898A07EE903AB8EE78
S3150202E2E0C88AF8EEE77A28EE098A07EE102AF0EED5
S3150202E2F0686AB8EEC77AE7EE896AF0EE487AE7EE1E
S3150202E300097AB0EE667AF0EE685AB0EE486ABEEE66
S3150202E310CE7AFEEECE5ABEEECE6AFEEECE7A17EE7A
S3150202E320105A16EE102A15EE903A2EB24FF0000A45
S3150202E33017EE905A202714B21BB22DB21946224664
S3150202E3400793CDE9017A3346DBF800000094F7F72A
S3150202E3505FFF334622463146CDE9017ADBF80000F9
S3150202E3600095F7F755FF2A463146079BCDE9017A12
S3150202E370DBF800000095F7F74BFF079B2A46194682
S3150202E380CDE9017ADBF800000094F7F741FF8C49E8
S3150202E390D8F808201AA800F069FCFDEEC87AFDEE4C
S3150202E3A0E88A17EE902A18EE901A143A092AB7EE5C
S3150202E3B0000ADBF800001AAB09B207DCF2EE047AB5
S3150202E3C038EE278AFDEEC87A17EE902A12B208F1C3
S3150202E3D00C08FFF77FFAC8457FF469AF4FF00008D1
S3150202E3E0DDE9097ADDE90B540D9E764AA9EB0603AD
S3150202E3F00C3B9B0802FB03F323F040430133B6F9BD
S3150202E4000420002A04DDB6F90620002A58EAD89822
S3150202E410013B06F10C06F2D16B4B6C491A6812A843
S3150202E42000F024FC42466A491AA800F01FFC4FF08B
S3150202E430FF220021DBF80000F2F724FFDBF80000DE
S3150202E44012ABB7EE000A0A227821FFF743FA1AAB99
S3150202E450B7EE000A23227821DBF80000FFF73AFA28
S3150202E460DBF80000F7F76CFA00235A4EC6F884303E
S3150202E470BFF34F8F43F6E078D6F88030C3F34E30BF
S3150202E480C3F3C90C40010CF1010E4EF001E06346E2
S3150202E49000EA080141EA8372C6F87422013B0FF0D0
S3150202E4A007C8203810F1200FEDD1BFF34F8FBFF30B
S3150202E4B06F8FDBF80000F4F709F90023C6F88430FF
S3150202E4C0BFF34F8F43F6E078D6F880304148C3F364
S3150202E4D04E36C3F3C90C76010CF1010E4EF001E081
S3150202E4E0634606EA080141EA8372C0F87422013BD6
S3150202E4F00FF007C8203E16F1200FEDD1BFF34F8F62
S3150202E500BFF36F8F089B002288336B4453F84C1C6F
S3150202E5103148FAF7ADFE00284DD1304B1B781BB9B4
S3150202E5202F4B1868FEF71CF93B4601342F46554617
S3150202E5309A4635E62B4A2C4B16461B68214612682A
S3150202E5402A48FCF75BFF3368002BEDD003F01F006D
S3150202E550BFF34F8F6FEA030E03F1200101448E448B
S3150202E5604FEA5E1E0EF1010E4EF001E0194AC2F8A2
S3150202E5705C3220330FF005C8BFF34F8FBFF36F8FA4
S3150202E580184B1B481E68B6F80EC0B38872883188CB
S3150202E590CDF810C0B6F80CC0CDF80CC0B6F80AC059
S3150202E5A0CDF808C0B6F808C0CDF804C0F6880096C1
S3150202E5B0FCF724FF02E601460E48FCF71FFFACE712
S3150202E5C030090302ABAAAA2ACCB5122238090302DF
S3150202E5D04809030200ED00E024B20922C8B512225C
S3150202E5E0180F152210B71222240F1522BC08030295
S3150202E5F0E808030254090302002B24DD02F01F017C
S3150202E60000B51944BFF34F8F6FEA020E0120A1F142
S3150202E610200311448E444FEA5E1E20330EEB0001A4
S3150202E6208E46CCBF8E4686464EF001E0074BC3F8B5
S3150202E630682220320FF005C8BFF34F8FBFF36F8FE8
S3150202E64001205DF804FB0120704700BF00ED00E0E7
S3150202E6500378032B06D10121034B044A197013686E
S3150202E6600B441360704700BF280F1522240F152290
S3150202E67008B51048FCF78CFB0F48FDF739FF0F4B24
S3150202E68000211860FDF7B8FF0D48FDF731FF0D4B6B
S3150202E69000211860FDF7B0FF0B48FDF729FF0B4B6F
S3150202E6A000211860FDF7A8FF4FF0FF30FEF700F8D1
S3150202E6B0002008BD7409030258000022200F152209
S3150202E6C0400000221C0F152228000022180F1522D4
S3150202E6D000F014B8012838BF012010B504462046BE
S3150202E6E000F006FA00B110BD00F00AF808B900F00F
S3150202E6F0F7F98047F3E708B500F0F2F900F000BA3D
S3150202E700014BD3E8AF0F70472C0F15227BB972B9B2
S3150202E7100029BEBF00204FF0004106E008BF0028D4
S3150202E7201CBF6FF000414FF0FF3000F0D7B9ADF1D8
S3150202E730080C6DE904CE002909DB002B1ADB00F076
S3150202E7404DF8DDF804E0DDE9022304B070474042E9
S3150202E75061EB4101002B1BDB00F040F8DDF804E01F
S3150202E760DDE9022304B0404261EB4101524263EB0E
S3150202E77043037047524263EB430300F02FF8DDF87E
S3150202E78004E0DDE9022304B0404261EB4101704735
S3150202E790524263EB430300F021F8DDF804E0DDE9BF
S3150202E7A0022304B0524263EB4303704753B94AB998
S3150202E7B0002908BF00281CBF4FF0FF314FF0FF307F
S3150202E7C000F08CB9ADF1080C6DE904CE00F006F842
S3150202E7D0DDF804E0DDE9022304B070472DE9F04FCB
S3150202E7E0099D0E4604460F46002B47D18A4294469D
S3150202E7F0B2FA82F35AD943B102FA03FCC3F12002F6
S3150202E8009F409C4020FA02F217434FEA1C461FFA27
S3150202E8108CFE220CB7FBF6F106FB117701FB0EF01A
S3150202E82042EA0742904208D91CEB020201F1FF3783
S3150202E83002D2904200F23C813946121AA4B2B2FBCB
S3150202E840F6F006FB102200FB0EFE44EA0244A6453F
S3150202E85008D91CEB040400F1FF3202D2A64500F2EB
S3150202E8602A81104640EA0140A4EB0E0400211DB1A2
S3150202E870DC400023C5E90043BDE8F08F8B4205D98F
S3150202E8800DB1C5E9000100210846F5E7B3FA83F1A5
S3150202E89000294FD1B342C0F00281824240F2FF8088
S3150202E8A00846002DE8D0C5E90047E5E7002B40F00F
S3150202E8B0AF808A1A4FEA1C4E1FFA8CF70121B2FB6D
S3150202E8C0FEF60EFB1620220C42EA004207FB06F077
S3150202E8D090420FD91CEB020206F1FF382CBF4FF011
S3150202E8E001094FF00009904203D9B9F1000F00F075
S3150202E8F0DC804646121AA4B2B2FBFEF00EFB1022CE
S3150202E90000FB07F744EA0244A7420FD91CEB0404B0
S3150202E91000F1FF322CBF4FF0010E4FF0000EA7425C
S3150202E92003D9BEF1000F00F0C9801046E41B40EA8B
S3150202E93006409CE7C1F120048B4006FA01FC00FA6C
S3150202E94001FE22FA04F7E6408A401F4320FA04F344
S3150202E9504FEA174843EA0C031FFA87FC4FEA1349A8
S3150202E960B6FBF8F008FB106649EA064600FB0CF90C
S3150202E970B1450ED9BE1900F1FF3A2CBF4FF0010B79
S3150202E9804FF0000BB14503D9BBF1000F00F0A28094
S3150202E9905046A6EB09061FFA83F9B6FBF8F308FB03
S3150202E9A0136603FB0CFC49EA0646B4450ED9BE19A8
S3150202E9B003F1FF382CBF4FF001094FF00009B445AD
S3150202E9C003D9B9F1000F00F08280434643EA0040C0
S3150202E9D0A6EB0C06A0FB028C66454346E14602D331
S3150202E9E007D1C64505D2B8EB02036CEB070C013818
S3150202E9F0E1465DB1BEEB030266EB090606FA04F4D2
S3150202EA0022FA01F3CE401C43C5E90046002133E750
S3150202EA1002FA03FCC3F1200299409C40D6404FEA17
S3150202EA201C4E20FA02F21FFA8CF7B6FBFEF00A43DC
S3150202EA300EFB1066110C41EA064100FB07F68E42F6
S3150202EA400ED91CEB010100F1FF382CBF4FF0010970
S3150202EA504FF000098E4202D9B9F1000F34D0404676
S3150202EA60891B92B2B1FBFEF60EFB161142EA014275
S3150202EA7006FB07F191420ED91CEB020206F1FF38A0
S3150202EA802CBF4FF001094FF00009914202D9B9F1A8
S3150202EA90000F16D04646521A46EA00410FE7841A7A
S3150202EAA066EB030201201746FBE6023E624421E7B9
S3150202EAB002396244C1E664440238D3E66444023847
S3150202EAC034E7023E6244E6E702386144C8E7023BA3
S3150202EAD03E447BE702383E445BE700BF704700BF15
S3150202EAE0062008B500F066F9012000F033FD0000A9
S3150202EAF0024B0146186800F02DB800BF70000022D2
S3150202EB00024B0146186800F09FB900BF700000224E
S3150202EB1070B50F4E0C460546316811B900F066F91A
S3150202EB2030602146284600F061F9431C03D14FF0BA
S3150202EB30FF34204670BDC41C24F00304A042F8D060
S3150202EB40211A284600F052F90130F2D1EFE700BF4E
S3150202EB50300F15222DE9F843CD1C064625F0030592
S3150202EB6008350C2D38BF0C25002D01DBA94204D92C
S3150202EB700C2333600020BDE8F883DFF8D48000F06E
S3150202EB8069F8D8F800301C4644BB29463046FFF7DE
S3150202EB90BFFF431C044658D1D8F800402746002F2F
S3150202EBA043D1002C4BD023683946304604EB030985
S3150202EBB000F01CF9814542D1216830466D1A294678
S3150202EBC0FFF7A6FF01303AD023682B442360D8F818
S3150202EBD000305A6862BBC8F800700FE02268521B06
S3150202EBE020D40B2A17D96119A342256018BF59608E
S3150202EBF0636808BFC8F8001062514B60304600F0E5
S3150202EC002FF804F10B00231D20F00700C21A1CBFC5
S3150202EC101B1AA350AFE76268A3420CBFC8F80020D2
S3150202EC205A60EBE723466468AEE73C467F68B6E77E
S3150202EC301A465B68A342FBD100235360DEE70C232C
S3150202EC403046336000F00CF894E70560D6E700BF61
S3150202EC50340F1522014800F0DFB800BF74101522E6
S3150202EC60014800F0DAB800BF741015220EB400B5DE
S3150202EC709CB06FF000411DAB029006900791049181
S3150202EC800848094953F8042B059102A90068019321
S3150202EC9000F080F9029B00221A701CB05DF804EBA8
S3150202ECA003B07047700000220802FFFF30B5144617
S3150202ECB09BB005461A46002C05DA8B2303604FF0F9
S3150202ECC0FF301BB030BD4FF40273009104916946C6
S3150202ECD0ADF80C3014BF04F1FF33234602930593B9
S3150202ECE04FF6FF73ADF80E301E9B00F053F9431C2C
S3150202ECF0BCBF8B232B60002CE3D0009B00221A7030
S3150202ED00DFE7000007B5009313460A4601460348A9
S3150202ED100068FFF7CBFF03B05DF804FB7000002228
S3150202ED20884210B501EB020402D98442234607D86F
S3150202ED30431EA14208D011F8012B03F8012FF8E76E
S3150202ED40024401468A4200D110BD13F8014D02F86F
S3150202ED50014DF7E702440346934200D1704703F896
S3150202ED60011BF9E71F2938B505460C4604D91623B5
S3150202ED7003604FF0FF3038BDC26B12B152F8213038
S3150202ED804BB9284600F030F8224601462846BDE82D
S3150202ED90384000F017B8012B0AD0591C03D11623AA
S3150202EDA003600120E7E70021204642F82410984733
S3150202EDB00020E0E7024B01461868FFF7D3BF00BF07
S3150202EDC07000002238B50023064D04460846114655
S3150202EDD02B6000F0B7FB431C02D12B6803B1236000
S3150202EDE038BD00BF7010152200F0A4BB38B500234F
S3150202EDF0054D044608462B60FBF7EEFB431C02D187
S3150202EE002B6803B1236038BD70101522014B1868B6
S3150202EE10704700BF70000022704770470A44431EC3
S3150202EE20914200D1704710B511F8014B914203F895
S3150202EE30014FF9D110BD034613F8012B002AFBD16B
S3150202EE40181A01387047000038B50546002941D024
S3150202EE5051F8043C0C1F002BB8BFE418FFF7FAFE68
S3150202EE601D4A136833B9636014602846BDE8384008
S3150202EE70FFF7F6BEA34208D9206821188B4201BFCA
S3150202EE8019685B6809182160EDE71A465B680BB1DF
S3150202EE90A342FAD911685018A0420BD12068014444
S3150202EEA0501811608342E0D118685B6808445360C7
S3150202EEB01060DAE702D90C232B60D6E72068211804
S3150202EEC08B4202BF19685B680918636008BF21603A
S3150202EED05460CAE738BD00BF340F15222DE9F04748
S3150202EEE01F468E6882460C46BE4290460B682DD855
S3150202EEF0B1F90C2012F4906F26D06569096905EB07
S3150202EF004505A3EB01097B1C05EBD5754B446D1038
S3150202EF109D4238BF1D46530527D52946FFF71AFEDD
S3150202EF20064660B34A462169FFF778FFA38923F4AE
S3150202EF30906343F08003A38126614E446561A5EB8B
S3150202EF40090526603E46A560BE4200D93E463246C5
S3150202EF5041462068FFF7E4FEA36800209B1BA360DC
S3150202EF60236833442360BDE8F0872A4600F0ACFAF0
S3150202EF7006460028E0D121695046FFF765FF0C23B9
S3150202EF804FF0FF30CAF80030A38943F04003A38151
S3150202EF90E9E700002DE9F04F98468B899DB00746B6
S3150202EFA01B060D46144610D50B6973B94021FFF7AD
S3150202EFB0D1FD2860286130B90C233B604FF0FF3047
S3150202EFC01DB0BDE8F08F40236B610023CDF80C80A3
S3150202EFD04FF00109DFF8A081099320238DF8293029
S3150202EFE030238DF82A3023469A4613F8012B0AB1AA
S3150202EFF0252AF9D1BAEB040B0BD05B4622462946E7
S3150202F0003846FFF76BFF013000F0A780099A5A448F
S3150202F01009929AF80030002B00F09F8000234FF0ED
S3150202F020FF320AF1010A049307938DF853301A93B9
S3150202F030CDE90523544605224F4814F8011B00F078
S3150202F04035FA049AD8B9D00644BF20238DF8533034
S3150202F050110744BF2B238DF853309AF800302A2B1E
S3150202F06015D0079A544600204FF00A0C214611F891
S3150202F070013B303B092B4BD9B0B1079214E0A0EB0E
S3150202F0800803A24609FA03F313430493D2E7039B46
S3150202F090191D1B68002B0391BBBF5B4242F00202A1
S3150202F0A007930793B8BF049223782E2B0AD163786B
S3150202F0B02A2B32D1039B02341A1D1B6843EAE373DD
S3150202F0C003920593DFF8C0A003222178504600F08E
S3150202F0D0EDF938B1A0EB0A004022049B01348240CA
S3150202F0E01343049314F8011B062224488DF82810B0
S3150202F0F000F0DCF9002836D0214B1BBB039B0733F9
S3150202F10023F0070308330393099B334409936AE7FF
S3150202F1100CFB02320C460120A8E7002301344FF011
S3150202F1200A0C19460593204610F8012B303A092A91
S3150202F13003D9002BC6D00591C4E70CFB0121044674
S3150202F1400123F0E703AB2A4604A9384600930D4B86
S3150202F150AFF30080421C0646D6D1AB895B063FF569
S3150202F1602DAF09982CE703AB2A4604A93846009329
S3150202F170044B00F07DF8EDE738A7040242A7040229
S3150202F18000000000DDEE02023EA704022DE9F0476E
S3150202F190164698468A6807460B690C46DDF82090A1
S3150202F1A09342B8BF1346336091F843200AB1013342
S3150202F1B033602368990642BF336802333360256897
S3150202F1C015F0060506D104F1190AE36832689B1A9C
S3150202F1D0AB422BDC94F843302268003B18BF012372
S3150202F1E0920630D404F1430241463846C8470130FA
S3150202F1F023D023681A3454F80A2C03F00603042B8C
S3150202F2000ABF54F80E5C002533684FF0000608BFA9
S3150202F210ED1A54F8123C08BF25EAE5759342C4BFBB
S3150202F2209B1AED18B5421AD1002008E00123524674
S3150202F23041463846C847013003D14FF0FF30BDE898
S3150202F240F0870135C1E7E1185A1C30200233224405
S3150202F25081F8430094F8451082F84310C2E701236D
S3150202F260224641463846C8470130E6D00136D9E73A
S3150202F2702DE9FF470F7E914680460C46782F9A4625
S3150202F2800C9E01F1430207D8622F0AD8002F00F022
S3150202F290D180582F00F0B88004F1420684F84270F9
S3150202F2A03AE0A7F16303152BF6D801A151F823F030
S3150202F2B009F302021DF3020299F2020299F2020212
S3150202F2C099F2020299F202021DF3020299F2020273
S3150202F2D099F2020299F2020299F202021BF4020264
S3150202F2E047F30202D5F3020299F2020299F20202EC
S3150202F2F03DF4020299F2020247F3020299F2020273
S3150202F30099F20202DDF3020233681A1D1B683260A9
S3150202F31004F1420684F8423001239CE033682068F5
S3150202F320191D3160060601D51D6803E04506FBD5A7
S3150202F330B3F90050002D03DA2D236D4284F84330CF
S3150202F34058480A2311E021683368080653F8045B19
S3150202F35002D4490648BFADB26F2F3360514814BF7B
S3150202F3600A230823002184F843106668002EA66049
S3150202F37005DB21682E4321F0040121604BD016469B
S3150202F380B5FBF3F103FB1157C75D06F8017D2F4664
S3150202F3900D46BB42F4D9082B0BD12368DF0708D5E9
S3150202F3A0236961689942DEBF302306F8013C06F101
S3150202F3B0FF36921B22614B4603AA21464046CDF8EE
S3150202F3C000A0FFF7E3FE01304AD14FF0FF3004B04E
S3150202F3D0BDE8F087236843F020032360782732488A
S3150202F3E0236884F845701F06316851F8045B02D41B
S3150202F3F05F0648BFADB23160D90744BF43F020036E
S3150202F40023601DB11023ADE72648E9E7236823F0FE
S3150202F41020032360F6E71646BDE733682568181D02
S3150202F420616930602E061B6801D5196002E0680622
S3150202F430FBD51980002316462361BCE733680021F7
S3150202F4401A1D32601E686268304600F02FF808B153
S3150202F450801B606063682361002384F84330AAE755
S3150202F4602369324649464046D0470130ADD0236829
S3150202F4709B0713D4E068039B9842B8BF1846A6E7D7
S3150202F4800123324649464046D04701309DD00135D6
S3150202F490E36803995B1AAB42F2DCEBE7002504F15F
S3150202F4A01906F5E749A704025AA70402C9B2034696
S3150202F4B0024410B59342184601D1002003E00478B3
S3150202F4C001338C42F6D110BD2DE9F04107461446AE
S3150202F4D00D4621B91146BDE8F041FFF73BBB2AB9F9
S3150202F4E02546FFF7B1FC2846BDE8F08100F01AF87E
S3150202F4F08442064602D8B4EB500FF4D82146384667
S3150202F500FFF728FB804608B94546ECE7B442224695
S3150202F510294628BF3246FFF781FC29463846FFF7BD
S3150202F52093FCF1E751F8043C181F002BBCBF0B58A1
S3150202F530C0187047024B58224FF0FF301A607047CC
S3150202F54070101522024B58224FF0FF301A60704794
S3150202F55070101522FEE700BF000000680004580280
S3150202F560000400000200000000000000000000008B
S3150202F570E0015603E0010000020000000000000064
S3150202F580360500042C010A0000007B0258021E0006
S3150202F590050000000000000100000000000000FF5C
S3150202F5A00000000000000000000000000000000051
S3150202F5B00000000000000000000000000000000041
S3150202F5C00000000000000000000000000CFFFF0423
S3150202F5D0DFDF000051E6020200000000E0F502024F
S3150202F5E001000200000600030303030000000000FC
S3150202F5F00C000000FFFFFFFFFFFFFFFFFF000000FE
S3150202F60095DC0202000000000CF6020290F60202EB
S3150202F610080001000000EF0000003F01001E000288
S3150202F62011000000400100008035072280DD04221D
S3150202F6308085022200000000140000AA00000000D9
S3150202F6409F12000000080001020D89194520450695
S3150202F650000000100010001040004000F0004001BF
S3150202F66007010000040264000001018A681F00000B
S3150202F670D60EC2010008018AC2010000870EB70F28
S3150202F6800008018A0C060C07200000000000000098
S3150202F6904CB20922A0F60202E409030200000000AB
S3150202F6A030F7020202001A010A000A0000000000F4
S3150202F6B00000000000000000000000400000000000
S3150202F6C00C080C090C0A0C0B0C0C000000000000C2
S3150202F6D00C0003000C0003003F0301003F0301007C
S3150202F6E03F0301003F0301003F0301003F03010004
S3150202F6F03F0301003F0301003F0301003F030100F4
S3150202F7003F0301003F0301003F0301003F030100E3
S3150202F7103F0301003F030100000000001000000049
S3150202F720EDDC020200000000000000000000000002
S3150202F73060B209223CF70202DC09030202007C00E3
S3150202F740040000004CF7020200000000F924010046
S3150202F7500A120200090F0000440F2D0C110B0100C0
S3150202F7600C00000001000000801A060000000000E2
S3150202F7700108000102030000000000000000000070
S3150202F780F1D70202000000008CF702020101020F09
S3150202F7900F000000000000000A0000000000000046
S3150202F7A0050000000CFFDF00000000000000000060
S3150202F7B0B8F702020000000001000000000000008B
S3150202F7C0000000000000000000000000000000002F
S3150202F7D000000000000000000000FFFFFFFFFFFF25
S3150202F7E0DFDFDFDFDFDF00000000000000000000D5
S3150202F7F000000000000000000000000000000000FF
S3150202F80000000000000000000000000000000000EE
S3150202F810210000001CF80202000000000040000065
S3150202F8200B010000000C011907020000000C01196D
S3150202F8300D050000040000000E050000000C01196F
S3150202F8400F0500000500000006060000000C011963
S3150202F85007070000000C01190A070000000C011933
S3150202F8600B070000000C01190C070000000C01191D
S3150202F8700D070000000C01190E070000000C011909
S3150202F8800F070000000C011905080000000C0119FF
S3150202F89006080000000C011907080000000C0119F5
S3150202F8A002090000000C011903090000000C0119EB
S3150202F8B004090000000C01190A090000000C0119D2
S3150202F8C00B090000000C01190C090000000C0119B9
S3150202F8D00D090000000C01190E090000000C0119A5
S3150202F8E00F090000000C0119000B0000000C01199F
S3150202F8F0010B0000000C0119020B0000000C011999
S3150202F900030B0000000C0119040B0000000C011984
S3150202F910050B0000000C0119060B0000000C011970
S3150202F920070B00005700000030F902020000000037
S3150202F930004000000800000000400000090000002C
S3150202F940004000000A000000000C011C0001000039
S3150202F950000C011C01010000000C011C0201000046
S3150202F960000C011C03010000000C011C0401000032
S3150202F970000C011C05010000000C011C060100001E
S3150202F9800400000007010000050000000801000053
S3150202F990000C010B0C010000000C010B0D01000012
S3150202F9A0000C010B0E010000000C010B0F010000FE
S3150202F9B0000001000A020000000001000B02000022
S3150202F9C0000C010B00030000000C010B01030000F6
S3150202F9D0000C010B020300000400000003030000F6
S3150202F9E00000011F0B0400000008010301050000CC
S3150202F9F0000C010B03050000000C010B04050000BC
S3150202FA00000C010B05050000000C010B06050000A7
S3150202FA10000C010B07050000000C010B0805000093
S3150202FA20000C010B09050000000C010B0A0500007F
S3150202FA30000401070B050000000401070C05000083
S3150202FA400400000000060000000C010B070600007D
S3150202FA50000C010B08060000000C010B090600004F
S3150202FA60000C010B0A060000000C010B0B0600003B
S3150202FA70000C010B0C060000000C010B0D06000027
S3150202FA80000C010B0E060000000C010B0F06000013
S3150202FA900400000009070000000C011C0008000017
S3150202FAA0000C011C01080000000C011C02080000E7
S3150202FAB0000C011C03080000000C011C04080000D3
S3150202FAC00008011C08080000000C010B0D080000CA
S3150202FAD0000C010B000A0000000C010B010A0000D7
S3150202FAE0000C010B020A0000000C010B030A0000C3
S3150202FAF0000C010B040A0000000C010B050A0000AF
S3150202FB00000C010B060A000004000000070A0000AE
S3150202FB10000C010B080A0000000C010B090A000086
S3150202FB20000C010B0A0A0000000C010B0B0A000072
S3150202FB30000C010B0C0A0000000C010B0D0A00005E
S3150202FB40000C010B0E0A00000008010B0F0A00004E
S3150202FB50000C010B000C0000000C010B010C000052
S3150202FB60000C010B020C0000000C010B030C00003E
S3150202FB70000C010B040C0000000C010B050C00002A
S3150202FB80000C010B060C0000000C010B070C000016
S3150202FB90000C010B080C0000000C010B090C000002
S3150202FBA0000C010B0A0C0000000C010B0B0C0000EE
S3150202FBB0000C010B0C0C0000000C010B0D0C0000DA
S3150202FBC0000C010B0E0C0000000C010B0F0C0000C6
S3150202FBD0000C010B000D000000000104020D0000E2
S3150202FBE000000104030D0000A100A200A300A4006C
S3150202FBF082038503950396038F039003910392036F
S3150202FC00930300000008000000000000000200004A
S3150202FC10000A0000000000000001000000000000CF
S3150202FC2000000101010101010001000100010101BF
S3150202FC3000010100000101010000000000010100B3
S3150202FC4000010101000101010000000000000000A4
S3150202FC50000101006E756D5F626173655F616464C6
S3150202FC6072203C3D204E50555F5245475F424153FA
S3150202FC7045505F4152524C454E0000002E2E2F72C5
S3150202FC80612F6E70752F6574686F732D752D636F94
S3150202FC9072652D6472697665722F7372632F65744B
S3150202FCA0686F73755F6465766963655F7535355F1F
S3150202FCB07536352E630000007162617365203C3D24
S3150202FCC020414444524553535F4D41534B00000079
S3150202FCD061646472203C3D20414444524553535F61
S3150202FCE04D41534B0000000076657220213D204EA5
S3150202FCF0554C4C002E2E2F72612F6E70752F657425
S3150202FD00686F732D752D636F72652D6472697665E0
S3150202FD10722F7372632F6574686F73755F6472698B
S3150202FD207665722E63000000637573746F6D5F648D
S3150202FD306174615F70747220213D204E554C4C00F5
S3150202FD40626173655F6164647220213D204E554C87
S3150202FD504C000000626173655F616464725F73697D
S3150202FD607A6520213D204E554C4C00004552524F99
S3150202FD70523A2064315F616C6C6F636D656D282542
S3150202FD807529206661696C656421204F5554204F9E
S3150202FD90462048454150204D454D4F5259210A00B1
S3150202FDA04E4D490A000000002A2A2A20486172643E
S3150202FDB0206661756C74202A2A2A2020637478745C
S3150202FDC0736B3A25642020484653523A25782020FE
S3150202FDD0434653523A25780A000000002A2A2A206C
S3150202FDE048617264206661756C74202A2A2A202070
S3150202FDF063747874736B3A25642020484653523AE8
S3150202FE00257825780A0000004D5055204661756C0A
S3150202FE10740A0000427573204661756C740A00000A
S3150202FE205573616765204661756C740A00000000AD
S3150202FE30535643616C6C0A004465627567204D6FC6
S3150202FE406E69746F720A00000A3C3C20535953547D
S3150202FE50454D20524553455420262052455354417E
S3150202FE605254203E3E0A00000A3C3C205359535447
S3150202FE70454D204641535420524553544152542033
S3150202FE803E3E0A000A3C3C2053595354454D2052E9
S3150202FE90455354415254203E3E0A00005800000087
S3150202FEA07800000030000000444D4C6B0000000058
S3150202FEB0214552524F522120696E69745F496D6122
S3150202FEC06C6C6F630A000000214552524F52212088
S3150202FED0696E69745F6465766963650A000000008B
S3150202FEE0214552524F522120696E69745F696E69C9
S3150202FEF07469616C697A650A0000000021455252F2
S3150202FF004F5221206B65726E656C206F626A656361
S3150202FF107420696E697469616C697A650A00000007
S3150202FF20214552524F52212053797374656D2074C2
S3150202FF30696D657220737461727475700A000000CD
S3150202FF40214552524F522120496E697469616C20D1
S3150202FF505461736B2063616E206E6F7420737461D9
S3150202FF6072740A00214552524F522120496E697417
S3150202FF7069616C205461736B2063616E206E6F74CB
S3150202FF802063726561740A000A0A6D6963726F54AC
S3150202FF902D4B65726E656C2056657273696F6E20A3
S3150202FFA025782E253032780A0A000000214552525F
S3150202FFB04F522120496E6974205461736B20737407
S3150202FFC06172740A000000000A3C3C2053595354E1
S3150202FFD0454D2053485554444F574E203E3E0A0043
S3150202FFE0766563746F723A3A5F4D5F7265616C6CE5
S3150202FFF06F635F696E736572740000005B4E5055E3
S3150203000020496E7075742044756D705D2066697241
S3150203001073742031302062797465733A20000000CC
S31502030020256420005B4E505520496E766F6B655DE5
S31502030030205374617475733A2025640A0000000024
S315020300405B4E50552054696D652044656275675D44
S31502030050206379636C65733A20256C750A00000088
S315020300605B4E5055204F75747075742053746174CA
S31502030070735D2043303A205B25642C2025645D2082
S31502030080617667202564207C2043313A205B256410
S315020300902C2025645D20617667202564207C20431D
S315020300A0323A205B25642C2025645D206176672025
S315020300B025640A005B506F737450726F63657373C2
S315020300C05D20446F506F737450726F636573732050
S315020300D06661696C6564210A000000005B506F73F8
S315020300E07450726F636573735D20446574656374DC
S315020300F0696F6E20726573756C747320636F756EA8
S31502030100743A2025640A00005B4E505520526573EB
S31502030110756C742050726573656E745D20507265DA
S3150203012073656E74696E67202564204943733A0AC0
S315020301300000000020202D2049432025643A207820
S31502030140303D25642C2079303D25642C20773D25CE
S31502030150642C20683D25642C2073636F72653D25EC
S315020301606425250A00000000257300005B75706490
S315020301706174655F646574656374696F6E5F7265E6
S3150203018073756C745D206964783D25642C20783D13
S3150203019025642C20793D25642C20773D25642C206B
S315020301A0683D25642C2070726F623D256425250AFD
S315020301B0000000003D3D3D205374617274696E6711
S315020301C020414920496E666572656E6365205461F6
S315020301D0736B20284E50552D626173656420464F1A
S315020301E04D4F29203D3D3D0A000000004552524F26
S315020301F0523A204661696C656420746F206F70659C
S315020302006E2041726D204574686F732D5535352006
S315020302104E5055202830782578290A0053554343F2
S315020302204553533A2041726D204574686F732D55B9
S315020302303535204E50552064726976657220696E93
S31502030240697469616C697A6564207375636365733E
S315020302507366756C6C79210A000000004552524F91
S31502030260523A20496D616765207072652D70726F0F
S3150203027063657373696E67206661696C65642028BA
S3150203028030782578290A00005B446961675D20435B
S31502030290616D206275666665723A206D696E3D30E0
S315020302A078253034582C206D61783D3078253034EA
S315020302B0582C206176673D307825303458207C20CF
S315020302C04E505520496E7075743A206D696E3D2500
S315020302D0642C206D61783D25642C206176673D256B
S315020302E0640A0000414920496E666572656E63655C
S315020302F020284E5055293A20494320646574656384
S3150203030074696F6E20636F6D706C65746520696EB8
S3150203031020256C75206D730A000000004552524F6A
S31502030320523A204E505520496E666572656E636574
S3150203033020657865637574696F6E206661696C659D
S315020303406420287374617475733A202564292E0A0E
S3150203035000000000577269746520414444523A5BB7
S315020303603078253034785D204D69736D6174636826
S3150203037021205772697474656E3A5B307825303280
S31502030380785D20526561644261636B3A5B3078251E
S315020303903032785D0D0A00005B43616D6572612040
S315020303A0496E69745D2050726F64756374204944A3
S315020303B020486967683A203078253032582C204C19
S315020303C06F773A203078253032580A005B43616DE5
S315020303D065726120496E69745D204552524F523AE5
S315020303E02050726F64756374204944204D69736D9E
S315020303F0617463682120446576696365206C6F6363
S315020304006B206572726F722E0A0000005B436C6F7B
S31502030410636B20436F6E6669675D20526567697316
S3150203042074657220307833303335204D69736D61CC
S3150203043074636821205772697474656E3A20307842
S31502030440253032582C20526561643A2030782530A3
S3150203045032580A005B436C6F636B20436F6E6669A7
S31502030460675D20526567697374657220307833302D
S315020304703336204D69736D6174636821205772693F
S315020304807474656E3A203078253032582C205265C2
S3150203049061643A203078253032580A005B436C6F28
S315020304A0636B20436F6E6669675D20526567697386
S315020304B074657220307833303337204D69736D613A
S315020304C074636821205772697474656E3A203078B2
S315020304D0253032582C20526561643A203078253013
S315020304E032580A005B436C6F636B20436F6E666917
S315020304F0675D20526567697374657220307833319C
S315020305003038204D69736D617463682120577269AF
S315020305107474656E3A203078253032582C20526531
S3150203052061643A203078253032580A005B56494EC8
S315020305302043425D2054525545204552524F522084
S315020305404576656E743A2025642C2053746174755E
S3150203055073204D61736B3A203078253038580A0080
S315020305605B56494E2043425D204669727374206688
S3150203057072616D652063617074757265642073754B
S31502030580636365737366756C6C79210A00000000F8
S315020305905B4D4950492043425D204576656E743A68
S315020305A02025640A000000007461736B20322072F6
S315020305B0756E6E696E672E2E2E0A0000546573746D
S315020305C0696E6720706879736963616C205344525C
S315020305D0414D2061742061646472657373203078BF
S315020305E0253038582E2E2E0A00000000534452415D
S315020305F04D20766572696669636174696F6E2066FA
S3150203060061696C656420617420696E64657820256E
S31502030610642120526561643A203078253038582C9B
S315020306202045787065637465643A203078253038DE
S31502030630580A00004552524F523A20534452414DF2
S3150203064020706879736963616C206D656D6F727969
S315020306502077726974652F72656164206661696CBD
S315020306606564210A00000000534452414D20766519
S3150203067072696669636174696F6E205355434345B4
S315020306805353210A000000000A3D3D3D2043616D9C
S31502030690657261204D4950492D4353493220262024
S315020306A04C434420446973706C617920443244207C
S315020306B05374617274203D3D3D0A00003D3D3D2069
S315020306C053657474696E672042757320536C617641
S315020306D065204172626974726174696F6E20746F08
S315020306E0204669786564205072696F72697479204D
S315020306F02847726F7570203329203D3D3D0A00005D
S31502030700436C656172696E6720534452414D20669C
S3150203071072616D656275666665727320746F2062B7
S315020307206C61636B2E2E2E0A00000000496E6974FB
S3150203073069616C697A696E67204C43442028474C89
S31502030740434443292E2E2E200A0000004552524FBF
S31502030750523A204661696C656420746F206F706536
S315020307606E20474C434443202830782578290A00D3
S315020307704552524F523A204661696C656420746F42
S3150203078020737461727420474C43444320283078A3
S315020307902578290A000000004C4344204261636B1A
S315020307A06C6967687420656E61626C65642E0A0003
S315020307B0496E697469616C697A696E6720442F416F
S315020307C05645203244204772617068696373204537
S315020307D06E67696E652E2E2E0A0000004552524F31
S315020307E0523A204661696C656420746F206F7065A6
S315020307F06E20442F41564520324420656E67696E4A
S31502030800650A0000496E697469616C697A696E6783
S31502030810204D4950492D435349322043616D657238
S315020308206120284F5635363430292E2E2E200A00C3
S315020308304552524F523A204661696C656420746F81
S3150203084020696E697469616C697A652063616D6595
S315020308507261202830782578290A000053554343CC
S315020308604553533A2043616D65726120696E69741B
S3150203087069616C697A656420616E64206361707470
S3150203088075726520737461727465642E0A000000C2
S31502030890456E746572696E67205265616C2D746963
S315020308A06D652043616D65726120446973706C6185
S315020308B079204C6F6F702E2E2E0A00004C6F6F70CC
S315020308C02025643A20627566666572203D2030787B
S315020308D0253038582C207673796E635F636E7420E5
S315020308E03D2025750A0000002020427566204461DA
S315020308F074613A20307825303458203078253034E4
S315020309005820307825303458203078253034582012
S3150203091030782530345820307825303458203078D2
S3150203092025303458203078253034580A0000000028
S31502030930256425250000000041492054696D653A66
S3150203094020256C75206D7300494320202020203A10
S3150203095020256400474C434443204275666665720C
S315020309604368616E6765204572726F723A20256429
S315020309700A000000537461727420557365722D6DFB
S3150203098061696E2070726F6772616D202843616DB3
S315020309906572612026204C43442044324420546528
S315020309A07374292E0A0000006574686F73755F6499
S315020309B065765F72756E5F636F6D6D616E645F738D
S315020309C0747265616D0000006574686F73755F69A3
S315020309D06E766F6B655F6173796E6300A17902024E
S315020309E0797902025D7B0202257E0202A17A020264
S315020309F0B57A0202F57A0202D97A020202040304E2
S31502030A0004040000000102000001020300000000CA
S31502030A10200020001000100010000800040001004E
S31502030A2004010002030506070C343440143434402F
S31502030A301C343440243434400A000000F00B030211
S31502030A4018000000700A030204000000500A0302A1
S31502030A5000000068000000680000008000000080BB
S31502030A600000007000000070C0000222C0000222D3
S31502030A700000006800000068000000900001090DF4
S31502030A8000000068000000680000007800010B0DFA
S31502030A900000006800000068000000270001020D44
S31502030AA00000006800000068740000020001010DE6
S31502030AB00000008000000080000000900001090889
S31502030AC000000080000000800000007800010B088F
S31502030AD000000080000000800000002700010208D9
S31502030AE0000000800000008074000002000101087B
S31502030AF00000007000000070000000900001090A67
S31502030B0000000070000000700000007800010B0A6C
S31502030B100000007000000070000000270001020AB6
S31502030B200000007000000070740000020001010A58
S31502030B30000000000000000000000090010109050A
S31502030B4000000000000000000000007801010B0510
S31502030B50000000000000000000000027010002055B
S31502030B6000000000000000007400000201000105FD
S31502030B70000000200000002000000090010109048B
S31502030B8000000020000000200000007801010B0491
S31502030B9000000020000000200000002701000204DC
S31502030BA0000000200000002074000002010001047E
S31502030BB00000002200000022000000900001090349
S31502030BC000000022000000220000007800010B034F
S31502030BD0000000220000002200000027000002039A
S31502030BE000000022C000002274000002000001037C
S31502030BF000000068000000680001000D00F039687B
S31502030C0000F039680001000D00000080000000803A
S31502030C1000010008000000800000008000010008B7
S31502030C2000000070000000700001000A000000705E
S31502030C30000000700001000A00000000000000002E
S31502030C40010000050000002000000020010000044E
S31502030C50C0000222C00002220000000300B20922E1
S31502030C60751015220000000301000200080010009F
S31502030C7020000D00000000003031323334353637A0
S31502030C8038396162636465663031323334353637F7
S31502030C90383941424344454608000000A5B90202D9
S31502030CA00000000008000000000000000000000031
S31502030CB004000000A1C0020205C1020204000000F2
S31502030CC00000000005C1020202000000000000004D
S31502030CD00000000001000000000000000000000008
S31502030CE0000000000100000079CE020201000000AC
S31502030CF000040000000000000000000000000000E5
S31502030D00434F503101001000083000000000061066
S31502030D1005000000050000000500000002000C05A6
S31502030D200F010100004000000040020001400000E4
S31502030D300000000002400000000000000340000023
S31502030D40000000000B01BF000C01BF000A015F0097
S31502030D5004010500064000000100000005400000F2
S31502030D60400200000440000006000000090180FF63
S31502030D700501010007010000000100000101000056
S31502030D8003010100020101001F01010010400000DE
S31502030D9000000000114000000000000012400000A5
S31502030DA00000000013400000000000001B015F006A
S31502030DB01C015F001A015F0012015F0011015F004F
S31502030DC013010F0016400000000600001540000044
S31502030DD0000600001440000010000000180180FF06
S31502030DE01401410021010200200101002201060033
S31502030DF02801000020400000B02800002140000026
S31502030E00E001000029010000224000001028000032
S31502030E1023400000A000000025010000260180FFF8
S31502030E2027017F00160107001501190017010F009C
S31502030E300D010A002D010E00240100002F010000FE
S31502030E400200000000400000000000000B015F00EA
S31502030E500C015F0004010F000640000000060000BB
S31502030E6005400000000600000440000010000000D8
S31502030E7005014100000101000101010010400000CB
S31502030E80004002002001020022010000204000006F
S31502030E90302B000021400000D00000002240000059
S31502030EA0902A000016010D0015010D002F01030003
S31502030EB003000000004000000040020000010000A1
S31502030EC001010000030100000201000010400000BE
S31502030ED000000000130107001801FDFF21010000B5
S31502030EE02001000020400000502C00002140000099
S31502030EF0A000000022400000002C00002340000056
S31502030F00500000001601070015011F001701070014
S31502030F102D011E0002000000004000000000000038
S31502030F20040107000901FDFF104000000040020012
S31502030F3013012F001540000000120000180180FF64
S31502030F402201040020400000D02E000021400000B0
S31502030F505002000022400000F02C00002340000053
S31502030F60E00100001601050015010D0017012F000F
S31502030F702D010E00020000000040000000400200A6
S31502030F8004012F000540000000120000090180FF42
S31502030F9003010100020101001040000000000000ED
S31502030FA01B012F001C012F001A012F0012012F0013
S31502030FB011012F0016400000000300001540000037
S31502030FC000090000210102002001020022010300A0
S31502030FD02040000000330000214000000002000010
S31502030FE022400000203100001601090015010B0002
S31502030FF017010F000D011A002D011E000300000048
S3150203100000400000000000000B012F000C012F001E
S315020310100A012F00064000000003000005400000FD
S315020310200009000003010000020100001040000055
S3150203103000B0010013010700154000000003000081
S315020310401801150021010000200100002201000001
S31502031050204000005035000021400000A00100009E
S31502031060224000000035000023400000500000002B
S3150203107016010F0015010F00170107000D011200DB
S31502031080020000000040000000B001000401070056
S31502031090054000000003000009011500104000008E
S315020310A00000000013012F00154000000009000094
S315020310B0180180FF2201040020400000D0380000FE
S315020310C0214000006002000022400000F0360000CA
S315020310D023400000E0010000160107001501090084
S315020310E017012F000D010A002D010E000200000058
S315020310F0004000000000000004012F00054000002C
S3150203110000090000090180FF00010100010101003D
S315020311100301010002010100104000000040020029
S3150203112021010200200102002201000020400000EA
S31502031130103D000021400000100200002240000082
S31502031140303B000016010B0015010F0017010F00BB
S3150203115003000000004000000040020000010000FE
S31502031160010100000301000002010000104000001B
S3150203117000000000130107001540000000030000F1
S315020311801801F9FF210100002001000020400000A0
S31502031190703F000021400000B00100002240000021
S315020311A0203F0000234000005000000016010F00FC
S315020311B0170107000D0112002D011E000200000097
S315020311C025400C00FD6DD4542640000000000000AB
S315020311D024403100CA9BB9410040000000B001001F
S315020311E00401070005400000000300000901150081
S315020311F0050141011801FCFF1401410116011F00FB
S3150203120015011F000D012E002D012E008D01120066
S315020312108F010100804000000000000081400000B1
S31502031220000000008240000000000000834000002E
S31502031230000000008B012F008C012F008A012F0072
S315020312408640000000030000854000000003000002
S3150203125084400000100000008901F9FF8501410066
S3150203126080010000060001000040000000000000AB
S315020312700901FCFF05014100104000000090000037
S3150203128013012F001540000000090000180180FF1A
S315020312901401410022010400204000000043000023
S315020312A021400000600200002240000020410000AD
S315020312B023400000E00100001601070015010900A2
S315020312C017012F000D010A002D010E000200000076
S315020312D0004000000090000004012F0005400000BA
S315020312E000090000090180FF030101000201010058
S315020312F010400000000000001B0117001C0117002C
S315020313001A011700120117001101170016400000F7
S315020313108001000015400000800400002101020044
S315020313202001020022010300204000004047000082
S315020313302140000000020000224000006045000038
S315020313401601090015010B0017010F000D011A0002
S315020313502D011E00030000000040000000000000F3
S315020313600B0117000C0117000A01170006400000C3
S315020313708001000005400000800400000301000014
S315020313800201000010400000006C000013010F0070
S315020313901540000080010000180100002101000031
S315020313A0200100002201000020400000E049000065
S315020313B02140000050030000224000004049000083
S315020313C023400000A00000001601070015010D00CE
S315020313D00D010A000200000000400000006C00003C
S315020313E004010F000540000080010000090100000E
S315020313F0104000000090000013015F00154000003A
S3150203140000090000180180FF20400000F050000090
S3150203141021400000D007000022400000304D0000AA
S3150203142023400000C00300001601050015010B004E
S3150203143017012F002D010E000200000000400000DC
S315020314400090000004015F0005400000000900004F
S31502031450090180FF000101000101010003010100EE
S315020314600201010010400000006801002101020090
S315020314702001020020400000805C000021400000A1
S31502031480F003000022400000C058000016010D00C0
S3150203149015010D0017010F000300000000400000B4
S315020314A000680100000100000101000003010000C1
S315020314B002010000104000000000000013010F00AB
S315020314C01540000080010000180100002101000000
S315020314D020010000204000001061000021400000AE
S315020314E0F005000022400000706000002340000067
S315020314F0A0000000160107002D011E0002000000D5
S3150203150025400C008762FF7D244031000000004025
S3150203151000400000006C000004010F0005400000BB
S315020315208001000009010000050141011401410186
S3150203153016011500150115000D012E002D012E00B1
S315020315408B0117008C0117008A01170086400000E1
S31502031550800100008540000080010000890100002F
S315020315602F010000060001000040000000000000F9
S3150203157005014100104000000024000013015F0032
S315020315801540000000090000180180FF1401410004
S3150203159020400000C06A000021400000D00700007E
S315020315A0224000000067000023400000C003000041
S315020315B01601050015010B0017012F000D010A0084
S315020315C02D010E002F01030002000000004000005F
S315020315D00024000004015F0005400000000900002A
S315020315E0090180FF0001010001010100030101005D
S315020315F0020101001040000000FC0000210102006C
S315020316002001020020400000507600002140000025
S31502031610F0030000224000009072000016010D0044
S3150203162015010D0017010F00030000000040000022
S3150203163000FC00000001000001010000030100009C
S3150203164002010000104000000024000013010F00F5
S3150203165015400000800100001801F8FF2101000077
S315020316602001000020400000E07A00002140000033
S31502031670F005000022400000407A000023400000EB
S31502031680A0000000160107002D011E000200000043
S3150203169025400C00E906525F0040000000000000EE
S315020316A004010F000540000080010000090100004B
S315020316B00501410114014101160115001501150029
S315020316C00D012E002D012E00804000000024000093
S315020316D08901F8FF2F010000060001000040000007
S315020316E0002400000901F8FF050141001040000033
S315020316F00048000013015F001540000000090000C6
S31502031700180180FF1401410020400000908400006C
S3150203171021400000D007000022400000D0800000D4
S3150203172023400000C00300001601050015010B004B
S3150203173017012F000D010A002D010E002F010300D0
S3150203174002000000004000000048000004015F00A0
S315020317500540000000090000090180FF1040000057
S315020317600000000013011F001540000000030000E3
S3150203177020400000A08D000021400000100C000054
S3150203178022400000608C000023400000400100005C
S31502031790160103001501170017011F0002000000BE
S315020317A0004000000000000004011F000540000085
S315020317B00003000010400000009000001301020025
S315020317C0164000000100000015400000480000001A
S315020317D014400000030000001801DDFF140101009C
S315020317E020400000D099000021400000A000000024
S315020317F022400000B09900002340000020000000B0
S3150203180016010700170107000D0112002D011E0024
S315020318102F010200020000000040000000900000B9
S315020318200B013F020C013F020A0102000401000000
S31502031830064000000100000005400000030000000E
S3150203184004400000010000000901DDFF050101005B
S3150203185010400000C09600001B013F021C013F021C
S315020318601A01000012013F021101000013010000D8
S3150203187015400000010000001440000001000000B2
S315020318802001020016011B00150101000D010A00C9
S315020318900500000030010000304000007023000004
S315020318A0310103013140000000B80000324000005C
S315020318B000040000100000002540000001000000A3
S315020318C02640000001000000244000000100000041
S315020318D00B0117000C0117000A011700040102008D
S315020318E00540000048000000044000000300000019
S315020318F010400000000000001B0117001C01170026
S315020319001A01170012011700110117001301020031
S315020319101640000000060000154000000006000005
S31502031920144000004000000018017F001401450125
S315020319302501103016010900150115000D012E00AF
S315020319402D012E008D010A0080400000C096000082
S3150203195086400000010000008540000018000000D8
S3150203196084400000010000008901DDFF85010100BA
S31502031970800104002F01000011000000060002008E
S3150203198000400000000000000640000000060000C0
S31502031990054000000006000004400000400000006D
S315020319A009010000050149001040000000900000F3
S315020319B0164000000400000015400000200100004C
S315020319C0144000000C0000001801DDFF140105801D
S315020319D02501000026015DFF27015C008D0112002F
S315020319E08F01000080400000702700008B01000079
S315020319F08C0100008A0100008640000004000000FA
S31502031A00854000000400000084400000040000003A
S31502031A108901000085010900800107002F010300E7
S31502031A200600080000400000009000000640000087
S31502031A3004000000054000002001000004400000ED
S31502031A400C000000050109001040000000B001006F
S31502031A5013010000164000000006000015400000B6
S31502031A600006000014400000400000001401450176
S31502031A7020010000160105000D0112002D011E00B2
S31502031A80050002000040000000B00100040100004E
S31502031A9006400000000600000540000000060000A4
S31502031AA00440000040000000050149001040000008
S31502031AB0004002001401450016010300150111003E
S31502031AC00D012E002D012E00060007000040000026
S31502031AD0004002001040000000900000140145017E
S31502031AE080400000802700008001430006000200B8
S31502031AF010400000002001008040000090270000F3
S31502031B0080010300060002000040000000B001004D
S31502031B10140145008F0101008040000000200100EE
S31502031B208B0117008C0117008A01170086400000FB
S31502031B300006000085400000000600008440000005
S31502031B4040000000850149008001000006000900EB
S31502031B500040000000200100140145018F0100002E
S31502031B6080400000A02700008B0100008C010000CA
S31502031B708A01000086400000040000008540000040
S31502031B8004000000844000000400000085010900EF
S31502031B908001030006000200140145008040000094
S31502031BA090270000060009002440010001000000FE
S31502031BB01801000014014501260180FF27017F0059
S31502031BC080400000B02700000600010024401F00E9
S31502031BD00000004010400000004002008040000068
S31502031BE0C027000006000000244000000100000098
S31502031BF0004000000040020080400000D0270000A1
S31502031C000600010024401F000000004010400000AF
S31502031C1000B001008F010100804000000020010096
S31502031C208B0117008C0117008A01170086400000FA
S31502031C300006000085400000000600008440000004
S31502031C4040000000850149008001000006000000F3
S31502031C5024400000010000000040000000B0010023
S31502031C608F01000080400000E02700008B01000086
S31502031C708C0100008A010000864000000400000077
S31502031C8085400000040000008440000004000000B8
S31502031C9085010900800143000600020024401F005B
S31502031CA00000004000400000004002008F010100D6
S31502031CB08040000000B001008B0117008C01170061
S31502031CC08A011700864000000006000085400000D6
S31502031CD00006000084400000400000008501490020
S31502031CE080010000060000002440000001000000FD
S31502031CF00040000000B001001801DDFF26015DFF70
S31502031D0027015C008F01000080400000F0270000DD
S31502031D108B0100008C0100008A010000864000004E
S31502031D200400000085400000040000008440000017
S31502031D30040000008501090080010300060000007B
S31502031D40004000000040020018010000260180FF47
S31502031D5027017F008F0101008040000000B00100CF
S31502031D608B0117008C0117008A01170086400000B9
S31502031D7000060000854000000006000084400000C3
S31502031D8040000000850149008001000006000100B1
S31502031D9024401F00000000400040000000B0010084
S31502031DA010400000004002008040000000200100B5
S31502031DB0060000002440000001000000004000006D
S31502031DC0004002008F01000080400000E02700006F
S31502031DD08B0100008C0100008A010000864000008E
S31502031DE00400000085400000040000008440000057
S31502031DF00400000085010900800143000600020079
S31502031E0024401F00000000400040000000B0010013
S31502031E108F01010080400000004002008B01170081
S31502031E208C0117008A011700864000000006000095
S31502031E3085400000000600008440000040000000C8
S31502031E4085014900800100000600000024400000CD
S31502031E500100000000400000004002001801DDFFFF
S31502031E6026015DFF27015C008F0100008040000010
S31502031E70F02700008B0100008C0100008A0100009C
S31502031E8086400000040000008540000004000000B4
S31502031E90844000000400000085010900800103005C
S31502031EA0060000000040000000B001001801000017
S31502031EB0260180FF27017F008F0101008040000079
S31502031EC0004002008B0117008C0117008A011700DC
S31502031ED08640000000060000854000000006000060
S31502031EE08440000040000000850149008001000093
S31502031EF00600010024401F000000004000400000CD
S31502031F00004002001040000000B0010080400000C3
S31502031F10002001000600000024400000010000002A
S31502031F200040000000B001008F0100008040000065
S31502031F30E02700008B0100008C0100008A010000EB
S31502031F4086400000040000008540000004000000F3
S31502031F50844000000400000085010900800143005B
S31502031F600600020024401F0000000040004000005B
S31502031F70004002008F0101008040000000B0010012
S31502031F808B0117008C0117008A0117008640000097
S31502031F9000060000854000000006000084400000A1
S31502031FA04000000085014900800100000600000090
S31502031FB024400000010000000040000000B00100C0
S31502031FC01801DDFF26015DFF27015C008F0100007A
S31502031FD080400000F02700008B0100008C01000006
S31502031FE08A010000864000000400000085400000CC
S31502031FF0040000008440000004000000850109007B
S3150203200080010300060000000040000000400200B9
S3150203201018010000260180FF27017F008F010100BE
S315020320208040000000B001008B0117008C011700ED
S315020320308A01170086400000000600008540000062
S3150203204000060000844000004000000085014900AC
S3150203205080010000060001000040000000B00100FC
S315020320608F01000080400000002800008B01000061
S315020320708C0100008A010000864000000400000073
S3150203208085400000040000008440000004000000B4
S3150203209085010900800103000600000024401F0099
S315020320A0000000400040000000000000040102009E
S315020320B0104000000020010013010200160109006E
S315020320C0150115008F0101008040000000B00100D8
S315020320D08B0117008C0117008A0117008640000046
S315020320E00006000085400000000600008440000050
S315020320F04000000085014900800104002F01000011
S315020321000600000024400000010000000040000019
S3150203211000200100104000000000000016400000ED
S3150203212001000000154000004800000014400000B2
S3150203213003000000180180FF1401018080400000A3
S31502032140009000002F010300060008000000FFFFB5
S315020321505014000000000000000000000000000010
S315020321600000000000000000000000000000000064
S315020321700000000000000000000000000000000054
S315020321800000000000000000000000000000000044
S315020321900000000000000000000000000000000034
S315020321A00000000000000000000000000000000024
S315020321B00000000000000000000000000000000014
S315020321C00000000000000000000000000000000004
S315020321D000000000000000000000000000000000F4
S315020321E000000000000000000000000000000000E4
S315020321F000000000000000000000000000000000D4
S3150203220000000000000000000000000000000000C3
S3150203221000000000000000000000000000000000B3
S3150203222000000000000000000000000000000000A3
S315020322300000000000000000000000000000000093
S315020322400000000000000000000000000000000083
S315020322500000000000000000000000000000000073
S315020322600000000000000000000000000000000063
S315020322700000000000000000000000000000000053
S315020322800000000000000000000000000000000043
S315020322900000000000000000000000000000000033
S315020322A00000000000000000000000000000000023
S315020322B00000000000000000000000000000000013
S315020322C00000000000000000000000000000000003
S315020322D000000000000000000000000000000000F3
S315020322E000000000000000000000000000000000E3
S315020322F000000000000000000000000000000000D3
S3150203230000000000000000000000000000000000C2
S3150203231000000000000000000000000000000000B2
S3150203232000000000000000000000000000000000A2
S315020323300000000000000000000000000000000092
S315020323400000000000000000000000000000000082
S315020323500000000000000000000000000000000072
S315020323600000000000000000000000000000000062
S315020323700000000000000000000000000000000052
S315020323800000000000000000000000000000000042
S315020323900000000000000000000000000000000032
S315020323A00000000000000000000000000000000022
S315020323B00000000000000000000000000000000012
S315020323C00000000000000000000000000000000002
S315020323D000000000000000000000000000000000F2
S315020323E000000000000000000000000000000000E2
S315020323F000000000000000000000000000000000D2
S3150203240000000000000000000000000000000000C1
S3150203241000000000000000000000000000000000B1
S3150203242000000000000000000000000000000000A1
S315020324300000000000000000000000000000000091
S315020324400000000000000000000000000000000081
S315020324500000000000000000000000000000000071
S315020324600000000000000000000000000000000061
S315020324700000000000000000000000000000000051
S315020324800000000000000000000000000000000041
S315020324900000000000000000000000000000000031
S315020324A00000000000000000000000000000000021
S315020324B00000000000000000000000000000000011
S315020324C00000000000000000000000000000000001
S315020324D000000000000000000000000000000000F1
S315020324E000000000000000000000000000000000E1
S315020324F000000000000000000000000000000000D1
S3150203250000000000000000000000000000000000C0
S3150203251000000000000000000000000000000000B0
S3150203252000000000000000000000000000000000A0
S315020325300000000000000000000000000000000090
S315020325400000000000000000000000000000000080
S315020325500000000000000000000000000000000070
S315020325600000000000000000000000000000000060
S315020325700000000000000000000000000000000050
S315020325800000000000000000000000000000000040
S315020325900000000000000000000000000000000030
S315020325A00000000000000000000000000000000020
S315020325B00000000000000000000000000000000010
S315020325C00000000000000000000000000000000000
S315020325D000000000000000000000000000000000F0
S315020325E000000000000000000000000000000000E0
S315020325F000000000000000000000000000000000D0
S3150203260000000000000000000000000000000000BF
S3150203261000000000000000000000000000000000AF
S31502032620000000000000000000000000000000009F
S31502032630000000000000000000000000000000008F
S31502032640000000000000000000000000000000007F
S31502032650000000000000000000000000000000006F
S31502032660000000000000000000000000000000005F
S31502032670000000000000000000000000000000004F
S31502032680000000000000000000000000000000003F
S31502032690000000000000000000000000000000002F
S315020326A0000000000000000000000000000000001F
S315020326B0000000000000000000000000000000000F
S315020326C000000000000000000000000000000000FF
S315020326D000000000000000000000000000000000EF
S315020326E000000000000000000000000000000000DF
S315020326F000000000000000000000000000000000CF
S3150203270000000000000000000000000000000000BE
S3150203271000000000000000000000000000000000AE
S31502032720000000000000000000000000000000009E
S31502032730000000000000000000000000000000008E
S31502032740000000000000000000000000000000007E
S31502032750000000000000000000000000000000006E
S31502032760000000000000000000000000000000005E
S31502032770000000000000000000000000000000004E
S31502032780000000000000000000000000000000003E
S31502032790000000000000000000000000000000002E
S315020327A0000000000000000000000000000000001E
S315020327B0000000000000000000000000000000000E
S315020327C000000000000000000000000000000000FE
S315020327D000000000000000000000000000000000EE
S315020327E000000000000000000000000000000000DE
S315020327F000000000000000000000000000000000CE
S3150203280000000000000000000000000000000000BD
S3150203281000000000000000000000000000000000AD
S31502032820000000000000000000000000000000009D
S31502032830000000000000000000000000000000008D
S31502032840000000000000000000000000000000007D
S31502032850000000000000000000000000000000006D
S31502032860000000000000000000000000000000005D
S31502032870000000000000000000000000000000004D
S31502032880000000000000000000000000000000003D
S31502032890000000000000000000000000000000002D
S315020328A0000000000000000000000000000000001D
S315020328B0000000000000000000000000000000000D
S315020328C000000000000000000000000000000000FD
S315020328D000000000000000000000000000000000ED
S315020328E000000000000000000000000000000000DD
S315020328F000000000000000000000000000000000CD
S3150203290000000000000000000000000000000000BC
S3150203291000000000000000000000000000000000AC
S31502032920000000000000000000000000000000009C
S31502032930000000000000000000000000000000008C
S31502032940000000000000000000000000000000007C
S31502032950000000000000000000000000000000006C
S31502032960000000000000000000000000000000005C
S31502032970000000000000000000000000000000004C
S31502032980000000000000000000000000000000003C
S31502032990000000000000000000000000000000002C
S315020329A0000000000000000000000000000000001C
S315020329B0000000000000000000000000000000000C
S315020329C000000000000000000000000000000000FC
S315020329D000000000000000000000000000000000EC
S315020329E000000000000000000000000000000000DC
S315020329F000000000000000000000000000000000CC
S31502032A0000000000000000000000000000000000BB
S31502032A1000000000000000000000000000000000AB
S31502032A20000000000000000000000000000000009B
S31502032A30000000000000000000000000000000008B
S31502032A40000000000000000000000000000000007B
S31502032A50000000000000000000000000000000006B
S31502032A60000000000000000000000000000000005B
S31502032A70000000000000000000000000000000004B
S31502032A80000000000000000000000000000000003B
S31502032A90000000000000000000000000000000002B
S31502032AA0000000000000000000000000000000001B
S31502032AB0000000000000000000000000000000000B
S31502032AC000000000000000000000000000000000FB
S31502032AD000000000000000000000000000000000EB
S31502032AE000000000000000000000000000000000DB
S31502032AF000000000000000000000000000000000CB
S31502032B0000000000000000000000000000000000BA
S31502032B1000000000000000000000000000000000AA
S31502032B20000000000000000000000000000000009A
S31502032B30000000000000000000000000000000008A
S31502032B40000000000000000000000000000000007A
S31502032B50000000000000000000000000000000006A
S31502032B60000000000000000000000000000000005A
S31502032B70000000000000000000000000000000004A
S31502032B80000000000000000000000000000000003A
S31502032B90000000000000000000000000000000002A
S31502032BA0000000000000000000000000000000001A
S31502032BB0000000000000000000000000000000000A
S31502032BC000000000000000000000000000000000FA
S31502032BD000000000000000000000000000000000EA
S31502032BE000000000000000000000000000000000DA
S31502032BF000000000000000000000000000000000CA
S31502032C0000000000000000000000000000000000B9
S31502032C1000000000000000000000000000000000A9
S31502032C200000000000000000000000000000000099
S31502032C300000000000000000000000000000000089
S31502032C400000000000000000000000000000000079
S31502032C500000000000000000000000000000000069
S31502032C600000000000000000000000000000000059
S31502032C700000000000000000000000000000000049
S31502032C800000000000000000000000000000000039
S31502032C900000000000000000000000000000000029
S31502032CA00000000000000000000000000000000019
S31502032CB00000000000000000000000000000000009
S31502032CC000000000000000000000000000000000F9
S31502032CD000000000000000000000000000000000E9
S31502032CE000000000000000000000000000000000D9
S31502032CF000000000000000000000000000000000C9
S31502032D0000000000000000000000000000000000B8
S31502032D1000000000000000000000000000000000A8
S31502032D200000000000000000000000000000000098
S31502032D300000000000000000000000000000000088
S31502032D400000000000000000000000000000000078
S31502032D500000000000000000000000000000000068
S31502032D600000000000000000000000000000000058
S31502032D700000000000000000000000000000000048
S31502032D800000000000000000000000000000000038
S31502032D900000000000000000000000000000000028
S31502032DA00000000000000000000000000000000018
S31502032DB00000000000000000000000000000000008
S31502032DC000000000000000000000000000000000F8
S31502032DD000000000000000000000000000000000E8
S31502032DE000000000000000000000000000000000D8
S31502032DF000000000000000000000000000000000C8
S31502032E0000000000000000000000000000000000B7
S31502032E1000000000000000000000000000000000A7
S31502032E200000000000000000000000000000000097
S31502032E300000000000000000000000000000000087
S31502032E400000000000000000000000000000000077
S31502032E500000000000000000000000000000000067
S31502032E600000000000000000000000000000000057
S31502032E700000000000000000000000000000000047
S31502032E800000000000000000000000000000000037
S31502032E900000000000000000000000000000000027
S31502032EA00000000000000000000000000000000017
S31502032EB00000000000000000000000000000000007
S31502032EC000000000000000000000000000000000F7
S31502032ED000000000000000000000000000000000E7
S31502032EE000000000000000000000000000000000D7
S31502032EF000000000000000000000000000000000C7
S31502032F0000000000000000000000000000000000B6
S31502032F1000000000000000000000000000000000A6
S31502032F200000000000000000000000000000000096
S31502032F300000000000000000000000000000000086
S31502032F400000000000000000000000000000000076
S31502032F500000000000000000000000000000000066
S31502032F600000000000000000000000000000000056
S31502032F700000000000000000000000000000000046
S31502032F800000000000000000000000000000000036
S31502032F900000000000000000000000000000000026
S31502032FA00000000000000000000000000000000016
S31502032FB00000000000000000000000000000000006
S31502032FC000000000000000000000000000000000F6
S31502032FD000000000000000000000000000000000E6
S31502032FE000000000000000000000000000000000D6
S31502032FF000000000000000000000000000000000C6
S3150203300000000000000000000000000000000000B5
S3150203301000000000000000000000000000000000A5
S315020330200000000000000000000000000000000095
S315020330300000000000000000000000000000000085
S315020330400000000000000000000000000000000075
S315020330500000000000000000000000000000000065
S315020330600000000000000000000000000000000055
S315020330700000000000000000000000000000000045
S315020330800000000000000000000000000000000035
S315020330900000000000000000000000000000000025
S315020330A00000000000000000000000000000000015
S315020330B00000000000000000000000000000000005
S315020330C000000000000000000000000000000000F5
S315020330D000000000000000000000000000000000E5
S315020330E000000000000000000000000000000000D5
S315020330F000000000000000000000000000000000C5
S3150203310000000000000000000000000000000000B4
S3150203311000000000000000000000000000000000A4
S315020331200000000000000000000000000000000094
S315020331300000000000000000000000000000000084
S315020331400000000000000000000000000000000074
S315020331500000000000000000000000000000000064
S315020331600000000000000000000000000000000054
S315020331700000000000000000000000000000000044
S315020331800000000000000000000000000000000034
S315020331900000000000000000000000000000000024
S315020331A00000000000000000000000000000000014
S315020331B00000000000000000000000000000000004
S315020331C000000000000000000000000000000000F4
S315020331D000000000000000000000000000000000E4
S315020331E000000000000000000000000000000000D4
S315020331F000000000000000000000000000000000C4
S3150203320000000000000000000000000000000000B3
S3150203321000000000000000000000000000000000A3
S315020332200000000000000000000000000000000093
S315020332300000000000000000000000000000000083
S315020332400000000000000000000000000000000073
S315020332500000000000000000000000000000000063
S315020332600000000000000000000000000000000053
S315020332700000000000000000000000000000000043
S315020332800000000000000000000000000000000033
S315020332900000000000000000000000000000000023
S315020332A00000000000000000000000000000000013
S315020332B00000000000000000000000000000000003
S315020332C000000000000000000000000000000000F3
S315020332D000000000000000000000000000000000E3
S315020332E000000000000000000000000000000000D3
S315020332F000000000000000000000000000000000C3
S3150203330000000000000000000000000000000000B2
S3150203331000000000000000000000000000000000A2
S315020333200000000000000000000000000000000092
S315020333300000000000000000000000000000000082
S315020333400000000000000000000000000000000072
S315020333500000000000000000000000000000000062
S315020333600000000000000000000000000000000052
S315020333700000000000000000000000000000000042
S315020333800000000000000000000000000000000032
S315020333900000000000000000000000000000000022
S315020333A00000000000000000000000000000000012
S315020333B00000000000000000000000000000000002
S315020333C000000000000000000000000000000000F2
S315020333D000000000000000000000000000000000E2
S315020333E000000000000000000000000000000000D2
S315020333F000000000000000000000000000000000C2
S3150203340000000000000000000000000000000000B1
S3150203341000000000000000000000000000000000A1
S315020334200000000000000000000000000000000091
S315020334300000000000000000000000000000000081
S315020334400000000000000000000000000000000071
S315020334500000000000000000000000000000000061
S315020334600000000000000000000000000000000051
S315020334700000000000000000000000000000000041
S315020334800000000000000000000000000000000031
S315020334900000000000000000000000000000000021
S315020334A00000000000000000000000000000000011
S315020334B00000000000000000000000000000000001
S315020334C000000000000000000000000000000000F1
S315020334D000000000000000000000000000000000E1
S315020334E000000000000000000000000000000000D1
S315020334F000000000000000000000000000000000C1
S3150203350000000000000000000000000000000000B0
S3150203351000000000000000000000000000000000A0
S315020335200000000000000000000000000000000090
S315020335300000000000000000000000000000000080
S315020335400000000000000000000000000000000070
S315020335500000000000000000000000000000000060
S315020335600000000000000000000000000000000050
S315020335700000000000000000000000000000000040
S315020335800000000000000000000000000000000030
S315020335900000000000000000000000000000000020
S315020335A00000000000000000000000000000000010
S315020335B00000000000000000000000000000000000
S315020335C000000000000000000000000000000000F0
S315020335D000000000000000000000000000000000E0
S315020335E000000000000000000000000000000000D0
S315020335F000000000000000000000000000000000C0
S3150203360000000000000000000000000000000000AF
S31502033610000000000000000000000000000000009F
S31502033620000000000000000000000000000000008F
S31502033630000000000000000000000000000000007F
S31502033640000000000000000000000000000000006F
S31502033650000000000000000000000000000000005F
S31502033660000000000000000000000000000000004F
S31502033670000000000000000000000000000000003F
S31502033680000000000000000000000000000000002F
S31502033690000000000000000000000000000000001F
S315020336A0000000000000000000000000000000000F
S315020336B000000000000000000000000000000000FF
S315020336C000000000000000000000000000000000EF
S315020336D000000000000000000000000000000000DF
S315020336E000000000000000000000000000000000CF
S315020336F000000000000000000000000000000000BF
S3150203370000000000000000000000000000000000AE
S31502033710000000000000000000000000000000009E
S31502033720000000000000000000000000000000008E
S31502033730000000000000000000000000000000007E
S31502033740000000000000000000000000000000006E
S31502033750000000000000000000000000000000005E
S31502033760000000000000000000000000000000004E
S31502033770000000000000000000000000000000003E
S31502033780000000000000000000000000000000002E
S31502033790000000000000000000000000000000001E
S315020337A0000000000000000000000000000000000E
S315020337B000000000000000000000000000000000FE
S315020337C000000000000000000000000000000000EE
S315020337D000000000000000000000000000000000DE
S315020337E000000000000000000000000000000000CE
S315020337F000000000000000000000000000000000BE
S3150203380000000000000000000000000000000000AD
S31502033810000000000000000000000000000000009D
S31502033820000000000000000000000000000000008D
S31502033830000000000000000000000000000000007D
S31502033840000000000000000000000000000000006D
S31502033850000000000000000000000000000000005D
S31502033860000000000000000000000000000000004D
S31502033870000000000000000000000000000000003D
S31502033880000000000000000000000000000000002D
S31502033890000000000000000000000000000000001D
S315020338A0000000000000000000000000000000000D
S315020338B000000000000000000000000000000000FD
S315020338C000000000000000000000000000000000ED
S315020338D000000000000000000000000000000000DD
S315020338E000000000000000000000000000000000CD
S315020338F000000000000000000000000000000000BD
S3150203390000000000000000000000000000000000AC
S31502033910000000000000000000000000000000009C
S31502033920000000000000000000000000000000008C
S31502033930000000000000000000000000000000007C
S31502033940000000000000000000000000000000006C
S31502033950000000000000000000000000000000005C
S31502033960000000000000000000000000000000004C
S31502033970000000000000000000000000000000003C
S31502033980000000000000000000000000000000002C
S31502033990000000000000000000000000000000001C
S315020339A0000000000000000000000000000000000C
S315020339B000000000000000000000000000000000FC
S315020339C000000000000000000000000000000000EC
S315020339D000000000000000000000000000000000DC
S315020339E000000000000000000000000000000000CC
S315020339F000000000000000000000000000000000BC
S31502033A0000000000000000000000000000000000AB
S31502033A10000000000000000000000000000000009B
S31502033A20000000000000000000000000000000008B
S31502033A30000000000000000000000000000000007B
S31502033A40000000000000000000000000000000006B
S31502033A50000000000000000000000000000000005B
S31502033A60000000000000000000000000000000004B
S31502033A70000000000000000000000000000000003B
S31502033A80000000000000000000000000000000002B
S31502033A90000000000000000000000000000000001B
S31502033AA0000000000000000000000000000000000B
S31502033AB000000000000000000000000000000000FB
S31502033AC000000000000000000000000000000000EB
S31502033AD000000000000000000000000000000000DB
S31502033AE000000000000000000000000000000000CB
S31502033AF000000000000000000000000000000000BB
S31502033B0000000000000000000000000000000000AA
S31502033B10000000000000000000000000000000009A
S31502033B20000000000000000000000000000000008A
S31502033B30000000000000000000000000000000007A
S31502033B40000000000000000000000000000000006A
S31502033B50000000000000000000000000000000005A
S31502033B60000000000000000000000000000000004A
S31502033B70000000000000000000000000000000003A
S31502033B80000000000000000000000000000000002A
S31502033B90000000000000000000000000000000001A
S31502033BA0000000000000000000000000000000000A
S31502033BB000000000000000000000000000000000FA
S31502033BC000000000000000000000000000000000EA
S31502033BD000000000000000000000000000000000DA
S31502033BE000000000000000000000000000000000CA
S31502033BF000000000000000000000000000000000BA
S31502033C0000000000000000000000000000000000A9
S31502033C100000000000000000000000000000000099
S31502033C200000000000000000000000000000000089
S31502033C300000000000000000000000000000000079
S31502033C400000000000000000000000000000000069
S31502033C500000000000000000000000000000000059
S31502033C600000000000000000000000000000000049
S31502033C700000000000000000000000000000000039
S31502033C800000000000000000000000000000000029
S31502033C900000000000000000000000000000000019
S31502033CA00000000000000000000000000000000009
S31502033CB000000000000000000000000000000000F9
S31502033CC000000000000000000000000000000000E9
S31502033CD000000000000000000000000000000000D9
S31502033CE000000000000000000000000000000000C9
S31502033CF000000000000000000000000000000000B9
S31502033D0000000000000000000000000000000000A8
S31502033D100000000000000000000000000000000098
S31502033D200000000000000000000000000000000088
S31502033D300000000000000000000000000000000078
S31502033D400000000000000000000000000000000068
S31502033D500000000000000000000000000000000058
S31502033D600000000000000000000000000000000048
S31502033D700000000000000000000000000000000038
S31502033D800000000000000000000000000000000028
S31502033D900000000000000000000000000000000018
S31502033DA00000000000000000000000000000000008
S31502033DB000000000000000000000000000000000F8
S31502033DC000000000000000000000000000000000E8
S31502033DD000000000000000000000000000000000D8
S31502033DE000000000000000000000000000000000C8
S31502033DF000000000000000000000000000000000B8
S31502033E0000000000000000000000000000000000A7
S31502033E100000000000000000000000000000000097
S31502033E200000000000000000000000000000000087
S31502033E300000000000000000000000000000000077
S31502033E400000000000000000000000000000000067
S31502033E500000000000000000000000000000000057
S31502033E600000000000000000000000000000000047
S31502033E700000000000000000000000000000000037
S31502033E800000000000000000000000000000000027
S31502033E900000000000000000000000000000000017
S31502033EA00000000000000000000000000000000007
S31502033EB000000000000000000000000000000000F7
S31502033EC000000000000000000000000000000000E7
S31502033ED000000000000000000000000000000000D7
S31502033EE000000000000000000000000000000000C7
S31502033EF000000000000000000000000000000000B7
S31502033F0000000000000000000000000000000000A6
S31502033F100000000000000000000000000000000096
S31502033F200000000000000000000000000000000086
S31502033F300000000000000000000000000000000076
S31502033F400000000000000000000000000000000066
S31502033F500000000000000000000000000000000056
S31502033F600000000000000000000000000000000046
S31502033F700000000000000000000000000000000036
S31502033F800000000000000000000000000000000026
S31502033F900000000000000000000000000000000016
S31502033FA00000000000000000000000000000000006
S31502033FB000000000000000000000000000000000F6
S31502033FC000000000000000000000000000000000E6
S31502033FD000000000000000000000000000000000D6
S31502033FE000000000000000000000000000000000C6
S31502033FF000000000000000000000000000000000B6
S3150203400000000000000000000000000000000000A5
S315020340100000000000000000000000000000000095
S315020340200000000000000000000000000000000085
S315020340300000000000000000000000000000000075
S315020340400000000000000000000000000000000065
S315020340500000000000000000000000000000000055
S315020340600000000000000000000000000000000045
S315020340700000000000000000000000000000000035
S315020340800000000000000000000000000000000025
S315020340900000000000000000000000000000000015
S315020340A00000000000000000000000000000000005
S315020340B000000000000000000000000000000000F5
S315020340C000000000000000000000000000000000E5
S315020340D000000000000000000000000000000000D5
S315020340E000000000000000000000000000000000C5
S315020340F000000000000000000000000000000000B5
S3150203410000000000000000000000000000000000A4
S315020341100000000000000000000000000000000094
S315020341200000000000000000000000000000000084
S315020341300000000000000000000000000000000074
S315020341400000000000000000000000000000000064
S315020341500000000000000000000000000000000054
S315020341600000000000000000000000000000000044
S315020341700000000000000000000000000000000034
S315020341800000000000000000000000000000000024
S315020341900000000000000000000000000000000014
S315020341A00000000000000000000000000000000004
S315020341B000000000000000000000000000000000F4
S315020341C000000000000000000000000000000000E4
S315020341D000000000000000000000000000000000D4
S315020341E000000000000000000000000000000000C4
S315020341F000000000000000000000000000000000B4
S3150203420000000000000000000000000000000000A3
S315020342100000000000000000000000000000000093
S315020342200000000000000000000000000000000083
S315020342300000000000000000000000000000000073
S315020342400000000000000000000000000000000063
S315020342500000000000000000000000000000000053
S315020342600000000000000000000000000000000043
S315020342700000000000000000000000000000000033
S315020342800000000000000000000000000000000023
S315020342900000000000000000000000000000000013
S315020342A00000000000000000000000000000000003
S315020342B000000000000000000000000000000000F3
S315020342C000000000000000000000000000000000E3
S315020342D000000000000000000000000000000000D3
S315020342E000000000000000000000000000000000C3
S315020342F000000000000000000000000000000000B3
S3150203430000000000000000000000000000000000A2
S315020343100000000000000000000000000000000092
S315020343200000000000000000000000000000000082
S315020343300000000000000000000000000000000072
S315020343400000000000000000000000000000000062
S315020343500000000000000000000000000000000052
S315020343600000000000000000000000000000000042
S315020343700000000000000000000000000000000032
S315020343800000000000000000000000000000000022
S315020343900000000000000000000000000000000012
S315020343A00000000000000000000000000000000002
S315020343B000000000000000000000000000000000F2
S315020343C000000000000000000000000000000000E2
S315020343D000000000000000000000000000000000D2
S315020343E000000000000000000000000000000000C2
S315020343F000000000000000000000000000000000B2
S3150203440000000000000000000000000000000000A1
S315020344100000000000000000000000000000000091
S315020344200000000000000000000000000000000081
S315020344300000000000000000000000000000000071
S315020344400000000000000000000000000000000061
S315020344500000000000000000000000000000000051
S315020344600000000000000000000000000000000041
S315020344700000000000000000000000000000000031
S315020344800000000000000000000000000000000021
S315020344900000000000000000000000000000000011
S315020344A00000000000000000000000000000000001
S315020344B000000000000000000000000000000000F1
S315020344C000000000000000000000000000000000E1
S315020344D000000000000000000000000000000000D1
S315020344E000000000000000000000000000000000C1
S315020344F000000000000000000000000000000000B1
S3150203450000000000000000000000000000000000A0
S315020345100000000000000000000000000000000090
S315020345200000000000000000000000000000000080
S315020345300000000000000000000000000000000070
S315020345400000000000000000000000000000000060
S315020345500000000000000000000000000000000050
S315020345600000000000000000000000000000000040
S315020345700000000000000000000000000000000030
S315020345800000000000000000000000000000000020
S315020345900000000000000000000000000000000010
S315020345A00000000000000000000000000000000000
S315020345B000000000000000000000000000000000F0
S315020345C000000000000000000000000000000000E0
S315020345D000000000000000000000000000000000D0
S315020345E000000000000000000000000000000000C0
S315020345F000000000000000000000000000000000B0
S31502034600000000000000000000000000000000009F
S31502034610000000000000000000000000000000008F
S31502034620000000000000000000000000000000007F
S31502034630000000000000000000000000000000006F
S31502034640000000000000000000000000000000005F
S31502034650000000000000000000000000000000004F
S31502034660000000000000000000000000000000003F
S31502034670000000000000000000000000000000002F
S31502034680000000000000000000000000000000001F
S31502034690000000000000000000000000000000000F
S315020346A000000000000000000000000000000000FF
S315020346B000000000000000000000000000000000EF
S315020346C000000000000000000000000000000000DF
S315020346D000000000000000000000000000000000CF
S315020346E000000000000000000000000000000000BF
S315020346F000000000000000000000000000000000AF
S31502034700000000000000000000000000000000009E
S31502034710000000000000000000000000000000008E
S31502034720000000000000000000000000000000007E
S31502034730000000000000000000000000000000006E
S31502034740000000000000000000000000000000005E
S31502034750000000000000000000000000000000004E
S31502034760000000000000000000000000000000003E
S31502034770000000000000000000000000000000002E
S31502034780000000000000000000000000000000001E
S31502034790000000000000000000000000000000000E
S315020347A000000000000000000000000000000000FE
S315020347B000000000000000000000000000000000EE
S315020347C000000000000000000000000000000000DE
S315020347D000000000000000000000000000000000CE
S315020347E000000000010000000100000001000000BB
S315020347F0020000000300000004000000060000009F
S31502034800090000000D000000140000001D00000056
S315020348102A0000003D00000059000000810000004C
S31502034820BD00000013010000920100004A020000CD
S3150203483057030000E00400001D070000610A0000A0
S31502034840250F0000191600003E2000000B2F000062
S31502034850A54400002A6400002792000042D5000006
S315020348602D3701000DC6010088960200BBC6030060
S315020348709A820500470A080054BB0B004D1E11001D
S315020348806DFA18006A722400752E350083994D005D
S31502034890B93A7100EC37A5000514F100CFC45F01E4
S315020348A065480102A1F4EC0253D644047A9C3A0603
S315020348B033C616099E1B430D44F75913AC913C1C90
S315020348C0F78D332918711E3C43F0B857FFFFFF7F5C
S315020348D00C000000000000000000000000000000C1
S315020348E0230000000000000000000000000000009A
S315020348F001000000000000000000000000000000AC
S31502034900000000400000000000000000000000005C
S31502034910FFFFFF7F00000000000000000000000010
S31502034920C4C3C3C30000000000000000000000006F
S315020349305A5A5A5A00000000000000000000000004
S31502034940000000200000000000000000000000003C
S315020349500400000000000000000000000000000048
S31502034960020000000000000000000000000000003A
S31502034970000000C0FF4F6A9477378A5F00000093F6
S315020349803F445D268EB6FDFFFF8CE60D5226EDC033
S315020349900000004F18977629EAEB000000A433FEC5
S315020349A07628F6200000004BDCF270252B09030063
S315020349B0003C68BE5A2955DCFFFFFFF8263A7426E7
S315020349C0769402000032DB494B299DC60000003E65
S315020349D08A9E5D28D29D000000929FF25A270A43BF
S315020349E0160000DF53484E2B000000C0FFF1764449
S315020349F06937A748010000F72E457328613B01007A
S31502034A00002D32C64327000000C0FFE7C8C85A3A42
S31502034A10C80554018CF2FF40DA3D033B97C6E4BA5C
S31502034A200306FB378143BF940823D8710CFC334832
S31502034A303CE6FD3BC340DF2CFE0E8CDBADC3B7FC6D
S31502034A40FE7ABA6D1DDA01FEDF14D3FEF131A1E05F
S31502034A502AE17A691FFF8C8FF6607E6C45ECC7C725
S31502034A60F82F04DED39E4E02F73FB0EFEF0606EDB4
S31502034A70E7E686DF2703E776D22170DE7639D73C6F
S31502034A8032DF0786BB4D92630DFF77CBEAE27C36B4
S31502034A9003BBD0BABB7FAEE91F43A95F19FCB98F2B
S31502034AA05F8918C836A3423EEAFDE3D7C0C796CD4F
S31502034AB0FCE950E5FF7F2E60A89DC78C39F9740681
S31502034AC0EEAAEBFA46805BDDA60283905A6713C011
S31502034AD03F062E25D9698361F36EBA815F8FA2AF32
S31502034AE0C79DF3EB1EFF66EE4329E8F0D159A304F3
S31502034AF020D9C7F706808FCF2BD4F5343FFE4DFF5F
S31502034B00FFFFFFFFFFFFFFFFFFFFFFFFFFFFFF3079
S31502034B10004009000019E00494FD840199FA9B39C7
S31502034B20AFD63F1276BD07E660103A85C4DF1DFE97
S31502034B30DDC74021430F79DB81619FCB49D306FF52
S31502034B408EB0797E787C5EDAB72F480E03F9B8C742
S31502034B507F4FDA6EEE0187FFFB718C8F7F8C6D962A
S31502034B60346AFF07F6FEEEC0E80E00C2FC906160EF
S31502034B70A2390DF7FFFF733A1C4BEE05C2FAFF612A
S31502034B80E0DA01409CDDB43FBB9308FE277E320880
S31502034B903E7E1A947D57CF8C1E9F77F57FE6E3837D
S31502034BA00CEB7FADD7F3FF7D0353F2ED2C17614078
S31502034BB0AB6EFDE5C30FA502FEA103DF94176122C7
S31502034BC0EEFF07DCCA71FCEE9DA287037FE8D441A0
S31502034BD0F8F37497648C31B228E3F77C9CD1615065
S31502034BE0F99F1F1800A000C0FF7F0CE8FFFFFFFF1D
S31502034BF05FFFFFFFFF00885551223F480000000078
S31502034C005C99692682190200000079FE4D288D22DD
S31502034C1000000080EA5345243A1D000000804D023D
S31502034C2045255BC70000008009BD6E276B2800007F
S31502034C300080FF4B40243C4C0000008090B9452580
S31502034C400ADFFFFFFF00C7146E290710000000806A
S31502034C50C6C14124B26A00000000ADDA4A25374ACA
S31502034C600000008099265F2343FEFFFFFF802799FA
S31502034C707E24B8590000000001355825551C000052
S31502034C800080F80F782695FFFFFFFF00E306552104
S31502034C90480454F1FD3FE38F60405003E3123B396E
S31502034CA005A5C2A1612101D1C0A070503020C0BFA9
S31502034CB07F5EFEBDFDE0007077837F5B024C813B26
S31502034CC0006C209003B4F89DFD408063F04D060707
S31502034CD000CD54091E7116F32D19E25E710900FB0C
S31502034CE0E933C4EBF0DB0340D9A20CF00447D46FDB
S31502034CF0B81C5B020F10984696DCE0FBCCFDBF8F17
S31502034D00B449A984B2DBFF7F1238950508F871F717
S31502034D109C03403EF0118A30181E4CFDB87E3E00BD
S31502034D2038377228E48767201100BC5B3AF73DA245
S31502034D300506022C93E4B001D14B586968E71BF8C8
S31502034D40BC000057CC1C7C1F03506206002800706F
S31502034D5000F0FFFFFFFFFFFFFFFFFFFFFFFFFFFF66
S31502034D604925000000A8D86262273F49FFFFFF0AD0
S31502034D70CFE05B27ECCFFFFFFF23C677512603BCA9
S31502034D80FFFFFF0A1E7E48275B7BFFFFFFDA4C19F4
S31502034D905227A20C000000F8DC727927D1C5FFFF67
S31502034DA0FF11A1B84D27B375FFFFFF79D3855227AC
S31502034DB0300354F1EDBF005221F0CF9F76A664D3A0
S31502034DC052B2413111C180403060BE3D2DECBBEB86
S31502034DD0AA6A4ADA59E0017111A3E90EC09648108C
S31502034DE0B077962AB6D0CE1697572020983C034B17
S31502034DF0F1648221202B8E26D3187424200171A0FC
S31502034E006B3DA1421810809CEAECA70382A38B0890
S31502034E1009C7CB6B47755F00A64F48DB0424D2E173
S31502034E20C05D0A48A0812342AC8DB9999076489A0F
S31502034E30994CBE000A00023EC508A3A739090E0013
S31502034E40500EE07FFF1420FFFFFFFFFFFFFFFFFF70
S31502034E50010F000000A584946724F1FEFFFFFF4BB8
S31502034E60194074258D2800000011F7C96D2578179E
S31502034E7000000062A9A26925C410000000E5AAB4D5
S31502034E804924E024000000E7215B5125A33C0000EE
S31502034E900072DA1150253F00000000AA53F24F2395
S31502034EA077FEFFFFFF28535658247DFEFFFFFFC2FE
S31502034EB020E3632266080000003DF9C27024F10371
S31502034EC00000003EFBEA6A233F3C000000ED4B2E46
S31502034ED0632670F624FAFF710E564B36201E000027
S31502034EE0001130977C25BF2E0000006EE511512577
S31502034EF030E645FBFF710E564B3630FFFFFFFF7B55
S31502034F00E026692186FBFFFFFFFD62424A24673CD6
S31502034F100000009E50925F25AB15000000F816278D
S31502034F2054253A0000000004AC6070226DFCFFFFBA
S31502034F30FFBEF0645A255900000000F49D837222D5
S31502034F400C09000000F8C67F7D23FAFDFFFFFF214F
S31502034F500FCC592326000000002DE9CA4A22020378
S31502034F600000002697F665239306000000F608CD97
S31502034F70702503050000003891825022A306000023
S31502034F8000C42C4A5122B1260000008A2A814925EF
S31502034F90850F0000009B2D8B4825A001000000AE63
S31502034FA0056D4820CF0200000035107144248EF7A8
S31502034FB0FFFFFFB9CA69562430020000004F61E2BF
S31502034FC04021721E0000006BD1CD7B260CFEFFFF33
S31502034FD0FF794A545F22CD46000000E5CFB5452549
S31502034FE0150C00000048CE175A23A1210000009C8D
S31502034FF095885B25ECF7FFFFFF16649C4E25E6FEBC
S31502035000FFFFFF6ABE727A21A3450000006C8D2959
S315020350105B254BFDFFFFFF4EF45E602480250000F7
S31502035020003ACF8C5E25251700000093C3DB6E265C
S31502035030F8015C010C00B8FDA22F0C4B573800C0D7
S315020350404796D16F3030C10F004E3C54D666FC20D2
S31502035050C0800873FCC91B002400B0D08F8474C3BC
S315020350605214090020278942212C07FCD06BB73B37
S31502035070FC0D2A41F0CF8F84F0D2622058F5FFFF50
S31502035080FFFFFFFFFFFFFFFFFFFFFFFFFFFFFFFF25
S31502035090FFFFFFFF0F3000C00148016C0007006AE3
S315020350A003F062F87D16E101605C212949678AFFF4
S315020350B01000542A0DCE0CFA9506223BA28FFBD57D
S315020350C04ED0F80737D43A9748955F0200041E007C
S315020350D03CF9C17034F95F05A31F8A6D97F4FFFF8C
S315020350E0FFFFFFFFFFFFFFFFFFFFFFFFFFFFFFFFC5
S315020350F0FFFFFFFFFF67008003E004D4000E00807A
S31502035100F027047AA098480140BF524140C6EE42B6
S315020351103F009C1CE18CE04E8BE9443C383FF4375C
S3150203512058188280363FDF841820C420F01FF553B7
S3150203513040043F5421FDFF0248C30EFFCBFFFFFF8E
S31502035140FFFFFFFFFFFFFFFFFFFFFFFFFFFFFFFF64
S31502035150FFFF0F0C00700040001FC00180B355B95A
S31502035160BD217EEC10000831D9B2E2B700090780EF
S31502035170A47E03199D2809A4D3084A157E201E0876
S3150203518000F84826A1E5E750240180357E97A10E53
S31502035190D98E17AFB79B85207E8840FEEF9F981165
S315020351A0FEB2A7FBFFFFFFFFFFFFFFFFFFFFFFFFAE
S315020351B0FFFFFFFFFFFFFFFFFFFF011800E000B441
S315020351C0003E8003005A0AEAA90FFC010100A02649
S315020351D0B1CA81B4C13F0200C043CBCD9F1AFC7250
S315020351E0962D0143FC1E550000D082A656C43F08E5
S315020351F06A0000212C9086FCA60F1D6A4CA0FCAD0A
S31502035200390902FC8F8630896610C5FFFFFFFFFF4F
S31502035210FFFFFFFFFFFFFFFFFFFFFFFFFFFFFFFF93
S31502035220FFFF033000C00130067A00070002F803CD
S315020352300A2670414600A0E7C5858C5F482B0E00FF
S315020352404CF895146246811A7E7EF8130C688659C9
S315020352500160A6AE5FF96320FC1100F827725C7049
S315020352608436FB79123CC2D410B48001C0881F066F
S31502035270C340700080F3FF9FF20F80FFFFFFFFFF23
S31502035280732E01000080217564279A4601000000EF
S3150203529095384427213401000000787065272ABC1B
S315020352A000000080F90C442684140000008088B4B0
S315020352B06127AA2D000000805E28412525E5FFFF10
S315020352C0FF0093B07A26CA6C00000000D8E75D2778
S315020352D081B0000000001DDE4327117A00000000A2
S315020352E01C275928D35B000000803E125027570221
S315020352F000000000C91D5728313AFFFFFF80FFE86F
S31502035300572681FFFFFFFF80A1957821AA5A000045
S315020353100080E1594226991D0000000084BC4626FE
S3150203532034FFFFFFFF00729C7722169400000000F1
S3150203533023674628800A00000000D6B57C27900F13
S31502035340000000804BBE612694C4FFFFFF00E28685
S315020353504226FF3000000080886E7D2780A400006D
S315020353600000049D5E26A98400000000D1D25328C2
S315020353704A3B01000000C3405929F9E3000000003B
S31502035380DA744127ED92000000008B936328B16B18
S31502035390000000006E056C2892F8FFFFFF80B577C8
S315020353A06526FF1300000000019C6E2829ECFFFF0F
S315020353B0FF80E47940273763FFFFFF8097FA67266A
S315020353C01165000000809E197B277F5202000000B0
S315020353D06984472A9E4100000000DD9E5E2712066D
S315020353E000000080F29D5B26D4D70000000055B072
S315020353F05129D4F4FFFFFF80FDC3442420F30200A6
S31502035400000070B54228366EFFFFFF00BFA0652677
S3150203541056F8FFFFFF80111C5F275086FFFFFF0030
S3150203542036E9752685020000008088C05E25139C36
S31502035430010000809BFF5529130700000000245C2E
S3150203544070261118010000001D4972273F0400004F
S3150203545000807C576E26C3A0FFFFFF8059F57C2789
S31502035460680D5C010C002B75292B3D45A16900A033
S3150203547059D0D144D7DF1F08003756150081BB75B3
S31502035480198BFD8B473B74CAAF00C03FDFDFEFEDDD
S31502035490E3DE0F003D4887C5FD21425569CF495FCB
S315020354A0133A0B3900605A199CCA0B0133F6FF0DE6
S315020354B02C533B9B042C1BFF9FB1028189D588BCCD
S315020354C0060020A099F96B8A34AA200600CEFD03B2
S315020354D0228D950527A31BD6C47F4ACDFC00D07F18
S315020354E0CACFBF81C06F0E00214F186E8B1B852357
S315020354F033073CACFDFD95A600105904C63983401B
S315020355002BFAFF0901063255B23DE1FFDF6824900B
S3150203551050FD7A7506000030E96680F19E5DDA0F6A
S31502035520004D52042FB74B00F1AFFCAB46D3C3FD7C
S315020355307700D00FDFCFBFDF5F9904001B788B6A3A
S31502035540FD49095511C2926A771D932F0070A2294C
S31502035550CD5B957097FBFF1E52827C212F1325FF8D
S315020355607F9E3586E8A2AC61000000D07F9AF308DD
S3150203557094C4A701007D5B0951304F183CFBE17DC2
S31502035580EA9DFC9AFC00F0DADFDFDF9FCB4F0900CE
S31502035590350B5D0BC3352C3E972175A0488074D21B
S315020355A00090FC107AE898A54AF4FF3716391B6077
S315020355B01F38FDFFFF6D019D20D76F28040000D021
S315020355C0CF06276338CD8F0C008F8C540C440810FA
S315020355D063E339C0519FD7A4460030CECFBFD89FCD
S315020355E08D690300C1F466417B3F15D8356106B167
S315020355F068193217005049B9D1EF57B330FCFF1976
S315020356006A1C2B32004D7DFFBFC0BF3A91F46CDC9E
S315020356100F000030C0DCDF31548E3B0800140C99B6
S31502035620072C81104C8E86F3CBB5B0FC5800C0EF25
S315020356303E5FDECFEF2D04005C324D753B8A1E4A78
S315020356405C36D3BAEB013C5600E04412C77FFCC07A
S31502035650A4E3D3500998753000C03920C1FFFFFF78
S315020356605D180000004ADDF46728A6CDFFFFFF2080
S3150203567049D65D28B334000000B7F13A7028364D97
S315020356800000009E15885827EEEEFFFFFF32F6FE56
S315020356907028D2FEFFFFFF0EE9D57A281B9300007E
S315020356A0000754AE74283C39000000055FFD7128DB
S315020356B0580B5401FCAF0080A3BDB1DF65BA80402D
S315020356C0DC2B007C3A335288B7CF5CEC8593E8F047
S315020356D00380D6E2D8896067960100A61861051988
S315020356E0F2EF8AA9AA030D5FB6EEEB01C039BA3609
S315020356F0792CF4D70610C7AD83167925A75061D343
S3150203570008D52F10B8046A005796321B24209F5FD0
S3150203571038DAAB38461DED83C107027F08E1372528
S31502035720D3DCBF4EF55F409E33D0F60786FC7E1D63
S31502035730AA7E8C20D12367F8C87C9731A05F138D8C
S31502035740F84CEF5357C024DE3906448003386960A8
S315020357505B088839008549C7B7626B2F202CD4634F
S31502035760381C1D6CAC4280485930C58E729A17009C
S31502035770E47924DAAD03106E5E530C8061E8FF23ED
S315020357800010F88462FC5C961C00D8210B8011A0E1
S3150203579083ED3133420004646600001C3C55D0128B
S315020357A0DAAC88DE0B00E88D394064008A79200082
S315020357B0C8E914F9BD6BFE55F49AB4B502853D01E9
S315020357C060E6D596A1DDBF00A07031686AF5C4878D
S315020357D0BCFCE9E22634B81300C4BDE97954E617E2
S315020357E0090015D3FA3ECCBB794D80D06613CB871D
S315020357F0DA37A44DB7555CE3BCB300A09FF88475B2
S315020358008824EE0F0066DF25FC9EAE14A25747CE10
S315020358102301E0C8551B97B69929FD2E00A4C33B65
S31502035820C9A51861FC97ECF519401AFC390098973B
S3150203583002BC3D140758B1691216CC00006500FE7E
S31502035840FFC700F8FFFFFFFFFFFFFFFFFFFFFFFF9B
S3150203585038B60200003E8E56462801200000000A92
S31502035860C61260259C1A000000873AB44925A22A6B
S3150203587000000071D1CA7525390800000074615809
S315020358804E235633000000F14B65412425F3FFFFF7
S31502035890FFC0705D68241FFDFFFFFFE3ED75422322
S315020358A0540400000078BC2E5424AC10000000D42B
S315020358B039174524280E00000082609A5624EDFB10
S315020358C0FFFFFF29760841245605000000179CE7CF
S315020358D0622530E9FFFFFF2256547926490200006A
S315020358E0003CE1D75A2473F6FFFFFF60D91A41221F
S315020358F0E95C000000AAC1B042262626000000AFDA
S3150203590059DB45248BFCFFFFFF6C025B5A23A44A37
S31502035910000000C1B9E457263D0600000088107A4C
S315020359207B25AC0C000000947DF856254D2400001F
S3150203593000C5EAE84E2446FEFFFFFFBF534F51233D
S31502035940A10B00000066148D7A251A1A0000004581
S31502035950AD597F26F699000000C4492148267733BC
S315020359600000005A31876325CF0000000083C3F984
S315020359704223B3F6FFFFFF86DA2C4F23C50100004D
S3150203598000E420025224581C000000551A12642611
S31502035990E2F7FFFFFFE8AF884F239D1E000000CC0E
S315020359A0ECCF54252F090000007A048A7B25F510D3
S315020359B0000000265DA44124B8220000008C544A4C
S315020359C040243D1100000024942B5A25BE480000B2
S315020359D0007E1A854F26C80900000041189A4C22F8
S315020359E0D2FAFFFFFF38610B59243E09000000205B
S315020359F0658B5C23BCFEFFFFFFAE156B512455116D
S31502035A00000000436BBB7D25580A000000074B903C
S31502035A106025D21300000091A8044D2512F3FFFF5F
S31502035A20FF1C52204B24930D0000008BA0995E2489
S31502035A30F0015C010C0076142BDBFC3D7F0B00307E
S31502035A4071D3C5CF9344F001080BFD3F9499CD78EA
S31502035A506FFC0527007361A02D0090C16FC133B39C
S31502035A6032270900440D28FC354C05BFFC54980324
S31502035A7087BBAD13F0CF3FE000309331F2FFFFFF58
S31502035A80FFFFFFFFFFFFFFFFFFFFFFFFFFFFFFFF1B
S31502035A90FFFFFF0F3000C001E0077A000710FC008A
S31502035AA09C264E201BFB01C081508BE803258D05E6
S31502035AB00024F977189A39E7FB7D6E52EC768E6CE1
S31502035AC04D00A0C1A43FCE93CA5A0800FA1F55D867
S31502035AD042A5C25802F839E0648262F8F95FA3A2CA
S31502035AE0230D29E8FFFFFFFFFFFFFFFFFFFFFFFF76
S31502035AF0FFFFFFFFFFFFFFFFFFFF076000800300BB
S31502035B0007F8000E00F443B1B99EA0AB8002003F32
S31502035B10418683639050040078F5CB0EC8D5D1F540
S31502035B2017197CAC865F20C401003F48DB4C2B0867
S31502035B30D13E002469DDF483D46CF46F7A1420BF5A
S31502035B40202984F0BF800646825FFFDFFFFFFFFF47
S31502035B50FFFFFFFFFFFFFFFFFFFFFFFFFFFFFFFF4A
S31502035B60FFFF0FC00000076007E0011C00182806AC
S31502035B707A51C9E2E707812920ED678E232527009B
S31502035B80C80050E217EE644CD12AE1D78840C1E03F
S31502035B90078014860E44008C353E00C062F9E29FEC
S31502035BA02C436980E8DF99C8290804F27F00E9FEDD
S31502035BB05189FFFFFFFFFFFFFFFFFFFFFFFFFFFF0E
S31502035BC0FFFFFFFFFFFFFFFF1F8001000EC004E080
S31502035BD0033800E030D8BF3131D75806003E2600DD
S31502035BE0FD080D8EFD000087546417802404C22F1E
S31502035BF013C4F0896E110000842E3310B2FD217393
S31502035C0000D0BF89EF95091502766EC26FE335E2BE
S31502035C100CC1FFFD224640124781FFFFFFFFFFFF34
S31502035C20FFFFFFFFFFFFFFFFFFFFFFFFFFFFFFFF79
S31502035C303F0003001C0042A0077000803FA8ECC38C
S31502035C407A337E0200AE79A21E4032F85900E0C7CB
S31502035C50A3BF648249A6FF0828220DE5628C0900C8
S31502035C60FE0ED06E60F90996010010918CBFAA60F0
S31502035C70BA8749B09F0DA9A768160064F91D533563
S31502035C8013070038FFFF69FF00F8FFFFFFFFFFFF5F
S31502035C901132FFFFFF00268B4224D5FDFFFFFF00D3
S31502035CA05B865A25223100000000750271262C03F9
S31502035CB000000000959160255901000000806A7278
S31502035CC07226C0C5FFFFFF00BDA64F2623080000AC
S31502035CD00000E9765824804E00000000B1757A264A
S31502035CE0B10E00000080F18E7F27AA7B0000000020
S31502035CF0D7E47326D2E6FFFFFF80BED74926D356E3
S31502035D000000000095B2732614E0FFFFFF806ACB02
S31502035D10522509FFFFFFFF000FAE7023974F0000C6
S31502035D2000009BC977273C2D00000080EAAC592668
S31502035D30DF0E00000080F95F7D25C06F00000000C2
S31502035D40ED416F26AF810000008047EF65274A08C1
S31502035D50000000802F9E41257F0300000080D7E5C7
S31502035D60532537F3FFFFFF8026804E251D060000CD
S31502035D70000075236B261B6A0000008076E052261C
S31502035D80A6E0FFFFFF809D9C5B26C95F00000080A3
S31502035D905BF35E26CCB0000000005C7378256E5A76
S31502035DA0000000804A686226B11200000080884E15
S31502035DB06727631600000080B91641256CEEFFFFC4
S31502035DC0FF8037AF65264F100000000039E24F25EA
S31502035DD0171400000080F666432570160000008043
S31502035DE0BE8045256AE7FFFFFF002DDB6326105DB4
S31502035DF000000080DA4547263BD7FFFFFF00EB3062
S31502035E0073253D92000000800AB173270DA9FFFF97
S31502035E10FF00BE475C256482020000808AEF5C298C
S31502035E204DA900000080BC3F6327BA8100000080B1
S31502035E30A6A55027A63B00000080D0AE4E261BF334
S31502035E40FFFFFF0025C07C265C5500000080D60BB1
S31502035E505D26CEEEFFFFFF005B8370265D0C00001E
S31502035E600080FBDB6E252EE9FFFFFF00528B5527D1
S31502035E70500D54F1EDFFEF506042908070C57242AF
S31502035E80C24121F1C030107754E211D120C07343CD
S31502035E90A31282618177007097FCFA194430CDE030
S31502035EA000E004047105CAE37FEB518A950948F9B8
S31502035EB000B06F1C93C2C377E6DB52CF6C00D0BD32
S31502035EC080430861F000E0E28652572599D7F77CB2
S31502035ED07714F2716F07800F1420C318A10D225491
S31502035EE0499DE7FFFF65B63B078115E2FFC317A08E
S31502035EF00000D02D0178495D8A5734687578080009
S31502035F00B7C172DC43D8B72700E8DE191A0800D0F6
S31502035F10BA528551CB5D310E00FA0645B405510CD2
S31502035F201600D8EB1755394238F9B2F5453185C211
S31502035F30BEFFFFDE9E40E725F0FF1DDC7100E0BFDA
S31502035F400160DDF752BFC14918BF7D46D0EFAF03EB
S31502035F5000FFCA8E22A5BB8EF70B7781FF07806DE2
S31502035F60071B000EF4710A4A7A3400D80B93512A9E
S31502035F70E46CFF5FF02A15F24401C0CD5D070236D9
S31502035F80112E131C68D7FFBF5F5CE621F0BFE6FE46
S31502035F901F7B3B2B00180B005472782346300BE30E
S31502035FA0B8C700D0F5EF4A7E84C1BF00B0539E0E38
S31502035FB04280DF621382F5B8192B00DCCD50E8D399
S31502035FC020EFD7CD00AF82E9D30200DA1E8C2290EE
S31502035FD01AFF7F81222AF473E0FFB36D57E1B00102
S31502035FE0C0F1B8C40E003C1C01BB7B003003802FFA
S31502035FF019772388A2F1BD4A030C43B6FC81E26DED
S3150203600000B383007A3829213266C52120AFFABC50
S315020360107A6EDCEB04007EA69D5ED4EC6C9F880050
S315020360209D987EFFCF8E52482DFD7F5EEEDA990153
S315020360306067CB990E00EC38DA0C1CFA0800F4AE52
S31502036040A7CF5CAD8EBB0F6E4A1BC59D03C07EF008
S3150203605000005BC21B0501BF1400D443CCA5923FCB
S31502036060C9765CD25A21EFB90000B042D8D9A198B9
S31502036070E82678030014003828F8FFFFFFFFFFFF26
S31502036080157EFFFFFFA4D6654228F055000000F2F5
S31502036090290670296A9BFFFFFFA864167328123725
S315020360A00000004F93044627E71200000058827649
S315020360B041281D1E00000058BA7D5229FF300000F8
S315020360C000698EA546281B7700000086EB735C28C1
S315020360D0B80B54015C4B0C301FFC2FAD1018B0AA41
S315020360E0F501E0AB996EC0636E2E3A6496EC060038
S315020360F06756FB5DA5319506807A81FA00E3ADFE0C
S31502036100B30E7E1740AD9F00B0F96D64719DAC2B43
S3150203611067F78B3A670F00FFCC857A5AF0CD3B952A
S315020361207DC1EF17007C641C6ACD5CFE749676F41F
S3150203613009B9EF02006EDF1D2320BD9A028054DFE8
S31502036140A4A27EFABE088916229A66721E0060BB54
S31502036150FA46AF8E941600AE6F5BEE3BDA9BDD001A
S3150203616050923673E946B2F5FBE2CB47AD6BC615E1
S31502036170034005F99CF17E9E1CED8615FE10B504BF
S31502036180003B08B54547770E00F61B16C907D5BC73
S31502036190E317E03CE71D00DE7B92B139E57BF5228E
S315020361A0E0BCEEADD6C5D1DA721F049016790904A6
S315020361B0F1DB01E0EABE46ECB11079A774FC48BAFA
S315020361C0BE1F205C9E551BF2E221CFEDCA9F897F3B
S315020361D00600E0219F3B2F9E2400207B56C9CD2E2D
S315020361E0BC0800503D8687438AFAA8F700A07227A7
S315020361F06A2488B753E35B132E4D296B4E9E118097
S315020362005ECAC0CC4A167E1700C27AEF9E6962B690
S31502036210FB7F9DE680D451680D00BF1A895BEBFABA
S315020362204CAF4FD06E00606221A13C407CC7320165
S31502036230F29ED46B640780340C58BAC6BCA70320FB
S315020362409A65485D9E99158D00485C5251D1CBF7EC
S31502036250038056C1FA52BB9DEC79ADF5B2C981EC06
S315020362603F01E0D600DC018817160FAEF7CA24F504
S315020362707600801200FFFF2500FEFFFFFFFFFFFFF0
S315020362802C02000000A31BFD46242603000000592E
S315020362904AD84F23CD1F0000009A07FD472641FE29
S315020362A0FFFFFF9EFCF46625D213000000B8996433
S315020362B044242398000000FF21DC4826C40400007E
S315020362C00042A9F364247EFBFFFFFFF37A2B4625E4
S315020362D0B7F5FFFFFFE140C35825C2FBFFFFFF36B9
S315020362E0F33264241E02000000B93A8457230905D7
S315020362F0000000A8394762257007000000151C89B3
S315020363004D24EF02000000F543F45E243C500000E6
S315020363100047066D7926600B0000008658A876258D
S31502036320ED10000000F1A2AC5D26AAFAFFFFFFB44E
S31502036330F800442496FAFFFFFF20A6504625B11320
S315020363400000009427E67F260CF9FFFFFFE20338DD
S315020363504A24CF15000000C34AD24224A3510000A7
S31502036360008CDEF47226A02B000000C2C5D6682676
S3150203637050250000003CA6B641258602000000E92E
S31502036380CB744E250116000000D404F76D234C1876
S315020363900000005CC69C6B25A8160000007FEF0C6C
S315020363A059256AF8FFFFFF39EA7D7025331D000080
S315020363B0002EB25A43248C4B00000013F286772731
S315020363C0EFFFFFFFFF13C7B85524C500000000B057
S315020363D0C96A5D25A217000000C385BC6E24F815A1
S315020363E0000000D3F0D2732516FAFFFFFF84ADCF68
S315020363F042233401000000560604532463FEFFFFC2
S31502036400FFA1DA1C4F246B1D0000000FD5045A2589
S315020364100CFDFFFFFFF2A9CA5925F4F2FFFFFFB7EE
S315020364209B9F5F2670FCFFFFFFB682557A2519FEF6
S31502036430FFFFFFE803484524D705000000749335A0
S3150203644075230A1C000000C7CB2C4A25D7F7FFFF8A
S31502036450FF25FF004C25BD00000000C122785B2307
S31502036460F8015C010C00FD47024427622A3100A0B1
S3150203647041DDC4A770C8CA0F00719D048FFD1DA11B
S3150203648009FC454A8D6B58AA8400D0EFEAB424105E
S31502036490C0E30200C7ADA6A0FD4727F411FD062BF4
S315020364A001282C7CF0DF3FA0C20D5EF171F1FFFFE4
S315020364B0FFFFFFFFFFFFFFFFFFFFFFFFFFFFFFFFE1
S315020364C0FFFFFFFF0F3000C00130027C0007003AD6
S315020364D024FA5776161CA200209C2084C1AFDFAB98
S315020364E01700562E54FA4B0059801F8021FA536720
S315020364F0A31B0000CA534021975F121B000AA5394A
S315020365004989F96706F81DC046E27056D2F8FF3D7F
S31502036510272685A49FE2FFFFFFFFFFFFFFFFFFFF83
S31502036520FFFFFFFFFFFFFFFFFFFFFFFF0760008085
S3150203653003100CF8000E002CD140F57F4C71460176
S31502036540804F3F80CB2D5D0D3F0004952485E25895
S3150203655061F2B725E6EA76C074B901C046077F80C1
S31502036560C3C1C60500785C7E5CA0F61FF5EBA149A4
S31502036570F5E4663171F07F5C074CBF1FE7D4FFFF7A
S31502036580FFFFFFFFFFFFFFFFFFFFFFFFFFFFFFFF10
S31502036590FFFFFFFF0FC00000074018F0011C00E0D9
S315020365A0AF1CD8E1C26EB20180839D1C7E30AA91D4
S315020365B01E00F0C87A49EC770A2BE9972A78A87362
S315020365C001E80700EC2A37B4186589130050231A29
S315020365D078D0D8EE3FE8076909329B4380E3FFE7A9
S315020365E0975192223FFEFFFFFFFFFFFFFFFFFFFFD1
S315020365F0FFFFFFFFFFFFFFFFFFFFFFFF1F800100FC
S315020366000EC006E0033800E033E2D19F16C9350710
S31502036610004E2104FDA951231200D03FB3E10178B4
S3150203662025FB53D55F36D0A915850700FC6A0433CB
S315020366301E3706FD0030801323D162F0D64FA4B075
S31502036640E52753003EC3FF22509A47EDF8FCFFFFAE
S31502036650FFFFFFFFFFFFFFFFFFFFFFFFFFFFFFFF3F
S31502036660FFFFFFFF3F0003001C802FA007700040BF
S3150203667004E1B49F1CBBA01F00FC746A63DFFA2803
S315020366807300A072DAA404B7BFEDA7E262889F87FC
S3150203669087811F00DA1014EE8A1C900500E03EF093
S315020366A0C5A35F9BC64E00669B7F7067811F00B0C2
S315020366B0B4F85D7858060038FFFF05FF00F8FFFFC0
S315020366C0C505000000803BEA4626BA930000000097
S315020366D0BA3E7928D1F2FFFFFF00566A492531B93E
S315020366E00000000012D47928461E0000000053B2AF
S315020366F04726EBC101000080A0C0752775D5FFFFB1
S31502036700FF0002A14126B7A900000080E6555926DB
S31502036710041C00000000263E7827495700000000AB
S31502036720FAE64127366C00000080034B4827171907
S315020367300000000076B05927AE12000000009868E8
S3150203674074287A7000000000ACB34727D3ECFFFF2E
S31502036750FF8088824225D2020000008008336A261F
S315020367605EF8FFFFFF80247156256EEDFFFFFF00E3
S315020367703DCE5326A505000000803DD053261EF4C8
S31502036780FFFFFF808AA85E262903000000002D670B
S315020367905B267807000000009E524C261207000073
S315020367A00000027D6C26ED7DFFFFFF807D46742689
S315020367B04EE5FFFFFF8023C05E26E19F00000080B7
S315020367C0A6E04C266C90020000809FC746288EB630
S315020367D001000000452C5B2720FEFFFFFF00500D42
S315020367E04B26A4200000000095786A268DEFFFFF52
S315020367F0FF8006244526CFFCFFFFFF006D44432599
S31502036800C54100000000741B79279EEAFFFFFF00C3
S31502036810D81F4626CE1D0000000071BE5B288EC718
S31502036820FFFFFF0088F44D270CA001000000D2A74A
S315020368304A27D30C00000080BED6672739400100E1
S3150203684000000C32642797F9FFFFFF8035186B2788
S315020368503C0C000000806E0C45260F8D0000008064
S315020368601D137826DFFAFFFFFF0021896D275710D4
S3150203687000000000B5347D2761A700000000F7572A
S315020368805C2820FCFFFFFF00B37A7A26211700005B
S31502036890000008AF5C26598200000080A27F4428CC
S315020368A0680DDC010C0039FCDBC76944FB7A007016
S315020368B066B91FACCB46C90A00439AA34F155E7449
S315020368C01A73AC36FB73B2C3B800B02FAF54CFCF33
S315020368D0CFC80F003D6C566D2D7E188653326C431E
S315020368E0235CBD4E0030A664F6CB28A7A4F5FF555C
S315020368F020782B21165C3AFFDF49ACFDB82604E566
S315020369000C0000102D0918F7C9AFD90C007B4519E5
S315020369104B63948006BFFCE8C1A39628FC00B08FA4
S31502036920CFBFBF6F6AF40800470062875B761C3EDF
S3150203693053C60F2D6996AF8200B0EB877757E8B03F
S315020369403FF4FF2541394F351D7729FF5F39BFF8DC
S31502036950BDCDE81A06000080747BBD3FAE9EF307E9
S3150203696000585D1BBB04764F2BFBAFE366C5C1FC28
S31502036970B30020B5BF2FB8BF3FB70F0080497700DA
S31502036980C9554D5975857992230A9849008094957C
S31502036990CBD4F470F5F7FF064B49341F1E4F67FF3E
S315020369A0EF43424D69F6A58B0B00006027282F9D06
S315020369B0F546860C00442E6C143351D7AE9796F0E7
S315020369C0BEFC93B62B00B0CFCFCF5FB52F830000AB
S315020369D0D75A98766751FB0F2C4C629084354699A9
S315020369E000A024276EB83484B0FFFF482E243C3916
S315020369F02F875FFFCF37F5D6A7FCE6E604000068CC
S31502036A00BB5A3C0F9A264A0300947129715E6B4462
S31502036A104E6FE5FBFC71A0C3FC00B0BFDFCDBCCF5C
S31502036A207F0F02007B773F3C1F3289805389716453
S31502036A302350724C00F076982938A4C8AFF2FF4B64
S31502036A40356D107B468861FF8FDCF72CDD706B1486
S31502036A500D0000601CF867C5BFCF9F05004473791C
S31502036A604B185D64A3E6A3C514ABEFA8FB00C0BF36
S31502036A70BFCF2FF1EEFE0A00528B8F3A70CD267BE3
S31502036A807483872935979EED0000F81869BA71ED6C
S31502036A90D785F071007ED03B00C03948C0FFFFFFA7
S31502036AA068CDFFFFFF69EAD54027B9EDFFFFFFA1D6
S31502036AB0DEB051281B40000000E14D747A287CD8D1
S31502036AC0FFFFFFEA724C4F27C342000000040EFE8B
S31502036AD0582765D1FFFFFF29DE5945278A77FFFF2E
S31502036AE0FFF51DDC4627ABA3FFFFFFBE111A5B288A
S31502036AF0BAC9FFFFFF08F2527E281C620000005447
S31502036B00CB8061289D67000000CCE71B7928979903
S31502036B10FFFFFF17C1545628852C0000006E50F064
S31502036B20472753AEFFFFFFBD72F75A274A64000099
S31502036B3000CA6DAD4C28EAB7FFFFFF117ED969285B
S31502036B40A0135401CCFA0040DD8BEBEDCF71CDF3EC
S31502036B50630380F5A1E6562DB544F25CEEE70D001C
S31502036B60FC52428C9003440B8C5200F8C24B5231B6
S31502036B70DBA241EF0600BBEE2E3A57FACD8DD8AF14
S31502036B80DE9EE7034090573E4558D51F00ACA4A7A7
S31502036B90796374D78F86F0B839BB0F3F03001DD9CB
S31502036BA0ACC77455FC90C2040089BA1B63898AD2A6
S31502036BB000A0E6796993830D17FB8F455D4048DE96
S31502036BC052370F0084CD311111FACB00A0FB178E79
S31502036BD06C900649A301579CC33E0D00CEC87FA401
S31502036BE00C4D02AE6100C8BAF4F5FC75CD6E1DB349
S31502036BF0197BA4A43E0120573F0CB6479C0F00887D
S31502036C00AF8DC0B5CECACBE7C72724B76FFB070044
S31502036C10514481B890A11B05106E35DBD0BFC7C1A5
S31502036C206E2010057B7C75696F1400384DA628A962
S31502036C300F5BD09E807C03E3032905801139C84A82
S31502036C40F0C079D219CD0E00F8797C32EACFD16140
S31502036C501D40CC7206D7B6D8BE4644CD94E25BBB82
S31502036C600E007BBF03E479302613021217AA6B28A0
S31502036C70ED245A6B73434E010033B93C90BABCBF41
S31502036C80C36F2500F824A331A5EBEA6C0748BB883A
S31502036C90BF01C0D9CC2000859DF93AE85F7E157BFA
S31502036CA001C083D84A777E1420F27A211C63F458F2
S31502036CB08EF035A7F2230018B89E307A2408F273B1
S31502036CC0FB8601C09F9063A1F4BA7E068277B7CD95
S31502036CD001800BFB44BB7BFA38F72B7880E6260050
S31502036CE0F4E6B8641690EF97F5630F14629840B012
S31502036CF0B0E4A4F7080600890AF94421937B060047
S31502036D00D320756E648FC2EBF9FDBE7D6CEFDBDEBD
S31502036D100680239A8EF766E7515C6C8DF0D50E00DA
S31502036D2079DC73F9999761B36D578FB8F500F06DF6
S31502036D305C197C0543282C00844086DCBF7F90685F
S31502036D407F82208B28E8D503403E4E1DCE5C999F59
S31502036D500600F3513AEE3A539F90314428E703442F
S31502036D60CF587286458114E180CEE66A000147CE8A
S31502036D708F87CC1F8C927FB800B057D76A9492390B
S31502036D807E0018D17F4A92AC6FBBAED414C379028C
S31502036D907F00E0C6DB1C0027DF5C941071E7FF0768
S31502036DA0006824DD802D70A30080EDF7043818F502
S31502036DB02E4CE2D6A9519400000A063014718CD2E5
S31502036DC0F8D300C0F9DA356F3229E02801644D8021
S31502036DD0D009AE844F6F64CE1F97F05FDA5C03FD72
S31502036DE0FFFFFFFFFFFFFFFFFFFFFFFFFFFF03C0E3
S31502036DF00000650000E2001FA0D42E00FCCF9F6CAA
S31502036E00F6CB7C173F8058D8363E3D00E08BFB5AC3
S31502036E1078BF0F00E60C523F97F00B5E32276C04E5
S31502036E208E0340B8CA3CEC86F03700E0F4DDBB843F
S31502036E30C9E289FD6656F6F710157F0F0471535E94
S31502036E408BF9B8FD1B12A0C35DA63A001C300FC214
S31502036E507AA2943E03C07DC26D6114E8B8EEB68D84
S31502036E60FBAFDF0000966E5459C816687F4B53A4D6
S31502036E7011048039E2FE0DB470D0ED7E0000187560
S31502036E803FE06B9D31004009807FFF1600FFFFFF45
S31502036E90CB2E000000DE6E7C4A25050E0000007F25
S31502036EA00AC46D261E12000000CCF1BC4125A2FCC9
S31502036EB0FFFFFF29F5FD6024380E0000008CCF95F5
S31502036EC04E25F010000000FE7D827F262E41000033
S31502036ED00092D8977926BD25000000B8966441240E
S31502036EE01FFBFFFFFFF64DDF65258B5200000050A7
S31502036EF044E973279305000000E0964E70249C0A2A
S31502036F000000002EB27B53259A250000003C6B3D00
S31502036F105E25C93F000000DB92CD662588FBFFFF95
S31502036F20FF0B4C56502565F2FFFFFF71C84D5725DF
S31502036F30FF19000000550E316225C045000000BF4F
S31502036F4042B15926C802000000EB3ADE5F25CFF5AF
S31502036F50FFFFFF4A66BD5525E6FCFFFFFF781D8945
S31502036F60742597550000005DC4F54E268C13000068
S31502036F700077611C6925B016000000877B1B5C261F
S31502036F80AE130000005B00146425A11D000000AED1
S31502036F9080E46E25C8150000004C7C8A5325A20C9A
S31502036FA000000035FC8B7B26C7FBFFFFFF6A1DBB78
S31502036FB0642517F8FFFFFF8188BA61259906000049
S31502036FC00053452B4124FF470000009215BB54266C
S31502036FD0C51C0000003110B84E25D413000000F87A
S31502036FE018C56625BB58000000D4AEEA4326CEFB7D
S31502036FF0FFFFFFB207F74424D04C000000BD64FF35
S315020370004926593400000073D72A73264109000022
S31502037010002F319A5925EE0E0000003A190F512519
S315020370201D04000000E68BCD6025EA1F000000C2A6
S31502037030DB227F2629350000001417706D261E1CDD
S315020370400000003FAE2A6326EA0D00000057FAD17C
S315020370504E25C7420000000F4E1C4225022E000099
S3150203706000ED65C276264B35000000BF14E05226BA
S31502037070C825000000BBBB864525740B0000008DA6
S31502037080F19758255801000000ED108C4023EEF4C9
S31502037090FFFFFF65F3A54724573A00000099D66020
S315020370A06F26672C000000251E257326F52800008F
S315020370B000FF9B354225F33200000081E20063267E
S315020370C0C8040000005D8DF543257E15000000E827
S315020370D0BAA144259313000000C2CDAD7626800FD4
S315020370E00000005ECCB463259B2400000017CBE7A7
S315020370F06326440B0000009C02D55A25FF1B0000A1
S3150203710000D532D24725EF1D00000077D2FC40247A
S31502037110860B000000FB03B55325550B000000F454
S31502037120EE5A7425903E000000BC16B66926A5FCED
S31502037130FFFFFF8E50806F25826B00000015F6B7A6
S3150203714044266D1800000030E7287826022D000039
S31502037150002E73297F2642F6FFFFFF79887A5D2583
S315020371604EFCFFFFFFDFE6B876254C0E0000004B10
S31502037170FFA44424DF070000006B25F04325A61273
S315020371800000000DB0395D25857F0000005005E83B
S315020371906A27973A00000092FF426525A736000048
S315020371A000751EA74F266CF0FFFFFF4D183E76258E
S315020371B06012000000478D2546253BDEFFFFFF7761
S315020371C0E1995B255CFBFFFFFF50BA755F25DAF495
S315020371D0FFFFFF7E8D0F462523090000002118BA03
S315020371E054249713000000F8F4965E25731D0000DD
S315020371F0002A41F34825E20E000000040CA47A2576
S31502037200E720000000C446447626750A0000007390
S31502037210EEEC42248113000000D13E654D258032F7
S31502037220000000EB3AA67426732E000000ED4E9181
S3150203723071267265000000AD74164A26EBE0FFFF65
S31502037240FF2105384424BC3F000000588BD0462555
S31502037250F0035C010C20980602A88E9D5E6B0080EB
S315020372602E253AD4A7B5F1050067133808312B87C3
S3150203727064D86B5A1BFCDF990D00F00465365B106C
S31502037280D96F0A00672E4D880F63326772A1A12F49
S31502037290A334465900203512521250C8AF080018BB
S315020372A0417327194DFD274EFD22368535D1A80098
S315020372B0D0BC3C9A8AC2BF670800326415EBDC3540
S315020372C075254074EA82C7C6A3380080D14F8577F5
S315020372D0A9A3D60FF04310161520272632FF1FC780
S315020372E0C2D258B349FCFFFFFFFFFFFFFFFFFFFFB9
S315020372F0FFFFFF0F3000C0013001FC0007002A31F7
S315020373001C0620FA87810100819FEDE8C9A4E901E1
S31502037310000EB26A881061585ACFFA21408B0A4886
S31502037320E901208A60818226FD880100666ECE6CA1
S31502037330063026568E764E247718A62600C0C0C976
S31502037340583041A2250800A24A30101C642CE4439B
S31502037350EB737DD9AAA0740060B05F6A6168B52732
S3150203736008000C80C13F8F88FC94B3523CFA60A09C
S31502037370F85500A01FEE67842A4A8303F8C37EFAF0
S315020373800F384DF80AFE7FE0C8B0A73FA6F0FFFF0D
S31502037390FFFFFFFFFFFFFFFFFFFFFF076000800303
S315020373A0900CF8010E00C06D3C8561EBF1EB028097
S315020373B0EAD91A4E3F826B1F0018A5809459F91217
S315020373C080F017189A90F9217100C0EC45D4580E33
S315020373D05187120088F0BB20992695181D90DD76F9
S315020373E04828598E0200E18883188918BF03007062
S315020373F0B018B7340E6830699FA5C3822BB2C0009A
S3150203740000733FA1432B51440000902460551EB8DC
S3150203741068A825F477796CD8C51003C0D46E5F9D2E
S31502037420AA5A9E1CF007752A1EF19B4913FCFF3BC1
S31502037430CF078BCDB4E7FFFFFFFFFFFFFFFFFFFF82
S31502037440FFFFFF0FC0000007C004E0031C00280073
S31502037450C091AA281118048142C46710FED9BD033C
S3150203746000B0D4F5E859D11E64FE73C078E027D97B
S31502037470BA80809EAE0B2834D78711005811D8A341
S315020374805990B3381260718030D143E80700A18B5B
S315020374904957543C183400302C72E3571AA29BBB4B
S315020374A03D13784E885A4501007AB3FE3F0804130A
S315020374B053006019188938E5214B29EBAF2A77E87F
S315020374C057D10280A50D85430C124C3DE00FE87F90
S315020374D0C03AF1BA98FFFF961A8E3A8FFFFFFFFF63
S315020374E0FFFFFFFFFFFFFFFFFF1F8001000EC0111B
S315020374F0D00738004022A905C3D43FD504008B2206
S315020375000C15984F5DB3000095376A272455D0E1D1
S31502037510A3614BC9785176090033585B63515FE423
S315020375202200B0A45A30B3CE62518448D576B01B3A
S31502037530C1CF0300360305012F62FC1900900254E2
S31502037540F344046252B45415F726C45F5B01002F59
S31502037550FC77190B4D884F02604DC1FF0620FCD103
S315020375601F486D55B54885E20D003DCA40FD6E497B
S315020375705F0FC0CF36E420E1606F71F7FF244D2819
S315020375802838A8FFFFFFFFFFFFFFFFFFFFFFFFFFF5
S315020375903F0003001C8010A00F700080E248F40A2B
S315020375A004CEE91A0078A0FA594466BB9700600034
S315020375B0A1A15FB37E01C76F861FEBA280C50C0034
S315020375C018F340ACF8CD909A004021A63FD5C14CA2
S315020375D01EA61F7428BDE730270000FA99E2556AF2
S315020375E09EB57200C0B9C683AC7FA0BAE24C04084A
S315020375F0AC6A99E602000339EC2A283E70BB000006
S315020376008B07CCE08FAFF183E8A2022A75E0B10CB7
S3150203761000A4F432BAC1F46CCE80FF5C8B095CF130
S3150203762079E6E1FF0BF63A4EACF8FEFFFFFFFFFFEA
S31502037630FFFFFFFFFFFFFF7F000600380054801F96
S31502037640E0004022553F54D581832B00C46D5AF680
S31502037650F44304B40080C9C94F08AA44093C9303FE
S3150203766013A01C065B0A0070B3482DD0B96D300017
S3150203767000C059BFD21E0D9587C61C053F86D40C82
S3150203768007000CC3841A1ED82CCF00C00B091A0597
S315020376908F08EFC688908D8E1199061E0018F0EF9B
S315020376A0A07C3624D80280CE09FF939757EAFC05BD
S315020376B0097F07CBF5542B0010693C0404D0790CDF
S315020376C0003F1D7AF0A3F6DB48FFFF5F7F38F150D8
S315020376D01CFCFEFFFFFFFFFFFFFFFFFFFFFFFFFF96
S315020376E0000C00700030813EC001803173B78ACF2F
S315020376F02A531000E8E017FC7EF86D750400F43D8A
S31502037700540917A004F31BA681FE9386A47B00C823
S31502037710F85AC050952C520080AC0332130BAB8F30
S3150203772027C152AE81252858380070F063195A13BF
S3150203773060300180AC2738FE2804BDA5A555332049
S315020377401B0B9E1140708282B9E51F291502809098
S315020377504E2F212F0F96231F837E9C1404421D0056
S315020377601820657CB5E9BF4C047EB287D89FFE27F5
S3150203777013B1FFC710E17F7114F9FFFFFFFFFFFF8C
S31502037780FFFFFFFFFFFFFF011800E0009C007E8062
S3150203779003004CFD1EBEAA38321000205194639B8F
S315020377A0A3D05800004FC84D169A16120F1D14FC8B
S315020377B0B7B540561200C0BF84DAD8221FB1030000
S315020377C0FCC8BE16AE32A3141D0B3F180B954A54C2
S315020377D000806020A0F1B1EDE50500D80C3A7BD913
S315020377E08E7514ED67FD7C0A6E97D1000012C8EF01
S315020377F0D398F8870E0057F9785A6F550719A6AD2D
S315020378004B10955A7D720080D3DC6BF61421420726
S31502037810FC65242B60FCA0364CFF7FE721267723E9
S31502037820C2FFFFFFFFFFFFFFFFFFFFFFFFFFFF0396
S315020378303000C0018802FC000700C26064B0F8434E
S31502037840E5960020274099875FA32209005AA66876
S31502037850FA7A120E1D8EA8F8E912A200FA01A0CC3A
S31502037860C26281E7B9D31100021F1C458400510B82
S315020378700A858458BF0A4EA20040108D054A6475D4
S315020378801901005422F70A5C08C40071B6E6F2B481
S315020378907848C800A0BFCB674259C57605005C0F7E
S315020378A0AB985A99AE3E4A15783D8214AAAC01802A
S315020378B0618B5FB183140A18F87F9A828BF8F52ECF
S315020378C05AFEFFC4A8DFB92C37EEFFFFFFFFFFFF07
S315020378D0FFFFFFFFFFFFFF07600080031001F401B4
S315020378E00E00F4AF99A3A9A18E2003C0921261538D
S315020378F07F8C0E080008E178A8711E97D013C0A4E6
S315020379001DCCB0F1A701403FD1170385C9A70A00D1
S3150203791018DA6C49E9F1A38294B938F46385A410A1
S31502037920018018FF51D29C4700130008347A8EB5A2
S315020379308E9C99642DC4D850308B1501C0914B7F10
S315020379400D4FC3160D001E6045346CF4AD5C7050CA
S31502037950A6340188B0240180AE08435743C75B0BA4
S31502037960F01722422E1090C6BCFD7F450CC520049B
S31502037970C3FFFFFFFFFFFFFFFFFFFFFFFFFF0FC077
S315020379800000074001E8031C002069D8DA119ADCDB
S3150203799034010018AA892F8B2D34360088E167B08B
S315020379A028D04369C98AEDBF596DEA94038013FE51
S315020379B00444D8A2417E00509C641B6BF14393237B
S315020379C018B2B122D85C79030007041537120608E8
S315020379D07900D07A03123AE6B702484D714C500841
S315020379E0E0670000C65F15DE8598AF6A00F09E4029
S315020379F091FF6EB311D108D56840F268C20500E75C
S31502037A004A129C240337170038608A08E057F1109C
S31502037A1091E3BF88875B1900E0FCFF4300E0FFFFA9
S31502037A20FA580000008054E357267DD2FFFFFF0079
S31502037A30B39844268F1000000080CCA84525BCD4F9
S31502037A40000000009D496B280BE7FFFFFF80E0382B
S31502037A505E26AFE0FFFFFF005AA44925C2FBFFFFE4
S31502037A60FF0022554C256DF3FFFFFF0011306027FF
S31502037A70ECDEFFFFFF00E2137C27D20B00000000BF
S31502037A802B8A652402FCFFFFFF0094246E2751FA1A
S31502037A90FFFFFF8066CD67253A0400000080A03908
S31502037AA0542633E2FFFFFF8032AA4D248A1C0000CC
S31502037AB00080EC6C4626D1E3FFFFFF80E3C1682614
S31502037AC034FEFFFFFF80C6DE4B26CB3B00000000E1
S31502037AD09BC05125557800000000CEB152278D0573
S31502037AE000000080345D4C24C82500000080231961
S31502037AF06F2965EAFFFFFF00D88C7C2613FCFFFF84
S31502037B00FF8056C05226990000000000ADAA7925CF
S31502037B10B26B00000080A5D459263F0E0000000078
S31502037B2032336526F3FCFFFFFF0084636A26BEEE4B
S31502037B30FFFFFF801F056B2636DFFFFFFF00EFEB1C
S31502037B404E2647EAFFFFFF0057DD6B26484F00002C
S31502037B500080EFE15927C2BFFFFFFF808F7B4825D5
S31502037B60450800000000C3BA6A26EDDDFFFFFF8069
S31502037B70FB9C7A270D06000000809BA871256CAB3F
S31502037B80000000007E0150275813000000007262B5
S31502037B904124ABE1FFFFFF000C5C5F26204A000095
S31502037BA00080845E7727F6030000000022F74D2546
S31502037BB0A3F1FFFFFF006CB273264E0400000080A0
S31502037BC0B7865F25BACCFFFFFF80F0156325ECD895
S31502037BD0FFFFFF00CBFA5225DCEAFFFFFF00F8396D
S31502037BE04F252EBF0000008086A86A2755FAFFFF9D
S31502037BF0FF00EE5C4325636A00000000614E6326C4
S31502037C00168B0000000099AD7027DC9BFFFFFF80F7
S31502037C107CAE6E27CA08000000809C9D662615125C
S31502037C2000000000C4AA4A251F0B00000080BD679E
S31502037C30722616F6FFFFFF80C2647C265EABFFFF49
S31502037C40FF80E7E26626810500000000AC7679250F
S31502037C50D398FFFFFF0062F164266F020000000063
S31502037C603A224125281100000080A7B44F26640159
S31502037C700000000042017E27530100000080A18B11
S31502037C805B2526F0FFFFFF008FA57C26EBB0FFFFE7
S31502037C90FF0004294825963E000000808FD656270A
S31502037CA0590000000080F57E4A25525D000000005F
S31502037CB0613C5226E28400000080C7885A26B69B9E
S31502037CC000000000E13F47273CD4FFFFFF806966BF
S31502037CD06825F1EEFFFFFF802CE7572578D3FFFFD8
S31502037CE0FF80DA365F25110500000080DA37542655
S31502037CF0EAAA000000803F706026643B0000008011
S31502037D0048CA4226E4F7FFFFFF0080FB4F2615EF22
S31502037D10FFFFFF0033445225EC3F00000000709A38
S31502037D204C24E15E000000005C5A672705E0FFFF72
S31502037D30FF00249D532504CFFFFFFF804E6C5E2672
S31502037D405CE7FFFFFF8080E9672673E1FFFFFF80A1
S31502037D50C2E45F25E40200000000DF024B25E8F3DC
S31502037D60FFFFFF00A87F5E2592FAFFFFFF004C8903
S31502037D7047262FFAFFFFFF80375D482621F4FFFFD0
S31502037D80FF801F84752645E4FFFFFF0007DA72268C
S31502037D9017100000000015BC6326DCCFFFFFFF802F
S31502037DA0BD4E5C265E000000008035B47F26E70CDC
S31502037DB000000000FC975D2677F7FFFFFF005B2AB2
S31502037DC07226D4ECFFFFFF80880F4F248E03000038
S31502037DD00080C67F662307E900000080ED955927D8
S31502037DE0981A5C010C00310015880D1CBD8D20B05C
S31502037DF0561411000851D70F020B339F266E3626EF
S31502037E005F8227427F0F7BFCFC00C0CF5FD5CFCFBB
S31502037E1092A31D006B04FCA24F9CA30D6F2726722F
S31502037E202C4D3A69008094A6F8045733D5F5FF46DC
S31502037E30383C614426119AFFEF90B03040C121D2FB
S31502037E400F00003051B310A0FC740001006A0A014E
S31502037E50214990A25B0F472F0F88FCFD1600D05FC6
S31502037E60CCCFCFCF42520000271139172C2F0D4109
S31502037E709E46411127480B842050C3DF702380C3DB
S31502037E80B5F0FF005F174C3928872BFFCF4FC0B5DC
S31502037E9027D2F2500100002019CFEF5242D0E90255
S31502037EA00018153E3DFC2573290040DB3FE0D2D086
S31502037EB0FFD26FCAB6C4DF7ED5CF03004E9A12E94C
S31502037EC046183C2E0010243275C25033C4F5C5DD64
S31502037ED0599C54A243F4FF3915810805360A38FF23
S31502037EE06F00442416D9D61F020010A002B445110E
S31502037EF0C78022000028625D3D71E3254E0040578C
S31502037F0068C2CF5FD5CFCFDFCF3FB487AD8602013D
S31502037F10289E0C0A51001E190080B77736C4AEACF0
S31502037F20C2A6669020B2202434F5FF604C04680191
S31502037F302708A2FF9F54A30DF4E250C40F000010BA
S31502037F40D8AF2240D422800100591CA1E5730180D7
S31502037F501100F0E051D4DFCFDF7FC6AF0A1D240E36
S31502037F600086000065396BCA39470E7700F06CD07C
S31502037F708F15B0F47472ED022246D3B170F3FF9FEC
S31502037F803450163C1CB9A7FFEF54E0F0B34302D6B4
S31502037F900F0000C01F15A01083A1B502003A0723E4
S31502037FA0AE2839061F0070F3D3DFCFCFCF3FD9CD2B
S31502037FB04F83327397D303002961040A354E0F3375
S31502037FC0007090E08650431472F210C77022843414
S31502037FD0E7F0FF49000F110B25860EFF9F5089A577
S31502037FE064E07687070400A04782F13332C0C101F9
S31502037FF00028FCFC0842761C3100F0F3A1DDDFDF2A
S31502038000CFCFDF0FABF1810500708800271D7015F6
S31502038010010813020090E646C733524988F9FF1056
S31502038020070F0E191A3019FF1F10C7738885C10F60
S3150203803004000000E914CCCFEF727004001E60192D
S31502038040332E1122892825FDEC33935CFC00C0DF15
S315020380507F27169C753C0A00421AC2E700FC158963
S31502038060086455164D25522C00200826D81CB276D4
S3150203807072F2FF52852049356C546BFF3F12B111E0
S31502038080A665E5B10700008013D5DF8053313501BC
S31502038090004F1B187FA70254636749ADFC45FC17C3
S315020380A09200C0CF1F82CF3FDCCF0F00D72FCBF07A
S315020380B0180BA6120D15489B63322E7520601253B8
S315020380C01BF6F05125FAFF1746732216C85760FFAF
S315020380D05FC2CF4172AFC41F060000B0E546D0723D
S315020380E0B542DA0F001B0F2C420101464D87742855
S315020380F06191FCDE5300C0DFDDDFCF3FC7DC020048
S31502038100BF3A58110927419F030152181B862E2095
S3150203811000F07A645147F43107F0FFB72104141AC9
S31502038120330A13FFEFA5F46305937186080800105B
S31502038130A41661C4D4927001004D0F3F422252FC31
S315020381408A4327FC30B56033FC00A0C89FD4BFB076
S315020381507DD306003E7C8F3EFC45402F7756163470
S3150203816006447C70008002672017CBDF83F2FFFC94
S3150203817015517C2206122DFF0F99811320B3C5993F
S31502038180130000A0791EE4D31F174105002D3217F1
S315020381900963A143EB22CCFC1C55F1DB4500D05FFE
S315020381A071DD2FAE91C00F001BFD60503A6C741047
S315020381B01D3E4E073902FC2F0010245C8423C84F50
S315020381C0E23140D0D23000C039F8C2FFFFFFFFFFD1
S315020381D0B40D0000008193467328C7CDFFFFFF4EFF
S315020381E0E5867F29DACFFFFFFF22A2457E2A0C9777
S315020381F0FFFFFFBB094A682AF2510000006A240FF7
S3150203820058281C2E00000028E9AA59296E1F0000CF
S315020382100000E11E6629B786000000C5BC3F62293D
S31502038220F349000000C0C2B1792ABA4500000056DC
S315020382304E9C6129FEF5FFFFFFF2976F47288839A7
S31502038240000000BFB7B37A282F04000000DCE8441D
S3150203825040289CEEFFFFFFA86E7D75290F4600009E
S3150203826000ABADAF4928CF99FFFFFF5323FA742919
S31502038270FE2F5400CCDA51F6AD3617D8AE78A72ABC
S31502038280BB590EF62F7FB5F1D442D5DEE77A5DE40C
S315020382908FB5E02512FB7F2E24551813356FAD16C5
S315020382A0D1F09BF54E2D5BAA0A7DDFAD10E6C3C462
S315020382B0839A199EC02F0C298DF6B909FFBC48660D
S315020382C0BB6EBB0AA4F8A13D565E449CA3D24B4E99
S315020382D01ADB0987FAEDD4C47DE5F9C8FD3B3B9465
S315020382E0C5219BF4F9BE8F99E425B14BF6324ED4E0
S315020382F0E2F7DDD2C75772AC76B7F5254104199773
S3150203830057ED5315B184FF727ABE71AB5AF9C9A8F8
S315020383106DD7ECB6D9AA9EBE722C4DA7BF22477261
S3150203832037EA3E3F7E312A5BBF63ED9408C32F8152
S3150203833048783DE4B8C3F1BAC80308DDBBE8FFDBFE
S3150203834099DD0ED04877E76F61ACF3EE515775E6C8
S315020383507878FBF97EF475BA5AC9BDB9FF85227DD1
S315020383606FDA05075175DE4A55D2E16FB29C9A9DC3
S315020383709EFCAEA71E5D7823F170DFC59F9C5A76DD
S31502038380FFEA7AB9B208E86EE3FA333137B6E6AFF3
S315020383903E46F106BEBDB3DDD306B2D66D46F4F252
S315020383A064BBFF19295E06ED6E3F8C2253EEBFC2F4
S315020383B01A2353BF4BDD80B960F7EB35783491E569
S315020383C0CF4D27434C563D369867D69AFF95EAB763
S315020383D091BEE0028376C38EB0E0251EB6FAAF6F76
S315020383E076C484AD69BE9B4C737BDDA80FBCEEE6F7
S315020383F0CCB72DB1150D4D4B17DF9B7145282C3488
S315020384008705B210121DD91DBEA7D58383EB9F5ACA
S315020384106C9F4DBF80BEE5033FEB607178BFA576C7
S315020384200ADD6BFA632E90C79DFE6F920DC3FF6F33
S315020384302D660AE5BF757D8935A53FC998B425DB47
S315020384403C2842F8E32839AFAC51FC9C2C6DB78922
S315020384508ADE35A7F77FC57638D9EFBBC77F1353B5
S31502038460B8281677DFB49C58BB52C55477D64D024B
S31502038470756C44E708438A168255EFFA9B9C106D86
S31502038480383F1CAF7F8EFAD5C625E79E503B25B3F0
S3150203849072FF1FC8314FDFA9FB0E49AC1FAFDBCBFF
S315020384A0F931A2C285BE899BD9DEDC4A536D4511D9
S315020384B0A4BCF7F65AE0A43C05C07F5FDF1830611F
S315020384C0EFBFFE617F79DB773AF31F053F1ED9F9CA
S315020384D06BD9D8E6624563A0D7510457D413D1DAD0
S315020384E0FA7CA7FD54C5BEBAA098EDA7EC77B53DB5
S315020384F069C2992AD9AF97DDA70DB54BD0F3FE838F
S31502038500640BBF2AABFEF1E0109BB5EBDA9C2DEDB3
S31502038510E9866FB46307A35DB32667534E27AFFDA0
S315020385209DA5A3D262F8E5A39D46430F7B5FBA4797
S31502038530A88714A1C3B9BDFBFA5E7BADE395E9AD8A
S315020385406744220CE48657FB17FA1DC6DB19C1558D
S31502038550BC54F14890FAE37EF6758F37D76E1E97B1
S31502038560E7BC22A68EF3AA2F691917A7F7D13B52A6
S3150203857032A5F49B5CD784E899DF2F248B02453B13
S31502038580B3B57E8D4E4E1FFC6A6DBB6CBD0D65FD8C
S3150203859077F73F86C118F774D1A882FADFEED1F1D5
S315020385A0C7A7537A9903227D7DCF1FE094532BF2FB
S315020385B09DB891EA7CBF3FE0AC1A4509DDCDD547AC
S315020385C0904CE550DFED20F816E1B2D5DF4FA993C3
S315020385D05547930D1476FF5FF44942C3D7F23D67BD
S315020385E07FAF72765580FCAFED573F5EF8EE3E14D1
S315020385F05680207177185D2EAE422A4EFCE41BF29A
S31502038600FE5A511F213F504B0FFD29FAAE056AC38D
S31502038610D51F227D5FDE23CA46B2FCE2DE5C65A07D
S31502038620DED9776229BBF7FA9CA5730DE6B5E9F5A0
S31502038630E6A77926B7B6F61C8EF050AF671DC4F1CE
S3150203864071DB86EFACAC5104E73ACC8E632177B586
S315020386504ED647742DD2D2FF1A386319DCA55FCFE3
S31502038660E4C848E394192FBF63C8DEACE108FE757C
S315020386709DC12E3EB684752BB7CE1CBEAEC832D173
S31502038680CA0E84B67FB55DBA32C6B7FF1F77529F4D
S3150203869049216BCF447C8113769457AADDE5787121
S315020386A069F26DB93CE80CB196DDBED37B261ADCC2
S315020386B0D3FE9D19FEC397BDB188137CC1FD3D361A
S315020386C0740C06EA93BB37AAC2B9B68BE977EC9365
S315020386D090649778DD359EC43C0612FC671DC67707
S315020386E0BF75BF8BCFD233F3C3B49E055EE4E4F802
S315020386F03DBB71D67FB47E95B5EA88013BFE5C0528
S315020387004BB6B0EA9BEDACA93F8AFDB7518537FA62
S31502038710FCD74D9F2CBD7CB4BFB7B4AD8A1166C4DA
S315020387202E8D074D72789FAC40FD49829D774AD5BF
S315020387300471E3CE6E44B71B82E596E93AE7D8DBCA
S315020387408B4A5DFE7EC89D9AD4A7EFFA5B0E03B1F0
S315020387502FDCA9F2C0B63B8BEDEF6E4C55F7237AAD
S31502038760EE1FA8EB20B272AFA40CF5C9D96FD84E8F
S315020387702625419ADCB73AB10CB8D0D59BFB88853E
S31502038780B5AEFD433CC59EA27AB0478B0B525497B6
S315020387904B5063F5E6EC35FD0357D897AD244256A5
S315020387A061CB394BFA8F41AC0B8F1EA36E9E2B66A0
S315020387B0E09633AA7F41AD41A8EFCD76FDD6BD9CA7
S315020387C0B708A6E3E9B9A101D494BFD365258CD032
S315020387D00EFEE988FCEAC1E9F88233A1F84695D28E
S315020387E0FB9B0EE4EAEECF95A470D1EB1E7FDC2849
S315020387F0F30FFD3717E13219FBD571B7E3D0E2D593
S315020388007380F5B6E59BD0C2B4DF77C3CA73DADBEE
S31502038810FCDF914AA3BA5FFE8BC2EAFFB4B6C2FD7E
S31502038820B06BFEFD6AEC5BBF93BB0BFA0B233D13E6
S31502038830380858BEEB873638B8DBDBFB489D5E76D5
S315020388404B473F369703EDEB5C65344FBB93AF2142
S31502038850931228E6FFFFFFFFFFFFFFFFFFFFFFFF66
S3150203886055FDFFFFFF272E0360252A1F0000000385
S3150203887060764025F211000000A95C135F25A54925
S31502038880000000D670BC53267C48000000FDD03899
S315020388906D26E5EAFFFFFF9085F4482569EEFFFFA3
S315020388A0FF8723D75825E41D00000036F8954A258D
S315020388B0FF4100000002E2E75D26C6DBFFFFFF770A
S315020388C03B924125D523000000CF9CAF5E25EEFEE9
S315020388D0FFFFFF1DCE0E4624F51A00000010098184
S315020388E06126D22A0000007A2F784225AC71000055
S315020388F00000C62371272B0200000041B53C632505
S31502038900D803000000632EF34F2553120000007BA9
S3150203891003EC422510550000001842C14B26450AB6
S31502038920000000A0145A44249BF6FFFFFF4A5C3A58
S315020389307826DE06000000C670F168256D15000074
S31502038940002D7DBD502537EAFFFFFF1CCD224025B2
S31502038950DF16000000272B064F2489F8FFFFFF418D
S31502038960C06D6225021C000000E5E8B15125781BA3
S3150203897000000019D0E04525D812000000F1E61ADE
S315020389805E2529BD000000086ACF6527264300003D
S3150203899000D38EB85F26A83C000000B04A74652651
S315020389A0A41D00000044A737442544F9FFFFFF1620
S315020389B0E4816E26752A000000CD300870268614DF
S315020389C0000000A5EA585E262C06000000C3DD2837
S315020389D07D261141000000569F1C4B26523400008F
S315020389E000F86FF17E26ABF7FFFFFF5B39296A2595
S315020389F0530C000000CE6CDB77256C3C0000008C28
S31502038A0011025026136600000056E0C57E2729EFA1
S31502038A10FFFFFF3C7F405225E640000000249828D2
S31502038A207B264120000000FCD17741254529000021
S31502038A30006FA5CF412561670000007D0C2A4B26F6
S31502038A4004A80000000228804026622D0000009838
S31502038A509413422599FDFFFFFFBFCB4D45255F1CAE
S31502038A60000000FB937E5325A9F0FFFFFFC2A03E41
S31502038A70602594FEFFFFFF74551E5D25D7EFFFFFAA
S31502038A80FF1D78006725331F0000008AB17E5E262C
S31502038A909BE7FFFFFF46FB654026B85800000064CC
S31502038AA075687627A515000000A28E617A25D01C6B
S31502038AB00000000955727726C210000000DB1A9ADD
S31502038AC074258819000000E308346D26F91E000098
S31502038AD000B34F6C4025FF09000000E5D63A4B254B
S31502038AE05A2D000000A074724925E01E000000F40E
S31502038AF0541444255F120000003DF0A95625BDA576
S31502038B00FFFFFF6BF3AF7F279F1B0000007267090E
S31502038B10432555E1FFFFFF8F9C256B265C1700005B
S31502038B200066688D4325F73D0000007F8381482652
S31502038B30237C0000004D6C45612789020000004B2F
S31502038B40C58D7225E2C7FFFFFF5DB7ED68261CF1EF
S31502038B50FFFFFF900A1A7725590F0000005AD41C0B
S31502038B60622503FFFFFFFF305E407525EB0F000012
S31502038B7000961C836625E7F0FFFFFF5426DC7B265F
S31502038B80E32C00000058F0086526BF25000000D636
S31502038B9064DE732647120000003353FA43252B592A
S31502038BA000000074B7287A279609000000D61DDB59
S31502038BB07B258EF9FFFFFF53C61C6B250A1900009E
S31502038BC000A8CE0C6F25FD970000003969B67E27F3
S31502038BD0EF14000000B198A46726C91E00000075B1
S31502038BE0E77659256A1300000056191A46253AFDF7
S31502038BF0FFFFFF6EFA336024590E000000DE486E53
S31502038C004625121E000000DBC34971267E210000A1
S31502038C10005244516426572D0000009CFE3F5E26F7
S31502038C20F0035C010C00234E34383A42160B002043
S31502038C30E1B8A4339768DA0F00C1376B3DB637FC48
S31502038C401EFD132E4E6462394908E01BE3CB7CC535
S31502038C50DE4F0B00AD230B48945B2D84221F10912C
S31502038C600E204D1200D0C5C0DF175593C301006312
S31502038C70FD7E0577288942566BB9781B04024200AA
S31502038C80B08714F363F433390B00214D0C523D9B29
S31502038C90710B7831275871D312B100C0AF4261DB31
S31502038CA0D45B8505F06B4D48FCB70B57A9FFCF562E
S31502038CB0B14592A175F4FFFFFFFFFFFFFFFFFFFF21
S31502038CC0FFFFFF0F3000C0011000FA000700525CDD
S31502038CD07F621D0205480180EA8E1FA14C1B800399
S31502038CE000F060FA232B4AF9D470207E321AFA2F47
S31502038CF05001A0088C265964CC2C00006EEA20E5AC
S31502038D00188E7E7EFA512E25F90A93B00040C28749
S31502038D10DF00C7D86D0E001C2EA2FAE3860ABDA099
S31502038D2098A4BEF1B6F25801E074A97204EB8E3927
S31502038D300A00027152D08464720CFAE3844979E11F
S31502038D409CC121A0A3632AC8877FC614F8ED0A88AB
S31502038D507004805DCEFEFF41C7E5C3A8EDFFFFFFAA
S31502038D60FFFFFFFFFFFFFFFFFFFF07600080030018
S31502038D7005F4010E00641219BC01E9ECAF00C0143C
S31502038D806BF3894E16FF210050504980114705B9EE
S31502038D90D4B130953C8C38C102800ED21590E6A828
S31502038DA0AB0A0098053C43587DC18B89912CD2941A
S31502038DB045B0FD0100EA56F018831A333F0008D185
S31502038DC018C041A1D80D4830185B52EC13C800C134
S31502038DD04DF486CD2469BF0900AC08E024A4F093C0
S31502038DE08CB27E888570F00F850080127FCF621465
S31502038DF0E4113FF013851CA47D48AE00FFBF5F0A52
S31502038E002ED244FFFFFFFFFFFFFFFFFFFFFFFFFF20
S31502038E10FF0FC0000007C001E8031C00C8E2C749F0
S31502038E20929594CA008003185DB18D880C2F00D4E5
S31502038E3037EBF7141A33717431398CD843B85806A1
S31502038E4080FE9AA7A1CDE1743500C0309EFB5988F6
S31502038E507B38E2BDB19521FA686903008E7EC50EA1
S31502038E608280A93B00C81E958D23799BC9C8A2405F
S31502038E708871EB373D06800E3212F8A08D17190062
S31502038E80E877726038D1FA5871E0C32A20792091C3
S31502038E900580447E8F9C488B4B27E077BB3384E95E
S31502038EA01FCD71FD7F44B43D4142F2FFFFFFFFFF39
S31502038EB0FFFFFFFFFFFFFFFF1F8001000E8019D098
S31502038EC0073800E095C9BF60D3C0C70F000E7F7095
S31502038ED00B215276410080962522DDD2D28FFA707B
S31502038EE00164F33BA0C40F007F9764382838183D0A
S31502038EF00060C3DF453FFF97DD7FE0C1F5E33275CF
S31502038F00D52A003A52B796D7FD023D0030E26141B7
S31502038F10A945DA8787164A60946233E306002D0B66
S31502038F20651013AD4E3D00509A2086C76FA34E9B24
S31502038F307B46A6EA39A2C20300ED54D62201B12921
S31502038F403CC00F1C75F391D07212F3FF11951713E0
S31502038F505D3FFFFFFFFFFFFFFFFFFFFFFFFFFF3F38
S31502038F600003001C0034C00F7000A02A45CCCC4677
S31502038F704A630300986A9E404E1DF84B01A05FE0C8
S31502038F80EC256449ECC801AC5F88A7FC9204003A5D
S31502038F907E2D62FA393EA000A0BF256D51D0A3E60D
S31502038FA0E92086EE6EE9AA9F0A00127AF86FC84490
S31502038FB05F0A0020A11F8562A3E2B1828DA5FBD7BA
S31502038FC0D1D364130086510A92C0FBAC0D00200074
S31502038FD0ADE86B45418B6F4147E3816ECFC9020012
S31502038FE06A452EC00D8B50F7801F656EA402E96990
S31502038FF06CE0FFAD168704D32EB3FEFFFFFFFFFF20
S31502039000FFFFFFFFFFFFFF7F00060038006C401FD4
S31502039010E000801CE180D89DD6DB0C048458D3ACD7
S3150203902060AD8E7400004EE51938684048C5C69295
S3150203903081C1633FF30000283CF05728F839320216
S3150203904000A7466057CB03CA8A0FDBD181C571BF1E
S3150203905025000026A9345CCD0112014009DA213F1D
S315020390609112545451F041FF460D1B3F00008B7978
S3150203907094F47830180040C9D150CBC7C0E81760C2
S3150203908058E89208D59801007CB0BAF44F0B4AC946
S31502039090003F4B4D023F135A3DE4FFF346C9FCF131
S315020390A02CFEFFFFFFFFFFFFFFFFFFFFFFFFFF0098
S315020390B00C00700078803EC0018821A6609A870A58
S315020390C0C50B00B0D2BBEDFF8870E10780B78613EC
S315020390D02D6D268A0493E0B27E2869120600D079A2
S315020390E008C270B9B8DA01801EA7BA829BA77A169C
S315020390F0AECB1BBC3717E43300186B016BE9AFC366
S315020391001B0380287E86A45F69E7CB15B30645B9A0
S31502039110012C2900E0B1DB79B1E060310380B8228A
S31502039120B9B8B43D05A87E179D18808B053300E8B0
S315020391309FB2183D09329901FE96FE965EA30A185E
S31502039140D9FF9F3BFA7070EDF9FFFFFFFFFFFFFFA9
S31502039150FFFFFFFFFFFF011800E00060027E8003AE
S31502039160008B6EB86C3A300A0600C05F20734284E5
S3150203917051A50800E458A4762763648E05FD885A30
S315020391807D3C4BA400D00FD501A58CC5970400FCEA
S315020391902A4236411B23941E572FA936FC107F0001
S315020391A0C0A3D1CFB1134A320000D9FD1DDA1F1D68
S315020391B06AE1C0B69562192D950100D06F06D1A456
S315020391C07574A30700C14EB66D082C9F228D0F0E30
S315020391D02454DAA60C0080C6758ABC96526301FC37
S315020391E03ECF0480534B4DA5FF7F53B45951DAB991
S315020391F0FDFFFFFFFFFFFFFFFFFFFFFFFFFF033041
S3150203920000C0015805FC0007006AB86EFC3066FB15
S315020392102300A03F23E6958D264914004A18F4AE8F
S3150203922027FB7DB6123642AAC028F8B90080D1843C
S3150203923073AC7F3FA105003C7702D6645452FAF31E
S3150203924080900C4500681601E04AF24A884C47D1E1
S3150203925006003282550614069EA29E2AA236D66AB4
S3150203926038A80020384A04E555E1F104005C304E83
S315020392704A7A8658FA0B06764A2B8DF7F80140E8A6
S315020392808CA443CCE16E03F863E698BC3914B46E3E
S31502039290FE7F8F8A92BF1C4AE5FFFFFFFFFFFFFF98
S315020392A0FFFFFFFFFFFF07600080037008F4010E54
S315020392B000D830F637B88D580E01400A8A03C541E5
S315020392C08A472900F48B1458A95C379838291D3725
S315020392D0589711EB034009285E916757823B00F4C6
S315020392E08AE399B5B2D9D0F027BC306821EA4003A4
S315020392F0C0C9638AD51D3FE30C0010899C5C3064A8
S31502039300C2B550B105F4CBD4012D01416A42379758
S315020393101AC0C72800D4E139F40F5B0D783867F613
S31502039320BF62ACCAAC02C0A5443FB7F99B9C0FF01F
S31502039330336074FD5EDC1859FD7F69F24822CCCE98
S31502039340FFFFFFFFFFFFFFFFFFFFFFFFFF0FC00050
S315020393500007001AD0031C0010F9E4629A7529A2C9
S315020393600100A9418B0C8714A41F00809BA94A42C2
S31502039370E068C3EC39E2B872825B6906006B3FCDE3
S315020393808939D67E658088D44A3CBAC8BC0A39D89C
S31502039390D7BBC8BE50AF00089AACACD21E3E6242DF
S315020393A00078E5F779EA9385E8A2321090E8E7FFB9
S315020393B03D4200231D30D6B87E275700703844033A
S315020393C01F380263C94FDE7D342CE68F01001E91DE
S315020393D037F0873D450E00900870E41FEAAF39E582
S315020393E0EC101A00E0FCFF6302E0FFFFFFFFFFFF42
S315020393F0443000000000CEEB4225D8FB00000000FB
S31502039400D9EE48267CF8FFFFFF007AAC4926E3062D
S315020394100000000099894B258F5100000080FB7ED6
S31502039420702614EDFFFFFF0006384C25ADF9FFFF4A
S31502039430FF80D4B75526AEF7FFFFFF80C324572616
S31502039440BB0B000000005F6E652598780000008064
S3150203945008116827D4D8FFFFFF00184F7A26CCF9E4
S31502039460FFFFFF801C225C26E7FDFFFFFF00E89B50
S315020394706A2549C9FFFFFF00FC074F25EA180000CA
S3150203948000808E114724CF9BFFFFFF806BA24E27DE
S3150203949040FCFFFFFF00463B5125A5E3FFFFFF000C
S315020394A0FF6165266FD6FFFFFF8028D44525CA21B3
S315020394B00000008095A85226C7F6FFFFFF80889317
S315020394C05C264936000000004CE84D2724EBFFFFDB
S315020394D0FF00E4F56F264F0D000000003B6356259F
S315020394E0D63B0000000033C64B26D5090000000018
S315020394F070E85826FA0700000000153755269C5CCB
S31502039500000000803DE84C26173000000000736619
S3150203951064272EC0FFFFFF80B5DD4F2477030000CB
S31502039520000036E84524EA1C00000080413F54252A
S31502039530AA3300000000C972572670E3FFFFFF003B
S31502039540472A4925000F000000808C684D25B10388
S31502039550000000003B1E402409FCFFFFFF800D4D67
S315020395605124C2F6FFFFFF0051BC622579110000A8
S315020395700080CDEE4A2505DBFFFFFF8037F36B271D
S3150203958068EBFFFFFF80C27E702649F6FFFFFF806E
S31502039590FB58642678B0FFFFFF00E6724B24DE0118
S315020395A0000000800C5D48264A53000000806CCC04
S315020395B04F257DFDFFFFFF00F2507E27663D00002B
S315020395C00080DCEA5C26A3F4FFFFFF009228462410
S315020395D0C0D5FFFFFF0024195824A0000000000095
S315020395E006166726EC0200000080D4EA4C245DF4DA
S315020395F0FFFFFF00FBAC722652030000000096F049
S315020396004F2633AF000000805D4C4D2659F5FFFF10
S31502039610FF00A3AB5825D69E000000004E714A27D1
S31502039620BF14000000004E9C61240AF9FFFFFF00ED
S31502039630270946248A90000000006A794E28B8FB5F
S31502039640FFFFFF805F9962269CDCFFFFFF80EB1B17
S315020396505725B6FDFFFFFF00117D692553ECFFFF7A
S31502039660FF80A385512668F5FFFFFF809BF0402507
S31502039670C20600000080A51F5E26432F00000000DD
S315020396800D557E2771F1FFFFFF80307D572542FF7F
S31502039690FFFFFF00EB16722084E4FFFFFF80AE6339
S315020396A04F251E02000000004A675423E50300000B
S315020396B0008002946D2600F5FFFFFF002C716F27D1
S315020396C040C6FFFFFF0004594D2564020000000057
S315020396D01036762630F4FFFFFF8060D87A254DF2E6
S315020396E0FFFFFF002F3050249CEEFFFFFF00B078F0
S315020396F06926E9F7FFFFFF8079544727257E000095
S31502039700000090D46E2763EDFFFFFF800FD85D251F
S3150203971044F8FFFFFF80DFED482573C0FFFFFF809C
S31502039720385B48250A1100000080E8334A26D2F93D
S31502039730FFFFFF00BA6E43246ECC0000000097D9E8
S315020397406427EA7AFFFFFF8037FF4827D2DCFFFF51
S31502039750FF803DB96B27729DFFFFFF00014E5E241A
S315020397600BD6FFFFFF0022EE50255818000000809B
S315020397707F11552609FCFFFFFF00415F522534572F
S3150203978000000000B985542737F9FFFFFF80A7764B
S315020397907A26E6000000008062685526CCF7FFFFB2
S315020397A0FF80BB68512556030000008010EC792523
S315020397B0901A5C010C00439917FC28FC1C6F00C825
S315020397C0BF8D6D7C4566900E0067275ED11E2D38D0
S315020397D07BA1844567C664FC6800C0AFD4CE2F065E
S315020397E068F4050017A120794F3A2183041B43121B
S315020397F0067626D400C0D59FB2C86162B2F5FF2EA3
S3150203980031541E79FD0335FFDF8160D522E403ACB3
S31502039810060000C010C2CF7F3D828C080029312E7C
S315020398201F141349352348D32073AA2CFD00C0CF36
S315020398305F7477DBEF0700003F25BE0BFC2448C8A5
S3150203984043574B08405305830090B335DC483C230A
S31502039850FBF2FF1523161E0A26FC35FFDF2363C31D
S31502039860F1C9FFF4010000C0CFDFCF7FC4C859049A
S3150203987000183C1D97954A24374B02C2744D5CA8C7
S31502039880FC00D015BDC5C8BBCEDF02008603EA497C
S3150203989091691A3BA61609F9BD041B0200104390EF
S315020398A06E3D72F373F1FF031C14DFFD160449FFC9
S315020398B01FE2F8D3DF8F461407000050FA38D403A9
S315020398C057F8D00F00A01E698A581740B132FC2BF5
S315020398D05782E8FBB100D0F7CB1F4EDDDFBF040092
S315020398E0DEB1296141067505D71499865030924532
S315020398F00000FA0B3291B31021F2FFFD050C5D5BFA
S31502039900009E42FF3FA0D5F33580C0D20B00000074
S31502039910D25F9A3271E82600000801771F5C0814A9
S31502039920FD8E954B294A27C27900C0EFCACFDF7F46
S31502039930AAD902007E0E1B37687FFC0A430449102C
S3150203994066031A7500A06053B010C3BFE2F8FF2B7B
S31502039950155B4507462937FF8F32EA84B3EE66D78E
S31502039960020000C02F6EFE729FDD4403001ABDC4BF
S31502039970526F442A8D3D12388DEA35628D0030CB03
S31502039980DFDFFFD3DFCF0F00132B09437D34463FBF
S315020399900749CA094C0742040071A2FBF3C4BF3943
S315020399A045F7FF1B27638C20163354FF5F6575E566
S315020399B04097324D050200E00C5C62657B42D002A1
S315020399C000004309233412A00A0509710222FCA7E7
S315020399D09A0080C4CFCFDF4FC0DF00000DBBA51EA8
S315020399E01617312015E42D2B194B07FD00D03F39ED
S315020399F053C25311E0F1FF11C708410765A1A5FF41
S31502039A007FA20283368975390F02005034B6C7F531
S31502039A102910C405004F7C4206FCFCC1AD00C09F61
S31502039A2013C4AF19DFCFAF70D9DF6D8A40E083006D
S31502039A3073FCC865895253444030311090DA906002
S31502039A4013D002D41358927570F0FFC2089637B832
S31502039A502E3534FFEFC38E7A680453A702000050F3
S31502039A60631730C5004230010011108C473700EEF0
S31502039A704C00C02FDDCFDFCF7FDEFFBD3C68C15276
S31502039A8072E90D0033FD2D574746082A608082137B
S31502039A90C9A315C1EFF7FF3DA5442E200F2B16FFD1
S31502039AA06F4483521162C7FF000000C0CF3F2054A8
S31502039AB0A037650F02304339301A1FB71225B42C6B
S31502039AC030013D2BDB0050C7CFDFCFFFC9CF02806A
S31502039AD08329175206A06F3E292C162203CF084E5E
S31502039AE000F085C1E820E71420F1FF4A255401B0AE
S31502039AF0400B1AFF0F6182DFB8E0E9C80F0200903C
S31502039B00D3C29FCF9F7474030006FD025F2763FCD3
S31502039B10D9C0092C653EFC288D00D00FE6028C5471
S31502039B201B450500202D8D8E2E27361E3CEB013A52
S31502039B304F1759E70040C101C72F03C010F4FF0FA7
S31502039B409EDE6E47056517FF0F317214A2921BBF85
S31502039B50010000B095D95FA6BD62310400063E51ED
S31502039B60430780FD451CFC932B0BFC44FC00E0D50C
S31502039B7067C3DF2F43FA0500666FB84D197B6D473E
S31502039B8017487E310D695A5704D02F858CA38BD87B
S31502039B90B4D581103400C039E8C0FFFFFFFFFFFFD1
S31502039BA00A800000006F778F6929E3320000007391
S31502039BB0CB9C422822B3FFFFFFD775D1542ADA5C26
S31502039BC000000045C33E762A9BC5FFFFFF7F143480
S31502039BD06D294A22000000E2848B5029A035000039
S31502039BE000A07E0E49298264FFFFFF179B7D45294C
S31502039BF0033500000020159E44293312000000E3BA
S31502039C0005914828F03200000009F2376C29D0FF8B
S31502039C10FFFFFF268EA74E28E32B0000007160A2EA
S31502039C204C29DF38000000B9EF977D2A465A000017
S31502039C3000957C6F772994DAFFFFFF9DC2AC50290A
S31502039C40FE2F54009CAFFB3BDF307A53F77BEBCE00
S31502039C5063FB3108D4EFD935A21CADFFAB3EF32A21
S31502039C60A1F69E56833C769F2E2718146E04FB6E2E
S31502039C70552ED804917AB7EFDD24A78BF66A97950A
S31502039C804D1B54DF77D120B628A07E7F368B40FA50
S31502039C904ED9CBEFA1FFA7EC76912EC16DA92ADD92
S31502039CA027BCFF75B5E2814DF4D3A66C6C305F0415
S31502039CB0C8B56F7B34B73579CC8FAB0EA2BCB76F01
S31502039CC097F728D0F6B4BBF32F576822EB95AD75F9
S31502039CD05C98FC5F4A751F901DAAC6BF14B09FF716
S31502039CE05725E465DF5BEC72B23747FA74F9ED93F5
S31502039CF054529AA02EEA72CEEFF278CD2FA77A2388
S31502039D000A20D589CCB7DBBA012D588F0D04BDC9FC
S31502039D1040F9FE7A2935BA940A89BD7BB3BCAD8B69
S31502039D201BE3D3958CCAAC319E9E6934E4D245B605
S31502039D30495F6CBEEE21D6F887861EE430CBFF67F9
S31502039D408F9761763EFE35C335BC39F735B5EA4F93
S31502039D50C61AF7E7EDF48895A73AD544297DFFE9B4
S31502039D60775AE3232B2E34DFB2DE97D02BEA5A5BE4
S31502039D70FFB4FD1429FE6E6B8BA8828CAE3B6BC2BD
S31502039D80317C82F379291428317F2AC5DFAD62E952
S31502039D9086BAB46ABDB88350397C5B5A6CCD38AA8D
S31502039DA04BB17B6B3EC63E8BF2B67BE7011387FD57
S31502039DB0DFEE35573F06F13643A78C1BBEC8B0EB21
S31502039DC0873E9377BB121E665D7F5367197DDEEB73
S31502039DD04F556325E89477DFA3022C29B26F7E5B86
S31502039DE0ECBBD1BB664E5B5FB637049107ADEEBFE4
S31502039DF0CC5EBFE0F6FBDAFAD0723BF3B63538F047
S31502039E00B7AD2B51175FC5AB4CF13251BEE5FF3AE5
S31502039E1082BBC94EEABAC6CD4E65CDEBED26E1D875
S31502039E2045BE503DCA207E9CED521869AF93FA4A4D
S31502039E30A9DFC14127E31737C9AED64F7E969F8F57
S31502039E40E7FECB92477EF6FF3447007257EAB6FB2C
S31502039E5032F5069ABDD65CA73854BB45F919D77CA9
S31502039E606936FBAC467107E6FC6BE5CD15D82DD7F3
S31502039E70DD6991DD1F726F6F33F88AC4F5EBEFF973
S31502039E80197A1E0C8B5B43D2875EFED77F6B3AA889
S31502039E90C054B3E6E6F5FD5F0E5751E783C6FBFDF5
S31502039EA031F85BC14BFFD96433DC917AEFDE5E0A8C
S31502039EB051A3CF86EE6E932B792D8AFB1705DBFB17
S31502039EC050ADA33B331F06E7B6F57DBD5365E16A85
S31502039ED0EAEB87DD186B8C01CD255B8D8635BB07D7
S31502039EE00D3F79FEDFADF5CF2C2AA4F2F2BA016853
S31502039EF09EDF7C6FA6BBDF1ABC28A6F617836C42CD
S31502039F00A9FF705DA229AAEEE7147C34E7078FBF87
S31502039F10DB539AF25085C5BF6B04F4C12CFB49731C
S31502039F20EC3970FF94F3589B2DF0FFD71D799951A5
S31502039F30027070463EF757515ED9741A4F65BFD108
S31502039F4050AB1426B6B7A952F9D43F384BF600B232
S31502039F50056D47C0FFB392E7AE6550A0FE5A7B8EEE
S31502039F60FE75DEDF74B16517C278860D11F079AE20
S31502039F70F731B844701014CDFFDB81C879D3DA19EF
S31502039F809D833E7E47E349EAE1735FBD8A88EA829F
S31502039F90D6FEB7D28B34BF3BD26C1CC977D1DE1146
S31502039FA0C8754FF5BB3DD9395F1150DDFE0481BF3C
S31502039FB0DB3BE7C2CC45DFDE3560A69FA5032E4316
S31502039FC05698C22DF9ABF0E10A1380F6B614A9220C
S31502039FD08399EF77EFE169F4AA4DED2D16A7F06B9E
S31502039FE077AC99FF6D5DE639FF6AD3B1064F6BA66F
S31502039FF0AFF2F3DCF3E7A691B1408172F8EA7F1E72
S3150203A000C6F958767D2B9163F92AB96B767FC257C7
S3150203A01037A1F83BBFA6F47FEF90C3D6A19ADDCD55
S3150203A020BDD56EFF12CB7AFFEA70B760A3ECFF14BD
S3150203A030EACDEA343EC048EE39504D1D391899E54A
S3150203A040EDE6AC7EEBE449CBE97CADD6BC5A386F80
S3150203A050BB2486F5CCFE488293CF7815BB95D6F6FC
S3150203A060D2DA11A5FB7F52380E38DDDA5FAC82E80D
S3150203A0704C7EFC6FA5FD6AE43B72E2B4D7CE4BE697
S3150203A080CE4B7AAE282AA3328DD973158BD3B7A0BA
S3150203A090956AFD1643637042F3ABAE5DB84CBC3DA5
S3150203A0A0072E409708DFCD6C9182B71DF47CAD9BDA
S3150203A0B01EC20266BFB74BFF1A7ED07EB5D2897D1A
S3150203A0C0FFDC3497C45C64CC6DDD2AB24DA7BA6952
S3150203A0D08222633D8C699EB85658F7983D2BFF3210
S3150203A0E0EB50CD6445FECE9D8489BFE1331BFF0051
S3150203A0F09ECE735C7EAAE6CD6D3D198F942B89EFB6
S3150203A100D41EAC956B01F632E237486E90D33E5EAF
S3150203A1106987DAC57CBF25960FFF02BF36C332D1E4
S3150203A120D5BBBFAFC6E4A7D266265BF71B93FBD3A9
S3150203A130F7D5F4420687D7760E16435C439F927D84
S3150203A140CA9A415122774F3477411EACDDB6AE41EE
S3150203A1504E44CCA2F45AEE585024E0BF242F145A8C
S3150203A160D8A8BB6EEC1110A38CADF77D6A2B2A30EF
S3150203A170074CE0A9BBD6CF6072A482C16DBD7D92A6
S3150203A1804E847909D3690E72B171925EA4CEE6B694
S3150203A190DE24E0EE4F3EFA3FAE99527014A863EB0B
S3150203A1A042A416F4C27FF33A85E9DBA6CB42CCE49A
S3150203A1B05975DF9EC538845AF76E87AB4D91F9B54B
S3150203A1C0B5F4152AB9F629998A3F611EFF47DB09B9
S3150203A1D02ADCBE1D25FF4EAE7F0ED5E1B4ACDDE310
S3150203A1E017E792D6D07D65982365E5765FA4F1EBF2
S3150203A1F0C1C4D7AFDA1BA95F9377D5A6BAF586C7CB
S3150203A2004EA3649B88A6A57755AB093DA8AEDA7E15
S3150203A2107EF43080AD3577F3C74791FEA3354A2CDA
S3150203A22006EE4B19F1FFFFFFFFFFFFFFFFFFFFFFE5
S3150203A2306BF1FFFFFF00DA71472597120000003723
S3150203A240799D73258F320000009D312241256F0AC5
S3150203A25000000063434F462445EAFFFFFFDAD37249
S3150203A260492589F2FFFFFFF2CAC847247337000064
S3150203A2700024FB0E5025810D00000087A5AE4E2556
S3150203A280EA0A0000009FA5947F2621F8FFFFFF5DDF
S3150203A29056405A24C7340000005A14315F2690FAF6
S3150203A2A0FFFFFF39730463256AD7FFFFFFB14279C4
S3150203A2B05725DE090000004844DA5723EB4800001D
S3150203A2C000B996406C263C16000000F92FA94B25CF
S3150203A2D0C225000000FE00547726DA190000009F0B
S3150203A2E02762432559EFFFFFFF6033414A24BDE945
S3150203A2F0FFFFFF0FF10E7325BD0B0000004235C7AA
S3150203A3005926C135000000323EBB7926C85C0000DF
S3150203A31000CF066B56260745000000C8F6FD7D27CB
S3150203A320E40300000090353B7926B0020000006882
S3150203A33035715D244812000000DB3F8B6C24510FFC
S3150203A3400000007F4CF95825EE04000000E42D2797
S3150203A350562561ECFFFFFF0F74154424611C0000B0
S3150203A36000C6338D4F2522F9FFFFFF1833B363244B
S3150203A370C7FCFFFFFFC2098A6E26EA13000000AF7D
S3150203A38017FA4725C6FEFFFFFF2580E45F257503FF
S3150203A39000000020470C4725B325000000F3A4C2A2
S3150203A3A04025FD1400000070C1674025D7F6FFFF64
S3150203A3B0FF44B1827225B5240000000802F6452542
S3150203A3C06217000000D8537042257A200000001954
S3150203A3D0DC186C25DA11000000CFAD1540241131CB
S3150203A3E0000000B7FF4C41250F0D000000E9524E55
S3150203A3F063241B1F000000BA677565261705000054
S3150203A400005553E544253526000000420E3A412500
S3150203A410DB1800000054A341432559F1FFFFFFC493
S3150203A420AAED7F2542F1FFFFFF4483484624D9FB69
S3150203A430FFFFFFC6C4715726670000000075E34697
S3150203A4407F24F4F2FFFFFFEEC2CD43252F0800005F
S3150203A45000A8E7F94224E600000000631A16462420
S3150203A4600800000000035237552401FCFFFFFF38A2
S3150203A4707BB96A2575EBFFFFFF12D6306625702C72
S3150203A480000000519E336A2607F6FFFFFF76FA04A1
S3150203A4905724B50A000000C0350B66258CF5FFFF6D
S3150203A4A0FF9EBCF75C2680FBFFFFFFE805D2422432
S3150203A4B068F3FFFFFF2CC6ED5E243023000000D4B1
S3150203A4C0D57745256442000000E3643456261B080B
S3150203A4D0000000BB546577268FF1FFFFFF8B78F1EF
S3150203A4E06A258602000000552B2C5524F10800002C
S3150203A4F00037EDD47826C705000000B92566612624
S3150203A500F207000000D890B97C247BFAFFFFFFDB39
S3150203A51039436825F200000000F9F1C95F25502787
S3150203A520000000D653FA462581FAFFFFFFF0F7072C
S3150203A5304825D17E00000073C04B4C27CE5F000036
S3150203A540006354BD632751FCFFFFFF498F3E6C2511
S3150203A550433700000017120840260A050000007060
S3150203A560ED926B2689FDFFFFFFC33832552593050E
S3150203A570000000EAF0235825CF23000000662BF4DF
S3150203A5806926AF280000007DEC054F25DC25000077
S3150203A590009B66CF5C257203000000D99C3A6526B0
S3150203A5A05F180000000B4D314526B717000000B3B4
S3150203A5B07CA271252000000000A0F983662558E1DC
S3150203A5C0FFFFFF70D8855B25EF0200000058816EFE
S3150203A5D0412506F6FFFFFFADF0F748248BF6FFFF92
S3150203A5E0FFCA9B586625BAF8FFFFFF935900562503
S3150203A5F0F0035C010C0132C8B7FD3802970600204E
S3150203A600350BC170A2D5EF00001FC9F055FC0EBB76
S3150203A6102D12B53D1A20866E2200D09386935B2DAA
S3150203A6204D7E01007EFC3F000B6764332FFC9B4883
S3150203A6304F418A0D00205997A02949B226080034B2
S3150203A640A4F06110549C4C0E2B2A060118F3DA006F
S3150203A6503023C48CE16D5105080038154E83FC0B7B
S3150203A660628C2D0874C305FD8F3500A0545BA6B119
S3150203A67033C8D20CF016358D18057706FCFF5FE159
S3150203A68047F6210869F5FFFFFFFFFFFFFFFFFFFF05
S3150203A690FFFFFF0F3000C0019001FA0007007E0D95
S3150203A6A03A095AD43AC50020040671EDA5A88905CC
S3150203A6B000F0FA6FC65091076025A0AE5C0EC06229
S3150203A6C02C0900A2BFA82B44CF440D0004682CFA20
S3150203A6D04DE40A20660816B02F6FCB080160E30229
S3150203A6E001917F46CB0A00F8512CB05D8586F9317C
S3150203A6F071A22236046049004054EA7C82D6E28D76
S3150203A7001F000CA18AE02AD7D87C128A46E875A4D0
S3150203A710488600E020C0220425C1A812F8AD70CEF7
S3150203A72034F82F182CFE9FEA254405DBE0FFFFFFD2
S3150203A730FFFFFFFFFFFFFFFFFFFF0760008003002E
S3150203A74003F4010E0098F0EBA8BC61715901C23DF6
S3150203A75000D457DCE0D00A004032086B56D0F81D0D
S3150203A760D0C923A18931A12A0080460D51BF8892FF
S3150203A7700D08000C5A566018034818A4CA2F5978B4
S3150203A78078C0B401806B29516586CC200400E41C91
S3150203A79031B57064F5EFEA2658904905F66800006C
S3150203A7A08803003F1BDD481400F41757E6643C9CFC
S3150203A7B0F92294207C942CF1670000819D0C28ECED
S3150203A7C01B170CF033F2479931E5B479FE3FD9D31F
S3150203A7D04552FFC5FFFFFFFFFFFFFFFFFFFFFFFF1F
S3150203A7E0FF0FC0000007A01FE0031C00903C50802F
S3150203A7F072D74B4403002E0E142A08B09E0A00A0F9
S3150203A80078F489B5CEED9512D43095EBA0185200A3
S3150203A81000DF0309E5017E0438002871C190B27393
S3150203A820010C700A247CA232E8670180A780901487
S3150203A8300F87A20304A0A15BA97F9039F3E82F9A9D
S3150203A84068A0C0E8620120A7944DFE040B4B2F00BB
S3150203A850B89A80E1EFD9B2F17CCC31F5BAB36C8BFD
S3150203A8600380FE208400198A0915E097A1F2934515
S3150203A870C3E09FF8FF8F09068A92FFFFFFFFFFFFE0
S3150203A880FFFFFFFFFFFFFF1F8001000E402DD007D2
S3150203A89038008021C3688872617003005F32256DB8
S3150203A8A07FFD063800E0A22C42D732E44809F6C6F9
S3150203A8B081F0A4DF6C0800649B7A4678FC85290044
S3150203A8C0302478E813D57944D404B4496002B11626
S3150203A8D00200B6E3512DFC4A092300D2DDAF2289D9
S3150203A8E020836733D8F1275AEC8BD50F00EB720519
S3150203A8F01365A872B200D02640D141D8CF63A8AC63
S3150203A90030A6F552D9BF0000034B18B50933FCA094
S3150203A910C0FF7BC7B2C187C118F1FF4630A9F47ED7
S3150203A92038FFFFFFFFFFFFFFFFFFFFFFFFFF3F00B2
S3150203A93003001C0012C00F7000208C2B52E3A9E304
S3150203A940C70A00444A05608AB0B6600180A348A3D9
S3150203A950312D634649291C2C4609BDD00200C48207
S3150203A96012E46020FA3B0080B59F0663C6B81896C8
S3150203A970EDA9E568C37408120060861014E18482A7
S3150203A980FA0180CE2C29E830676A40AB82A55F477D
S3150203A990C402070016B8001878F887F801E0C80859
S3150203A9A0D100C1308EC181098005C32BCA0B003881
S3150203A9B07C0EC27CA4367381DFC4D76F6417BEBF15
S3150203A9C0E4FF35DD004785F80BFFFFFFFFFFFFFFBF
S3150203A9D0FFFFFFFFFFFF7F0006003800AB401FE0CB
S3150203A9E00040088210A24759DB0500902188F19B9B
S3150203A9F05048480040D1C448447FCEC347107F8B9A
S3150203AA00541C8A5C0000D01D4154A458683401408A
S3150203AA1089D9DF4CC212A251C8228CA6736F3F0E8C
S3150203AA2000F45C5C8CB414F6970040533F819605A0
S3150203AA3019DD5504D5C88B2BC88B0B02C034648829
S3150203AA409420107C0300C6B4CC6B9220020F52C52D
S3150203AA500B3F079E141C005CF5BBB58ADE44CC0093
S3150203AA60FF52C3038CC22448CFFFA74069A8A0752F
S3150203AA70FDFFFFFFFFFFFFFFFFFFFFFFFFFF000CCF
S3150203AA8000700010803EC001001FA29E18814A2456
S3150203AA901C001848A4685AE1E7D90300887E4F4C84
S3150203AAA06C8A943B267287995C517E120028485120
S3150203AAB0129BC770610580170C7BAD079BC15A7E3B
S3150203AAC0CD418ED53D6B0800780B921DA3E91F1667
S3150203AAD00000FE9E1B8C8087131387031F0B22B86D
S3150203AAE0A70A00696AC111A8BB1BAF010012882716
S3150203AAF09F8780FE325AA58F914A8C200000B08030
S3150203AB00A524A0EFDF0E06FEBBD29DD1658FB3A7A8
S3150203AB10FFEF50E045A6F3FCFFFFFFFFFFFFFFFF3A
S3150203AB20FFFFFFFFFF011800E00090007C80030097
S3150203AB3035181604093AFC54002092C7F190C43F13
S3150203AB40A1080218736449FC72453A147B9D49189D
S3150203AB501D126B00E05731F3D6D3CFCF03085D3412
S3150203AB607D9B186A7C71AB2B0D56FCFA267A007014
S3150203AB70A1F131E08524A301000A18CD1A3FA400EE
S3150203AB805C0F02609AEBD02E26002064202C7CC533
S3150203AB905FC50000360ACAF8632C076A0CA62CE2C4
S3150203ABA03D2A3A1C00B0518452107AC1CE07FC7872
S3150203ABB0ED6A3F10912FB9FF7FD51F03A4FDFFFF57
S3150203ABC0FFFFFFFFFFFFFFFFFFFFFF033000C00191
S3150203ABD00000F800070C0AFA7562240C232200A06F
S3150203ABE0A46893A2DF51B20400E4D5985E46DC045E
S3150203ABF06AB414083CEAC4946E00C083C6CAC48B02
S3150203AC004B160A00C425AE64F949880CFB119BFA5C
S3150203AC107C3AF27A00A0236401EA03A240000028E8
S3150203AC204C407A6A047FE0385C9AA4779204000067
S3150203AC30406A2047A9DFBB4A04002484F80BE2F8E2
S3150203AC40436E7A9F788C38567083000082A3E7AEF0
S3150203AC50EDE54F02F80F5D507B78732EF8FF1FE484
S3150203AC604006A4E3FFFFFFFFFFFFFFFFFFFFFFFF18
S3150203AC70FF0760008003B001F4010E0028F3BB3026
S3150203AC80CD3C9DB6000057B109D7EE8A8F3B2034DF
S3150203AC90DD7054F41714F490F50FFD1158ADE3006B
S3150203ACA08043C6018B497F9D0E00A8DE17B4FE05BD
S3150203ACB0683E04434542F02BE41D0280537FC5A43C
S3150203ACC04AC5DD1700BCADABD083E53DCDF1637854
S3150203ACD07C4414440001800404218B9905840400F6
S3150203ACE03884CE71FAB07EF821DD2D7811ECED7E33
S3150203ACF00040DD8DC9487F04D817F01FC025F0F147
S3150203AD00D5ADE8FCFFD43B0582C5CFFFFFFFFFFFAE
S3150203AD10FFFFFFFFFFFFFFFF0FC0000007C00DD8B5
S3150203AD20031C003800CD204A8FC13201800F810AED
S3150203AD30B292DAA7690008097B798310E68FE409E0
S3150203AD40E950C9105831040012011B8E7E6F4D273C
S3150203AD50004870BF18D1E249002328B988882B4CD2
S3150203AD60E307849B3383B25623BB3F0038E8CF13F2
S3150203AD70B208980A0BCAE6A7A078236C018001865B
S3150203AD8052CACE561D7E0028BA2408D26DA5DAB061
S3150203AD90F1F859707CB2012380FED2BA00970212EF
S3150203ADA00200E8E2A7905298F07908180D181B00E2
S3150203ADB0E0FCFF0702E0FFFFFFFFFFFFFFFFFFFFCE
S3150203ADC09AFBFFFFFFA550D9552AEB000000000DA1
S3150203ADD0538A642A42FDFFFFFF46BD6E5B2AD0FB00
S3150203ADE0FFFFFF87BDA75A2AB0FDFFFFFF16FE40EE
S3150203ADF0592ACEFCFFFFFF1351DE582A27FCFFFF19
S3150203AE00FF3A9ADB512AFAFFFFFFFFBE6E904B29E8
S3150203AE10F2FFFFFFFF5B21A34029D0FAFFFFFF6783
S3150203AE20D5DE592ABDFFFFFFFF83E2FC6C2AE1FA56
S3150203AE30FFFFFFBECDF2522A4BFCFFFFFFC1887C08
S3150203AE40542A8AFFFFFFFF163180642A51FCFFFF53
S3150203AE50FFDC765B5C2AFBFFFFFFFFC5D6DE6E2AAD
S3150203AE60CCFAFFFFFFF0D08D5D2A82FBFFFFFF3D89
S3150203AE709E88552A56FDFFFFFFC2B4304F2A77FB41
S3150203AE80FFFFFFFC3A3C542AEDFEFFFFFF30D3FDE2
S3150203AE904E2927FCFFFFFF45B8315F2A21FBFFFF3F
S3150203AEA0FFD7D2FB662A31FCFFFFFF5B7415552AD7
S3150203AEB055FCFFFFFFE5805A522A6C01000000E9A8
S3150203AEC0345E562947FAFFFFFF75B797502A5DFB93
S3150203AED0FFFFFF935BCC542A9BFBFFFFFFC65E90EB
S3150203AEE0532AAB04000000D6CF0B422940FBFFFFD7
S3150203AEF0FF2343A3552A6FFBFFFFFFBDA0FB552A82
S3150203AF00FE5F5C007C57C89782FCF43C3E95F01AC0
S3150203AF10B38FA71521E85664BEF1CB24CBF3C3F056
S3150203AF2035EAF56D2100B54232E640F2A0FC4A0647
S3150203AF300AFB3FC0B430A76A979BDAE2C41570577F
S3150203AF40F64F8B5022931D9F03B95227E275BBC856
S3150203AF50425220437527D684EA9AA455AC41E1733B
S3150203AF604264C6B4A2E13762D192151269DC5DD19D
S3150203AF7029A509813253FCF1CBC9035AEF64327610
S3150203AF8080B0C3C252D91633197B1E03083AA4E40E
S3150203AF903AB5402273B94605113C825AE147F6286F
S3150203AFA0A1D8DBD95D14B19A20F72A86E102736927
S3150203AFB005E14390C571F200589BCFE983C3E020B4
S3150203AFC089C330C2F597A23408D8B335CCC071858C
S3150203AFD018C00384F0C426A8F37820C9F7757D4BFD
S3150203AFE007D38835501423567AC671F9D43C79347B
S3150203AFF02CB213311DF99BB3D7D5AFD21BE745410B
S3150203B0001126BB064752F3B8DA637633B413A3C7E2
S3150203B0100095DDD81FE6423338CC293A60D89245EB
S3150203B020676901D2102195186299B206E1DB840A97
S3150203B030CB1B00E676FA4D8603B314940CF116087D
S3150203B040D2942277FA006E839FF3111647C0D1E496
S3150203B05011961B9E66B0C3F1CF85B9B22048762CF2
S3150203B0609813FD30DB8A73F470132132CBD9E9715D
S3150203B0704389A415735B46C415F8FA7B8B22D2F572
S3150203B080204512D79A84D6E5E03303E418F353FE38
S3150203B0903943D67E7E63D55BB8832173161A2FC3D3
S3150203B0A0704054F19F9DF6562CF0D380B77CB79629
S3150203B0B082F3A19B95D789F0F0C6D0C2C3C7904548
S3150203B0C0248420A4F90CE6C2F00652ECAF373455B9
S3150203B0D0D114FA6CB6C114BC5A06F37C7A3F3EC647
S3150203B0E0E37414D1F599C8F7CC16D266594621E210
S3150203B0F0F0F98FE9B0BE5906D15C5B5BE022E6014B
S3150203B10085807A3072C861FAC6695C2A62F01EA02B
S3150203B11095775FDABD8C895A79B2FEDDF040006518
S3150203B12041334CC7F613B1A171AEAEE2A1A5839327
S3150203B1302D952814A21017792B95086522143C62C3
S3150203B140C4F6BFD20D8474EE09D276D867D1CC0584
S3150203B150624E932FD22237BEB703E23429B7193090
S3150203B16054AB1089F331719634E36531B7F3D84999
S3150203B17011E2B0B7DB0A75F96DBC5C5D0A540CE6E5
S3150203B180C4733E31C7A70508872975C6418062CFB6
S3150203B19058BDD4D188F02414C539A7F0EA342E2930
S3150203B1A053A5F5B891725263A47095D7B3BC55F003
S3150203B1B061D7A7D35A20D357285459702196760DAF
S3150203B1C0A7B62BF8B6E67409B74BC5159500B43B7B
S3150203B1D000F8B8C6E4F01CE40AA1D1E122952B10CB
S3150203B1E0DABCFFE9E11194271000FA088CD1DA657B
S3150203B1F013B1D1938455F3AC16D87998BCF4C455DC
S3150203B2002064C1B4175E183E9B58F8997DA2E140AB
S3150203B21044BB3B46C7975FB5525E95351452123A05
S3150203B220FEDFBA1A25B60366919FF9BD4B434B0D52
S3150203B230C4113BE783F0FA8A706AF01A05D6ECC0AA
S3150203B240678273B9CD242CC6030872F6CED1FDE00C
S3150203B2502027D0E4505D08A9BDB797524461A7B031
S3150203B2605EC08275D6B72E6374BAFC82271AB6D22B
S3150203B27008BAA42041F99433B76AE1D13076757BD3
S3150203B2800CFA3FC8784BA23143D73B597613E0F405
S3150203B290EC624672C3E830BA1900E537C213A53920
S3150203B2A05C3D52D605C7386A55F6107F3B2548F4EE
S3150203B2B079C6C28971E420990DB3FE9F9299EC2057
S3150203B2C0A2C3502648162306244AD812A9519485A6
S3150203B2D067F70FA7A1E3D480F2B031DD73AED19E37
S3150203B2E0A353B056F4AF95FCB93A9AD3E580E1601D
S3150203B2F035554E9F799E316BF893FB4CC031EF2047
S3150203B300D1FAEA81C8F6798D34FF3B9D6061192132
S3150203B310C143E675D699F61FD608C476B2599793F2
S3150203B320F51B4562A18369F11E77F12FB417131931
S3150203B33051DE074151FC9FD79D63B1AEB660E1E58D
S3150203B3409367665383B4DC2D27120F987555D196EE
S3150203B350DA641093743FA75471A8DB943855BC7D05
S3150203B36082447037FB95B9398B2109C1939C4604F4
S3150203B370F8454012A7C6A370740FD9BC879646A098
S3150203B380C130E375579139A7369B980DB8F2C4417C
S3150203B3909603F6D609F720D29DD160204393A821BE
S3150203B3A020D6E0373DF092F616EC11B9F10E18F7F6
S3150203B3B020344310F51BF1956AD56817A6B211DE40
S3150203B3C0D1A65450D3A04339BF6BF568A423870093
S3150203B3D0B8E476561EAEFBF313271749D8BEFF3FD2
S3150203B3E0D90C51254354DC30D03219D26A66B5984A
S3150203B3F0561019701FF271083A3D423469791615CF
S3150203B40003120437EE1223F682C731C022F273B156
S3150203B410951B327748E506AB1515B04372BDEB01B2
S3150203B420D18A3477FA5BDA771033DBC44161770367
S3150203B430735715010876961545A727141E8230D32E
S3150203B440B2A68A1D47E7B51DBB33F60027910A321A
S3150203B4508DB471AE11E4B69DB51A78B1B586577C33
S3150203B4607398BABD6DC9913E97D55BA779A7B744C1
S3150203B47091C4917172741D60C6B28ED24A2297B973
S3150203B48054F079F3B65075CF527CD3F32BB134DB38
S3150203B49067937BCA1601312341111497A6A4A7EB1E
S3150203B4A0513EFD11B1F7FF0AA8D152ECC5C236DEF1
S3150203B4B0DD54A25669070303A33856F4129153299E
S3150203B4C0F59FD9B42587752B879A213400D5F9556B
S3150203B4D054EC26D51B1A82314461A47AF2FA5977BF
S3150203B4E03DACC59592B467A30444B983536A125417
S3150203B4F078A779EDB3576160D7D57AE621C8D367C2
S3150203B50079112902D1850564D785F2F439B645B096
S3150203B5107268D79C0633751EBEC5B1E404D68BD0BA
S3150203B52012721AD9AD45C20281B0A0125893F1DB49
S3150203B5308EA7F65E46C091D8705215F81CC6112125
S3150203B5402137747FF2B0068B4745E9D8739D1755A9
S3150203B550B412E215DF9631D7125F8090C251DF1B18
S3150203B560522C20F55CB4B49A7954762554937250CE
S3150203B57054BC3AEAB5F353C265126DD5943ED31160
S3150203B580BFFACC5830B74D63D8E24B65E905D89478
S3150203B590102545573B900587D15EB301F8E590C761
S3150203B5A0919671326433F6CF358366D1D5D537C2D8
S3150203B5B03620F33A30195A72D5D21A87A055FF5A52
S3150203B5C0295639694661297FC1EBCF41FC4F563C67
S3150203B5D04F50AD443727F2934FC85AC0722078D3DF
S3150203B5E0E5F2A8E70328F442857706921AE8714939
S3150203B5F008739AD1F4135570B69139BB5C5C04C8CF
S3150203B60051BF7C3933D4E26530F8CCB35530388434
S3150203B61046978640F1349B9B5C89B50B6A23F45C9F
S3150203B620DC3C5A2F96BE616534D1BE37403450ACEA
S3150203B630A023F5C9393B5A5F9912759310D1D0DC11
S3150203B640235776DADE1AEE7842113741F5A685E0FC
S3150203B65023E786E1730E0AC470AB35E7787D519012
S3150203B66041B700C40768D14DF27ED4E18102AB64CF
S3150203B6706B24DC634116FB64C616068842535A469C
S3150203B68090D23897109ED40763858197DB26DA31E9
S3150203B69044F926C15466E04428B09B136FE603536C
S3150203B6A0FB7CFCF3D6D078BBB61CC1A2609441B036
S3150203B6B08B1D6F491C0BC6112BF975A58694A059D0
S3150203B6C0561FB9BB30E27592C2944220D704A50035
S3150203B6D0446319A26BE58654A133AD33A3D7759F91
S3150203B6E07BD9F9C68212854692B4579DB34F846AB3
S3150203B6F0F7EF1CAD96F8B538189B34F9744FC400AE
S3150203B700399723167B140284460287F51F2A22875A
S3150203B710A3971245E08723A4DAABAAF30A9455D971
S3150203B720D6537B0397E9B391A5F43BDE5AA058049B
S3150203B7306484C07BD888C4386735F23C53DB244320
S3150203B74090B8526145572D81F51EF2E9F00F950522
S3150203B750C3DAB4A368764743733974029AF1CD52B6
S3150203B76008A2C6565AB9E3A802B414F33AC676F542
S3150203B770983337C12DD5FA7CF69BBD988250A162C8
S3150203B7807181126624324136D4F9974C57E73794BE
S3150203B7900C635C9C84705D3274D28E10999B0FC1CC
S3150203B7A026C03178FD30791E7361463662E785A07D
S3150203B7B0D86B5451E0302492B59A3C768DD5D1722A
S3150203B7C067E5932C97E058F43AE27360A2A6C7445E
S3150203B7D0EF030C920A65577034967F58D5CA9113B4
S3150203B7E0CDD6DB7A51BFA943E380577BA433EE0858
S3150203B7F0B7F241F38AA62779B1B86A9504C520013F
S3150203B800FB26D250595A74A235080311F03CA3C63B
S3150203B810D0E6E6968CB4B838E21217BE56A035BA0D
S3150203B820002672BDCB89B0E7A9E228A3557A76C76B
S3150203B830D955C27B31DC43D5DE7B5CEBB66A7696A1
S3150203B840D09614D115A1917171A2A6259AE3949E5D
S3150203B850DDFBFFA78683D126F7E0E3E421C097AE9B
S3150203B860F15AF088050799143347711F3A27B0D75F
S3150203B87032EEE5B670E443B1A9140D13D2F32414E0
S3150203B880EBA2A34888E176FB0A02B5D1515081D6D1
S3150203B89030583D10651580E435E9E65374DF96BBEF
S3150203B8A028919C9276692972F1A6A023C9D248856A
S3150203B8B09258CBA9C5F196BC375EFCAFB726B5D96C
S3150203B8C098D9108E0452532CBD39F626889630E742
S3150203B8D0E69763F28651F0555A1716351CBED47293
S3150203B8E0FC5C17FB17FD6E27413895603774F769C1
S3150203B8F0C2974C33A3D84236EA2517060327560EB8
S3150203B90086A05E49626B90264866FE93133C6B31B2
S3150203B9101EDF831830F79F25C894396A9B5AD3359D
S3150203B92013E44255B81CF6D41096396AC5629016CA
S3150203B9307A7C63E2B318F17C2607F7B434A0705F0E
S3150203B9402EF383F9CA242CE63601976D90F15FEA4A
S3150203B9502359481119FDD6BB0D8454929AF91F999E
S3150203B9609BF57E4179F6671162C8226628F0442365
S3150203B970131D0643D61822B32A1148C1511377F76A
S3150203B9804C7105E71DF1C973B101A59C30F2943BD5
S3150203B9905D8F64F5D6B8F27489D9058645533F4659
S3150203B9A055DCF39123F520D204A3984656A186D0FB
S3150203B9B099F0CB526AF67F192D2423D6F638D8701E
S3150203B9C0EEB682D9A5F67081A24A900B3BE1B49DED
S3150203B9D09FC416D2315EFBE96998A812A1267003A9
S3150203B9E0742689F407227641F8425B50B94CE5F690
S3150203B9F01F37293516F9300816F170C5F64C8198AA
S3150203BA00C437F9E6F64F19D83EA9331948AAE5E031
S3150203BA10F16123B247D19429D42C060A0951380F6E
S3150203BA200832D29F22A3B445F5DBD0FE4733414801
S3150203BA30A859C2F775BBFCED3649083564C4D85715
S3150203BA40ABB4BFFF312967A7E8761BDEEB3725A622
S3150203BA502383C5C020B89D3B62F37F8E41D33894BE
S3150203BA60CC512A464964B0339E3FBA4CE1CEA9C7AC
S3150203BA70887120A09629A7307D56DB3B599DD77244
S3150203BA80521948E237FA7DBAFFC1B3544BE2D2C127
S3150203BA9057D463F0564688B72B96D496C2350659C1
S3150203BAA0393BDC16707B0DD86673CF530C91446217
S3150203BAB061E5674BB0A0D25C329FF04C1A7BC7A2FA
S3150203BAC0E442175D3170FEF0FC26954AB131A2DBE2
S3150203BAD076737AB272EC5890906789A27AB813B7E2
S3150203BAE0C87201C672BE5AF7174812FE3A03A7581E
S3150203BAF079D4AAC0F5956FC4D593A3305AB138DC6D
S3150203BB00D8E1B713F5FFFFFFFFFFFFFFFFFFFFFFBD
S3150203BB10FE11000000B8E9206127F0DDFFFFFFC434
S3150203BB20A2B7652711D8FFFFFF7721044728000034
S3150203BB30D80254F18D95D231F1D0E06F5BAAF63576
S3150203BB4015F4B381C1F04F3F6FBE7D4D2D9D8B5BC7
S3150203BB503B2BAB2A6A2000D0D78F1690DF542AC21A
S3150203BB6089BF218076A5D064BBB1CBFF8F3EE55654
S3150203BB7090FF4F809B5E63C3FEFF092C1F00DA1200
S3150203BB80F0F134F9046F36F8BF414CECF67780FFD7
S3150203BB900714019EE0FFFF03CE02C03A0000AF2363
S3150203BBA02A0FA03838FF7FDE6B6ABAF23AE1FD3F0D
S3150203BBB03025C07F06FB7F00000202D0C4412486E3
S3150203BBC0DA07002800F051F0FFFFFFFFFFFFFFFF38
S3150203BBD0709A00000000000000400200000000000E
S3150203BBE0000000000C000000140101000000000028
S3150203BBF0000000000000000000000000000000003A
S3150203BC0020000000070000001600000002000000EA
S3150203BC100000000000000000000000000000000019
S3150203BC200000000000000000000000000000000009
S3150203BC3000000000000000000000000000000000F9
S3150203BC4000000000000000000000000000000000E9
S3150203BC5000000000000000000000000000000000D9
S3150203BC6000000000000000000000000000000000C9
S3150203BC7000000000000000000000000000000000B9
S3150203BC8000000000000000000000000000000000A9
S3150203BC900000000000000000000000000000000099
S3150203BCA00000000000000000000000000000000089
S3150203BCB00000000000000000000000000000000079
S3150203BCC00000000000000000000000000000000069
S3150203BCD00000000000000000000000000000000059
S3150203BCE00000000000000000000000000000000049
S3150203BCF00000000000000000000000000000000039
S3150203BD000000000000000000000000000000000028
S3150203BD100000000000000000000000000000000018
S3150203BD200000000000000000000000000000000008
S3150203BD3000000000000000000000000000000000F8
S3150203BD4000000000000000000000000000000000E8
S3150203BD5000000000000000000000000000000000D8
S3150203BD6000000000000000000000000000000000C8
S3150203BD7000000000000000000000000000000000B8
S3150203BD8000000000000000000000000000000000A8
S3150203BD900000000000000000000000000000000098
S3150203BDA00000000000000000000000000000000088
S3150203BDB00000000000000000000000000000000078
S3150203BDC00000000000000000000000000000000068
S3150203BDD00000000000000000000000000000000058
S3150203BDE00000000000000000000000000000000048
S3150203BDF00000000000000000000000000000000038
S3150203BE000000000000000000000000000000000027
S3150203BE100000000000000000000000000000000017
S3150203BE200000000000000000000000000000000007
S3150203BE3000000000000000000000000000000000F7
S3150203BE4000000000000000000000000000000000E7
S3150203BE5000000000000000000000000000000000D7
S3150203BE6000000000000000000000000000000000C7
S3150203BE7000000000000000000000000000000000B7
S3150203BE8000000000000000000000000000000000A7
S3150203BE900000000000000000000000000000000097
S3150203BEA00000000000000000000000000000000087
S3150203BEB00000000000000000000000000000000077
S3150203BEC00000000000000000000000000000000067
S3150203BED00000000000000000000000000000000057
S3150203BEE00000000000000000000000000000000047
S3150203BEF00000000000000000000000000000000037
S3150203BF000000000000000000000000000000000026
S3150203BF100000000000000000000000000000000016
S3150203BF200000000000000000000000000000000006
S3150203BF3000000000000000000000000000000000F6
S3150203BF4000000000000000000000000000000000E6
S3150203BF5000000000000000002500000010000000A1
S3150203BF6016000000020000000000000000000000AE
S3150203BF700000000000000000000000000000929490
S3150203BF807DEFE31800000000000092947DEFFFFFAF
S3150203BF901CE7AA52000000000000000000007DEF2B
S3150203BFA09294000000000000E739FFFF929400001C
S3150203BFB038C67DEF000000000000000014A57DEFE7
S3150203BFC0000000000000000096B57DEF00000000AF
S3150203BFD06D6BFFFFAA5200000000E318BEF76D6BFC
S3150203BFE0000000000000000096B5DBDE0000000042
S3150203BFF06D6BFFFF6D6B0000000096B5DBDE000084
S3150203C0000000000000000000F7BDDBDE00000000B8
S3150203C0106D6BFFFF6D6B0000E318BEF76D6B0000DF
S3150203C020000000000000000096B51CE700000000B7
S3150203C0306D6BFFFFE739000096B5DBDE00000000FB
S3150203C0400000000000000000E739FFFF1084000033
S3150203C0509AD6DBDE0000E318BEF76D6B0000000024
S3150203C060000000000000000000009294BEF7FFFFEC
S3150203C070DBDEAA520000F7BDDBDE00000000000093
S3150203C08000000000000000000000000000000000A5
S3150203C09000000000E739FFFFAA520000000000007B
S3150203C0A00000000000000000000000000000000085
S3150203C0B00000000038C638C60000E3189AD6FFFF10
S3150203C0C0BEF7F7BD000000000000000000000000FC
S3150203C0D00000E739FFFFE739000038C61CE7E3181B
S3150203C0E0AA52BEF79294000000000000000000006E
S3150203C0F0000038C638C600000000FFFF9294000015
S3150203C1000000DBDE9AD600000000000000000000FB
S3150203C110AA52FFFFE73900000000FFFF6D6B000024
S3150203C1200000DBDEDBDE0000000000000000000092
S3150203C130DBDE38C600000000E318FFFF6D6B00006C
S3150203C1400000DBDEDBDE00000000000000006D6B9A
S3150203C150BEF7E739000000000000FFFF108400006D
S3150203C1600000DBDEF7BD0000000000000000DBDE9E
S3150203C17096B500000000000000009AD69AD6E3188E
S3150203C180AA52FFFF6D6B0000000000006D6BBEF745
S3150203C190E3180000000000000000E318DBDEFFFFE7
S3150203C1A0BEF792940000000000000000DBDE96B5A5
S3150203C1B00000000000000000000000000000000074
S3150203C1C00000000000000000000000000000000064
S3150203C1D00000000000000000000000000000000054
S3150203C1E00000000000000000000000000000000044
S3150203C1F00000000000000000000000000000000034
S3150203C2000000000000000000000000000000000023
S3150203C2100000000000000000000000000000000013
S3150203C2200000000000000000000000000000000003
S3150203C23000000000000000000000000000000000F3
S3150203C24000000000000000000000000000000000E3
S3150203C25000000000000000000000000000000000D3
S3150203C26000000000000000000000000000000000C3
S3150203C27000000000000000000000000000000000B3
S3150203C28000000000000000000000000000000000A3
S3150203C2900000000000000000000000000000000093
S3150203C2A00000000000000000000000000000000083
S3150203C2B0270000000800000016000000020000002C
S3150203C2C00000000000000000000000000000000063
S3150203C2D0000092947DEFFFFF1CE7AA5200000000C4
S3150203C2E0E739FFFF9294000038C67DEF0000000095
S3150203C2F096B57DEF000000006D6BFFFFAA520000AA
S3150203C30096B5DBDE000000006D6BFFFF6D6B000070
S3150203C310F7BDDBDE000000006D6BFFFF6D6B0000F7
S3150203C32096B51CE7000000006D6BFFFFE7390000BE
S3150203C330E739FFFF108400009AD6DBDE0000000017
S3150203C34000009294BEF7FFFFDBDEAA520000000054
S3150203C35000000000000000000000000000000000D2
S3150203C36000000000000000000000000000000000C2
S3150203C37000000000000000000000000000000000B2
S3150203C38000000000000000000000000000000000A2
S3150203C3900000000000000000000000000000000092
S3150203C3A00000000000000000000000000000000082
S3150203C3B00000000000000000000000000000000072
S3150203C3C00000000000000000000000000000000062
S3150203C3D00000000000000000000000000000000052
S3150203C3E00000000000000000000000000000000042
S3150203C3F00000000000000000000000000000000032
S3150203C4000000000000000000000000000000000021
S3150203C4100000000000000000000000000000000011
S3150203C4200000000000000000000000000000000001
S3150203C43000000000000000000000000000000000F1
S3150203C44000000000000000000000000000000000E1
S3150203C45000000000000000000000000000000000D1
S3150203C46000000000000000000000000000000000C1
S3150203C47000000000000000000000000000000000B1
S3150203C48000000000000000000000000000000000A1
S3150203C4900000000000000000000000000000000091
S3150203C4A00000000000000000000000000000000081
S3150203C4B00000000000000000000000000000000071
S3150203C4C00000000000000000000000000000000061
S3150203C4D00000000000000000000000000000000051
S3150203C4E00000000000000000000000000000000041
S3150203C4F00000000000000000000000000000000031
S3150203C5000000000000000000000000000000000020
S3150203C5100000000000000000000000000000000010
S3150203C5200000000000000000000000000000000000
S3150203C53000000000000000000000000000000000F0
S3150203C54000000000000000000000000000000000E0
S3150203C55000000000000000000000000000000000D0
S3150203C56000000000000000000000000000000000C0
S3150203C57000000000000000000000000000000000B0
S3150203C58000000000000000000000000000000000A0
S3150203C5900000000000000000000000000000000090
S3150203C5A00000000000000000000000000000000080
S3150203C5B00000000000000000000000000000000070
S3150203C5C00000000000000000000000000000000060
S3150203C5D00000000000000000000000000000000050
S3150203C5E00000000000000000000000000000000040
S3150203C5F00000000000000000000000000000000030
S3150203C60000000000000000002D0000000B000000E7
S3150203C61016000000020000000000000000000000F7
S3150203C62000000000000000000000000000000000FF
S3150203C63000000000000000000000000000000000EF
S3150203C64000000000000000000000000000000000DF
S3150203C65000000000000000000000000000000000CF
S3150203C66000000000000000000000000000000000BF
S3150203C67000000000000000000000000000000000AF
S3150203C680000000000000000000000000000000009F
S3150203C690000000000000000000000000000000008F
S3150203C6A0000000000000000000000000000000007F
S3150203C6B0000000000000000000000000000000006F
S3150203C6C0000000000000000000000000000000005F
S3150203C6D0000000000000000000000000000000004F
S3150203C6E0000000000000000000000000000000003F
S3150203C6F000000000DBDEFFFFFFFFFFFFFFFFFFFF80
S3150203C700FFFFFFFFFFFFDBDE00000000000000006B
S3150203C710000000000000000000000000000000000E
S3150203C72000000000000000000000000000000000FE
S3150203C73000000000000000000000000000000000EE
S3150203C74000000000000000000000000000000000DE
S3150203C75000000000000000000000000000000000CE
S3150203C76000000000000000000000000000000000BE
S3150203C77000000000000000000000000000000000AE
S3150203C780000000000000000000000000000000009E
S3150203C790000000000000000000000000000000008E
S3150203C7A0000000000000000000000000000000007E
S3150203C7B0000000000000000000000000000000006E
S3150203C7C0000000000000000000000000000000005E
S3150203C7D0000000000000000000000000000000004E
S3150203C7E0000000000000000000000000000000003E
S3150203C7F0000000000000000000000000000000002E
S3150203C800000000000000000000000000000000001D
S3150203C810000000000000000000000000000000000D
S3150203C82000000000000000000000000000000000FD
S3150203C83000000000000000000000000000000000ED
S3150203C84000000000000000000000000000000000DD
S3150203C85000000000000000000000000000000000CD
S3150203C86000000000000000000000000000000000BD
S3150203C87000000000000000000000000000000000AD
S3150203C880000000000000000000000000000000009D
S3150203C890000000000000000000000000000000008D
S3150203C8A0000000000000000000000000000000007D
S3150203C8B0000000000000000000000000000000006D
S3150203C8C0000000000000000000000000000000005D
S3150203C8D0000000000000000000000000000000004D
S3150203C8E0000000000000000000000000000000003D
S3150203C8F0000000000000000000000000000000002D
S3150203C900000000000000000000000000000000001C
S3150203C910000000000000000000000000000000000C
S3150203C92000000000000000000000000000000000FC
S3150203C93000000000000000000000000000000000EC
S3150203C94000000000000000000000000000000000DC
S3150203C95000000000000000000000000000000000CC
S3150203C9602E00000003000000160000000200000073
S3150203C97000000000000000000000000000000000AC
S3150203C980000000000000000000000000000000009C
S3150203C990000000000000000000000000000000008C
S3150203C9A0000000000000000000000000000000007C
S3150203C9B0000000000000000000000000000000006C
S3150203C9C0000000000000000000000000000000005C
S3150203C9D0DBDEFFFF0000DBDEFFFF000000000000DE
S3150203C9E0000000000000000000000000000000003C
S3150203C9F0000000000000000000000000000000002C
S3150203CA00000000000000000000000000000000001B
S3150203CA10000000000000000000000000000000000B
S3150203CA2000000000000000000000000000000000FB
S3150203CA3000000000000000000000000000000000EB
S3150203CA4000000000000000000000000000000000DB
S3150203CA5000000000000000000000000000000000CB
S3150203CA6000000000000000000000000000000000BB
S3150203CA7000000000000000000000000000000000AB
S3150203CA80000000000000000000000000000000009B
S3150203CA90000000000000000000000000000000008B
S3150203CAA0000000000000000000000000000000007B
S3150203CAB0000000000000000000000000000000006B
S3150203CAC0000000000000000000000000000000005B
S3150203CAD0000000000000000000000000000000004B
S3150203CAE0000000000000000000000000000000003B
S3150203CAF0000000000000000000000000000000002B
S3150203CB00000000000000000000000000000000001A
S3150203CB10000000000000000000000000000000000A
S3150203CB2000000000000000000000000000000000FA
S3150203CB3000000000000000000000000000000000EA
S3150203CB4000000000000000000000000000000000DA
S3150203CB5000000000000000000000000000000000CA
S3150203CB6000000000000000000000000000000000BA
S3150203CB7000000000000000000000000000000000AA
S3150203CB80000000000000000000000000000000009A
S3150203CB90000000000000000000000000000000008A
S3150203CBA0000000000000000000000000000000007A
S3150203CBB0000000000000000000000000000000006A
S3150203CBC0000000000000000000000000000000005A
S3150203CBD0000000000000000000000000000000004A
S3150203CBE0000000000000000000000000000000003A
S3150203CBF0000000000000000000000000000000002A
S3150203CC000000000000000000000000000000000019
S3150203CC100000000000000000000000000000000009
S3150203CC2000000000000000000000000000000000F9
S3150203CC3000000000000000000000000000000000E9
S3150203CC4000000000000000000000000000000000D9
S3150203CC5000000000000000000000000000000000C9
S3150203CC6000000000000000000000000000000000B9
S3150203CC7000000000000000000000000000000000A9
S3150203CC800000000000000000000000000000000099
S3150203CC900000000000000000000000000000000089
S3150203CCA00000000000000000000000000000000079
S3150203CCB000000000000000002F0000000D0000002D
S3150203CCC01600000002000000000000000000000041
S3150203CCD00000000000000000000092947DEFE318BC
S3150203CCE00000000000000000000000000000000039
S3150203CCF0000000007DEF9294000000000000000097
S3150203CD0000000000000000000000000014A57DEFF3
S3150203CD100000000000000000000000000000000008
S3150203CD2000000000E318BEF76D6B00000000000070
S3150203CD30000000000000000000000000000096B59D
S3150203CD40DBDE00000000000000000000000000001F
S3150203CD50000000000000E318BEF76D6B0000000040
S3150203CD6000000000000000000000000000000000B8
S3150203CD7096B5DBDE000000000000000000000000A4
S3150203CD800000000000000000E318BEF76D6B000010
S3150203CD900000000000000000000000000000000088
S3150203CDA00000F7BDDBDE000000000000000000000B
S3150203CDB000000000000000000000E739FFFFAA524E
S3150203CDC00000000000000000000000000000000058
S3150203CDD00000000038C638C600000000000000004C
S3150203CDE0000000000000000000000000E739FFFF1A
S3150203CDF0E739000000000000000000000000000008
S3150203CE0000000000000038C638C60000000000001B
S3150203CE100000000000000000000000000000AA520B
S3150203CE20FFFFE739000000000000000000000000D9
S3150203CE300000000000000000DBDE38C60000000030
S3150203CE4000000000000000000000000000000000D7
S3150203CE506D6BBEF7E739000000000000000000001A
S3150203CE6000000000000000000000DBDE96B50000B3
S3150203CE7000000000000000000000000000000000A7
S3150203CE8000006D6BBEF7E31800000000000000000F
S3150203CE90000000000000000000000000DBDE96B583
S3150203CEA00000000000000000000000000000000077
S3150203CEB00000000000000000000000000000000067
S3150203CEC00000000000000000000000000000000057
S3150203CED00000000000000000000000000000000047
S3150203CEE00000000000000000000000000000000037
S3150203CEF00000000000000000000000000000000027
S3150203CF000000000000000000000000000000000016
S3150203CF100000000000000000000000000000000006
S3150203CF2000000000000000000000000000000000F6
S3150203CF3000000000000000000000000000000000E6
S3150203CF4000000000000000000000000000000000D6
S3150203CF5000000000000000000000000000000000C6
S3150203CF6000000000000000000000000000000000B6
S3150203CF7000000000000000000000000000000000A6
S3150203CF800000000000000000000000000000000096
S3150203CF900000000000000000000000000000000086
S3150203CFA00000000000000000000000000000000076
S3150203CFB00000000000000000000000000000000066
S3150203CFC00000000000000000000000000000000056
S3150203CFD00000000000000000000000000000000046
S3150203CFE00000000000000000000000000000000036
S3150203CFF00000000000000000000000000000000026
S3150203D0000000000000000000000000000000000015
S3150203D010300000000A0000001600000002000000B3
S3150203D02000000000000000000000000000000000F5
S3150203D030000000000000000010841CE7FFFFFFFF52
S3150203D0409AD6AA520000000000006D6BFFFF92946D
S3150203D05000000000F7BDBEF7E73900000000DBDE83
S3150203D06038C60000000000000000BEF796B50000B7
S3150203D070E318FFFF92940000000000000000DBDECD
S3150203D080DBDE00006D6BFFFF6D6B0000000000002E
S3150203D0900000DBDEDBDE00006D6BFFFF6D6B000065
S3150203D0A0000000000000DBDEDBDE00006D6BFFFF2D
S3150203D0B06D6B0000000000000000DBDEDBDE00001B
S3150203D0C06D6BFFFF6D6B0000000000000000DBDEEE
S3150203D0D0DBDE00006D6BFFFF6D6B000000000000DE
S3150203D0E00000DBDEDBDE00006D6BFFFF6D6B000015
S3150203D0F0000000000000DBDEDBDE00006D6BFFFFDD
S3150203D1006D6B0000000000000000DBDEDBDE0000CA
S3150203D1106D6BFFFF6D6B0000000000000000DBDE9D
S3150203D120DBDE00006D6BFFFF6D6B0000000000008D
S3150203D1300000DBDEDBDE00000000FFFF10840000E0
S3150203D140000000000000DBDE96B5000000001CE7CD
S3150203D150F7BD000000000000E318FFFF1084000083
S3150203D16000009294BEF76D6B0000000038C67DEF97
S3150203D170000000000000000014A57DEFFFFFFFFF83
S3150203D1809AD6E73900000000000000000000000004
S3150203D1900000000000000000000000000000000084
S3150203D1A00000000000000000000000000000000074
S3150203D1B00000000000000000000000000000000064
S3150203D1C00000000000000000000000000000000054
S3150203D1D00000000000000000000000000000000044
S3150203D1E00000000000000000000000000000000034
S3150203D1F00000000000000000000000000000000024
S3150203D2000000000000000000000000000000000013
S3150203D2100000000000000000000000000000000003
S3150203D22000000000000000000000000000000000F3
S3150203D23000000000000000000000000000000000E3
S3150203D24000000000000000000000000000000000D3
S3150203D25000000000000000000000000000000000C3
S3150203D26000000000000000000000000000000000B3
S3150203D27000000000000000000000000000000000A3
S3150203D2800000000000000000000000000000000093
S3150203D2900000000000000000000000000000000083
S3150203D2A00000000000000000000000000000000073
S3150203D2B00000000000000000000000000000000063
S3150203D2C00000000000000000000000000000000053
S3150203D2D00000000000000000000000000000000043
S3150203D2E00000000000000000000000000000000033
S3150203D2F00000000000000000000000000000000023
S3150203D3000000000000000000000000000000000012
S3150203D3100000000000000000000000000000000002
S3150203D32000000000000000000000000000000000F2
S3150203D33000000000000000000000000000000000E2
S3150203D34000000000000000000000000000000000D2
S3150203D35000000000000000000000000000000000C2
S3150203D360000000000000000031000000060000007B
S3150203D370160000000200000000000000000000008A
S3150203D380000000000000000000001CE7FFFF000091
S3150203D3900000000038C6FFFFFFFF0000E3189AD61D
S3150203D3A09AD6F7BDFFFF00006D6B14A5000096B574
S3150203D3B0FFFF000000000000000096B5FFFF00001B
S3150203D3C000000000000096B5FFFF00000000000009
S3150203D3D0000096B5FFFF000000000000000096B5AE
S3150203D3E0FFFF000000000000000096B5FFFF0000EB
S3150203D3F000000000000096B5FFFF000000000000D9
S3150203D400000096B5FFFF000000000000000096B57D
S3150203D410FFFF000000000000000096B5FFFF0000BA
S3150203D42000000000000096B5FFFF000000000000A8
S3150203D430000096B5FFFF000000000000000096B54D
S3150203D440FFFF000000000000000096B5FFFF00008A
S3150203D45000000000000000000000000000000000C1
S3150203D46000000000000000000000000000000000B1
S3150203D47000000000000000000000000000000000A1
S3150203D4800000000000000000000000000000000091
S3150203D4900000000000000000000000000000000081
S3150203D4A00000000000000000000000000000000071
S3150203D4B00000000000000000000000000000000061
S3150203D4C00000000000000000000000000000000051
S3150203D4D00000000000000000000000000000000041
S3150203D4E00000000000000000000000000000000031
S3150203D4F00000000000000000000000000000000021
S3150203D5000000000000000000000000000000000010
S3150203D5100000000000000000000000000000000000
S3150203D52000000000000000000000000000000000F0
S3150203D53000000000000000000000000000000000E0
S3150203D54000000000000000000000000000000000D0
S3150203D55000000000000000000000000000000000C0
S3150203D56000000000000000000000000000000000B0
S3150203D57000000000000000000000000000000000A0
S3150203D5800000000000000000000000000000000090
S3150203D5900000000000000000000000000000000080
S3150203D5A00000000000000000000000000000000070
S3150203D5B00000000000000000000000000000000060
S3150203D5C00000000000000000000000000000000050
S3150203D5D00000000000000000000000000000000040
S3150203D5E00000000000000000000000000000000030
S3150203D5F00000000000000000000000000000000020
S3150203D600000000000000000000000000000000000F
S3150203D61000000000000000000000000000000000FF
S3150203D62000000000000000000000000000000000EF
S3150203D63000000000000000000000000000000000DF
S3150203D64000000000000000000000000000000000CF
S3150203D65000000000000000000000000000000000BF
S3150203D66000000000000000000000000000000000AF
S3150203D670000000000000000000000000000000009F
S3150203D680000000000000000000000000000000008F
S3150203D690000000000000000000000000000000007F
S3150203D6A0000000000000000000000000000000006F
S3150203D6B0000000000000000000000000000000005F
S3150203D6C0320000000A0000001600000002000000FB
S3150203D6D0000000000000000000000000000000003F
S3150203D6E0000000000000000092941CE7FFFFFFFF0A
S3150203D6F01CE714A500000000000096B5BEF76D6B8B
S3150203D700000000001084FFFF929400000000BEF7A1
S3150203D710F7BD00000000000000009AD6DBDE000021
S3150203D7200000FFFF1084000000000000000096B511
S3150203D730FFFF0000E31800000000000000000000E5
S3150203D74000009AD67DEF00000000000000000000F2
S3150203D750000000000000BEF79AD600000000000099
S3150203D760000000000000000014A5FFFF6D6B00001F
S3150203D77000000000000000000000E739BEF7DBDE10
S3150203D78000000000000000000000000000009AD61E
S3150203D790FFFFE73900000000000000000000000060
S3150203D7A01084FFFF96B50000000000000000000091
S3150203D7B00000E3187DEF1CE70000000000000000F4
S3150203D7C0000000000000F7BDFFFFAA5200000000A0
S3150203D7D00000000000000000AA52FFFFF7BD000090
S3150203D7E00000000000000000000000001CE77DEFBF
S3150203D7F0E31800000000000000000000000096B5D8
S3150203D800FFFF6D6B00000000000000000000000037
S3150203D810E739BEF738C6000000000000000000002A
S3150203D820000000006D6BFFFFFFFFFFFFFFFFFFFF1F
S3150203D830FFFFFFFFFFFF00000000000000000000E3
S3150203D84000000000000000000000000000000000CD
S3150203D85000000000000000000000000000000000BD
S3150203D86000000000000000000000000000000000AD
S3150203D870000000000000000000000000000000009D
S3150203D880000000000000000000000000000000008D
S3150203D890000000000000000000000000000000007D
S3150203D8A0000000000000000000000000000000006D
S3150203D8B0000000000000000000000000000000005D
S3150203D8C0000000000000000000000000000000004D
S3150203D8D0000000000000000000000000000000003D
S3150203D8E0000000000000000000000000000000002D
S3150203D8F0000000000000000000000000000000001D
S3150203D900000000000000000000000000000000000C
S3150203D91000000000000000000000000000000000FC
S3150203D92000000000000000000000000000000000EC
S3150203D93000000000000000000000000000000000DC
S3150203D94000000000000000000000000000000000CC
S3150203D95000000000000000000000000000000000BC
S3150203D96000000000000000000000000000000000AC
S3150203D970000000000000000000000000000000009C
S3150203D980000000000000000000000000000000008C
S3150203D990000000000000000000000000000000007C
S3150203D9A0000000000000000000000000000000006C
S3150203D9B0000000000000000000000000000000005C
S3150203D9C0000000000000000000000000000000004C
S3150203D9D0000000000000000000000000000000003C
S3150203D9E0000000000000000000000000000000002C
S3150203D9F0000000000000000000000000000000001C
S3150203DA00000000000000000000000000000000000B
S3150203DA100000000000000000330000000A000000BE
S3150203DA2016000000020000000000000000000000D3
S3150203DA3000000000000000000000000000006D6B03
S3150203DA409AD6FFFFFFFF7DEF14A50000000000003A
S3150203DA50E739FFFF96B5000000006D6BBEF714A50C
S3150203DA6000000000F7BD7DEF00000000000000008B
S3150203DA7038C67DEF00000000DBDEDBDE00000000BF
S3150203DA800000000096B5FFFF000000000000000042
S3150203DA90000000000000000096B5FFFF0000000032
S3150203DAA000000000000000000000000096B5FFFF22
S3150203DAB0000000000000000000000000000000005B
S3150203DAC0DBDE9AD600000000000000000000000022
S3150203DAD0E73938C6BEF7AA5200000000000000006C
S3150203DAE00000DBDEFFFFFFFF929400000000000050
S3150203DAF00000000000000000E73996B5FFFF92948C
S3150203DB00000000000000000000000000000000000A
S3150203DB1038C6BEF700000000000000000000000047
S3150203DB20000000001084FFFFAA520000000000005C
S3150203DB3000000000000000006D6BFFFF6D6B00002C
S3150203DB40FFFF96B500000000000000006D6BFFFFAB
S3150203DB50E31800001CE79AD600000000000000004C
S3150203DB60F7BD7DEF000000001084FFFF92940000D2
S3150203DB7000006D6BBEF710840000000000001084E5
S3150203DB801CE7FFFFFFFF1CE71084000000000000F4
S3150203DB90000000000000000000000000000000007A
S3150203DBA0000000000000000000000000000000006A
S3150203DBB0000000000000000000000000000000005A
S3150203DBC0000000000000000000000000000000004A
S3150203DBD0000000000000000000000000000000003A
S3150203DBE0000000000000000000000000000000002A
S3150203DBF0000000000000000000000000000000001A
S3150203DC000000000000000000000000000000000009
S3150203DC1000000000000000000000000000000000F9
S3150203DC2000000000000000000000000000000000E9
S3150203DC3000000000000000000000000000000000D9
S3150203DC4000000000000000000000000000000000C9
S3150203DC5000000000000000000000000000000000B9
S3150203DC6000000000000000000000000000000000A9
S3150203DC700000000000000000000000000000000099
S3150203DC800000000000000000000000000000000089
S3150203DC900000000000000000000000000000000079
S3150203DCA00000000000000000000000000000000069
S3150203DCB00000000000000000000000000000000059
S3150203DCC00000000000000000000000000000000049
S3150203DCD00000000000000000000000000000000039
S3150203DCE00000000000000000000000000000000029
S3150203DCF00000000000000000000000000000000019
S3150203DD000000000000000000000000000000000008
S3150203DD1000000000000000000000000000000000F8
S3150203DD2000000000000000000000000000000000E8
S3150203DD3000000000000000000000000000000000D8
S3150203DD4000000000000000000000000000000000C8
S3150203DD5000000000000000000000000000000000B8
S3150203DD6000000000000000000000000000000000A8
S3150203DD70340000000B000000160000000200000041
S3150203DD800000000000000000000000000000000088
S3150203DD900000000000000000000000000000000078
S3150203DDA07DEFFFFF96B500000000000000000000B3
S3150203DDB0000000001084BEF7FFFF96B500000000C6
S3150203DDC000000000000000000000DBDEF7BDFFFFDD
S3150203DDD096B5000000000000000000000000AA52F1
S3150203DDE0FFFFE739FFFF96B50000000000000000C1
S3150203DDF00000000038C69AD60000FFFF96B5000061
S3150203DE000000000000000000E318FFFF108400007A
S3150203DE10FFFF96B50000000000000000000096B563
S3150203DE207DEF00000000FFFF96B500000000000032
S3150203DE3000000000BEF714A500000000FFFF96B520
S3150203DE4000000000000000009294BEF7E3180000F1
S3150203DE500000FFFF96B500000000000000007DEF02
S3150203DE6038C6000000000000FFFF96B50000000060
S3150203DE7000006D6BFFFFAA52000000000000FFFFC7
S3150203DE8096B50000000000009AD6DBDE0000000013
S3150203DE9000000000FFFF96B5000000000000DBDE75
S3150203DEA0FFFFFFFFFFFFFFFFFFFFFFFFFFFFFFFF77
S3150203DEB06D6B00000000000000000000000000007F
S3150203DEC0FFFF96B5000000000000000000000000FE
S3150203DED0000000000000FFFF96B5000000000000EE
S3150203DEE0000000000000000000000000FFFF96B5DE
S3150203DEF00000000000000000000000000000000017
S3150203DF000000FFFF96B500000000000000000000BD
S3150203DF1000000000000000000000000000000000F6
S3150203DF2000000000000000000000000000000000E6
S3150203DF3000000000000000000000000000000000D6
S3150203DF4000000000000000000000000000000000C6
S3150203DF5000000000000000000000000000000000B6
S3150203DF6000000000000000000000000000000000A6
S3150203DF700000000000000000000000000000000096
S3150203DF800000000000000000000000000000000086
S3150203DF900000000000000000000000000000000076
S3150203DFA00000000000000000000000000000000066
S3150203DFB00000000000000000000000000000000056
S3150203DFC00000000000000000000000000000000046
S3150203DFD00000000000000000000000000000000036
S3150203DFE00000000000000000000000000000000026
S3150203DFF00000000000000000000000000000000016
S3150203E0000000000000000000000000000000000005
S3150203E01000000000000000000000000000000000F5
S3150203E02000000000000000000000000000000000E5
S3150203E03000000000000000000000000000000000D5
S3150203E04000000000000000000000000000000000C5
S3150203E05000000000000000000000000000000000B5
S3150203E06000000000000000000000000000000000A5
S3150203E0700000000000000000000000000000000095
S3150203E0800000000000000000000000000000000085
S3150203E0900000000000000000000000000000000075
S3150203E0A00000000000000000000000000000000065
S3150203E0B00000000000000000000000000000000055
S3150203E0C00000000000000000350000000A00000006
S3150203E0D0160000000200000000000000000000001D
S3150203E0E00000000000000000000000006D6BFFFF4F
S3150203E0F0FFFFFFFFFFFFFFFFFFFFDBDE0000000066
S3150203E10096B5FFFF000000000000000000000000BB
S3150203E1100000000096B5FFFF0000000000000000AB
S3150203E120000000000000000096B5FFFF000000009B
S3150203E13000000000000000000000000096B51CE786
S3150203E14000000000000000000000000000000000C4
S3150203E15096B5DBDE000000000000000000000000B0
S3150203E1600000000096B5DBDE92947DEFFFFFBEF75B
S3150203E17096B500000000000096B5BEF79AD6E739B9
S3150203E18000009294FFFFF7BD0000000096B57DEFF5
S3150203E1900000000000000000F7BDBEF7000000000B
S3150203E1A0E318000000000000000000006D6BFFFF93
S3150203E1B06D6B00000000000000000000000000007C
S3150203E1C06D6BFFFF6D6B0000000000000000000096
S3150203E1D0000000006D6BFFFF6D6B00000000000086
S3150203E1E000000000000000006D6BFFFF6D6B000076
S3150203E1F0DBDEDBDE00000000000000006D6BFFFFCC
S3150203E200AA52000096B5BEF7000000000000000007
S3150203E21014A57DEF00000000E739BEF796B50000AE
S3150203E2200000AA52BEF714A5000000000000AA527D
S3150203E2309AD6FFFFFFFF1CE792940000000000003E
S3150203E24000000000000000000000000000000000C3
S3150203E25000000000000000000000000000000000B3
S3150203E26000000000000000000000000000000000A3
S3150203E2700000000000000000000000000000000093
S3150203E2800000000000000000000000000000000083
S3150203E2900000000000000000000000000000000073
S3150203E2A00000000000000000000000000000000063
S3150203E2B00000000000000000000000000000000053
S3150203E2C00000000000000000000000000000000043
S3150203E2D00000000000000000000000000000000033
S3150203E2E00000000000000000000000000000000023
S3150203E2F00000000000000000000000000000000013
S3150203E3000000000000000000000000000000000002
S3150203E31000000000000000000000000000000000F2
S3150203E32000000000000000000000000000000000E2
S3150203E33000000000000000000000000000000000D2
S3150203E34000000000000000000000000000000000C2
S3150203E35000000000000000000000000000000000B2
S3150203E36000000000000000000000000000000000A2
S3150203E3700000000000000000000000000000000092
S3150203E3800000000000000000000000000000000082
S3150203E3900000000000000000000000000000000072
S3150203E3A00000000000000000000000000000000062
S3150203E3B00000000000000000000000000000000052
S3150203E3C00000000000000000000000000000000042
S3150203E3D00000000000000000000000000000000032
S3150203E3E00000000000000000000000000000000022
S3150203E3F00000000000000000000000000000000012
S3150203E4000000000000000000000000000000000001
S3150203E41000000000000000000000000000000000F1
S3150203E420360000000A000000160000000200000089
S3150203E43000000000000000000000000000000000D1
S3150203E4400000000000000000AA529AD6FFFFFFFF59
S3150203E4507DEF96B5000000000000AA52BEF714A590
S3150203E460000000009294FFFF92940000000038C659
S3150203E4701CE700000000000000001CE79AD600001B
S3150203E4800000BEF796B50000000000000000F7BDCD
S3150203E490F7BD00000000FFFF10840000000000002B
S3150203E4A000000000000000006D6BFFFF6D6B0000B3
S3150203E4B00000000000000000000000006D6BFFFF7B
S3150203E4C06D6B92947DEFFFFF1CE710840000000042
S3150203E4D06D6BFFFFF7BD38C6E318E31838C6FFFFB7
S3150203E4E0AA5200006D6BFFFF1CE70000000000004C
S3150203E4F000007DEF38C600006D6BFFFF96B5000086
S3150203E50000000000000038C61CE700006D6BFFFF29
S3150203E5101084000000000000000096B5FFFF000013
S3150203E520AA52FFFF6D6B000000000000000096B5C3
S3150203E530FFFF00000000FFFF6D6B000000000000FC
S3150203E540000096B5BEF700000000BEF796B50000C0
S3150203E55000000000000038C6DBDE000000009AD689
S3150203E560DBDE00000000000000007DEFF7BD0000C7
S3150203E5700000AA52FFFF14A50000000096B5BEF7DD
S3150203E580E7390000000000006D6B1CE7FFFFFFFF89
S3150203E5909AD6AA5200000000000000000000000004
S3150203E5A00000000000000000000000000000000060
S3150203E5B00000000000000000000000000000000050
S3150203E5C00000000000000000000000000000000040
S3150203E5D00000000000000000000000000000000030
S3150203E5E00000000000000000000000000000000020
S3150203E5F00000000000000000000000000000000010
S3150203E60000000000000000000000000000000000FF
S3150203E61000000000000000000000000000000000EF
S3150203E62000000000000000000000000000000000DF
S3150203E63000000000000000000000000000000000CF
S3150203E64000000000000000000000000000000000BF
S3150203E65000000000000000000000000000000000AF
S3150203E660000000000000000000000000000000009F
S3150203E670000000000000000000000000000000008F
S3150203E680000000000000000000000000000000007F
S3150203E690000000000000000000000000000000006F
S3150203E6A0000000000000000000000000000000005F
S3150203E6B0000000000000000000000000000000004F
S3150203E6C0000000000000000000000000000000003F
S3150203E6D0000000000000000000000000000000002F
S3150203E6E0000000000000000000000000000000001F
S3150203E6F0000000000000000000000000000000000F
S3150203E70000000000000000000000000000000000FE
S3150203E71000000000000000000000000000000000EE
S3150203E72000000000000000000000000000000000DE
S3150203E73000000000000000000000000000000000CE
S3150203E74000000000000000000000000000000000BE
S3150203E75000000000000000000000000000000000AE
S3150203E760000000000000000000000000000000009E
S3150203E7700000000000000000370000000A0000004D
S3150203E7801600000002000000000000000000000066
S3150203E790000000000000000000000000DBDEFFFFB7
S3150203E7A0FFFFFFFFFFFFFFFFFFFFFFFF6D6B000092
S3150203E7B0000000000000000000000000AA52FFFF54
S3150203E7C0AA52000000000000000000000000000042
S3150203E7D0F7BD7DEF0000000000000000000000000E
S3150203E7E0000000007DEFF7BD0000000000000000FE
S3150203E7F0000000000000AA52FFFFAA520000000018
S3150203E8000000000000000000000096B5BEF70000FD
S3150203E81000000000000000000000000000001CE7EA
S3150203E82038C60000000000000000000000000000DF
S3150203E830E739FFFF1084000000000000000000001B
S3150203E8400000000014A5BEF700000000000000004F
S3150203E85000000000000000001CE79AD6000000003A
S3150203E86000000000000000000000E739FFFF929459
S3150203E870000000000000000000000000000014A5D4
S3150203E880FFFFE31800000000000000000000000084
S3150203E8900000DBDE9AD60000000000000000000044
S3150203E8A000000000E318FFFF92940000000000003E
S3150203E8B000000000000000009294FFFFE739000009
S3150203E8C00000000000000000000000009AD61CE7CA
S3150203E8D00000000000000000000000000000E31832
S3150203E8E0FFFF14A500000000000000000000000066
S3150203E8F0000000000000000000000000000000000D
S3150203E90000000000000000000000000000000000FC
S3150203E91000000000000000000000000000000000EC
S3150203E92000000000000000000000000000000000DC
S3150203E93000000000000000000000000000000000CC
S3150203E94000000000000000000000000000000000BC
S3150203E95000000000000000000000000000000000AC
S3150203E960000000000000000000000000000000009C
S3150203E970000000000000000000000000000000008C
S3150203E980000000000000000000000000000000007C
S3150203E990000000000000000000000000000000006C
S3150203E9A0000000000000000000000000000000005C
S3150203E9B0000000000000000000000000000000004C
S3150203E9C0000000000000000000000000000000003C
S3150203E9D0000000000000000000000000000000002C
S3150203E9E0000000000000000000000000000000001C
S3150203E9F0000000000000000000000000000000000C
S3150203EA0000000000000000000000000000000000FB
S3150203EA1000000000000000000000000000000000EB
S3150203EA2000000000000000000000000000000000DB
S3150203EA3000000000000000000000000000000000CB
S3150203EA4000000000000000000000000000000000BB
S3150203EA5000000000000000000000000000000000AB
S3150203EA60000000000000000000000000000000009B
S3150203EA70000000000000000000000000000000008B
S3150203EA80000000000000000000000000000000007B
S3150203EA90000000000000000000000000000000006B
S3150203EAA0000000000000000000000000000000005B
S3150203EAB0000000000000000000000000000000004B
S3150203EAC0000000000000000000000000000000003B
S3150203EAD0380000000A0000001600000002000000D1
S3150203EAE0000000000000000000000000000000001B
S3150203EAF0000000000000000014A57DEFFFFFFFFFEA
S3150203EB009AD6AA5200000000000014A5BEF76D6B48
S3150203EB100000000096B5BEF7E739000000007DEF5E
S3150203EB20F7BD0000000000000000BEF7F7BD0000BD
S3150203EB30E739FFFF6D6B0000000000000000DBDE1B
S3150203EB40DBDE00006D6BFFFF6D6B00000000000053
S3150203EB500000DBDEDBDE0000E739FFFF1084000086
S3150203EB60000000000000DBDE9AD6000000007DEF05
S3150203EB70F7BD000000000000E318BEF79294000000
S3150203EB8000001084FFFF92940000E31838C61CE7C6
S3150203EB90E31800000000000038C6FFFFFFFFFFFF77
S3150203EBA07DEFAA52000000000000DBDEBEF76D6BAC
S3150203EBB00000E318F7BDFFFF6D6B0000AA52FFFFCB
S3150203EBC0929400000000000000001CE79AD60000A1
S3150203EBD06D6BFFFFE739000000000000000038C636
S3150203EBE0DBDE00001084FFFF0000000000000000CF
S3150203EBF0000096B51CE700006D6BFFFFE7390000C6
S3150203EC0000000000000038C6DBDE0000E739FFFF24
S3150203EC10929400000000000000007DEF38C6000059
S3150203EC200000F7BD7DEFE73900000000F7BDBEF730
S3150203EC30E73900000000000096B57DEFFFFFFFFFF6
S3150203EC409AD6AA520000000000000000000000004D
S3150203EC5000000000000000000000000000000000A9
S3150203EC600000000000000000000000000000000099
S3150203EC700000000000000000000000000000000089
S3150203EC800000000000000000000000000000000079
S3150203EC900000000000000000000000000000000069
S3150203ECA00000000000000000000000000000000059
S3150203ECB00000000000000000000000000000000049
S3150203ECC00000000000000000000000000000000039
S3150203ECD00000000000000000000000000000000029
S3150203ECE00000000000000000000000000000000019
S3150203ECF00000000000000000000000000000000009
S3150203ED0000000000000000000000000000000000F8
S3150203ED1000000000000000000000000000000000E8
S3150203ED2000000000000000000000000000000000D8
S3150203ED3000000000000000000000000000000000C8
S3150203ED4000000000000000000000000000000000B8
S3150203ED5000000000000000000000000000000000A8
S3150203ED600000000000000000000000000000000098
S3150203ED700000000000000000000000000000000088
S3150203ED800000000000000000000000000000000078
S3150203ED900000000000000000000000000000000068
S3150203EDA00000000000000000000000000000000058
S3150203EDB00000000000000000000000000000000048
S3150203EDC00000000000000000000000000000000038
S3150203EDD00000000000000000000000000000000028
S3150203EDE00000000000000000000000000000000018
S3150203EDF00000000000000000000000000000000008
S3150203EE0000000000000000000000000000000000F7
S3150203EE1000000000000000000000000000000000E7
S3150203EE200000000000000000390000000A00000094
S3150203EE3016000000020000000000000000000000AF
S3150203EE400000000000000000000000000000AA52BB
S3150203EE509AD6FFFFFFFF7DEF10840000000000003B
S3150203EE60E318BEF738C6000000006D6BBEF71084C8
S3150203EE700000000096B5BEF7E3180000000000008C
S3150203EE80F7BD1CE700000000DBDEDBDE000000004E
S3150203EE90000000001084FFFF00000000DBDEDBDE63
S3150203EEA000000000000000006D6BFFFFE318000086
S3150203EEB01CE7DBDE00000000000000006D6BFFFFB5
S3150203EEC06D6B0000DBDEDBDE0000000000000000ED
S3150203EED09294FFFF6D6B000038C6BEF7E31800007D
S3150203EEE00000000038C6FFFF6D6B0000AA52FFFF49
S3150203EEF038C6E318000014A5FFFFFFFF6D6B000081
S3150203EF00000010841CE7FFFFFFFF9AD614A5FFFF3C
S3150203EF106D6B00000000000000000000000000000E
S3150203EF206D6BFFFF6D6B0000000000000000000028
S3150203EF30000000006D6BFFFF0000000000000000F0
S3150203EF4000000000000000001084FFFF0000000024
S3150203EF509AD6DBDE000000000000000096B57DEFC6
S3150203EF600000000096B5FFFF00000000000000004D
S3150203EF70DBDE38C600000000E739BEF796B50000AF
S3150203EF8000009294FFFFE739000000000000AA5236
S3150203EF909AD6FFFFFFFF1CE76D6B0000000000001F
S3150203EFA00000000000000000000000000000000056
S3150203EFB00000000000000000000000000000000046
S3150203EFC00000000000000000000000000000000036
S3150203EFD00000000000000000000000000000000026
S3150203EFE00000000000000000000000000000000016
S3150203EFF00000000000000000000000000000000006
S3150203F00000000000000000000000000000000000F5
S3150203F01000000000000000000000000000000000E5
S3150203F02000000000000000000000000000000000D5
S3150203F03000000000000000000000000000000000C5
S3150203F04000000000000000000000000000000000B5
S3150203F05000000000000000000000000000000000A5
S3150203F0600000000000000000000000000000000095
S3150203F0700000000000000000000000000000000085
S3150203F0800000000000000000000000000000000075
S3150203F0900000000000000000000000000000000065
S3150203F0A00000000000000000000000000000000055
S3150203F0B00000000000000000000000000000000045
S3150203F0C00000000000000000000000000000000035
S3150203F0D00000000000000000000000000000000025
S3150203F0E00000000000000000000000000000000015
S3150203F0F00000000000000000000000000000000005
S3150203F10000000000000000000000000000000000F4
S3150203F11000000000000000000000000000000000E4
S3150203F12000000000000000000000000000000000D4
S3150203F13000000000000000000000000000000000C4
S3150203F14000000000000000000000000000000000B4
S3150203F15000000000000000000000000000000000A4
S3150203F1600000000000000000000000000000000094
S3150203F1700000000000000000000000000000000084
S3150203F1803A0000000300000016000000020000001F
S3150203F1900000000000000000000000000000000064
S3150203F1A00000000000000000000000000000000054
S3150203F1B000000000DBDEFFFF0000DBDEFFFF0000D6
S3150203F1C00000000000000000000000000000000034
S3150203F1D00000000000000000000000000000000024
S3150203F1E000000000DBDEFFFF0000DBDEFFFF0000A6
S3150203F1F00000000000000000000000000000000004
S3150203F20000000000000000000000000000000000F3
S3150203F21000000000000000000000000000000000E3
S3150203F22000000000000000000000000000000000D3
S3150203F23000000000000000000000000000000000C3
S3150203F24000000000000000000000000000000000B3
S3150203F25000000000000000000000000000000000A3
S3150203F2600000000000000000000000000000000093
S3150203F2700000000000000000000000000000000083
S3150203F2800000000000000000000000000000000073
S3150203F2900000000000000000000000000000000063
S3150203F2A00000000000000000000000000000000053
S3150203F2B00000000000000000000000000000000043
S3150203F2C00000000000000000000000000000000033
S3150203F2D00000000000000000000000000000000023
S3150203F2E00000000000000000000000000000000013
S3150203F2F00000000000000000000000000000000003
S3150203F30000000000000000000000000000000000F2
S3150203F31000000000000000000000000000000000E2
S3150203F32000000000000000000000000000000000D2
S3150203F33000000000000000000000000000000000C2
S3150203F34000000000000000000000000000000000B2
S3150203F35000000000000000000000000000000000A2
S3150203F3600000000000000000000000000000000092
S3150203F3700000000000000000000000000000000082
S3150203F3800000000000000000000000000000000072
S3150203F3900000000000000000000000000000000062
S3150203F3A00000000000000000000000000000000052
S3150203F3B00000000000000000000000000000000042
S3150203F3C00000000000000000000000000000000032
S3150203F3D00000000000000000000000000000000022
S3150203F3E00000000000000000000000000000000012
S3150203F3F00000000000000000000000000000000002
S3150203F40000000000000000000000000000000000F1
S3150203F41000000000000000000000000000000000E1
S3150203F42000000000000000000000000000000000D1
S3150203F43000000000000000000000000000000000C1
S3150203F44000000000000000000000000000000000B1
S3150203F45000000000000000000000000000000000A1
S3150203F4600000000000000000000000000000000091
S3150203F4700000000000000000000000000000000081
S3150203F4800000000000000000000000000000000071
S3150203F4900000000000000000000000000000000061
S3150203F4A00000000000000000000000000000000051
S3150203F4B00000000000000000000000000000000041
S3150203F4C00000000000000000000000000000000031
S3150203F4D00000000000000000410000000D000000D3
S3150203F4E016000000020000000000000000000000F9
S3150203F4F00000000000000000000000000000000001
S3150203F50000000000000000000000E318FFFFBEF742
S3150203F51000000000000000000000000000000000E0
S3150203F520000000001084FFFFFFFF108400000000AC
S3150203F530000000000000000000000000000038C6C2
S3150203F5401CE77DEF38C60000000000000000000043
S3150203F5500000000000000000BEF714A538C67DEFC8
S3150203F5600000000000000000000000000000000090
S3150203F570AA52FFFFE7391084FFFFAA5200000000D8
S3150203F58000000000000000000000F7BD7DEF000050
S3150203F5900000BEF796B50000000000000000000060
S3150203F5A0000000007DEFF7BD0000000038C61CE72F
S3150203F5B0000000000000000000000000E739FFFF22
S3150203F5C0AA52000000009294FFFFE73900000000F0
S3150203F5D000000000000014A57DEF000000000000FB
S3150203F5E0E318FFFF14A5000000000000000000005E
S3150203F5F01CE738C600000000000000009AD69AD61F
S3150203F6000000000000000000E318FFFF1084000062
S3150203F6100000000000009294FFFFE31800000000C0
S3150203F62000009294FFFFFFFFFFFFFFFFFFFFFFFFB5
S3150203F630FFFFFFFF10840000000000009AD6F7BD0B
S3150203F6400000000000000000000000009AD638C641
S3150203F650000000000000FFFF10840000000000000D
S3150203F66000000000000014A5BEF70000000010848D
S3150203F670FFFFE31800000000000000000000000086
S3150203F680AA52FFFF6D6B000038C61CE7000000009C
S3150203F6900000000000000000000000007DEFF7BD3F
S3150203F6A000007DEF96B50000000000000000000098
S3150203F6B000000000000038C67DEF000000000000D5
S3150203F6C0000000000000000000000000000000002F
S3150203F6D0000000000000000000000000000000001F
S3150203F6E0000000000000000000000000000000000F
S3150203F6F000000000000000000000000000000000FF
S3150203F70000000000000000000000000000000000EE
S3150203F71000000000000000000000000000000000DE
S3150203F72000000000000000000000000000000000CE
S3150203F73000000000000000000000000000000000BE
S3150203F74000000000000000000000000000000000AE
S3150203F750000000000000000000000000000000009E
S3150203F760000000000000000000000000000000008E
S3150203F770000000000000000000000000000000007E
S3150203F780000000000000000000000000000000006E
S3150203F790000000000000000000000000000000005E
S3150203F7A0000000000000000000000000000000004E
S3150203F7B0000000000000000000000000000000003E
S3150203F7C0000000000000000000000000000000002E
S3150203F7D0000000000000000000000000000000001E
S3150203F7E0000000000000000000000000000000000E
S3150203F7F000000000000000000000000000000000FE
S3150203F80000000000000000000000000000000000ED
S3150203F81000000000000000000000000000000000DD
S3150203F82000000000000000000000000000000000CD
S3150203F830420000000B000000160000000200000058
S3150203F84000000000000000000000000000000000AD
S3150203F85000000000000096B5FFFFFFFFFFFFFFFF5A
S3150203F860FFFF1CE7108400000000000096B5FFFFAF
S3150203F870000000000000E739F7BDFFFF1084000017
S3150203F880000096B5FFFF0000000000000000000024
S3150203F8901CE7DBDE0000000096B5FFFF0000000058
S3150203F8A000000000000096B5FFFF0000000096B5B9
S3150203F8B0FFFF0000000000000000000096B5FFFFF6
S3150203F8C00000000096B5FFFF0000000000000000E4
S3150203F8D00000F7BDFFFF0000000096B5FFFF000022
S3150203F8E000000000000000007DEF9AD60000000031
S3150203F8F096B5FFFF000000000000E7399AD6BEF76F
S3150203F900AA520000000096B5FFFFFFFFFFFFFFFFAD
S3150203F910FFFFBEF76D6B00000000000096B5FFFF08
S3150203F920000000000000E31896B5FFFF9294000062
S3150203F930000096B5FFFF0000000000000000000073
S3150203F94038C6FFFFE318000096B5FFFF000000006C
S3150203F9500000000000006D6BFFFF6D6B000096B5A3
S3150203F960FFFF000000000000000000006D6BFFFFB8
S3150203F9706D6B000096B5FFFF00000000000000005B
S3150203F98000006D6BFFFF6D6B000096B5FFFF000075
S3150203F990000000000000000096B5FFFFE318000018
S3150203F9A096B5FFFF000000000000E3189294BEF72D
S3150203F9B0F7BD0000000096B5FFFFFFFFFFFFFFFF45
S3150203F9C0FFFF1CE714A50000000000000000000072
S3150203F9D0000000000000000000000000000000001C
S3150203F9E0000000000000000000000000000000000C
S3150203F9F000000000000000000000000000000000FC
S3150203FA0000000000000000000000000000000000EB
S3150203FA1000000000000000000000000000000000DB
S3150203FA2000000000000000000000000000000000CB
S3150203FA3000000000000000000000000000000000BB
S3150203FA4000000000000000000000000000000000AB
S3150203FA50000000000000000000000000000000009B
S3150203FA60000000000000000000000000000000008B
S3150203FA70000000000000000000000000000000007B
S3150203FA80000000000000000000000000000000006B
S3150203FA90000000000000000000000000000000005B
S3150203FAA0000000000000000000000000000000004B
S3150203FAB0000000000000000000000000000000003B
S3150203FAC0000000000000000000000000000000002B
S3150203FAD0000000000000000000000000000000001B
S3150203FAE0000000000000000000000000000000000B
S3150203FAF000000000000000000000000000000000FB
S3150203FB0000000000000000000000000000000000EA
S3150203FB1000000000000000000000000000000000DA
S3150203FB2000000000000000000000000000000000CA
S3150203FB3000000000000000000000000000000000BA
S3150203FB4000000000000000000000000000000000AA
S3150203FB50000000000000000000000000000000009A
S3150203FB60000000000000000000000000000000008A
S3150203FB70000000000000000000000000000000007A
S3150203FB800000000000000000430000000B0000001C
S3150203FB901600000002000000000000000000000042
S3150203FBA0000000000000000000000000000000004A
S3150203FBB0000014A59AD696B596B5DBDE96B5E3187C
S3150203FBC000000000000038C6DBDE00000000000073
S3150203FBD00000DBDEDBDE000000006D6BFFFFE739B2
S3150203FBE000000000000000001084FFFFAA5200007C
S3150203FBF0F7BDBEF7000000000000000000006D6BB9
S3150203FC00FFFF10840000DBDEDBDE000000000000E5
S3150203FC1000000000E3186D6BE7390000DBDEDBDE74
S3150203FC2000000000000000000000000000000000C9
S3150203FC300000FFFFDBDE0000000000000000000002
S3150203FC400000000000000000FFFFDBDE00000000F2
S3150203FC500000000000000000000000000000FFFF9B
S3150203FC60DBDE0000000000000000000000000000D0
S3150203FC7000000000FFFFDBDE0000000000000000C2
S3150203FC8000000000000000000000FFFFDBDE0000B2
S3150203FC900000000000000000000000000000000059
S3150203FCA01CE7DBDE0000000000000000000000008D
S3150203FCB0000000000000DBDEDBDE000000000000C7
S3150203FCC0000000000000FFFF96B5000038C67DEF76
S3150203FCD000000000000000000000E318FFFF14A567
S3150203FCE000009294FFFFE7390000000000000000C5
S3150203FCF01084FFFFE739000000001CE79AD60000D4
S3150203FD0000000000E3181CE7F7BD00000000000036
S3150203FD10E31896B5DBDEDBDEDBDEDBDE9294000088
S3150203FD2000000000000000000000000000000000C8
S3150203FD3000000000000000000000000000000000B8
S3150203FD4000000000000000000000000000000000A8
S3150203FD500000000000000000000000000000000098
S3150203FD600000000000000000000000000000000088
S3150203FD700000000000000000000000000000000078
S3150203FD800000000000000000000000000000000068
S3150203FD900000000000000000000000000000000058
S3150203FDA00000000000000000000000000000000048
S3150203FDB00000000000000000000000000000000038
S3150203FDC00000000000000000000000000000000028
S3150203FDD00000000000000000000000000000000018
S3150203FDE00000000000000000000000000000000008
S3150203FDF000000000000000000000000000000000F8
S3150203FE0000000000000000000000000000000000E7
S3150203FE1000000000000000000000000000000000D7
S3150203FE2000000000000000000000000000000000C7
S3150203FE3000000000000000000000000000000000B7
S3150203FE4000000000000000000000000000000000A7
S3150203FE500000000000000000000000000000000097
S3150203FE600000000000000000000000000000000087
S3150203FE700000000000000000000000000000000077
S3150203FE800000000000000000000000000000000067
S3150203FE900000000000000000000000000000000057
S3150203FEA00000000000000000000000000000000047
S3150203FEB00000000000000000000000000000000037
S3150203FEC00000000000000000000000000000000027
S3150203FED00000000000000000000000000000000017
S3150203FEE0440000000B0000001600000002000000A0
S3150203FEF000000000000000000000000000000000F7
S3150203FF0000000000000096B5FFFFFFFFFFFFFFFFA3
S3150203FF10FFFFDBDE929400000000000096B5FFFFB0
S3150203FF20000000000000E3189294BEF738C60000F2
S3150203FF30000096B5FFFF000000000000000000006D
S3150203FF401084FFFF9294000096B5FFFF00000000A5
S3150203FF500000000000000000BEF79AD6000096B526
S3150203FF60FFFF000000000000000000000000DBDECF
S3150203FF70BEF7000096B5FFFF000000000000000078
S3150203FF8000000000F7BDFFFF000096B5FFFF00006B
S3150203FF900000000000000000000096B5FFFF00000D
S3150203FFA096B5FFFF000000000000000000000000FD
S3150203FFB096B5FFFF000096B5FFFF000000000000A4
S3150203FFC000000000000096B5FFFF000096B5FFFF94
S3150203FFD000000000000000000000000096B5FFFFCD
S3150203FFE0000096B5FFFF00000000000000000000BD
S3150203FFF0000096B5FFFF000096B5FFFF0000000064
S315020400000000000000000000F7BDFFFF000096B5E7
S31502040010FFFF000000000000000000000000DBDE1D
S31502040020DBDE000096B5FFFF0000000000000000C2
S3150204003000000000BEF738C6000096B5FFFF0000B8
S3150204004000000000000000009294FFFF6D6B0000A8
S3150204005096B5FFFF00000000000000009294BEF770
S31502040060F7BD0000000096B5FFFFFFFFFFFFFFFF8D
S31502040070FFFFDBDE10840000000000000000000029
S315020400800000000000000000000000000000000064
S315020400900000000000000000000000000000000054
S315020400A00000000000000000000000000000000044
S315020400B00000000000000000000000000000000034
S315020400C00000000000000000000000000000000024
S315020400D00000000000000000000000000000000014
S315020400E00000000000000000000000000000000004
S315020400F000000000000000000000000000000000F4
S3150204010000000000000000000000000000000000E3
S3150204011000000000000000000000000000000000D3
S3150204012000000000000000000000000000000000C3
S3150204013000000000000000000000000000000000B3
S3150204014000000000000000000000000000000000A3
S315020401500000000000000000000000000000000093
S315020401600000000000000000000000000000000083
S315020401700000000000000000000000000000000073
S315020401800000000000000000000000000000000063
S315020401900000000000000000000000000000000053
S315020401A00000000000000000000000000000000043
S315020401B00000000000000000000000000000000033
S315020401C00000000000000000000000000000000023
S315020401D00000000000000000000000000000000013
S315020401E00000000000000000000000000000000003
S315020401F000000000000000000000000000000000F3
S3150204020000000000000000000000000000000000E2
S3150204021000000000000000000000000000000000D2
S3150204022000000000000000000000000000000000C2
S315020402300000000000000000450000000B00000062
S31502040240160000000200000000000000000000008A
S3150204025000000000000000000000000000006D6BBA
S31502040260FFFFFFFFFFFFFFFFFFFFFFFFFFFF6D6BB8
S31502040270000000006D6BFFFF6D6B000000000000C4
S31502040280000000000000000000006D6BFFFF6D6BB4
S315020402900000000000000000000000000000000052
S315020402A06D6BFFFF6D6B0000000000000000000094
S315020402B00000000000006D6BFFFF6D6B0000000084
S315020402C00000000000000000000000006D6BFFFF4C
S315020402D06D6B00000000000000000000000000003A
S315020402E000006D6BFFFF6D6B000000000000000054
S315020402F000000000000000006D6BFFFF6D6B000044
S3150204030000000000000000000000000000006D6B09
S31502040310FFFFFFFFFFFFFFFFFFFFFFFFFFFF0000DF
S31502040320000000006D6BFFFF6D6B00000000000013
S31502040330000000000000000000006D6BFFFF6D6B03
S3150204034000000000000000000000000000000000A1
S315020403506D6BFFFF6D6B00000000000000000000E3
S315020403600000000000006D6BFFFF6D6B00000000D3
S315020403700000000000000000000000006D6BFFFF9B
S315020403806D6B000000000000000000000000000089
S3150204039000006D6BFFFF6D6B0000000000000000A3
S315020403A000000000000000006D6BFFFF6D6B000093
S315020403B000000000000000000000000000006D6B59
S315020403C0FFFFFFFFFFFFFFFFFFFFFFFFFFFF96B5E4
S315020403D00000000000000000000000000000000011
S315020403E00000000000000000000000000000000001
S315020403F000000000000000000000000000000000F1
S3150204040000000000000000000000000000000000E0
S3150204041000000000000000000000000000000000D0
S3150204042000000000000000000000000000000000C0
S3150204043000000000000000000000000000000000B0
S3150204044000000000000000000000000000000000A0
S315020404500000000000000000000000000000000090
S315020404600000000000000000000000000000000080
S315020404700000000000000000000000000000000070
S315020404800000000000000000000000000000000060
S315020404900000000000000000000000000000000050
S315020404A00000000000000000000000000000000040
S315020404B00000000000000000000000000000000030
S315020404C00000000000000000000000000000000020
S315020404D00000000000000000000000000000000010
S315020404E00000000000000000000000000000000000
S315020404F000000000000000000000000000000000F0
S3150204050000000000000000000000000000000000DF
S3150204051000000000000000000000000000000000CF
S3150204052000000000000000000000000000000000BF
S3150204053000000000000000000000000000000000AF
S31502040540000000000000000000000000000000009F
S31502040550000000000000000000000000000000008F
S31502040560000000000000000000000000000000007F
S31502040570000000000000000000000000000000006F
S31502040580000000000000000000000000000000005F
S3150204059046000000090000001600000002000000E8
S315020405A0000000000000000000000000000000003F
S315020405B0000096B5FFFFFFFFFFFFFFFFFFFFFFFFF0
S315020405C096B5000096B5FFFF00000000000000008B
S315020405D000000000000096B5FFFF000000000000C6
S315020405E0000000000000000096B5FFFF00000000B6
S315020405F00000000000000000000096B5FFFF0000A6
S3150204060000000000000000000000000096B5FFFF95
S31502040610000000000000000000000000000096B583
S31502040620FFFF0000000000000000000000000000C0
S3150204063096B5FFFF00000000000000000000000065
S31502040640000096B5FFFFFFFFFFFFFFFFFFFFFFFF5F
S315020406506D6B000096B5FFFF00000000000000006D
S3150204066000000000000096B5FFFF00000000000035
S31502040670000000000000000096B5FFFF0000000025
S315020406800000000000000000000096B5FFFF000015
S3150204069000000000000000000000000096B5FFFF05
S315020406A0000000000000000000000000000096B5F3
S315020406B0FFFF000000000000000000000000000030
S315020406C096B5FFFF000000000000000000000000D5
S315020406D0000096B5FFFF00000000000000000000C5
S315020406E000000000000000000000000000000000FE
S315020406F000000000000000000000000000000000EE
S3150204070000000000000000000000000000000000DD
S3150204071000000000000000000000000000000000CD
S3150204072000000000000000000000000000000000BD
S3150204073000000000000000000000000000000000AD
S31502040740000000000000000000000000000000009D
S31502040750000000000000000000000000000000008D
S31502040760000000000000000000000000000000007D
S31502040770000000000000000000000000000000006D
S31502040780000000000000000000000000000000005D
S31502040790000000000000000000000000000000004D
S315020407A0000000000000000000000000000000003D
S315020407B0000000000000000000000000000000002D
S315020407C0000000000000000000000000000000001D
S315020407D0000000000000000000000000000000000D
S315020407E000000000000000000000000000000000FD
S315020407F000000000000000000000000000000000ED
S3150204080000000000000000000000000000000000DC
S3150204081000000000000000000000000000000000CC
S3150204082000000000000000000000000000000000BC
S3150204083000000000000000000000000000000000AC
S31502040840000000000000000000000000000000009C
S31502040850000000000000000000000000000000008C
S31502040860000000000000000000000000000000007C
S31502040870000000000000000000000000000000006C
S31502040880000000000000000000000000000000005C
S31502040890000000000000000000000000000000004C
S315020408A0000000000000000000000000000000003C
S315020408B0000000000000000000000000000000002C
S315020408C0000000000000000000000000000000001C
S315020408D0000000000000000000000000000000000C
S315020408E00000000000000000470000000C000000A9
S315020408F016000000020000000000000000000000D4
S3150204090000000000000000000000000000000000DB
S3150204091000000000E31838C67DEFFFFFFFFF1CE767
S3150204092092940000000000000000E3181CE79AD627
S31502040930E739000000006D6BBEF7F7BD000000004A
S31502040940000038C67DEFE318000000000000000036
S3150204095014A5FFFFE31800000000BEF7F7BD000070
S3150204096000000000000000006D6BFFFF6D6B0000CD
S31502040970AA52FFFF108400000000000000000000DD
S31502040980E73996B5E73900006D6BFFFF6D6B000022
S31502040990000000000000000000000000000000004B
S315020409A09294FFFF6D6B000000000000000000003F
S315020409B0000000000000000096B5FFFF6D6B00000A
S315020409C0000000000000000000000000000000001B
S315020409D096B5FFFF6D6B00000000DBDEFFFFFFFF35
S315020409E0FFFFFFFF6D6B000096B5FFFF6D6B000006
S315020409F000000000000000006D6BFFFF6D6B00003D
S31502040A0096B5FFFF6D6B00000000000000000000B9
S31502040A106D6BFFFF6D6B00006D6BFFFF6D6B00006E
S31502040A2000000000000000006D6BFFFF6D6B00000C
S31502040A306D6BFFFF6D6B00000000000000000000FC
S31502040A406D6BFFFF6D6B00000000FFFF14A5000035
S31502040A5000000000000000006D6BFFFF6D6B0000DC
S31502040A6000009AD67DEF000000000000000000009E
S31502040A706D6BFFFF6D6B00000000E739BEF79AD677
S31502040A80E73900000000E31896B5FFFF6D6B00001E
S31502040A9000000000E73938C67DEFFFFFFFFFBEF70F
S31502040AA0DBDE14A5E31800000000000000000000CD
S31502040AB0000000000000000000000000000000002A
S31502040AC0000000000000000000000000000000001A
S31502040AD0000000000000000000000000000000000A
S31502040AE000000000000000000000000000000000FA
S31502040AF000000000000000000000000000000000EA
S31502040B0000000000000000000000000000000000D9
S31502040B1000000000000000000000000000000000C9
S31502040B2000000000000000000000000000000000B9
S31502040B3000000000000000000000000000000000A9
S31502040B400000000000000000000000000000000099
S31502040B500000000000000000000000000000000089
S31502040B600000000000000000000000000000000079
S31502040B700000000000000000000000000000000069
S31502040B800000000000000000000000000000000059
S31502040B900000000000000000000000000000000049
S31502040BA00000000000000000000000000000000039
S31502040BB00000000000000000000000000000000029
S31502040BC00000000000000000000000000000000019
S31502040BD00000000000000000000000000000000009
S31502040BE000000000000000000000000000000000F9
S31502040BF000000000000000000000000000000000E9
S31502040C0000000000000000000000000000000000D8
S31502040C1000000000000000000000000000000000C8
S31502040C2000000000000000000000000000000000B8
S31502040C3000000000000000000000000000000000A8
S31502040C40480000000C00000016000000020000002C
S31502040C500000000000000000000000000000000088
S31502040C600000000000000000FFFF96B5000000002F
S31502040C700000000000000000FFFF96B5000000001F
S31502040C80FFFF96B50000000000000000000000000F
S31502040C90FFFF96B500000000FFFF96B500000000B6
S31502040CA00000000000000000FFFF96B500000000EF
S31502040CB0FFFF96B5000000000000000000000000DF
S31502040CC0FFFF96B500000000FFFF96B50000000086
S31502040CD00000000000000000FFFF96B500000000BF
S31502040CE0FFFF96B5000000000000000000000000AF
S31502040CF0FFFF96B500000000FFFF96B50000000056
S31502040D000000000000000000FFFF96B5000000008E
S31502040D10FFFF96B50000000000000000000000007E
S31502040D20FFFF96B500000000FFFFFFFFFFFFFFFF76
S31502040D30FFFFFFFFFFFFFFFFFFFF96B50000000066
S31502040D40FFFF96B50000000000000000000000004E
S31502040D50FFFF96B500000000FFFF96B500000000F5
S31502040D600000000000000000FFFF96B5000000002E
S31502040D70FFFF96B50000000000000000000000001E
S31502040D80FFFF96B500000000FFFF96B500000000C5
S31502040D900000000000000000FFFF96B500000000FE
S31502040DA0FFFF96B5000000000000000000000000EE
S31502040DB0FFFF96B500000000FFFF96B50000000095
S31502040DC00000000000000000FFFF96B500000000CE
S31502040DD0FFFF96B5000000000000000000000000BE
S31502040DE0FFFF96B500000000FFFF96B50000000065
S31502040DF00000000000000000FFFF96B5000000009E
S31502040E0000000000000000000000000000000000D6
S31502040E1000000000000000000000000000000000C6
S31502040E2000000000000000000000000000000000B6
S31502040E3000000000000000000000000000000000A6
S31502040E400000000000000000000000000000000096
S31502040E500000000000000000000000000000000086
S31502040E600000000000000000000000000000000076
S31502040E700000000000000000000000000000000066
S31502040E800000000000000000000000000000000056
S31502040E900000000000000000000000000000000046
S31502040EA00000000000000000000000000000000036
S31502040EB00000000000000000000000000000000026
S31502040EC00000000000000000000000000000000016
S31502040ED00000000000000000000000000000000006
S31502040EE000000000000000000000000000000000F6
S31502040EF000000000000000000000000000000000E6
S31502040F0000000000000000000000000000000000D5
S31502040F1000000000000000000000000000000000C5
S31502040F2000000000000000000000000000000000B5
S31502040F3000000000000000000000000000000000A5
S31502040F400000000000000000000000000000000095
S31502040F500000000000000000000000000000000085
S31502040F600000000000000000000000000000000075
S31502040F700000000000000000000000000000000065
S31502040F800000000000000000000000000000000055
S31502040F9000000000000000004900000003000000F9
S31502040FA0160000000200000000000000000096B5D2
S31502040FB0FFFF000096B5FFFF000096B5FFFF000095
S31502040FC096B5FFFF000096B5FFFF000096B5FFFF3A
S31502040FD0000096B5FFFF000096B5FFFF000096B528
S31502040FE0FFFF000096B5FFFF000096B5FFFF000065
S31502040FF096B5FFFF000096B5FFFF000096B5FFFF0A
S31502041000000096B5FFFF000096B5FFFF000096B5F7
S31502041010FFFF0000000000000000000000000000C6
S3150204102000000000000000000000000000000000B4
S3150204103000000000000000000000000000000000A4
S315020410400000000000000000000000000000000094
S315020410500000000000000000000000000000000084
S315020410600000000000000000000000000000000074
S315020410700000000000000000000000000000000064
S315020410800000000000000000000000000000000054
S315020410900000000000000000000000000000000044
S315020410A00000000000000000000000000000000034
S315020410B00000000000000000000000000000000024
S315020410C00000000000000000000000000000000014
S315020410D00000000000000000000000000000000004
S315020410E000000000000000000000000000000000F4
S315020410F000000000000000000000000000000000E4
S3150204110000000000000000000000000000000000D3
S3150204111000000000000000000000000000000000C3
S3150204112000000000000000000000000000000000B3
S3150204113000000000000000000000000000000000A3
S315020411400000000000000000000000000000000093
S315020411500000000000000000000000000000000083
S315020411600000000000000000000000000000000073
S315020411700000000000000000000000000000000063
S315020411800000000000000000000000000000000053
S315020411900000000000000000000000000000000043
S315020411A00000000000000000000000000000000033
S315020411B00000000000000000000000000000000023
S315020411C00000000000000000000000000000000013
S315020411D00000000000000000000000000000000003
S315020411E000000000000000000000000000000000F3
S315020411F000000000000000000000000000000000E3
S3150204120000000000000000000000000000000000D2
S3150204121000000000000000000000000000000000C2
S3150204122000000000000000000000000000000000B2
S3150204123000000000000000000000000000000000A2
S315020412400000000000000000000000000000000092
S315020412500000000000000000000000000000000082
S315020412600000000000000000000000000000000072
S315020412700000000000000000000000000000000062
S315020412800000000000000000000000000000000052
S315020412900000000000000000000000000000000042
S315020412A00000000000000000000000000000000032
S315020412B00000000000000000000000000000000022
S315020412C00000000000000000000000000000000012
S315020412D00000000000000000000000000000000002
S315020412E000000000000000000000000000000000F2
S315020412F04A0000000A000000160000000200000076
S3150204130000000000000000000000000000000000D1
S3150204131000000000000000000000000000000000C1
S315020413200000DBDEDBDE000000000000000000003F
S31502041330000000000000DBDEDBDE0000000000002F
S3150204134000000000000000000000DBDEDBDE00001F
S315020413500000000000000000000000000000DBDEC8
S31502041360DBDE0000000000000000000000000000B8
S315020413700000DBDEDBDE00000000000000000000EF
S31502041380000000000000DBDEDBDE000000000000DF
S3150204139000000000000000000000DBDEDBDE0000CF
S315020413A00000000000000000000000000000DBDE78
S315020413B0DBDE000000000000000000000000000068
S315020413C00000DBDEDBDE000000000000000000009F
S315020413D0000000000000DBDEDBDE0000000000008F
S315020413E000000000000000000000DBDEDBDE00007F
S315020413F00000000000000000000000000000DBDE28
S315020414009AD600006D6BFFFF6D6B000000000000B2
S315020414100000DBDE96B500006D6BFFFF6D6B00000E
S315020414200000000000007DEF96B50000E318FFFF00
S315020414309294000000000000E318FFFF10840000ED
S31502041440000038C67DEFE7390000E31838C61CE70A
S31502041450000000000000E31896B57DEFFFFFBEF71B
S3150204146038C6E73900000000000000000000000052
S315020414700000000000000000000000000000000060
S315020414800000000000000000000000000000000050
S315020414900000000000000000000000000000000040
S315020414A00000000000000000000000000000000030
S315020414B00000000000000000000000000000000020
S315020414C00000000000000000000000000000000010
S315020414D00000000000000000000000000000000000
S315020414E000000000000000000000000000000000F0
S315020414F000000000000000000000000000000000E0
S3150204150000000000000000000000000000000000CF
S3150204151000000000000000000000000000000000BF
S3150204152000000000000000000000000000000000AF
S31502041530000000000000000000000000000000009F
S31502041540000000000000000000000000000000008F
S31502041550000000000000000000000000000000007F
S31502041560000000000000000000000000000000006F
S31502041570000000000000000000000000000000005F
S31502041580000000000000000000000000000000004F
S31502041590000000000000000000000000000000003F
S315020415A0000000000000000000000000000000002F
S315020415B0000000000000000000000000000000001F
S315020415C0000000000000000000000000000000000F
S315020415D000000000000000000000000000000000FF
S315020415E000000000000000000000000000000000EF
S315020415F000000000000000000000000000000000DF
S3150204160000000000000000000000000000000000CE
S3150204161000000000000000000000000000000000BE
S3150204162000000000000000000000000000000000AE
S31502041630000000000000000000000000000000009E
S3150204164000000000000000004B0000000B00000038
S315020416501600000002000000000000000000000066
S31502041660000000000000000000000000000096B523
S31502041670FFFF0000000000000000000096B5FFFF17
S315020416801084000096B5FFFF000000000000000071
S315020416906D6BFFFF96B50000000096B5FFFF0000D4
S315020416A000000000E3187DEFDBDE0000000000000E
S315020416B096B5FFFF0000000000009AD6BEF7E318B5
S315020416C000000000000096B5FFFF0000000014A50C
S315020416D0FFFF6D6B000000000000000096B5FFFFDF
S315020416E00000AA52BEF796B50000000000000000F2
S315020416F0000096B5FFFFE3181CE7DBDE00000000DE
S31502041700000000000000000096B5FFFF38C6BEF7D1
S31502041710E31800000000000000000000000096B577
S31502041720FFFFF7BDBEF7E739000000000000000026
S315020417300000000096B5FFFFE3187DEFDBDE000034
S315020417400000000000000000000096B5FFFF000044
S315020417506D6BFFFF14A500000000000000000000EE
S3150204176096B5FFFF00000000F7BDBEF7E73900009B
S3150204177000000000000096B5FFFF00000000E31819
S315020417807DEFDBDE000000000000000096B5FFFFDF
S315020417900000000000006D6BFFFF14A500000000AE
S315020417A0000096B5FFFF0000000000000000F7BD30
S315020417B0BEF7E7390000000096B5FFFF00000000FF
S315020417C000000000E3187DEF1CE70000000096B558
S315020417D0FFFF000000000000000000006D6BFFFF29
S315020417E096B50000000000000000000000000000A2
S315020417F000000000000000000000000000000000DD
S3150204180000000000000000000000000000000000CC
S3150204181000000000000000000000000000000000BC
S3150204182000000000000000000000000000000000AC
S31502041830000000000000000000000000000000009C
S31502041840000000000000000000000000000000008C
S31502041850000000000000000000000000000000007C
S31502041860000000000000000000000000000000006C
S31502041870000000000000000000000000000000005C
S31502041880000000000000000000000000000000004C
S31502041890000000000000000000000000000000003C
S315020418A0000000000000000000000000000000002C
S315020418B0000000000000000000000000000000001C
S315020418C0000000000000000000000000000000000C
S315020418D000000000000000000000000000000000FC
S315020418E000000000000000000000000000000000EC
S315020418F000000000000000000000000000000000DC
S3150204190000000000000000000000000000000000CB
S3150204191000000000000000000000000000000000BB
S3150204192000000000000000000000000000000000AB
S31502041930000000000000000000000000000000009B
S31502041940000000000000000000000000000000008B
S31502041950000000000000000000000000000000007B
S31502041960000000000000000000000000000000006B
S31502041970000000000000000000000000000000005B
S31502041980000000000000000000000000000000004B
S31502041990000000000000000000000000000000003B
S315020419A04C000000080000001600000002000000BF
S315020419B0000000000000000000000000000000001B
S315020419C0FFFF96B5000000000000000000000000C2
S315020419D0FFFF96B5000000000000000000000000B2
S315020419E0FFFF96B5000000000000000000000000A2
S315020419F0FFFF96B500000000000000000000000092
S31502041A00FFFF96B500000000000000000000000081
S31502041A10FFFF96B500000000000000000000000071
S31502041A20FFFF96B500000000000000000000000061
S31502041A30FFFF96B500000000000000000000000051
S31502041A40FFFF96B500000000000000000000000041
S31502041A50FFFF96B500000000000000000000000031
S31502041A60FFFF96B500000000000000000000000021
S31502041A70FFFF96B500000000000000000000000011
S31502041A80FFFF96B500000000000000000000000001
S31502041A90FFFF96B5000000000000000000000000F1
S31502041AA0FFFF96B5000000000000000000000000E1
S31502041AB0FFFF96B5000000000000000000000000D1
S31502041AC0FFFFFFFFFFFFFFFFFFFFFFFFFFFF000018
S31502041AD000000000000000000000000000000000FA
S31502041AE000000000000000000000000000000000EA
S31502041AF000000000000000000000000000000000DA
S31502041B0000000000000000000000000000000000C9
S31502041B1000000000000000000000000000000000B9
S31502041B2000000000000000000000000000000000A9
S31502041B300000000000000000000000000000000099
S31502041B400000000000000000000000000000000089
S31502041B500000000000000000000000000000000079
S31502041B600000000000000000000000000000000069
S31502041B700000000000000000000000000000000059
S31502041B800000000000000000000000000000000049
S31502041B900000000000000000000000000000000039
S31502041BA00000000000000000000000000000000029
S31502041BB00000000000000000000000000000000019
S31502041BC00000000000000000000000000000000009
S31502041BD000000000000000000000000000000000F9
S31502041BE000000000000000000000000000000000E9
S31502041BF000000000000000000000000000000000D9
S31502041C0000000000000000000000000000000000C8
S31502041C1000000000000000000000000000000000B8
S31502041C2000000000000000000000000000000000A8
S31502041C300000000000000000000000000000000098
S31502041C400000000000000000000000000000000088
S31502041C500000000000000000000000000000000078
S31502041C600000000000000000000000000000000068
S31502041C700000000000000000000000000000000058
S31502041C800000000000000000000000000000000048
S31502041C900000000000000000000000000000000038
S31502041CA00000000000000000000000000000000028
S31502041CB00000000000000000000000000000000018
S31502041CC00000000000000000000000000000000008
S31502041CD000000000000000000000000000000000F8
S31502041CE000000000000000000000000000000000E8
S31502041CF000000000000000004D000000100000007B
S31502041D0016000000020000000000000000000000AF
S31502041D1000000000000000000000000000000000B7
S31502041D20000000000000000096B5FFFFFFFFE31865
S31502041D300000000000000000000000000000000097
S31502041D4038C6FFFFDBDE000096B5FFFFFFFF929465
S31502041D500000000000000000000000000000000077
S31502041D60BEF71CE7DBDE000096B5FFFF9AD69AD6CD
S31502041D7000000000000000000000000000006D6B7F
S31502041D80FFFF96B5DBDE000096B5FFFF9294BEF721
S31502041D900000000000000000000000000000F7BD83
S31502041DA09AD696B5DBDE000096B5FFFFE318FFFF71
S31502041DB010840000000000000000000000007DEF17
S31502041DC0929496B5DBDE000096B5FFFF00001CE791
S31502041DD038C600000000000000000000E739FFFFDB
S31502041DE0E31896B5DBDE000096B5FFFF000014A5E6
S31502041DF07DEF0000000000000000000014A51CE7AF
S31502041E00000096B5DBDE000096B5FFFF0000E73959
S31502041E10FFFFAA520000000000000000DBDE14A54A
S31502041E20000096B5DBDE000096B5FFFF0000000059
S31502041E301CE7F7BD000000000000E318FFFFE739C6
S31502041E40000096B5DBDE000096B5FFFF0000000039
S31502041E50F7BD7DEF00000000000092947DEF0000C4
S31502041E60000096B5DBDE000096B5FFFF0000000019
S31502041E70AA52FFFFE739000000009AD6F7BD000018
S31502041E80000096B5DBDE000096B5FFFF00000000F9
S31502041E9000007DEF14A500000000BEF7AA52000060
S31502041EA0000096B5DBDE000096B5FFFF00000000D9
S31502041EB00000F7BD1CE700001084BEF70000000016
S31502041EC0000096B5DBDE000096B5FFFF00000000B9
S31502041ED000001084FFFFE318F7BD38C600000000B7
S31502041EE0000096B5DBDE000096B5FFFF0000000099
S31502041EF000000000BEF792947DEF108400000000FB
S31502041F00000096B5DBDE000096B5FFFF0000000078
S31502041F100000000038C67DEFFFFF0000000000004D
S31502041F20000096B5DBDE000096B5FFFF0000000058
S31502041F30000000009294FFFF9AD600000000000001
S31502041F40000096B5DBDE0000000000000000000081
S31502041F500000000000000000000000000000000075
S31502041F600000000000000000000000000000000065
S31502041F700000000000000000000000000000000055
S31502041F800000000000000000000000000000000045
S31502041F900000000000000000000000000000000035
S31502041FA00000000000000000000000000000000025
S31502041FB00000000000000000000000000000000015
S31502041FC00000000000000000000000000000000005
S31502041FD000000000000000000000000000000000F5
S31502041FE000000000000000000000000000000000E5
S31502041FF000000000000000000000000000000000D5
S3150204200000000000000000000000000000000000C4
S3150204201000000000000000000000000000000000B4
S3150204202000000000000000000000000000000000A4
S315020420300000000000000000000000000000000094
S315020420400000000000000000000000000000000084
S315020420504E0000000D000000160000000200000001
S315020420600000000000000000000000000000000064
S31502042070000000000000000000006D6BFFFFFFFF80
S315020420801084000000000000000000006D6BFFFFDA
S315020420906D6B00006D6BFFFFBEF7DBDE0000000018
S315020420A00000000000006D6BFFFF6D6B00006D6B9E
S315020420B0FFFFF7BDFFFFE739000000000000000044
S315020420C06D6BFFFF6D6B00006D6BFFFF6D6B7DEF3C
S315020420D038C600000000000000006D6BFFFF6D6B48
S315020420E000006D6BFFFF6D6B14A5BEF7E3180000CD
S315020420F0000000006D6BFFFF6D6B00006D6BFFFF50
S315020421006D6BE318BEF714A50000000000006D6BAA
S31502042110FFFF6D6B00006D6BFFFF6D6B000038C631
S315020421207DEF0000000000006D6BFFFF6D6B000089
S315020421306D6BFFFF6D6B0000E739FFFF1084000033
S3150204214000006D6BFFFF6D6B00006D6BFFFF6D6B27
S3150204215000000000DBDEDBDE000000006D6BFFFF2B
S315020421606D6B00006D6BFFFF6D6B00000000108449
S31502042170FFFFE73900006D6BFFFF6D6B00006D6BAF
S31502042180FFFF6D6B0000000000007DEF38C6000003
S315020421906D6BFFFF6D6B00006D6BFFFF6D6B0000D7
S315020421A00000000014A5BEF7E3186D6BFFFF6D6B0C
S315020421B000006D6BFFFF6D6B000000000000E3186A
S315020421C0BEF714A56D6BFFFF6D6B00006D6BFFFF11
S315020421D06D6B000000000000000038C67DEF6D6BD9
S315020421E0FFFF6D6B00006D6BFFFF6D6B000000005F
S315020421F000000000E739FFFFF7BDFFFF6D6B00002B
S315020422006D6BFFFF6D6B0000000000000000000014
S31502042210DBDEBEF7FFFF6D6B00006D6BFFFF6D6BC0
S31502042220000000000000000000001084FFFFFFFF12
S315020422306D6B0000000000000000000000000000BA
S315020422400000000000000000000000000000000082
S315020422500000000000000000000000000000000072
S315020422600000000000000000000000000000000062
S315020422700000000000000000000000000000000052
S315020422800000000000000000000000000000000042
S315020422900000000000000000000000000000000032
S315020422A00000000000000000000000000000000022
S315020422B00000000000000000000000000000000012
S315020422C00000000000000000000000000000000002
S315020422D000000000000000000000000000000000F2
S315020422E000000000000000000000000000000000E2
S315020422F000000000000000000000000000000000D2
S3150204230000000000000000000000000000000000C1
S3150204231000000000000000000000000000000000B1
S3150204232000000000000000000000000000000000A1
S315020423300000000000000000000000000000000091
S315020423400000000000000000000000000000000081
S315020423500000000000000000000000000000000071
S315020423600000000000000000000000000000000061
S315020423700000000000000000000000000000000051
S315020423800000000000000000000000000000000041
S315020423900000000000000000000000000000000031
S315020423A000000000000000004F0000000C000000C6
S315020423B016000000020000000000000000000000F9
S315020423C00000000000000000000000000000000001
S315020423D000000000E31896B57DEFFFFFFFFF1CE740
S315020423E092940000000000000000E3181CE71CE7BA
S315020423F0E739000000006D6BBEF7F7BD0000000070
S31502042400000096B5FFFFE739000000000000000057
S3150204241014A5FFFFE739000000007DEF9AD60000FD
S315020424200000000000000000E318FFFF96B500005C
S315020424300000FFFF96B50000000000000000000047
S315020424400000BEF7DBDE0000E739FFFF96B50000A9
S3150204245000000000000000000000DBDEDBDE0000FE
S315020424606D6BFFFF96B5000000000000000000003F
S315020424700000DBDEDBDE00006D6BFFFF96B50000BD
S3150204248000000000000000000000DBDEDBDE0000CE
S315020424906D6BFFFF96B5000000000000000000000F
S315020424A00000DBDEDBDE00006D6BFFFF96B500008D
S315020424B000000000000000000000DBDEDBDE00009E
S315020424C06D6BFFFF96B500000000000000000000DF
S315020424D00000DBDEDBDE0000E739FFFF96B5000015
S315020424E000000000000000000000DBDEDBDE00006E
S315020424F00000FFFF96B50000000000000000000087
S315020425000000BEF738C6000000001CE79AD6000099
S315020425100000000000000000E739FFFF14A50000D8
S31502042520000096B5BEF7E3180000000000000000A4
S3150204253096B5FFFFE73900000000E3181CE79AD6B8
S31502042540E739000000001084FFFF14A50000000014
S3150204255000000000E31896B57DEFFFFFFFFF1CE7BE
S3150204256010840000000000000000000000000000CB
S31502042570000000000000000000000000000000004F
S31502042580000000000000000000000000000000003F
S31502042590000000000000000000000000000000002F
S315020425A0000000000000000000000000000000001F
S315020425B0000000000000000000000000000000000F
S315020425C000000000000000000000000000000000FF
S315020425D000000000000000000000000000000000EF
S315020425E000000000000000000000000000000000DF
S315020425F000000000000000000000000000000000CF
S3150204260000000000000000000000000000000000BE
S3150204261000000000000000000000000000000000AE
S31502042620000000000000000000000000000000009E
S31502042630000000000000000000000000000000008E
S31502042640000000000000000000000000000000007E
S31502042650000000000000000000000000000000006E
S31502042660000000000000000000000000000000005E
S31502042670000000000000000000000000000000004E
S31502042680000000000000000000000000000000003E
S31502042690000000000000000000000000000000002E
S315020426A0000000000000000000000000000000001E
S315020426B0000000000000000000000000000000000E
S315020426C000000000000000000000000000000000FE
S315020426D000000000000000000000000000000000EE
S315020426E000000000000000000000000000000000DE
S315020426F000000000000000000000000000000000CE
S31502042700500000000A00000016000000020000004B
S3150204271000000000000000000000000000000000AD
S315020427200000000096B5FFFFFFFFFFFFFFFFBEF7A5
S3150204273038C6AA520000000096B5FFFF000000004A
S315020427400000AA521CE7BEF7E739000096B5FFFF60
S315020427500000000000000000E739FFFF14A5000096
S3150204276096B5FFFF00000000000000000000FFFF16
S315020427709AD6000096B5FFFF000000000000000094
S315020427800000FFFFDBDE000096B5FFFF000000003D
S31502042790000000000000FFFF38C6000096B5FFFFE8
S315020427A00000000000000000AA52FFFF14A500006A
S315020427B096B5FFFF00000000000010841CE7BEF778
S315020427C0E318000096B5FFFFFFFFFFFFFFFF1CE7BC
S315020427D038C6E7390000000096B5FFFF0000000086
S315020427E000000000000000000000000096B5FFFF94
S315020427F000000000000000000000000000000000CD
S3150204280096B5FFFF00000000000000000000000073
S315020428100000000096B5FFFF000000000000000063
S31502042820000000000000000096B5FFFF0000000053
S3150204283000000000000000000000000096B5FFFF43
S31502042840000000000000000000000000000000007C
S3150204285096B5FFFF00000000000000000000000023
S315020428600000000096B5FFFF000000000000000013
S31502042870000000000000000000000000000000004C
S31502042880000000000000000000000000000000003C
S31502042890000000000000000000000000000000002C
S315020428A0000000000000000000000000000000001C
S315020428B0000000000000000000000000000000000C
S315020428C000000000000000000000000000000000FC
S315020428D000000000000000000000000000000000EC
S315020428E000000000000000000000000000000000DC
S315020428F000000000000000000000000000000000CC
S3150204290000000000000000000000000000000000BB
S3150204291000000000000000000000000000000000AB
S31502042920000000000000000000000000000000009B
S31502042930000000000000000000000000000000008B
S31502042940000000000000000000000000000000007B
S31502042950000000000000000000000000000000006B
S31502042960000000000000000000000000000000005B
S31502042970000000000000000000000000000000004B
S31502042980000000000000000000000000000000003B
S31502042990000000000000000000000000000000002B
S315020429A0000000000000000000000000000000001B
S315020429B0000000000000000000000000000000000B
S315020429C000000000000000000000000000000000FB
S315020429D000000000000000000000000000000000EB
S315020429E000000000000000000000000000000000DB
S315020429F000000000000000000000000000000000CB
S31502042A0000000000000000000000000000000000BA
S31502042A1000000000000000000000000000000000AA
S31502042A20000000000000000000000000000000009A
S31502042A30000000000000000000000000000000008A
S31502042A40000000000000000000000000000000007A
S31502042A500000000000000000510000000D0000000C
S31502042A601600000002000000000000000000000042
S31502042A70000000000000000000000000000000004A
S31502042A800000000000009294DBDEDBDEDBDEDBDE30
S31502042A9096B5E31800000000000000000000F7BD30
S31502042AA01CE7E3180000000000009AD6DBDE0000F3
S31502042AB0000000000000E739FFFF6D6B0000000014
S31502042AC000000000E739FFFF9294000000000000B6
S31502042AD096B5FFFF000000000000000000000000A1
S31502042AE01CE79AD6000000000000DBDEDBDE0000F5
S31502042AF000000000000000000000DBDEBEF700005C
S31502042B00000000001CE7DBDE0000000000000000FD
S31502042B100000000096B5FFFF000000000000FFFF62
S31502042B20DBDE00000000000000000000000096B595
S31502042B30FFFF000000000000FFFFDBDE00000000D4
S31502042B40000000000000000096B5FFFF0000000030
S31502042B500000FFFFDBDE00000000000000000000B2
S31502042B60000096B5FFFF000000000000FFFFDBDE59
S31502042B7000000000000000000000000096B5FFFF00
S31502042B80000000000000FFFFDBDE00000000000082
S31502042B9000000000000096B5FFFF000000000000E0
S31502042BA0DBDEDBDE000000000000000000000000A7
S31502042BB096B5FFFF000000000000DBDEDBDE00004E
S31502042BC00000000000000000000038C6FFFF0000FD
S31502042BD000000000F7BD7DEF0000000000000000C9
S31502042BE000000000DBDEDBDE0000000000006D6B8F
S31502042BF0FFFFAA520000000000000000E739FFFFB1
S31502042C0096B5000000000000000038C61CE7E31871
S31502042C1000000000E3189AD6BEF7E318000000008D
S31502042C2000000000000096B5DBDEDBDEDBDE7DEFB6
S31502042C30FFFF7DEFBEF7FFFF6D6B00000000000093
S31502042C400000000000000000000000000000000078
S31502042C500000000000000000000000000000000068
S31502042C600000000000000000000000000000000058
S31502042C700000000000000000000000000000000048
S31502042C800000000000000000000000000000000038
S31502042C900000000000000000000000000000000028
S31502042CA00000000000000000000000000000000018
S31502042CB00000000000000000000000000000000008
S31502042CC000000000000000000000000000000000F8
S31502042CD000000000000000000000000000000000E8
S31502042CE000000000000000000000000000000000D8
S31502042CF000000000000000000000000000000000C8
S31502042D0000000000000000000000000000000000B7
S31502042D1000000000000000000000000000000000A7
S31502042D200000000000000000000000000000000097
S31502042D300000000000000000000000000000000087
S31502042D400000000000000000000000000000000077
S31502042D500000000000000000000000000000000067
S31502042D600000000000000000000000000000000057
S31502042D700000000000000000000000000000000047
S31502042D800000000000000000000000000000000037
S31502042D900000000000000000000000000000000027
S31502042DA00000000000000000000000000000000017
S31502042DB0520000000A000000160000000200000093
S31502042DC000000000000000000000000000000000F7
S31502042DD00000000096B5FFFFFFFFFFFFFFFFFFFFA6
S31502042DE01CE796B50000000096B5FFFF0000000040
S31502042DF0000000009294FFFF96B5000096B5FFFF0F
S31502042E000000000000000000000038C6BEF7000003
S31502042E1096B5FFFF0000000000000000000096B512
S31502042E20FFFF000096B5FFFF00000000000000004F
S31502042E30000096B5FFFF000096B5FFFF00000000F4
S31502042E400000000000009AD67DEF000096B5FFFF51
S31502042E50000000000000E73996B5BEF710840000B2
S31502042E6096B5FFFFFFFFFFFFFFFFFFFFFFFF6D6B3F
S31502042E700000000096B5FFFF000000000000E31802
S31502042E8014A5FFFF6D6B000096B5FFFF000000005E
S31502042E900000000000007DEF9AD6000096B5FFFF01
S31502042EA000000000000000000000DBDEDBDE0000A4
S31502042EB096B5FFFF00000000000000000000DBDE04
S31502042EC0DBDE000096B5FFFF0000000000000000F4
S31502042ED00000DBDEDBDE000096B5FFFF000000002B
S31502042EE000000000000096B5DBDE000096B5FFFF89
S31502042EF00000000000000000000096B57DEF00000F
S31502042F0096B5FFFF0000000000000000000096B521
S31502042F10FFFF000096B5FFFF00000000000000005E
S31502042F20000096B5FFFF000000000000000000004C
S31502042F300000000000000000000000000000000085
S31502042F400000000000000000000000000000000075
S31502042F500000000000000000000000000000000065
S31502042F600000000000000000000000000000000055
S31502042F700000000000000000000000000000000045
S31502042F800000000000000000000000000000000035
S31502042F900000000000000000000000000000000025
S31502042FA00000000000000000000000000000000015
S31502042FB00000000000000000000000000000000005
S31502042FC000000000000000000000000000000000F5
S31502042FD000000000000000000000000000000000E5
S31502042FE000000000000000000000000000000000D5
S31502042FF000000000000000000000000000000000C5
S3150204300000000000000000000000000000000000B4
S3150204301000000000000000000000000000000000A4
S315020430200000000000000000000000000000000094
S315020430300000000000000000000000000000000084
S315020430400000000000000000000000000000000074
S315020430500000000000000000000000000000000064
S315020430600000000000000000000000000000000054
S315020430700000000000000000000000000000000044
S315020430800000000000000000000000000000000034
S315020430900000000000000000000000000000000024
S315020430A00000000000000000000000000000000014
S315020430B00000000000000000000000000000000004
S315020430C000000000000000000000000000000000F4
S315020430D000000000000000000000000000000000E4
S315020430E000000000000000000000000000000000D4
S315020430F000000000000000000000000000000000C4
S315020431000000000000000000530000000A00000056
S31502043110160000000200000000000000000000008B
S315020431200000000000000000000000000000E73973
S3150204313038C6BEF7FFFFFFFF9AD66D6B000000008C
S31502043140E318BEF738C6E3180000000014A5FFFF13
S315020431506D6B0000F7BD7DEF00000000000000006B
S3150204316000007DEF9AD60000DBDEDBDE0000000005
S31502043170000000000000DBDEDBDE0000DBDE7DEFAC
S3150204318000000000000000000000AA52AA5200003B
S3150204319096B5FFFF38C600000000000000000000DC
S315020431A000000000E318BEF7FFFFDBDEE73900008C
S315020431B000000000000000000000E739DBDEFFFF2C
S315020431C0FFFF96B5000000000000000000000000AA
S315020431D000009294BEF7FFFF1CE7AA52000000000B
S315020431E00000000000000000E3189AD6FFFFBEF7B5
S315020431F0E7390000000000000000000000000000A3
S3150204320014A5FFFF38C600000000000000000000FD
S315020432100000000000007DEF7DEF0000FFFF96B581
S3150204322000000000000000000000DBDEFFFF0000DB
S31502043230FFFF96B500000000000000000000DBDE80
S315020432407DEF00009AD61CE7000000000000000093
S3150204325000007DEF38C60000AA52BEF7F7BD000093
S315020432600000000038C6BEF7E73900000000AA5283
S315020432709AD6BEF7FFFFBEF738C6E739000000004C
S315020432800000000000000000000000000000000032
S315020432900000000000000000000000000000000022
S315020432A00000000000000000000000000000000012
S315020432B00000000000000000000000000000000002
S315020432C000000000000000000000000000000000F2
S315020432D000000000000000000000000000000000E2
S315020432E000000000000000000000000000000000D2
S315020432F000000000000000000000000000000000C2
S3150204330000000000000000000000000000000000B1
S3150204331000000000000000000000000000000000A1
S315020433200000000000000000000000000000000091
S315020433300000000000000000000000000000000081
S315020433400000000000000000000000000000000071
S315020433500000000000000000000000000000000061
S315020433600000000000000000000000000000000051
S315020433700000000000000000000000000000000041
S315020433800000000000000000000000000000000031
S315020433900000000000000000000000000000000021
S315020433A00000000000000000000000000000000011
S315020433B00000000000000000000000000000000001
S315020433C000000000000000000000000000000000F1
S315020433D000000000000000000000000000000000E1
S315020433E000000000000000000000000000000000D1
S315020433F000000000000000000000000000000000C1
S3150204340000000000000000000000000000000000B0
S3150204341000000000000000000000000000000000A0
S315020434200000000000000000000000000000000090
S315020434300000000000000000000000000000000080
S315020434400000000000000000000000000000000070
S315020434500000000000000000000000000000000060
S31502043460540000000B0000001600000002000000D9
S315020434700000000000000000000000000000000040
S31502043480000000000000DBDEFFFFFFFFFFFFFFFF7F
S31502043490FFFFFFFFFFFFFFFFDBDE0000000000006F
S315020434A000000000DBDEDBDE00000000000000009E
S315020434B000000000000000000000DBDEDBDE00008E
S315020434C000000000000000000000000000000000F0
S315020434D0DBDEDBDE0000000000000000000000006E
S315020434E0000000000000DBDEDBDE0000000000005E
S315020434F0000000000000000000000000DBDEDBDE4E
S3150204350000000000000000000000000000000000AF
S315020435100000DBDEDBDE000000000000000000002D
S315020435200000000000000000DBDEDBDE000000001D
S315020435300000000000000000000000000000DBDEC6
S31502043540DBDE0000000000000000000000000000B6
S3150204355000000000DBDEDBDE0000000000000000ED
S3150204356000000000000000000000DBDEDBDE0000DD
S31502043570000000000000000000000000000000003F
S31502043580DBDEDBDE000000000000000000000000BD
S31502043590000000000000DBDEDBDE000000000000AD
S315020435A0000000000000000000000000DBDEDBDE9D
S315020435B000000000000000000000000000000000FF
S315020435C00000DBDEDBDE000000000000000000007D
S315020435D00000000000000000DBDEDBDE000000006D
S315020435E00000000000000000000000000000DBDE16
S315020435F0DBDE000000000000000000000000000006
S3150204360000000000000000000000000000000000AE
S31502043610000000000000000000000000000000009E
S31502043620000000000000000000000000000000008E
S31502043630000000000000000000000000000000007E
S31502043640000000000000000000000000000000006E
S31502043650000000000000000000000000000000005E
S31502043660000000000000000000000000000000004E
S31502043670000000000000000000000000000000003E
S31502043680000000000000000000000000000000002E
S31502043690000000000000000000000000000000001E
S315020436A0000000000000000000000000000000000E
S315020436B000000000000000000000000000000000FE
S315020436C000000000000000000000000000000000EE
S315020436D000000000000000000000000000000000DE
S315020436E000000000000000000000000000000000CE
S315020436F000000000000000000000000000000000BE
S3150204370000000000000000000000000000000000AD
S31502043710000000000000000000000000000000009D
S31502043720000000000000000000000000000000008D
S31502043730000000000000000000000000000000007D
S31502043740000000000000000000000000000000006D
S31502043750000000000000000000000000000000005D
S31502043760000000000000000000000000000000004D
S31502043770000000000000000000000000000000003D
S31502043780000000000000000000000000000000002D
S31502043790000000000000000000000000000000001D
S315020437A0000000000000000000000000000000000D
S315020437B00000000000000000550000000C0000009C
S315020437C016000000020000000000000000000000D5
S315020437D000000000000000000000000000000000DD
S315020437E06D6BFFFF6D6B000000000000000000001F
S315020437F06D6BFFFF6D6B00006D6BFFFF6D6B000061
S3150204380000000000000000006D6BFFFF6D6B0000FE
S315020438106D6BFFFF6D6B00000000000000000000EE
S315020438206D6BFFFF6D6B00006D6BFFFF6D6B000030
S3150204383000000000000000006D6BFFFF6D6B0000CE
S315020438406D6BFFFF6D6B00000000000000000000BE
S315020438506D6BFFFF6D6B00006D6BFFFF6D6B000000
S3150204386000000000000000006D6BFFFF6D6B00009E
S315020438706D6BFFFF6D6B000000000000000000008E
S315020438806D6BFFFF6D6B00006D6BFFFF6D6B0000D0
S3150204389000000000000000006D6BFFFF6D6B00006E
S315020438A06D6BFFFF6D6B000000000000000000005E
S315020438B06D6BFFFF6D6B00006D6BFFFF6D6B0000A0
S315020438C000000000000000006D6BFFFF6D6B00003E
S315020438D06D6BFFFF6D6B000000000000000000002E
S315020438E06D6BFFFF6D6B00006D6BFFFF6D6B000070
S315020438F000000000000000006D6BFFFF6D6B00000E
S315020439006D6BFFFF6D6B00000000000000000000FD
S315020439106D6BFFFF6D6B0000E739FFFF108400003B
S3150204392000000000000000001084FFFF00000000F9
S3150204393000001CE738C6000000000000000000007A
S3150204394038C6DBDE0000000000006D6BFFFF14A525
S3150204395000000000000014A5FFFF6D6B00000000CC
S31502043960000000006D6B9AD6FFFFFFFFFFFF9AD699
S315020439706D6B000000000000000000000000000063
S31502043980000000000000000000000000000000002B
S31502043990000000000000000000000000000000001B
S315020439A0000000000000000000000000000000000B
S315020439B000000000000000000000000000000000FB
S315020439C000000000000000000000000000000000EB
S315020439D000000000000000000000000000000000DB
S315020439E000000000000000000000000000000000CB
S315020439F000000000000000000000000000000000BB
S31502043A0000000000000000000000000000000000AA
S31502043A10000000000000000000000000000000009A
S31502043A20000000000000000000000000000000008A
S31502043A30000000000000000000000000000000007A
S31502043A40000000000000000000000000000000006A
S31502043A50000000000000000000000000000000005A
S31502043A60000000000000000000000000000000004A
S31502043A70000000000000000000000000000000003A
S31502043A80000000000000000000000000000000002A
S31502043A90000000000000000000000000000000001A
S31502043AA0000000000000000000000000000000000A
S31502043AB000000000000000000000000000000000FA
S31502043AC000000000000000000000000000000000EA
S31502043AD000000000000000000000000000000000DA
S31502043AE000000000000000000000000000000000CA
S31502043AF000000000000000000000000000000000BA
S31502043B0000000000000000000000000000000000A9
S31502043B10560000000D00000016000000020000001E
S31502043B200000000000000000000000000000000089
S31502043B30000000000000000000001084FFFF108453
S31502043B400000000000000000000000000000FFFF6B
S31502043B5014A500000000BEF7F7BD00000000000037
S31502043B600000000000006D6BFFFFE7390000000053
S31502043B709AD61CE7000000000000000000000000C6
S31502043B8096B57DEF00000000000014A5FFFFE318C0
S31502043B9000000000000000000000DBDE38C6000062
S31502043BA000000000AA52FFFF10840000000000007B
S31502043BB000000000FFFF92940000000000000000D5
S31502043BC07DEFF7BD00000000000000006D6BFFFFF3
S31502043BD0E318000000000000000038C61CE70000DD
S31502043BE000000000000096B51CE70000000000007B
S31502043BF0000000009294FFFFE3180000000000009A
S31502043C00DBDEF7BD00000000000000000000E31840
S31502043C10FFFF929400000000E318FFFF6D6B0000A3
S31502043C20000000000000000000001CE738C6000087
S31502043C3000001084FFFF00000000000000000000E6
S31502043C4000000000F7BD7DEF00000000F7BDDBDEDB
S31502043C5000000000000000000000000000001084C4
S31502043C60FFFFE73900001CE714A50000000000006E
S31502043C7000000000000000000000FFFF9294E31819
S31502043C80FFFFAA520000000000000000000000002E
S31502043C9000000000DBDE38C61084BEF70000000018
S31502043CA0000000000000000000000000000014A54F
S31502043CB07DEFF7BD38C600000000000000000000DA
S31502043CC00000000000000000AA52FFFF7DEF92945C
S31502043CD000000000000000000000000000000000D8
S31502043CE000000000BEF7FFFFE739000000000000F5
S31502043CF000000000000000000000000000000000B8
S31502043D0000000000000000000000000000000000A7
S31502043D100000000000000000000000000000000097
S31502043D200000000000000000000000000000000087
S31502043D300000000000000000000000000000000077
S31502043D400000000000000000000000000000000067
S31502043D500000000000000000000000000000000057
S31502043D600000000000000000000000000000000047
S31502043D700000000000000000000000000000000037
S31502043D800000000000000000000000000000000027
S31502043D900000000000000000000000000000000017
S31502043DA00000000000000000000000000000000007
S31502043DB000000000000000000000000000000000F7
S31502043DC000000000000000000000000000000000E7
S31502043DD000000000000000000000000000000000D7
S31502043DE000000000000000000000000000000000C7
S31502043DF000000000000000000000000000000000B7
S31502043E0000000000000000000000000000000000A6
S31502043E100000000000000000000000000000000096
S31502043E200000000000000000000000000000000086
S31502043E300000000000000000000000000000000076
S31502043E400000000000000000000000000000000066
S31502043E500000000000000000000000000000000056
S31502043E6000000000000000005700000013000000DC
S31502043E70160000000200000000000000000000001E
S31502043E800000000000000000000000000000000026
S31502043E900000000000000000000000000000FFFF18
S31502043EA0AA5200000000000000000000AA52FFFF10
S31502043EB01CE7000000000000000000000000F7BD3F
S31502043EC07DEF0000FFFF9294000000000000000056
S31502043ED0000014A5FFFFFFFFE31800000000000026
S31502043EE000000000DBDE38C60000BEF738C600005C
S31502043EF0000000000000000038C696B5FFFF6D6B97
S31502043F0000000000000000000000FFFF9294000081
S31502043F109AD61CE7000000000000000000007DEFB6
S31502043F2010841CE796B500000000000000006D6BCB
S31502043F30FFFFE739000014A5FFFFE31800000000A5
S31502043F400000E318FFFFE31838C69AD60000000003
S31502043F500000000096B5BEF700000000AA52FFFF5B
S31502043F606D6B00000000000010847DEF0000929447
S31502043F70BEF700000000000000009AD69AD60000A0
S31502043F8000000000FFFF96B5000000000000F7BD28
S31502043F9038C60000AA52FFFFE739000000000000FD
S31502043FA0BEF714A5000000000000DBDE9AD600006E
S31502043FB000000000DBDE14A500000000FFFF1084F1
S31502043FC000000000E739FFFFAA52000000000000CB
S31502043FD096B5BEF7000000000000FFFFAA520000DB
S31502043FE00000DBDEF7BD000000009294BEF700007D
S31502043FF00000000000006D6BFFFFE73900006D6BE7
S31502044000FFFF00000000000096B5DBDE00000000A2
S3150204401038C69AD60000000000000000E318FFFF2D
S315020440209294000014A5DBDE000000000000108458
S31502044030FFFF000000001CE714A5000000000000BA
S31502044040000000001CE7F7BD00009AD696B50000F2
S3150204405000000000E739FFFFAA52E318FFFF6D6B69
S3150204406000000000000000000000F7BDDBDE0000D7
S315020440707DEF108400000000000000007DEF14A50F
S315020440806D6BFFFF0000000000000000000000004E
S315020440901084FFFFE739FFFFE31800000000000069
S315020440A000009AD638C696B5DBDE00000000000092
S315020440B0000000000000E739FFFF38C67DEF00006C
S315020440C0000000000000000096B51CE7DBDE96B592
S315020440D000000000000000000000000000007DEF68
S315020440E0BEF738C6000000000000000000006D6B39
S315020440F0FFFFFFFF6D6B00000000000000000000E0
S315020441000000000038C6FFFF14A5000000000000EE
S31502044110000000000000FFFFFFFF00000000000097
S315020441200000E31800000000000000000000000088
S315020441300000000000000000000000000000000073
S315020441400000000000000000000000000000000063
S315020441500000000000000000000000000000000053
S315020441600000000000000000000000000000000043
S315020441700000000000000000000000000000000033
S315020441800000000000000000000000000000000023
S315020441900000000000000000000000000000000013
S315020441A00000000000000000000000000000000003
S315020441B000000000000000000000000000000000F3
S315020441C0580000000B000000160000000200000068
S315020441D000000000000000000000000000000000D3
S315020441E000000000000096B5BEF7E31800000000C8
S315020441F00000000000009294FFFFAA52E318BEF7E3
S3150204420096B5000000000000000000007DEF38C6ED
S315020442100000000096B5BEF7000000000000000092
S315020442206D6BFFFFE73900000000E318BEF79294B6
S31502044230000000000000DBDE38C6000000000000BB
S31502044240000096B57DEF000000006D6BFFFFE739B5
S315020442500000000000000000E318BEF76D6B0000CA
S3150204426038C638C600000000000000000000000046
S3150204427096B5DBDEE739FFFFE739000000000000F0
S31502044280000000000000E318BEF7DBDEF7BD000005
S3150204429000000000000000000000000000001CE70F
S315020442A0FFFF9294000000000000000000000000DE
S315020442B000001084FFFFDBDE7DEF0000000000003B
S315020442C000000000000000007DEF38C6E739FFFF5A
S315020442D09294000000000000000000009294FFFF88
S315020442E0E739000038C67DEF000000000000000038
S315020442F000007DEF38C600000000E739FFFF14A571
S315020443000000000000009294FFFFE739000000005D
S31502044310000038C6BEF7E318000000007DEF38C679
S315020443200000000000000000E739FFFF96B5000018
S315020443309294FFFFE739000000000000000000002D
S3150204434038C6BEF7E3187DEF38C600000000000049
S31502044350000000000000E739FFFF96B500000000E8
S315020443600000000000000000000000000000000041
S315020443700000000000000000000000000000000031
S315020443800000000000000000000000000000000021
S315020443900000000000000000000000000000000011
S315020443A00000000000000000000000000000000001
S315020443B000000000000000000000000000000000F1
S315020443C000000000000000000000000000000000E1
S315020443D000000000000000000000000000000000D1
S315020443E000000000000000000000000000000000C1
S315020443F000000000000000000000000000000000B1
S3150204440000000000000000000000000000000000A0
S315020444100000000000000000000000000000000090
S315020444200000000000000000000000000000000080
S315020444300000000000000000000000000000000070
S315020444400000000000000000000000000000000060
S315020444500000000000000000000000000000000050
S315020444600000000000000000000000000000000040
S315020444700000000000000000000000000000000030
S315020444800000000000000000000000000000000020
S315020444900000000000000000000000000000000010
S315020444A00000000000000000000000000000000000
S315020444B000000000000000000000000000000000F0
S315020444C000000000000000000000000000000000E0
S315020444D000000000000000000000000000000000D0
S315020444E000000000000000000000000000000000C0
S315020444F000000000000000000000000000000000B0
S31502044500000000000000000000000000000000009F
S315020445100000000000000000590000000C0000002A
S315020445201600000002000000000000000000000067
S31502044530000000000000000000000000000000006F
S315020445401084FFFF10840000000000000000000039
S31502044550000096B5BEF7E31800007DEFDBDE00002F
S31502044560000000000000000000007DEF38C60000D5
S3150204457000009294FFFFAA5200000000000000000F
S315020445809294FFFFE7390000000000007DEF38C671
S3150204459000000000000000001CE738C6000000000E
S315020445A00000000096B5FFFFE318000000006D6BE3
S315020445B0FFFFE7390000000000000000E318BEF721
S315020445C096B50000000038C6DBDE000000000000DD
S315020445D0000000000000F7BDBEF70000E739FFFF48
S315020445E06D6B000000000000000000000000E739C7
S315020445F0FFFF9294F7BDDBDE00000000000000001E
S31502044600000000000000000038C67DEFBEF7929459
S31502044610000000000000000000000000000000008E
S31502044620E739FFFF7DEF00000000000000000000F4
S3150204463000000000000000000000FFFF96B5000025
S31502044640000000000000000000000000000000005E
S315020446500000FFFF96B50000000000000000000005
S3150204466000000000000000000000FFFF96B50000F5
S31502044670000000000000000000000000000000002E
S315020446800000FFFF96B500000000000000000000D5
S3150204469000000000000000000000FFFF96B50000C5
S315020446A000000000000000000000000000000000FE
S315020446B00000FFFF96B500000000000000000000A5
S315020446C000000000000000000000FFFF96B5000095
S315020446D000000000000000000000000000000000CE
S315020446E000000000000000000000000000000000BE
S315020446F000000000000000000000000000000000AE
S31502044700000000000000000000000000000000009D
S31502044710000000000000000000000000000000008D
S31502044720000000000000000000000000000000007D
S31502044730000000000000000000000000000000006D
S31502044740000000000000000000000000000000005D
S31502044750000000000000000000000000000000004D
S31502044760000000000000000000000000000000003D
S31502044770000000000000000000000000000000002D
S31502044780000000000000000000000000000000001D
S31502044790000000000000000000000000000000000D
S315020447A000000000000000000000000000000000FD
S315020447B000000000000000000000000000000000ED
S315020447C000000000000000000000000000000000DD
S315020447D000000000000000000000000000000000CD
S315020447E000000000000000000000000000000000BD
S315020447F000000000000000000000000000000000AD
S31502044800000000000000000000000000000000009C
S31502044810000000000000000000000000000000008C
S31502044820000000000000000000000000000000007C
S31502044830000000000000000000000000000000006C
S31502044840000000000000000000000000000000005C
S31502044850000000000000000000000000000000004C
S31502044860000000000000000000000000000000003C
S315020448705A0000000A0000001600000002000000B0
S31502044880000000000000000000000000000000001C
S315020448900000000096B5FFFFFFFFFFFFFFFFFFFFCB
S315020448A0FFFFFFFFFFFF0000000000000000000002
S315020448B0000000000000DBDEBEF70000000000007E
S315020448C000000000000000006D6BFFFF96B50000BB
S315020448D0000000000000000000000000DBDEBEF75E
S315020448E0E3180000000000000000000000006D6BE9
S315020448F0FFFF96B500000000000000000000000063
S315020449000000DBDEBEF7E318000000000000000032
S31502044910000000001084FFFF9294000000000000D3
S3150204492000000000000000007DEF7DEF00000000A3
S31502044930000000000000000000009294FFFF929421
S3150204494000000000000000000000000000007DEFEF
S315020449507DEF0000000000000000000000000000DF
S315020449609294FFFF929400000000000000000000F1
S31502044970000000007DEF7DEF000000000000000053
S315020449800000000000009294FFFF929400000000D1
S31502044990000000000000000000007DEF7DEF000033
S315020449A00000000000000000000000009294FFFFD7
S315020449B092940000000000000000000000000000C5
S315020449C07DEF7DEF00000000000000000000000003
S315020449D000000000FFFFFFFFFFFFFFFFFFFFFFFFD7
S315020449E0FFFFFFFFFFFF00000000000000000000C1
S315020449F000000000000000000000000000000000AB
S31502044A00000000000000000000000000000000009A
S31502044A10000000000000000000000000000000008A
S31502044A20000000000000000000000000000000007A
S31502044A30000000000000000000000000000000006A
S31502044A40000000000000000000000000000000005A
S31502044A50000000000000000000000000000000004A
S31502044A60000000000000000000000000000000003A
S31502044A70000000000000000000000000000000002A
S31502044A80000000000000000000000000000000001A
S31502044A90000000000000000000000000000000000A
S31502044AA000000000000000000000000000000000FA
S31502044AB000000000000000000000000000000000EA
S31502044AC000000000000000000000000000000000DA
S31502044AD000000000000000000000000000000000CA
S31502044AE000000000000000000000000000000000BA
S31502044AF000000000000000000000000000000000AA
S31502044B000000000000000000000000000000000099
S31502044B100000000000000000000000000000000089
S31502044B200000000000000000000000000000000079
S31502044B300000000000000000000000000000000069
S31502044B400000000000000000000000000000000059
S31502044B500000000000000000000000000000000049
S31502044B600000000000000000000000000000000039
S31502044B700000000000000000000000000000000029
S31502044B800000000000000000000000000000000019
S31502044B900000000000000000000000000000000009
S31502044BA000000000000000000000000000000000F9
S31502044BB000000000000000000000000000000000E9
S31502044BC00000000000000000610000000A0000006E
S31502044BD016000000020000000000000000000000B1
S31502044BE000000000000000000000000000000000B9
S31502044BF000000000000000000000000000000000A9
S31502044C000000000000000000000000000000000098
S31502044C100000000000000000000000000000000088
S31502044C200000000000000000000000000000000078
S31502044C300000000000000000000000000000000068
S31502044C400000000000000000000000000000000058
S31502044C500000000010841CE7FFFFFFFF1CE710841E
S31502044C600000000000001084FFFF6D6B00000000CE
S31502044C70F7BDFFFFE73900000000DBDEDBDE0000E4
S31502044C80000000000000FFFF9294000000000000F4
S31502044C9000000000000000000000FFFF96B50000BF
S31502044CA00000000000000000000000000000FFFFFA
S31502044CB096B50000000000006D6B38C6DBDEFFFF10
S31502044CC0FFFFFFFF96B500000000F7BDFFFF96B594
S31502044CD0AA5200000000FFFF96B50000E739FFFF65
S31502044CE096B50000000000000000FFFF96B5000024
S31502044CF06D6BFFFF6D6B0000000000000000FFFFFC
S31502044D0096B500006D6BFFFF6D6B0000000000009E
S31502044D106D6BFFFF96B5000000007DEF9AD6E3188F
S31502044D200000E739DBDE1CE796B500000000AA5254
S31502044D30DBDEFFFFFFFF9AD6E739DBDE96B500001E
S31502044D400000000000000000000000000000000057
S31502044D500000000000000000000000000000000047
S31502044D600000000000000000000000000000000037
S31502044D700000000000000000000000000000000027
S31502044D800000000000000000000000000000000017
S31502044D900000000000000000000000000000000007
S31502044DA000000000000000000000000000000000F7
S31502044DB000000000000000000000000000000000E7
S31502044DC000000000000000000000000000000000D7
S31502044DD000000000000000000000000000000000C7
S31502044DE000000000000000000000000000000000B7
S31502044DF000000000000000000000000000000000A7
S31502044E000000000000000000000000000000000096
S31502044E100000000000000000000000000000000086
S31502044E200000000000000000000000000000000076
S31502044E300000000000000000000000000000000066
S31502044E400000000000000000000000000000000056
S31502044E500000000000000000000000000000000046
S31502044E600000000000000000000000000000000036
S31502044E700000000000000000000000000000000026
S31502044E800000000000000000000000000000000016
S31502044E900000000000000000000000000000000006
S31502044EA000000000000000000000000000000000F6
S31502044EB000000000000000000000000000000000E6
S31502044EC000000000000000000000000000000000D6
S31502044ED000000000000000000000000000000000C6
S31502044EE000000000000000000000000000000000B6
S31502044EF000000000000000000000000000000000A6
S31502044F000000000000000000000000000000000095
S31502044F100000000000000000000000000000000085
S31502044F2062000000090000001600000002000000F2
S31502044F300000000000000000000000000000000065
S31502044F400000FFFF96B5000000000000000000000C
S31502044F5000000000FFFF96B50000000000000000FC
S31502044F60000000000000FFFF96B5000000000000EC
S31502044F700000000000000000FFFF96B500000000DC
S31502044F8000000000000000000000FFFF96B50000CC
S31502044F90000000000000000000000000FFFFF7BD53
S31502044FA0F7BDBEF7FFFF1CE7108400000000FFFFF9
S31502044FB0FFFF14A50000000014A5FFFF6D6B00009F
S31502044FC0FFFF1CE700000000000000001CE738C6D3
S31502044FD00000FFFF96B50000000000000000F7BDC8
S31502044FE01CE70000FFFF929400000000000000008E
S31502044FF096B5FFFF0000FFFF6D6B00000000000086
S31502045000000096B5FFFF0000FFFF6D6B0000000075
S315020450100000000096B5FFFF0000FFFF10840000A9
S3150204502000000000000096B5FFFF0000FFFF96B5E2
S315020450300000000000000000F7BDDBDE0000FFFFF9
S315020450409AD600000000000000001CE7F7BD00002D
S31502045050FFFF7DEF92940000000014A5BEF7E73926
S315020450600000FFFF1084F7BDBEF7FFFF1CE76D6B60
S315020450700000000000000000000000000000000024
S315020450800000000000000000000000000000000014
S315020450900000000000000000000000000000000004
S315020450A000000000000000000000000000000000F4
S315020450B000000000000000000000000000000000E4
S315020450C000000000000000000000000000000000D4
S315020450D000000000000000000000000000000000C4
S315020450E000000000000000000000000000000000B4
S315020450F000000000000000000000000000000000A4
S315020451000000000000000000000000000000000093
S315020451100000000000000000000000000000000083
S315020451200000000000000000000000000000000073
S315020451300000000000000000000000000000000063
S315020451400000000000000000000000000000000053
S315020451500000000000000000000000000000000043
S315020451600000000000000000000000000000000033
S315020451700000000000000000000000000000000023
S315020451800000000000000000000000000000000013
S315020451900000000000000000000000000000000003
S315020451A000000000000000000000000000000000F3
S315020451B000000000000000000000000000000000E3
S315020451C000000000000000000000000000000000D3
S315020451D000000000000000000000000000000000C3
S315020451E000000000000000000000000000000000B3
S315020451F000000000000000000000000000000000A3
S315020452000000000000000000000000000000000092
S315020452100000000000000000000000000000000082
S315020452200000000000000000000000000000000072
S315020452300000000000000000000000000000000062
S315020452400000000000000000000000000000000052
S315020452500000000000000000000000000000000042
S315020452600000000000000000000000000000000032
S3150204527000000000000000006300000009000000B6
S3150204528016000000020000000000000000000000FA
S315020452900000000000000000000000000000000002
S315020452A000000000000000000000000000000000F2
S315020452B000000000000000000000000000000000E2
S315020452C000000000000000000000000000000000D2
S315020452D000000000000000000000000000000000C2
S315020452E000000000000000000000000000000000B2
S315020452F0000000000000E31838C6BEF7FFFFBEF741
S3150204530038C6E31800000000DBDE7DEFAA52000077
S315020453106D6BBEF738C60000E739FFFF92940000B2
S3150204532000000000F7BDDBDE00009294FFFFE318E5
S315020453300000000000000000E318000096B5FFFF1D
S31502045340000000000000000000000000000096B506
S31502045350FFFF000000000000000000000000000043
S3150204536096B5FFFF000000000000000000000000E8
S31502045370000096B5FFFF00000000000000000000D8
S31502045380000000009294FFFFE318000000000000F2
S3150204539096B51CE70000AA52FFFF10840000000025
S315020453A000009AD69AD600000000DBDEDBDEE318A4
S315020453B00000AA52BEF7108400000000E31838C6A3
S315020453C0BEF7FFFF7DEF14A50000000000000000F9
S315020453D000000000000000000000000000000000C1
S315020453E000000000000000000000000000000000B1
S315020453F000000000000000000000000000000000A1
S315020454000000000000000000000000000000000090
S315020454100000000000000000000000000000000080
S315020454200000000000000000000000000000000070
S315020454300000000000000000000000000000000060
S315020454400000000000000000000000000000000050
S315020454500000000000000000000000000000000040
S315020454600000000000000000000000000000000030
S315020454700000000000000000000000000000000020
S315020454800000000000000000000000000000000010
S315020454900000000000000000000000000000000000
S315020454A000000000000000000000000000000000F0
S315020454B000000000000000000000000000000000E0
S315020454C000000000000000000000000000000000D0
S315020454D000000000000000000000000000000000C0
S315020454E000000000000000000000000000000000B0
S315020454F000000000000000000000000000000000A0
S31502045500000000000000000000000000000000008F
S31502045510000000000000000000000000000000007F
S31502045520000000000000000000000000000000006F
S31502045530000000000000000000000000000000005F
S31502045540000000000000000000000000000000004F
S31502045550000000000000000000000000000000003F
S31502045560000000000000000000000000000000002F
S31502045570000000000000000000000000000000001F
S31502045580000000000000000000000000000000000F
S3150204559000000000000000000000000000000000FF
S315020455A000000000000000000000000000000000EF
S315020455B000000000000000000000000000000000DF
S315020455C000000000000000000000000000000000CF
S315020455D0640000000900000016000000020000003A
S315020455E000000000000000000000000000000000AF
S315020455F0000000000000000000000000000096B554
S31502045600FFFF000000000000000000000000000090
S3150204561096B5FFFF00000000000000000000000035
S31502045620000096B5FFFF0000000000000000000025
S315020456300000000096B5FFFF000000000000000015
S3150204564000000000000096B5FFFF00000000AA5209
S31502045650DBDEFFFFFFFF9AD6F7BDFFFF0000E73947
S31502045660BEF714A5000000009294FFFFFFFF00009E
S31502045670F7BD1CE700000000000000009AD6FFFFF9
S315020456800000DBDE96B5000000000000000096B5BF
S31502045690FFFF0000FFFF96B50000000000000000B7
S315020456A01084FFFF0000FFFF96B500000000000013
S315020456B000006D6BFFFF0000FFFF96B500000000BF
S315020456C0000000006D6BFFFF0000FFFF96B50000AF
S315020456D00000000000006D6BFFFF0000DBDE96B5E4
S315020456E0000000000000000096B5FFFF0000F7BDB1
S315020456F01CE7000000000000000038C6FFFF00009F
S31502045700E739BEF792940000000092947DEFFFFF02
S3150204571000000000AA521CE7FFFFBEF7F7BD108483
S31502045720FFFFE31800000000000000000000000074
S31502045730000000000000000000000000000000005D
S31502045740000000000000000000000000000000004D
S31502045750000000000000000000000000000000003D
S31502045760000000000000000000000000000000002D
S31502045770000000000000000000000000000000001D
S31502045780000000000000000000000000000000000D
S3150204579000000000000000000000000000000000FD
S315020457A000000000000000000000000000000000ED
S315020457B000000000000000000000000000000000DD
S315020457C000000000000000000000000000000000CD
S315020457D000000000000000000000000000000000BD
S315020457E000000000000000000000000000000000AD
S315020457F0000000000000000000000000000000009D
S31502045800000000000000000000000000000000008C
S31502045810000000000000000000000000000000007C
S31502045820000000000000000000000000000000006C
S31502045830000000000000000000000000000000005C
S31502045840000000000000000000000000000000004C
S31502045850000000000000000000000000000000003C
S31502045860000000000000000000000000000000002C
S31502045870000000000000000000000000000000001C
S31502045880000000000000000000000000000000000C
S3150204589000000000000000000000000000000000FC
S315020458A000000000000000000000000000000000EC
S315020458B000000000000000000000000000000000DC
S315020458C000000000000000000000000000000000CC
S315020458D000000000000000000000000000000000BC
S315020458E000000000000000000000000000000000AC
S315020458F0000000000000000000000000000000009C
S31502045900000000000000000000000000000000008B
S31502045910000000000000000000000000000000007B
S3150204592000000000000000006500000009000000FD
S315020459301600000002000000000000000000000043
S31502045940000000000000000000000000000000004B
S31502045950000000000000000000000000000000003B
S31502045960000000000000000000000000000000002B
S31502045970000000000000000000000000000000001B
S31502045980000000000000000000000000000000000B
S3150204599000000000000000000000000000000000FB
S315020459A0000000000000AA529AD6FFFFFFFF7DEF17
S315020459B0929400000000E739BEF714A50000000027
S315020459C06D6BFFFF10840000F7BD1CE700000000AA
S315020459D00000000038C6DBDE0000DBDEF7BD000097
S315020459E000000000000096B5FFFF0000FFFF96B519
S315020459F0000000000000000096B5FFFF0000FFFF54
S31502045A00FFFFFFFFFFFFFFFFFFFFFFFFFFFF000098
S31502045A10FFFF96B500000000000000000000000031
S31502045A200000FFFF96B50000000000000000000021
S31502045A30000000007DEF96B50000000000000000A3
S31502045A4096B5BEF700009AD6DBDE00000000000021
S31502045A50000038C69AD600006D6BFFFF92940000D0
S31502045A6000006D6BFFFF6D6B0000000010841CE7E5
S31502045A70FFFFFFFF1CE71084000000000000000087
S31502045A80000000000000000000000000000000000A
S31502045A9000000000000000000000000000000000FA
S31502045AA000000000000000000000000000000000EA
S31502045AB000000000000000000000000000000000DA
S31502045AC000000000000000000000000000000000CA
S31502045AD000000000000000000000000000000000BA
S31502045AE000000000000000000000000000000000AA
S31502045AF0000000000000000000000000000000009A
S31502045B000000000000000000000000000000000089
S31502045B100000000000000000000000000000000079
S31502045B200000000000000000000000000000000069
S31502045B300000000000000000000000000000000059
S31502045B400000000000000000000000000000000049
S31502045B500000000000000000000000000000000039
S31502045B600000000000000000000000000000000029
S31502045B700000000000000000000000000000000019
S31502045B800000000000000000000000000000000009
S31502045B9000000000000000000000000000000000F9
S31502045BA000000000000000000000000000000000E9
S31502045BB000000000000000000000000000000000D9
S31502045BC000000000000000000000000000000000C9
S31502045BD000000000000000000000000000000000B9
S31502045BE000000000000000000000000000000000A9
S31502045BF00000000000000000000000000000000099
S31502045C000000000000000000000000000000000088
S31502045C100000000000000000000000000000000078
S31502045C200000000000000000000000000000000068
S31502045C300000000000000000000000000000000058
S31502045C400000000000000000000000000000000048
S31502045C500000000000000000000000000000000038
S31502045C600000000000000000000000000000000028
S31502045C700000000000000000000000000000000018
S31502045C806600000008000000160000000200000082
S31502045C9000000000000000000000000000000000F8
S31502045CA000000000000092947DEFFFFF6D6B000080
S31502045CB000000000E739FFFF929400000000000094
S31502045CC0000000006D6BFFFF0000000000000000F2
S31502045CD0000000001084FFFF000000000000000026
S31502045CE00000000096B5FFFF00000000000000005F
S31502045CF06D6BFFFFFFFFFFFFFFFFFFFF6D6B0000F2
S31502045D000000000096B5FFFF00000000000000003E
S31502045D100000000096B5FFFF00000000000000002E
S31502045D200000000096B5FFFF00000000000000001E
S31502045D300000000096B5FFFF00000000000000000E
S31502045D400000000096B5FFFF0000000000000000FE
S31502045D500000000096B5FFFF0000000000000000EE
S31502045D600000000096B5FFFF0000000000000000DE
S31502045D700000000096B5FFFF0000000000000000CE
S31502045D800000000096B5FFFF0000000000000000BE
S31502045D900000000096B5FFFF0000000000000000AE
S31502045DA00000000096B5FFFF00000000000000009E
S31502045DB000000000000000000000000000000000D7
S31502045DC000000000000000000000000000000000C7
S31502045DD000000000000000000000000000000000B7
S31502045DE000000000000000000000000000000000A7
S31502045DF00000000000000000000000000000000097
S31502045E000000000000000000000000000000000086
S31502045E100000000000000000000000000000000076
S31502045E200000000000000000000000000000000066
S31502045E300000000000000000000000000000000056
S31502045E400000000000000000000000000000000046
S31502045E500000000000000000000000000000000036
S31502045E600000000000000000000000000000000026
S31502045E700000000000000000000000000000000016
S31502045E800000000000000000000000000000000006
S31502045E9000000000000000000000000000000000F6
S31502045EA000000000000000000000000000000000E6
S31502045EB000000000000000000000000000000000D6
S31502045EC000000000000000000000000000000000C6
S31502045ED000000000000000000000000000000000B6
S31502045EE000000000000000000000000000000000A6
S31502045EF00000000000000000000000000000000096
S31502045F000000000000000000000000000000000085
S31502045F100000000000000000000000000000000075
S31502045F200000000000000000000000000000000065
S31502045F300000000000000000000000000000000055
S31502045F400000000000000000000000000000000045
S31502045F500000000000000000000000000000000035
S31502045F600000000000000000000000000000000025
S31502045F700000000000000000000000000000000015
S31502045F800000000000000000000000000000000005
S31502045F9000000000000000000000000000000000F5
S31502045FA000000000000000000000000000000000E5
S31502045FB000000000000000000000000000000000D5
S31502045FC000000000000000000000000000000000C5
S31502045FD00000000000000000670000000900000045
S31502045FE0160000000200000000000000000000008D
S31502045FF00000000000000000000000000000000095
S315020460000000000000000000000000000000000084
S315020460100000000000000000000000000000000074
S315020460200000000000000000000000000000000064
S315020460300000000000000000000000000000000054
S315020460400000000000000000000000000000000044
S31502046050000000000000AA52DBDEFFFFFFFF38C685
S315020460601084FFFF0000E318BEF714A50000000029
S3150204607092947DEFFFFF000014A51CE700000000C8
S3150204608000000000DBDEFFFF0000DBDE96B5000049
S3150204609000000000000096B5FFFF0000BEF796B5AB
S315020460A0000000000000000096B5FFFF0000FFFF9D
S315020460B096B5000000000000000096B5FFFF000040
S315020460C0FFFF96B5000000000000000096B5FFFF32
S315020460D00000FFFF96B5000000000000000096B520
S315020460E0FFFF00007DEF96B50000000000000000EF
S315020460F096B5FFFF00009AD69AD60000000000006B
S3150204610000007DEFFFFF00006D6BFFFF14A500008A
S31502046110E31838C61CE7FFFF0000000010847DEF79
S31502046120FFFF7DEF929496B5FFFF0000AA52AA5292
S31502046130000000000000000096B5FFFF000038C60C
S315020461401CE7000000000000000038C6DBDE000089
S315020461506D6BFFFF9294000000006D6BFFFF92943B
S315020461600000000010841CE7FFFFFFFF1CE7929467
S315020461700000000000000000000000000000000013
S315020461800000000000000000000000000000000003
S3150204619000000000000000000000000000000000F3
S315020461A000000000000000000000000000000000E3
S315020461B000000000000000000000000000000000D3
S315020461C000000000000000000000000000000000C3
S315020461D000000000000000000000000000000000B3
S315020461E000000000000000000000000000000000A3
S315020461F00000000000000000000000000000000093
S315020462000000000000000000000000000000000082
S315020462100000000000000000000000000000000072
S315020462200000000000000000000000000000000062
S315020462300000000000000000000000000000000052
S315020462400000000000000000000000000000000042
S315020462500000000000000000000000000000000032
S315020462600000000000000000000000000000000022
S315020462700000000000000000000000000000000012
S315020462800000000000000000000000000000000002
S3150204629000000000000000000000000000000000F2
S315020462A000000000000000000000000000000000E2
S315020462B000000000000000000000000000000000D2
S315020462C000000000000000000000000000000000C2
S315020462D000000000000000000000000000000000B2
S315020462E000000000000000000000000000000000A2
S315020462F00000000000000000000000000000000092
S315020463000000000000000000000000000000000081
S315020463100000000000000000000000000000000071
S315020463200000000000000000000000000000000061
S31502046330680000000A0000001600000002000000C7
S315020463400000000000000000000000000000000041
S315020463500000000096B5FFFF0000000000000000E8
S31502046360000000000000000096B5FFFF00000000D8
S3150204637000000000000000000000000096B5FFFFC8
S315020463800000000000000000000000000000000001
S3150204639096B5FFFF000000000000000000000000A8
S315020463A00000000096B5FFFF000000000000000098
S315020463B0000000000000000096B5FFFFAA529AD61C
S315020463C0FFFFFFFF9AD6E3180000000096B5FFFF11
S315020463D01CE7E7390000E3181CE7DBDE00000000D7
S315020463E096B5FFFF10840000000000001084FFFF32
S315020463F0E318000096B5FFFF00000000000000004D
S315020464006D6BFFFF6D6B000096B5FFFF0000000089
S31502046410000000006D6BFFFF6D6B000096B5FFFF79
S3150204642000000000000000006D6BFFFF6D6B0000B2
S3150204643096B5FFFF00000000000000006D6BFFFF31
S315020464406D6B000096B5FFFF00000000000000001F
S315020464506D6BFFFF6D6B000096B5FFFF0000000039
S31502046460000000006D6BFFFF6D6B000096B5FFFF29
S3150204647000000000000000006D6BFFFF6D6B000062
S3150204648096B5FFFF00000000000000006D6BFFFFE1
S315020464906D6B000096B5FFFF0000000000000000CF
S315020464A06D6BFFFF6D6B0000000000000000000032
S315020464B000000000000000000000000000000000D0
S315020464C000000000000000000000000000000000C0
S315020464D000000000000000000000000000000000B0
S315020464E000000000000000000000000000000000A0
S315020464F00000000000000000000000000000000090
S31502046500000000000000000000000000000000007F
S31502046510000000000000000000000000000000006F
S31502046520000000000000000000000000000000005F
S31502046530000000000000000000000000000000004F
S31502046540000000000000000000000000000000003F
S31502046550000000000000000000000000000000002F
S31502046560000000000000000000000000000000001F
S31502046570000000000000000000000000000000000F
S3150204658000000000000000000000000000000000FF
S3150204659000000000000000000000000000000000EF
S315020465A000000000000000000000000000000000DF
S315020465B000000000000000000000000000000000CF
S315020465C000000000000000000000000000000000BF
S315020465D000000000000000000000000000000000AF
S315020465E0000000000000000000000000000000009F
S315020465F0000000000000000000000000000000008F
S31502046600000000000000000000000000000000007E
S31502046610000000000000000000000000000000006E
S31502046620000000000000000000000000000000005E
S31502046630000000000000000000000000000000004E
S31502046640000000000000000000000000000000003E
S31502046650000000000000000000000000000000002E
S31502046660000000000000000000000000000000001E
S31502046670000000000000000000000000000000000E
S315020466800000000000000000690000000300000092
S315020466901600000002000000000000000000DBDE1D
S315020466A0FFFF0000DBDEFFFF000000000000000029
S315020466B000000000000000000000000096B5FFFF85
S315020466C0000096B5FFFF000096B5FFFF000096B5E1
S315020466D0FFFF000096B5FFFF000096B5FFFF00001E
S315020466E096B5FFFF000096B5FFFF000096B5FFFFC3
S315020466F0000096B5FFFF000096B5FFFF000096B5B1
S31502046700FFFF00000000000000000000000000007F
S31502046710000000000000000000000000000000006D
S31502046720000000000000000000000000000000005D
S31502046730000000000000000000000000000000004D
S31502046740000000000000000000000000000000003D
S31502046750000000000000000000000000000000002D
S31502046760000000000000000000000000000000001D
S31502046770000000000000000000000000000000000D
S3150204678000000000000000000000000000000000FD
S3150204679000000000000000000000000000000000ED
S315020467A000000000000000000000000000000000DD
S315020467B000000000000000000000000000000000CD
S315020467C000000000000000000000000000000000BD
S315020467D000000000000000000000000000000000AD
S315020467E0000000000000000000000000000000009D
S315020467F0000000000000000000000000000000008D
S31502046800000000000000000000000000000000007C
S31502046810000000000000000000000000000000006C
S31502046820000000000000000000000000000000005C
S31502046830000000000000000000000000000000004C
S31502046840000000000000000000000000000000003C
S31502046850000000000000000000000000000000002C
S31502046860000000000000000000000000000000001C
S31502046870000000000000000000000000000000000C
S3150204688000000000000000000000000000000000FC
S3150204689000000000000000000000000000000000EC
S315020468A000000000000000000000000000000000DC
S315020468B000000000000000000000000000000000CC
S315020468C000000000000000000000000000000000BC
S315020468D000000000000000000000000000000000AC
S315020468E0000000000000000000000000000000009C
S315020468F0000000000000000000000000000000008C
S31502046900000000000000000000000000000000007B
S31502046910000000000000000000000000000000006B
S31502046920000000000000000000000000000000005B
S31502046930000000000000000000000000000000004B
S31502046940000000000000000000000000000000003B
S31502046950000000000000000000000000000000002B
S31502046960000000000000000000000000000000001B
S31502046970000000000000000000000000000000000B
S3150204698000000000000000000000000000000000FB
S3150204699000000000000000000000000000000000EB
S315020469A000000000000000000000000000000000DB
S315020469B000000000000000000000000000000000CB
S315020469C000000000000000000000000000000000BB
S315020469D000000000000000000000000000000000AB
S315020469E06A00000005000000160000000200000014
S315020469F00000000000000000000000000000DBDED2
S31502046A00FFFF000000000000DBDEFFFF00000000C5
S31502046A10000000000000000000000000000000006A
S31502046A20000000000000000000000000000000005A
S31502046A3096B5FFFF00000000000096B5FFFF0000B8
S31502046A400000000096B5FFFF00000000000096B5A6
S31502046A50FFFF00000000000096B5FFFF00000000E3
S31502046A60000096B5FFFF00000000000096B5FFFF88
S31502046A7000000000000096B5FFFF000000000000C1
S31502046A8096B5FFFF00000000000096B5FFFF000068
S31502046A900000000096B5FFFF00000000000096B556
S31502046AA0FFFF00000000000096B5FFFF0000000093
S31502046AB0000096B5FFFF0000000000009AD6DBDE58
S31502046AC0000096B5FFFF7DEFAA5200000000000009
S31502046AD000000000000000000000000000000000AA
S31502046AE0000000000000000000000000000000009A
S31502046AF0000000000000000000000000000000008A
S31502046B000000000000000000000000000000000079
S31502046B100000000000000000000000000000000069
S31502046B200000000000000000000000000000000059
S31502046B300000000000000000000000000000000049
S31502046B400000000000000000000000000000000039
S31502046B500000000000000000000000000000000029
S31502046B600000000000000000000000000000000019
S31502046B700000000000000000000000000000000009
S31502046B8000000000000000000000000000000000F9
S31502046B9000000000000000000000000000000000E9
S31502046BA000000000000000000000000000000000D9
S31502046BB000000000000000000000000000000000C9
S31502046BC000000000000000000000000000000000B9
S31502046BD000000000000000000000000000000000A9
S31502046BE00000000000000000000000000000000099
S31502046BF00000000000000000000000000000000089
S31502046C000000000000000000000000000000000078
S31502046C100000000000000000000000000000000068
S31502046C200000000000000000000000000000000058
S31502046C300000000000000000000000000000000048
S31502046C400000000000000000000000000000000038
S31502046C500000000000000000000000000000000028
S31502046C600000000000000000000000000000000018
S31502046C700000000000000000000000000000000008
S31502046C8000000000000000000000000000000000F8
S31502046C9000000000000000000000000000000000E8
S31502046CA000000000000000000000000000000000D8
S31502046CB000000000000000000000000000000000C8
S31502046CC000000000000000000000000000000000B8
S31502046CD000000000000000000000000000000000A8
S31502046CE00000000000000000000000000000000098
S31502046CF00000000000000000000000000000000088
S31502046D000000000000000000000000000000000077
S31502046D100000000000000000000000000000000067
S31502046D200000000000000000000000000000000057
S31502046D3000000000000000006B00000009000000D3
S31502046D40160000000200000000000000000000001F
S31502046D5000000000000000000000DBDEDBDE0000B5
S31502046D60000000000000000000000000DBDEDBDEA5
S31502046D700000000000000000000000000000DBDE4E
S31502046D80DBDE00000000000000000000000000003E
S31502046D90DBDEDBDE00000000000000000000000075
S31502046DA00000DBDEDBDE0000000000000000000065
S31502046DB000000000DBDEDBDE0000000000009AD6E5
S31502046DC0BEF7E7390000DBDEDBDE0000000014A5B7
S31502046DD0FFFFAA5200000000DBDEDBDE0000AA523F
S31502046DE0FFFF14A5000000000000DBDEDBDEE31873
S31502046DF07DEF38C60000000000000000DBDEDBDEAB
S31502046E009AD61CE7E3180000000000000000DBDE4F
S31502046E107DEFFFFF14A50000000000000000000043
S31502046E20DBDEDBDE96B5BEF7E739000000000000C4
S31502046E300000DBDEDBDE00001CE7DBDE0000000018
S31502046E4000000000DBDEDBDE0000AA52FFFF14A511
S31502046E50000000000000DBDEDBDE00000000F7BD00
S31502046E60BEF7E73900000000DBDEDBDE00000000CF
S31502046E70E3187DEFDBDE00000000DBDEDBDE000074
S31502046E80000000006D6BFFFF14A500000000000067
S31502046E9000000000000000000000000000000000E6
S31502046EA000000000000000000000000000000000D6
S31502046EB000000000000000000000000000000000C6
S31502046EC000000000000000000000000000000000B6
S31502046ED000000000000000000000000000000000A6
S31502046EE00000000000000000000000000000000096
S31502046EF00000000000000000000000000000000086
S31502046F000000000000000000000000000000000075
S31502046F100000000000000000000000000000000065
S31502046F200000000000000000000000000000000055
S31502046F300000000000000000000000000000000045
S31502046F400000000000000000000000000000000035
S31502046F500000000000000000000000000000000025
S31502046F600000000000000000000000000000000015
S31502046F700000000000000000000000000000000005
S31502046F8000000000000000000000000000000000F5
S31502046F9000000000000000000000000000000000E5
S31502046FA000000000000000000000000000000000D5
S31502046FB000000000000000000000000000000000C5
S31502046FC000000000000000000000000000000000B5
S31502046FD000000000000000000000000000000000A5
S31502046FE00000000000000000000000000000000095
S31502046FF00000000000000000000000000000000085
S315020470000000000000000000000000000000000074
S315020470100000000000000000000000000000000064
S315020470200000000000000000000000000000000054
S315020470300000000000000000000000000000000044
S315020470400000000000000000000000000000000034
S315020470500000000000000000000000000000000024
S315020470600000000000000000000000000000000014
S315020470700000000000000000000000000000000004
S3150204708000000000000000000000000000000000F4
S315020470906C0000000400000016000000020000005C
S315020470A000000000000000006D6BFFFF6D6B000026
S315020470B06D6BFFFF6D6B00006D6BFFFF6D6B000068
S315020470C06D6BFFFF6D6B00006D6BFFFF6D6B000058
S315020470D06D6BFFFF6D6B00006D6BFFFF6D6B000048
S315020470E06D6BFFFF6D6B00006D6BFFFF6D6B000038
S315020470F06D6BFFFF6D6B00006D6BFFFF6D6B000028
S315020471006D6BFFFF6D6B00006D6BFFFF6D6B000017
S315020471106D6BFFFF6D6B00006D6BFFFF6D6B000007
S315020471206D6BFFFF6D6B00006D6BFFFF6D6B0000F7
S315020471300000000000000000000000000000000043
S315020471400000000000000000000000000000000033
S315020471500000000000000000000000000000000023
S315020471600000000000000000000000000000000013
S315020471700000000000000000000000000000000003
S3150204718000000000000000000000000000000000F3
S3150204719000000000000000000000000000000000E3
S315020471A000000000000000000000000000000000D3
S315020471B000000000000000000000000000000000C3
S315020471C000000000000000000000000000000000B3
S315020471D000000000000000000000000000000000A3
S315020471E00000000000000000000000000000000093
S315020471F00000000000000000000000000000000083
S315020472000000000000000000000000000000000072
S315020472100000000000000000000000000000000062
S315020472200000000000000000000000000000000052
S315020472300000000000000000000000000000000042
S315020472400000000000000000000000000000000032
S315020472500000000000000000000000000000000022
S315020472600000000000000000000000000000000012
S315020472700000000000000000000000000000000002
S3150204728000000000000000000000000000000000F2
S3150204729000000000000000000000000000000000E2
S315020472A000000000000000000000000000000000D2
S315020472B000000000000000000000000000000000C2
S315020472C000000000000000000000000000000000B2
S315020472D000000000000000000000000000000000A2
S315020472E00000000000000000000000000000000092
S315020472F00000000000000000000000000000000082
S315020473000000000000000000000000000000000071
S315020473100000000000000000000000000000000061
S315020473200000000000000000000000000000000051
S315020473300000000000000000000000000000000041
S315020473400000000000000000000000000000000031
S315020473500000000000000000000000000000000021
S315020473600000000000000000000000000000000011
S315020473700000000000000000000000000000000001
S3150204738000000000000000000000000000000000F1
S3150204739000000000000000000000000000000000E1
S315020473A000000000000000000000000000000000D1
S315020473B000000000000000000000000000000000C1
S315020473C000000000000000000000000000000000B1
S315020473D000000000000000000000000000000000A1
S315020473E000000000000000006D0000000F00000015
S315020473F01600000002000000000000000000000069
S315020474000000000000000000000000000000000070
S315020474100000000000000000000000000000000060
S315020474200000000000000000000000000000000050
S315020474300000000000000000000000000000000040
S315020474400000000000000000000000000000000030
S315020474500000000000000000000000000000000020
S315020474600000000000000000000000000000000010
S315020474700000000000000000000000000000000000
S3150204748000000000000000000000000000000000F0
S3150204749000000000000000000000000000000000E0
S315020474A000000000000000000000000096B5DBDECC
S315020474B0AA52DBDEFFFFBEF79294000092947DEFA0
S315020474C0FFFFDBDEE3180000000096B51CE79AD640
S315020474D0E31800001084FFFF96B596B5000000007D
S315020474E09AD6DBDE0000000096B5FFFF108400008A
S315020474F000000000BEF77DEF0000000000006D6B87
S31502047500FFFF0000000096B5FFFF00000000000028
S315020475100000DBDE38C60000000000006D6BFFFFD2
S315020475206D6B000096B5FFFF00000000000000002E
S31502047530DBDE96B50000000000006D6BFFFF6D6B8D
S31502047540000096B5FFFF0000000000000000DBDE2D
S3150204755096B50000000000006D6BFFFF6D6B000026
S3150204756096B5FFFF0000000000000000DBDE96B5C2
S315020475700000000000006D6BFFFF6D6B000096B506
S31502047580FFFF0000000000000000DBDE96B50000ED
S31502047590000000006D6BFFFF6D6B000096B5FFFFE8
S315020475A00000000000000000DBDE96B500000000CB
S315020475B000006D6BFFFF6D6B000096B5FFFF0000C8
S315020475C0000000000000DBDE96B5000000000000AB
S315020475D06D6BFFFF6D6B000096B5FFFF00000000A8
S315020475E000000000DBDE96B50000000000006D6BB3
S315020475F0FFFF6D6B000096B5FFFF00000000000060
S315020476000000DBDE96B50000000000006D6BFFFF94
S315020476106D6B000000000000000000000000000086
S31502047620000000000000000000000000000000004E
S31502047630000000000000000000000000000000003E
S31502047640000000000000000000000000000000002E
S31502047650000000000000000000000000000000001E
S31502047660000000000000000000000000000000000E
S3150204767000000000000000000000000000000000FE
S3150204768000000000000000000000000000000000EE
S3150204769000000000000000000000000000000000DE
S315020476A000000000000000000000000000000000CE
S315020476B000000000000000000000000000000000BE
S315020476C000000000000000000000000000000000AE
S315020476D0000000000000000000000000000000009E
S315020476E0000000000000000000000000000000008E
S315020476F0000000000000000000000000000000007E
S31502047700000000000000000000000000000000006D
S31502047710000000000000000000000000000000005D
S31502047720000000000000000000000000000000004D
S31502047730000000000000000000000000000000003D
S315020477406E0000000A00000016000000020000009D
S31502047750000000000000000000000000000000001D
S31502047760000000000000000000000000000000000D
S3150204777000000000000000000000000000000000FD
S3150204778000000000000000000000000000000000ED
S3150204779000000000000000000000000000000000DD
S315020477A000000000000000000000000000000000CD
S315020477B000000000000000000000000000000000BD
S315020477C000000000000000006D6BFFFFE318F7BD28
S315020477D0BEF7FFFF1CE7AA52000000006D6BFFFF15
S315020477E09AD66D6B0000000038C6BEF7E318000097
S315020477F06D6BFFFF96B5000000000000E318FFFF63
S31502047800108400006D6BFFFF6D6B0000000000002A
S315020478100000FFFF96B500006D6BFFFF6D6B000065
S31502047820000000000000FFFF96B500006D6BFFFF2D
S315020478306D6B0000000000000000FFFF96B500001B
S315020478406D6BFFFF6D6B0000000000000000FFFF80
S3150204785096B500006D6BFFFF6D6B00000000000023
S315020478600000FFFF96B500006D6BFFFF6D6B000015
S31502047870000000000000FFFF96B500006D6BFFFFDD
S315020478806D6B0000000000000000FFFF96B50000CB
S315020478906D6BFFFF6D6B0000000000000000FFFF30
S315020478A096B500006D6BFFFF6D6B000000000000D3
S315020478B00000FFFF96B50000000000000000000073
S315020478C000000000000000000000000000000000AC
S315020478D0000000000000000000000000000000009C
S315020478E0000000000000000000000000000000008C
S315020478F0000000000000000000000000000000007C
S31502047900000000000000000000000000000000006B
S31502047910000000000000000000000000000000005B
S31502047920000000000000000000000000000000004B
S31502047930000000000000000000000000000000003B
S31502047940000000000000000000000000000000002B
S31502047950000000000000000000000000000000001B
S31502047960000000000000000000000000000000000B
S3150204797000000000000000000000000000000000FB
S3150204798000000000000000000000000000000000EB
S3150204799000000000000000000000000000000000DB
S315020479A000000000000000000000000000000000CB
S315020479B000000000000000000000000000000000BB
S315020479C000000000000000000000000000000000AB
S315020479D0000000000000000000000000000000009B
S315020479E0000000000000000000000000000000008B
S315020479F0000000000000000000000000000000007B
S31502047A00000000000000000000000000000000006A
S31502047A10000000000000000000000000000000005A
S31502047A20000000000000000000000000000000004A
S31502047A30000000000000000000000000000000003A
S31502047A40000000000000000000000000000000002A
S31502047A50000000000000000000000000000000001A
S31502047A60000000000000000000000000000000000A
S31502047A7000000000000000000000000000000000FA
S31502047A8000000000000000000000000000000000EA
S31502047A9000000000000000006F0000000A00000061
S31502047AA016000000020000000000000000000000B2
S31502047AB000000000000000000000000000000000BA
S31502047AC000000000000000000000000000000000AA
S31502047AD0000000000000000000000000000000009A
S31502047AE0000000000000000000000000000000008A
S31502047AF0000000000000000000000000000000007A
S31502047B000000000000000000000000000000000069
S31502047B100000000000000000000000000000000059
S31502047B200000E31896B57DEFFFFFBEF738C6E318EB
S31502047B3000000000000038C61CE7E7390000E3181D
S31502047B401CE7DBDE00000000E739FFFF10840000BB
S31502047B50000000001084FFFFAA5200001084FFFFF9
S31502047B6000000000000000000000FFFF92940000E5
S31502047B7096B5FFFF00000000000000000000FFFFB2
S31502047B8096B5000096B5FFFF000000000000000055
S31502047B900000FFFF96B5000096B5FFFF0000000047
S31502047BA0000000000000FFFF96B5000096B5FFFF37
S31502047BB000000000000000000000FFFF96B5000070
S31502047BC09294FFFF00000000000000000000FFFF87
S31502047BD010840000AA52FFFFAA520000000000000F
S31502047BE0AA52FFFFE73900000000DBDE1CE7E318B8
S31502047BF00000E3181CE7DBDE000000000000E318C7
S31502047C0038C6BEF7FFFFBEF738C6E3180000000009
S31502047C100000000000000000000000000000000058
S31502047C200000000000000000000000000000000048
S31502047C300000000000000000000000000000000038
S31502047C400000000000000000000000000000000028
S31502047C500000000000000000000000000000000018
S31502047C600000000000000000000000000000000008
S31502047C7000000000000000000000000000000000F8
S31502047C8000000000000000000000000000000000E8
S31502047C9000000000000000000000000000000000D8
S31502047CA000000000000000000000000000000000C8
S31502047CB000000000000000000000000000000000B8
S31502047CC000000000000000000000000000000000A8
S31502047CD00000000000000000000000000000000098
S31502047CE00000000000000000000000000000000088
S31502047CF00000000000000000000000000000000078
S31502047D000000000000000000000000000000000067
S31502047D100000000000000000000000000000000057
S31502047D200000000000000000000000000000000047
S31502047D300000000000000000000000000000000037
S31502047D400000000000000000000000000000000027
S31502047D500000000000000000000000000000000017
S31502047D600000000000000000000000000000000007
S31502047D7000000000000000000000000000000000F7
S31502047D8000000000000000000000000000000000E7
S31502047D9000000000000000000000000000000000D7
S31502047DA000000000000000000000000000000000C7
S31502047DB000000000000000000000000000000000B7
S31502047DC000000000000000000000000000000000A7
S31502047DD00000000000000000000000000000000097
S31502047DE00000000000000000000000000000000087
S31502047DF0700000000A0000001600000002000000E5
S31502047E000000000000000000000000000000000066
S31502047E100000000000000000000000000000000056
S31502047E200000000000000000000000000000000046
S31502047E300000000000000000000000000000000036
S31502047E400000000000000000000000000000000026
S31502047E500000000000000000000000000000000016
S31502047E600000000000000000000000000000000006
S31502047E70000000000000000096B5DBDEAA521CE7F3
S31502047E80FFFFBEF738C6E3180000000096B57DEF83
S31502047E90DBDEE7390000E3181CE79AD6000000008F
S31502047EA096B5FFFF6D6B0000000000001084FFFF13
S31502047EB0E739000096B5FFFF00000000000000004D
S31502047EC00000FFFF1084000096B57DEF000000005D
S31502047ED0000000000000FFFF96B5000096B5DBDE49
S31502047EE000000000000000000000FFFF96B500003D
S31502047EF096B5DBDE00000000000000000000FFFF74
S31502047F0096B5000096B5DBDE000000000000000016
S31502047F100000FFFF96B5000096B5FFFF00000000C3
S31502047F20000000000000FFFF1084000096B5FFFF6A
S31502047F30E7390000000000001084FFFFE739000063
S31502047F4096B5FFFFDBDEE3180000E3181CE79AD6BA
S31502047F500000000096B5FFFFAA521CE7FFFFBEF71A
S31502047F6038C6E3180000000096B5FFFF00000000C3
S31502047F7000000000000000000000000096B5FFFFAC
S31502047F8000000000000000000000000000000000E5
S31502047F9096B5FFFF0000000000000000000000008C
S31502047FA00000000096B5FFFF00000000000000007C
S31502047FB000000000000000000000000000000000B5
S31502047FC000000000000000000000000000000000A5
S31502047FD00000000000000000000000000000000095
S31502047FE00000000000000000000000000000000085
S31502047FF00000000000000000000000000000000075
S315020480000000000000000000000000000000000064
S315020480100000000000000000000000000000000054
S315020480200000000000000000000000000000000044
S315020480300000000000000000000000000000000034
S315020480400000000000000000000000000000000024
S315020480500000000000000000000000000000000014
S315020480600000000000000000000000000000000004
S3150204807000000000000000000000000000000000F4
S3150204808000000000000000000000000000000000E4
S3150204809000000000000000000000000000000000D4
S315020480A000000000000000000000000000000000C4
S315020480B000000000000000000000000000000000B4
S315020480C000000000000000000000000000000000A4
S315020480D00000000000000000000000000000000094
S315020480E00000000000000000000000000000000084
S315020480F00000000000000000000000000000000074
S315020481000000000000000000000000000000000063
S315020481100000000000000000000000000000000053
S315020481200000000000000000000000000000000043
S315020481300000000000000000000000000000000033
S3150204814000000000000000007100000009000000A9
S3150204815016000000020000000000000000000000FB
S315020481600000000000000000000000000000000003
S3150204817000000000000000000000000000000000F3
S3150204818000000000000000000000000000000000E3
S3150204819000000000000000000000000000000000D3
S315020481A000000000000000000000000000000000C3
S315020481B000000000000000000000000000000000B3
S315020481C0000000000000AA52DBDEFFFFFFFF38C6F4
S315020481D01084FFFFE318E739BEF714A50000000078
S315020481E092947DEFFFFF0000F7BD1CE7000000003C
S315020481F0000000009AD6FFFF0000DBDE96B5000001
S3150204820000000000000096B5FFFF0000FFFF96B5D0
S3150204821000000000000000001084FFFF0000FFFFC2
S3150204822096B500000000000000006D6BFFFF000021
S31502048230FFFF96B500000000000000006D6BFFFF13
S315020482400000FFFF96B500000000000000006D6B01
S31502048250FFFF0000DBDE96B5000000000000000010
S3150204826096B5FFFF0000F7BD1CE700000000000002
S31502048270000038C6FFFF0000E739BEF792940000FB
S3150204828000009294BEF7FFFF00000000AA521CE70A
S31502048290FFFFBEF7F7BD96B5FFFF00000000000022
S315020482A0000000000000000096B5FFFF0000000079
S315020482B00000000000000000000096B5FFFF000069
S315020482C000000000000000000000000096B5FFFF59
S315020482D0000000000000000000000000000096B547
S315020482E0FFFF000000000000000000000000000084
S315020482F00000000000000000000000000000000072
S315020483000000000000000000000000000000000061
S315020483100000000000000000000000000000000051
S315020483200000000000000000000000000000000041
S315020483300000000000000000000000000000000031
S315020483400000000000000000000000000000000021
S315020483500000000000000000000000000000000011
S315020483600000000000000000000000000000000001
S3150204837000000000000000000000000000000000F1
S3150204838000000000000000000000000000000000E1
S3150204839000000000000000000000000000000000D1
S315020483A000000000000000000000000000000000C1
S315020483B000000000000000000000000000000000B1
S315020483C000000000000000000000000000000000A1
S315020483D00000000000000000000000000000000091
S315020483E00000000000000000000000000000000081
S315020483F00000000000000000000000000000000071
S315020484000000000000000000000000000000000060
S315020484100000000000000000000000000000000050
S315020484200000000000000000000000000000000040
S315020484300000000000000000000000000000000030
S315020484400000000000000000000000000000000020
S315020484500000000000000000000000000000000010
S315020484600000000000000000000000000000000000
S3150204847000000000000000000000000000000000F0
S3150204848000000000000000000000000000000000E0
S3150204849000000000000000000000000000000000D0
S315020484A07200000006000000160000000200000030
S315020484B000000000000000000000000000000000B0
S315020484C000000000000000000000000000000000A0
S315020484D00000000000000000000000000000000090
S315020484E00000000000000000000000000000000080
S315020484F0000000000000000096B5DBDEAA52DBDEB7
S31502048500FFFF000096B57DEFDBDEE73900000000D1
S3150204851096B5FFFFE73900000000000096B5FFFF9D
S31502048520000000000000000096B5FFFF00000000F6
S315020485300000000096B5FFFF0000000000000000E6
S3150204854096B5FFFF000000000000000096B5FFFF8D
S31502048550000000000000000096B5FFFF00000000C6
S315020485600000000096B5FFFF0000000000000000B6
S3150204857096B5FFFF000000000000000096B5FFFF5D
S3150204858000000000000000000000000000000000DF
S3150204859000000000000000000000000000000000CF
S315020485A000000000000000000000000000000000BF
S315020485B000000000000000000000000000000000AF
S315020485C0000000000000000000000000000000009F
S315020485D0000000000000000000000000000000008F
S315020485E0000000000000000000000000000000007F
S315020485F0000000000000000000000000000000006F
S31502048600000000000000000000000000000000005E
S31502048610000000000000000000000000000000004E
S31502048620000000000000000000000000000000003E
S31502048630000000000000000000000000000000002E
S31502048640000000000000000000000000000000001E
S31502048650000000000000000000000000000000000E
S3150204866000000000000000000000000000000000FE
S3150204867000000000000000000000000000000000EE
S3150204868000000000000000000000000000000000DE
S3150204869000000000000000000000000000000000CE
S315020486A000000000000000000000000000000000BE
S315020486B000000000000000000000000000000000AE
S315020486C0000000000000000000000000000000009E
S315020486D0000000000000000000000000000000008E
S315020486E0000000000000000000000000000000007E
S315020486F0000000000000000000000000000000006E
S31502048700000000000000000000000000000000005D
S31502048710000000000000000000000000000000004D
S31502048720000000000000000000000000000000003D
S31502048730000000000000000000000000000000002D
S31502048740000000000000000000000000000000001D
S31502048750000000000000000000000000000000000D
S3150204876000000000000000000000000000000000FD
S3150204877000000000000000000000000000000000ED
S3150204878000000000000000000000000000000000DD
S3150204879000000000000000000000000000000000CD
S315020487A000000000000000000000000000000000BD
S315020487B000000000000000000000000000000000AD
S315020487C0000000000000000000000000000000009D
S315020487D0000000000000000000000000000000008D
S315020487E0000000000000000000000000000000007D
S315020487F000000000000000007300000008000000F2
S315020488001600000002000000000000000000000044
S31502048810000000000000000000000000000000004C
S31502048820000000000000000000000000000000003C
S31502048830000000000000000000000000000000002C
S31502048840000000000000000000000000000000001C
S31502048850000000000000000000000000000000000C
S315020488600000000000000000000096B57DEFFFFF47
S31502048870BEF7F7BD000000009294BEF7AA520000AC
S31502048880E3187DEF96B50000DBDEDBDE00000000B8
S315020488900000F7BDDBDE0000F7BD7DEFE318000044
S315020488A00000000000000000E739BEF71CE7E739C4
S315020488B000000000000000000000E31896B5BEF7B1
S315020488C096B5E31800000000000000000000E73936
S315020488D09AD61CE7E318000000000000000000001E
S315020488E000007DEF38C60000FFFF96B500000000C9
S315020488F0000096B51CE700007DEF96B50000000067
S315020489000000F7BDDBDE000096B57DEFE31800003C
S31502048910E7397DEF96B500000000F7BDBEF7FFFF0D
S315020489207DEF96B500000000000000000000000084
S31502048930000000000000000000000000000000002B
S31502048940000000000000000000000000000000001B
S31502048950000000000000000000000000000000000B
S3150204896000000000000000000000000000000000FB
S3150204897000000000000000000000000000000000EB
S3150204898000000000000000000000000000000000DB
S3150204899000000000000000000000000000000000CB
S315020489A000000000000000000000000000000000BB
S315020489B000000000000000000000000000000000AB
S315020489C0000000000000000000000000000000009B
S315020489D0000000000000000000000000000000008B
S315020489E0000000000000000000000000000000007B
S315020489F0000000000000000000000000000000006B
S31502048A00000000000000000000000000000000005A
S31502048A10000000000000000000000000000000004A
S31502048A20000000000000000000000000000000003A
S31502048A30000000000000000000000000000000002A
S31502048A40000000000000000000000000000000001A
S31502048A50000000000000000000000000000000000A
S31502048A6000000000000000000000000000000000FA
S31502048A7000000000000000000000000000000000EA
S31502048A8000000000000000000000000000000000DA
S31502048A9000000000000000000000000000000000CA
S31502048AA000000000000000000000000000000000BA
S31502048AB000000000000000000000000000000000AA
S31502048AC0000000000000000000000000000000009A
S31502048AD0000000000000000000000000000000008A
S31502048AE0000000000000000000000000000000007A
S31502048AF0000000000000000000000000000000006A
S31502048B000000000000000000000000000000000059
S31502048B100000000000000000000000000000000049
S31502048B200000000000000000000000000000000039
S31502048B300000000000000000000000000000000029
S31502048B400000000000000000000000000000000019
S31502048B507400000007000000160000000200000076
S31502048B6000000000000000000000000000000000F9
S31502048B7000000000000000000000000000000000E9
S31502048B800000000000000000000000000000108445
S31502048B9038C600000000000000000000DBDEDBDE59
S31502048BA000000000000000000000DBDEDBDE000047
S31502048BB00000000096B5FFFFFFFFFFFFFFFFFFFF68
S31502048BC0000000000000DBDEDBDE00000000000027
S31502048BD000000000DBDEDBDE000000000000000017
S31502048BE00000DBDEDBDE0000000000000000000007
S31502048BF0DBDEDBDE00000000000000000000DBDE3E
S31502048C00DBDE00000000000000000000DBDEDBDE2D
S31502048C1000000000000000000000DBDEDBDE0000D6
S31502048C200000000000000000DBDEDBDE00000000C6
S31502048C30000000000000F7BDDBDE000000000000BB
S31502048C400000000096B5BEF7E3180000000000001D
S31502048C500000E318DBDEFFFFFFFF00000000000058
S31502048C6000000000000000000000000000000000F8
S31502048C7000000000000000000000000000000000E8
S31502048C8000000000000000000000000000000000D8
S31502048C9000000000000000000000000000000000C8
S31502048CA000000000000000000000000000000000B8
S31502048CB000000000000000000000000000000000A8
S31502048CC00000000000000000000000000000000098
S31502048CD00000000000000000000000000000000088
S31502048CE00000000000000000000000000000000078
S31502048CF00000000000000000000000000000000068
S31502048D000000000000000000000000000000000057
S31502048D100000000000000000000000000000000047
S31502048D200000000000000000000000000000000037
S31502048D300000000000000000000000000000000027
S31502048D400000000000000000000000000000000017
S31502048D500000000000000000000000000000000007
S31502048D6000000000000000000000000000000000F7
S31502048D7000000000000000000000000000000000E7
S31502048D8000000000000000000000000000000000D7
S31502048D9000000000000000000000000000000000C7
S31502048DA000000000000000000000000000000000B7
S31502048DB000000000000000000000000000000000A7
S31502048DC00000000000000000000000000000000097
S31502048DD00000000000000000000000000000000087
S31502048DE00000000000000000000000000000000077
S31502048DF00000000000000000000000000000000067
S31502048E000000000000000000000000000000000056
S31502048E100000000000000000000000000000000046
S31502048E200000000000000000000000000000000036
S31502048E300000000000000000000000000000000026
S31502048E400000000000000000000000000000000016
S31502048E500000000000000000000000000000000006
S31502048E6000000000000000000000000000000000F6
S31502048E7000000000000000000000000000000000E6
S31502048E8000000000000000000000000000000000D6
S31502048E9000000000000000000000000000000000C6
S31502048EA00000000000000000750000000900000038
S31502048EB0160000000200000000000000000000008E
S31502048EC00000000000000000000000000000000096
S31502048ED00000000000000000000000000000000086
S31502048EE00000000000000000000000000000000076
S31502048EF00000000000000000000000000000000066
S31502048F000000000000000000000000000000000055
S31502048F100000000000000000000000000000000045
S31502048F2000000000DBDE96B5000000000000000031
S31502048F3096B5FFFF0000DBDE96B5000000000000D8
S31502048F40000096B5FFFF0000DBDE96B500000000C8
S31502048F500000000096B5FFFF0000DBDE96B50000B8
S31502048F6000000000000096B5FFFF0000DBDE96B5A8
S31502048F70000000000000000096B5FFFF0000DBDEE3
S31502048F8096B5000000000000000096B5FFFF000041
S31502048F90DBDE96B5000000000000000096B5FFFF78
S31502048FA00000DBDE96B5000000000000000096B566
S31502048FB0FFFF0000DBDE96B50000000000000000A3
S31502048FC0F7BDFFFF00009AD69AD600000000000003
S31502048FD000001CE7FFFF00001084BEF7E318000040
S31502048FE0000092941CE7FFFF0000000096B5DBDE4A
S31502048FF0DBDE38C6929496B5FFFF0000000000003F
S315020490000000000000000000000000000000000054
S315020490100000000000000000000000000000000044
S315020490200000000000000000000000000000000034
S315020490300000000000000000000000000000000024
S315020490400000000000000000000000000000000014
S315020490500000000000000000000000000000000004
S3150204906000000000000000000000000000000000F4
S3150204907000000000000000000000000000000000E4
S3150204908000000000000000000000000000000000D4
S3150204909000000000000000000000000000000000C4
S315020490A000000000000000000000000000000000B4
S315020490B000000000000000000000000000000000A4
S315020490C00000000000000000000000000000000094
S315020490D00000000000000000000000000000000084
S315020490E00000000000000000000000000000000074
S315020490F00000000000000000000000000000000064
S315020491000000000000000000000000000000000053
S315020491100000000000000000000000000000000043
S315020491200000000000000000000000000000000033
S315020491300000000000000000000000000000000023
S315020491400000000000000000000000000000000013
S315020491500000000000000000000000000000000003
S3150204916000000000000000000000000000000000F3
S3150204917000000000000000000000000000000000E3
S3150204918000000000000000000000000000000000D3
S3150204919000000000000000000000000000000000C3
S315020491A000000000000000000000000000000000B3
S315020491B000000000000000000000000000000000A3
S315020491C00000000000000000000000000000000093
S315020491D00000000000000000000000000000000083
S315020491E00000000000000000000000000000000073
S315020491F00000000000000000000000000000000063
S3150204920076000000090000001600000002000000BB
S315020492100000000000000000000000000000000042
S315020492200000000000000000000000000000000032
S315020492300000000000000000000000000000000022
S315020492400000000000000000000000000000000012
S315020492500000000000000000000000000000000002
S3150204926000000000000000000000000000000000F2
S315020492700000000000000000000000007DEF38C678
S315020492800000000000000000E318FFFF0000F7BD25
S315020492907DEF00000000000000001084BEF700000D
S315020492A01084FFFFE73900000000000038C69AD692
S315020492B000000000FFFF14A50000000000007DEF7F
S315020492C09294000000009AD69AD600000000E7396C
S315020492D0FFFFE7390000000014A5BEF700000000F6
S315020492E014A51CE7000000000000E739FFFFAA529C
S315020492F000009AD6F7BD00000000000000007DEFD2
S3150204930014A50000BEF76D6B00000000000000000B
S31502049310F7BDDBDEAA52BEF7000000000000000023
S3150204932000001084FFFF96B59AD6000000000000E4
S31502049330000000000000FFFFFFFF929400000000FF
S3150204934000000000000000009AD6FFFFE739000083
S315020493500000000000000000000000000000000001
S3150204936000000000000000000000000000000000F1
S3150204937000000000000000000000000000000000E1
S3150204938000000000000000000000000000000000D1
S3150204939000000000000000000000000000000000C1
S315020493A000000000000000000000000000000000B1
S315020493B000000000000000000000000000000000A1
S315020493C00000000000000000000000000000000091
S315020493D00000000000000000000000000000000081
S315020493E00000000000000000000000000000000071
S315020493F00000000000000000000000000000000061
S315020494000000000000000000000000000000000050
S315020494100000000000000000000000000000000040
S315020494200000000000000000000000000000000030
S315020494300000000000000000000000000000000020
S315020494400000000000000000000000000000000010
S315020494500000000000000000000000000000000000
S3150204946000000000000000000000000000000000F0
S3150204947000000000000000000000000000000000E0
S3150204948000000000000000000000000000000000D0
S3150204949000000000000000000000000000000000C0
S315020494A000000000000000000000000000000000B0
S315020494B000000000000000000000000000000000A0
S315020494C00000000000000000000000000000000090
S315020494D00000000000000000000000000000000080
S315020494E00000000000000000000000000000000070
S315020494F00000000000000000000000000000000060
S31502049500000000000000000000000000000000004F
S31502049510000000000000000000000000000000003F
S31502049520000000000000000000000000000000002F
S31502049530000000000000000000000000000000001F
S31502049540000000000000000000000000000000000F
S315020495500000000000000000770000000F00000079
S3150204956016000000020000000000000000000000D7
S3150204957000000000000000000000000000000000DF
S3150204958000000000000000000000000000000000CF
S3150204959000000000000000000000000000000000BF
S315020495A000000000000000000000000000000000AF
S315020495B0000000000000000000000000000000009F
S315020495C0000000000000000000000000000000008F
S315020495D0000000000000000000000000000000007F
S315020495E0000000000000000000000000000000006F
S315020495F0000000000000000000000000000000005F
S31502049600000000000000000000000000000000004E
S31502049610000000000000000000000000FFFFE73920
S31502049620000000000000E318FFFF7DEF00000000C9
S31502049630000000006D6BFFFF0000FFFF9294000024
S31502049640000000006D6BFFFFFFFFE739000000001A
S31502049650000096B57DEF00001CE738C60000000046
S31502049660000096B59AD6FFFF92940000000000000F
S31502049670DBDE38C6000096B57DEF00000000000070
S31502049680DBDE14A5DBDEF7BD000000000000BEF73A
S31502049690108400006D6BFFFFE73900000000FFFF36
S315020496A0AA5296B51CE700000000AA52FFFFE3186F
S315020496B000000000FFFF92940000AA52BEF70000C9
S315020496C06D6BFFFFE318000014A51CE70000000001
S315020496D00000DBDE38C6000014A5DBDE0000000055
S315020496E0FFFF108400009AD6F7BD000000000000B8
S315020496F014A57DEF000038C696B500000000DBDE37
S31502049700F7BD00007DEF1084000000000000AA529D
S31502049710FFFFE3187DEF6D6B0000000096B51CE7B2
S31502049720E739FFFF00000000000000000000BEF75A
S3150204973014A5FFFF0000000000006D6BFFFF14A5D7
S31502049740DBDE000000000000000000009AD61CE7E1
S315020497501CE70000000000000000FFFF7DEF96B545
S315020497600000000000000000000014A5FFFFF7BD82
S315020497700000000000000000DBDEFFFF6D6B00004E
S3150204978000000000000000000000000000000000CD
S3150204979000000000000000000000000000000000BD
S315020497A000000000000000000000000000000000AD
S315020497B0000000000000000000000000000000009D
S315020497C0000000000000000000000000000000008D
S315020497D0000000000000000000000000000000007D
S315020497E0000000000000000000000000000000006D
S315020497F0000000000000000000000000000000005D
S31502049800000000000000000000000000000000004C
S31502049810000000000000000000000000000000003C
S31502049820000000000000000000000000000000002C
S31502049830000000000000000000000000000000001C
S31502049840000000000000000000000000000000000C
S3150204985000000000000000000000000000000000FC
S3150204986000000000000000000000000000000000EC
S3150204987000000000000000000000000000000000DC
S3150204988000000000000000000000000000000000CC
S3150204989000000000000000000000000000000000BC
S315020498A000000000000000000000000000000000AC
S315020498B07800000009000000160000000200000003
S315020498C0000000000000000000000000000000008C
S315020498D0000000000000000000000000000000007C
S315020498E0000000000000000000000000000000006C
S315020498F0000000000000000000000000000000005C
S31502049900000000000000000000000000000000004B
S31502049910000000000000000000000000000000003B
S315020499200000000000000000000000006D6BFFFF55
S315020499309294000000000000DBDEDBDE0000000083
S31502049940DBDE7DEF000000006D6BFFFF6D6B000038
S3150204995000006D6BFFFF10840000DBDEDBDE00001F
S31502049960000000000000DBDEDBDE6D6BFFFFE73983
S3150204997000000000000000006D6BFFFF7DEF38C69B
S315020499800000000000000000000000001CE7FFFFCA
S31502049990AA5200000000000000000000E739FFFFA1
S315020499A0BEF796B50000000000000000000038C6AD
S315020499B0DBDE96B5BEF7E318000000000000E739C7
S315020499C0FFFF6D6BE318BEF796B5000000000000BA
S315020499D09AD6DBDE0000000096B5FFFFE7390000E9
S315020499E06D6BFFFF6D6B00000000E318BEF738C60F
S315020499F00000DBDEDBDE000000000000000096B59E
S31502049A00FFFFAA5200000000000000000000000050
S31502049A10000000000000000000000000000000003A
S31502049A20000000000000000000000000000000002A
S31502049A30000000000000000000000000000000001A
S31502049A40000000000000000000000000000000000A
S31502049A5000000000000000000000000000000000FA
S31502049A6000000000000000000000000000000000EA
S31502049A7000000000000000000000000000000000DA
S31502049A8000000000000000000000000000000000CA
S31502049A9000000000000000000000000000000000BA
S31502049AA000000000000000000000000000000000AA
S31502049AB0000000000000000000000000000000009A
S31502049AC0000000000000000000000000000000008A
S31502049AD0000000000000000000000000000000007A
S31502049AE0000000000000000000000000000000006A
S31502049AF0000000000000000000000000000000005A
S31502049B000000000000000000000000000000000049
S31502049B100000000000000000000000000000000039
S31502049B200000000000000000000000000000000029
S31502049B300000000000000000000000000000000019
S31502049B400000000000000000000000000000000009
S31502049B5000000000000000000000000000000000F9
S31502049B6000000000000000000000000000000000E9
S31502049B7000000000000000000000000000000000D9
S31502049B8000000000000000000000000000000000C9
S31502049B9000000000000000000000000000000000B9
S31502049BA000000000000000000000000000000000A9
S31502049BB00000000000000000000000000000000099
S31502049BC00000000000000000000000000000000089
S31502049BD00000000000000000000000000000000079
S31502049BE00000000000000000000000000000000069
S31502049BF00000000000000000000000000000000059
S31502049C000000000000000000790000000A000000C5
S31502049C101600000002000000000000000000000020
S31502049C200000000000000000000000000000000028
S31502049C300000000000000000000000000000000018
S31502049C400000000000000000000000000000000008
S31502049C5000000000000000000000000000000000F8
S31502049C6000000000000000000000000000000000E8
S31502049C7000000000000000000000000000000000D8
S31502049C8000000000000000000000000000000000C8
S31502049C907DEFF7BD0000000000000000E739FFFF7A
S31502049CA06D6B0000F7BD7DEF0000000000000000B0
S31502049CB014A5BEF700000000AA52FFFFE739000010
S31502049CC0000000009AD638C60000000000007DEFAE
S31502049CD014A5000000000000BEF710840000000076
S31502049CE0000038C69AD6000000006D6BFFFFE31829
S31502049CF00000000000001084FFFF00000000F7BD12
S31502049D00DBDE00000000000000000000BEF7108445
S31502049D1000001CE714A5000000000000000000007B
S31502049D209AD6F7BDE739FFFFE739000000000000C5
S31502049D300000000092947DEF92947DEF00000000F3
S31502049D400000000000000000E318FFFFDBDEF7BDA1
S31502049D5000000000000000000000000000009AD687
S31502049D60FFFF6D6B00000000000000000000000011
S31502049D70000096B5BEF700000000000000000000D7
S31502049D8000000000000038C638C6000000000000CB
S31502049D9000000000000000000000BEF792940000DC
S31502049DA00000000000000000000000001084FFFF15
S31502049DB0E31800000000000000000000000000009C
S31502049DC0F7BDDBDE0000000000000000000000001A
S31502049DD00000000000000000000000000000000077
S31502049DE00000000000000000000000000000000067
S31502049DF00000000000000000000000000000000057
S31502049E000000000000000000000000000000000046
S31502049E100000000000000000000000000000000036
S31502049E200000000000000000000000000000000026
S31502049E300000000000000000000000000000000016
S31502049E400000000000000000000000000000000006
S31502049E5000000000000000000000000000000000F6
S31502049E6000000000000000000000000000000000E6
S31502049E7000000000000000000000000000000000D6
S31502049E8000000000000000000000000000000000C6
S31502049E9000000000000000000000000000000000B6
S31502049EA000000000000000000000000000000000A6
S31502049EB00000000000000000000000000000000096
S31502049EC00000000000000000000000000000000086
S31502049ED00000000000000000000000000000000076
S31502049EE00000000000000000000000000000000066
S31502049EF00000000000000000000000000000000056
S31502049F000000000000000000000000000000000045
S31502049F100000000000000000000000000000000035
S31502049F200000000000000000000000000000000025
S31502049F300000000000000000000000000000000015
S31502049F400000000000000000000000000000000005
S31502049F5000000000000000000000000000000000F5
S31502049F607A0000000800000016000000020000004B
S31502049F7000000000000000000000000000000000D5
S31502049F8000000000000000000000000000000000C5
S31502049F9000000000000000000000000000000000B5
S31502049FA000000000000000000000000000000000A5
S31502049FB00000000000000000000000000000000095
S31502049FC00000000000000000000000000000000085
S31502049FD00000FFFFFFFFFFFFFFFFFFFFFFFF000081
S31502049FE000000000000000000000DBDEDBDE0000F3
S31502049FF000000000000000006D6BFFFF6D6B0000A7
S3150204A0000000000000000000DBDEDBDE00000000D2
S3150204A0100000000000006D6BFFFF6D6B0000000086
S3150204A020000000000000DBDEDBDE000000000000B2
S3150204A030000000006D6BFFFF929400000000000018
S3150204A04000000000DBDE7DEF0000000000000000DF
S3150204A05000006D6BFFFF92940000000000000000F8
S3150204A0600000DBDE7DEF00000000000000000000BF
S3150204A070AA52FFFF929400000000000000000000B4
S3150204A0806D6BFFFFFFFFFFFFFFFFFFFFFFFF0000F8
S3150204A09000000000000000000000000000000000B4
S3150204A0A000000000000000000000000000000000A4
S3150204A0B00000000000000000000000000000000094
S3150204A0C00000000000000000000000000000000084
S3150204A0D00000000000000000000000000000000074
S3150204A0E00000000000000000000000000000000064
S3150204A0F00000000000000000000000000000000054
S3150204A1000000000000000000000000000000000043
S3150204A1100000000000000000000000000000000033
S3150204A1200000000000000000000000000000000023
S3150204A1300000000000000000000000000000000013
S3150204A1400000000000000000000000000000000003
S3150204A15000000000000000000000000000000000F3
S3150204A16000000000000000000000000000000000E3
S3150204A17000000000000000000000000000000000D3
S3150204A18000000000000000000000000000000000C3
S3150204A19000000000000000000000000000000000B3
S3150204A1A000000000000000000000000000000000A3
S3150204A1B00000000000000000000000000000000093
S3150204A1C00000000000000000000000000000000083
S3150204A1D00000000000000000000000000000000073
S3150204A1E00000000000000000000000000000000063
S3150204A1F00000000000000000000000000000000053
S3150204A2000000000000000000000000000000000042
S3150204A2100000000000000000000000000000000032
S3150204A2200000000000000000000000000000000022
S3150204A2300000000000000000000000000000000012
S3150204A2400000000000000000000000000000000002
S3150204A25000000000000000000000000000000000F2
S3150204A26000000000000000000000000000000000E2
S3150204A27000000000000000000000000000000000D2
S3150204A28000000000000000000000000000000000C2
S3150204A29000000000000000000000000000000000B2
S3150204A2A000000000000000000000000000000000A2
S3150204A2B000000000000000003D508000FFFFFF0088
S3150204A2C00331110008308200AAAAFF0008304200B6
S3150204A2D003310300AAAA0500173000001830000053
S3150204A2E034301800373013002C30C2000831010014
S3150204A2F030362E003236E200333623002136E000B1
S3150204A3000437A00003375A001537780017370100BF
S3150204A3100B37600005371A000539020006391000AA
S3150204A32001390A00313712000036080001363300BB
S3150204A3302D306000203652001B3720001C47500087
S3150204A340183A0000193AF80035361C003436400033
S3150204A35022360100043C2800053C9800063C000015
S3150204A360073C0800083C0000093C1C000A3C9C000F
S3150204A3700B3C40002038410021380100003800001F
S3150204A38001382000023800000338160004380A0097
S3150204A39005382000063807000738960010380000F2
S3150204A3A01138100012380000133810000838010062
S3150204A3B0093840000A3800000B38F000143831001E
S3150204A3C015383100083764000140020005401A00BE
S3150204A3D00030000002301C000430FF000630C300C7
S3150204A3E00E3044002E300800004332001F50000095
S3150204A3F0074404000050A700063401000034060096
S3150204A40001348000023404000334000004340600DC
S3150204A410053400008051FF008151F2008251000090
S3150204A4208351140084512500855124008651160057
S3150204A4308751160088511600895162008A516200BA
S3150204A4408B51F0008C51B2008D5150008E51300068
S3150204A4508F513000905150009151F80092510400EE
S3150204A460935170009451F0009551F00096510300F7
S3150204A4709751010098510400995112009A5104000F
S3150204A4809B5100009C5106009D5182009E5138004A
S3150204A49081531E0082535B008353140084530600C7
S3150204A4A0855382008653880087537C008853600054
S3150204A4B089531C008A5301008B53980000530800E9
S3150204A4C00153300002533F000353100004530800A3
S3150204A4D00553300006531800075328000953080091
S3150204A4E00A5330000B5304000C5306008054010037
S3150204A4F081540600825412008354240084544A0070
S3150204A50085545800865465008754720088547D0029
S3150204A510895488008A5492008B54A3008C54B20046
S3150204A5208D54C8008E54DD008F54F00090541500EB
S3150204A5308055060083554000845520008955100035
S3150204A5408A5500008B55F800855500008655200073
S3150204A55087550000885501001D5040000050A70091
S3150204A5600058200001581900025817000358160013
S3150204A570045818000558210006580F0007580A0007
S3150204A58008580700095807000A580A000B580C0015
S3150204A5900C580A000D5803000E5801000F5801000A
S3150204A5A0105803001158090012580A0013580300E0
S3150204A5B014580100155801001658030017580800CC
S3150204A5C01858100019580A001A5806001B58060093
S3150204A5D01C5808001D580E001E5822001F58180049
S3150204A5E020581300215812002258160023581E0020
S3150204A5F02458640025582A0026582C0027582A0075
S3150204A6002858460029582A002A5826002B5824007E
S3150204A6102C5826002D582A002E5828002F5842005E
S3150204A6203058400031584200325808003358280046
S3150204A63034582600355824003658260037582A003E
S3150204A6403858440039584A003A582C003B582A00D4
S3150204A6503C5846003D58CE008856220089562200B0
S3150204A6608A5642008B5624008C5642008D5624008C
S3150204A6708E5622008F562200255000000F3A3000D3
S3150204A680103A28001B3A30001E3A2800113A61009B
S3150204A6901F3A1000004824000730FB000C380B0058
S3150204A6A00D381C000E3807000F38B000013CB40008
S3150204A6B0003C0400083A0000093A93000E3A0600E8
S3150204A6C00A3A00000B3A7B000D3A0800003A3C00B5
S3150204A6D0023A0500033AC400143A0500153AC400C6
S3150204A6E0183600001236290008376400093752006A
S3150204A6F00C37030004400200134703000B463500DF
S3150204A7000C46220037480A00243801000150A300EF
S3150204A710063400000335000008300200AAAA050028
S3150204A7203D50000041470000FFFFFF0000000068A3
S3150204A73000C0126800302768232D302B2000686C75
S3150204A7404C00656667454647003031323334353648
S3150204A7503738394142434445460030313233343581
S3150204A7603637383961626364656600004275696C1E
S3150204A7707420776974682052656E6573617320412B
S3150204A7806476616E63656420466C657869626C659D
S3150204A79020536F667477617265205061636B6167DB
S3150204A7A0652076657273696F6E20362E342E3000FC
S3110204A7B0362E342E300000000000040691
S3090204A7BCF8B500BF21
S3090204A7C0F8B500BF1D
S3090204A7C4ED01020293
S3090204A7C8C5010202B7
S30D0204A7CC1040FE7F01000000AB
S7050202A6DD73
